id,image_path,conjunto,label,num,sim_escena_cajon
0,dataT/healthy/healthy_1.jpg,principal,0,1,0.47989672
1,dataT/healthy/healthy_10.jpg,principal,0,10,0.47125784
2,dataT/healthy/healthy_100.jpg,principal,0,100,0.45247954
3,dataT/healthy/healthy_1009.jpg,principal,0,1009,0.41459137
4,dataT/healthy/healthy_101.jpg,principal,0,101,0.49238384
5,dataT/healthy/healthy_1010.jpg,principal,0,1010,0.32612947
6,dataT/healthy/healthy_1011.jpg,principal,0,1011,0.37316787
7,dataT/healthy/healthy_1012.jpg,principal,0,1012,0.3247314
8,dataT/healthy/healthy_1013.jpg,principal,0,1013,0.40418762
9,dataT/healthy/healthy_1014.jpg,principal,0,1014,0.3998728
10,dataT/healthy/healthy_1015.jpg,principal,0,1015,0.4943027
11,dataT/healthy/healthy_1016.jpg,principal,0,1016,0.40450305
12,dataT/healthy/healthy_1017.jpg,principal,0,1017,0.42466384
13,dataT/healthy/healthy_1018.jpg,principal,0,1018,0.38600975
14,dataT/healthy/healthy_1019.jpg,principal,0,1019,0.42078757
15,dataT/healthy/healthy_102.jpg,principal,0,102,0.5185916
16,dataT/healthy/healthy_1020.jpg,principal,0,1020,0.46262717
17,dataT/healthy/healthy_1021.jpg,principal,0,1021,0.42543513
18,dataT/healthy/healthy_1022.jpg,principal,0,1022,0.46226335
19,dataT/healthy/healthy_1023.jpg,principal,0,1023,0.39456236
20,dataT/healthy/healthy_1024.jpg,principal,0,1024,0.47593397
21,dataT/healthy/healthy_1025.jpg,principal,0,1025,0.60063934
22,dataT/healthy/healthy_1026.jpg,principal,0,1026,0.5140281
23,dataT/healthy/healthy_1027.jpg,principal,0,1027,0.52938926
24,dataT/healthy/healthy_1028.jpg,principal,0,1028,0.37468135
25,dataT/healthy/healthy_1029.jpg,principal,0,1029,0.48570746
26,dataT/healthy/healthy_103.jpg,principal,0,103,0.44414765
27,dataT/healthy/healthy_1030.jpg,principal,0,1030,0.46523038
28,dataT/healthy/healthy_1031.jpg,principal,0,1031,0.49544019
29,dataT/healthy/healthy_1032.jpg,principal,0,1032,0.32620525
30,dataT/healthy/healthy_1033.jpg,principal,0,1033,0.38095894
31,dataT/healthy/healthy_1034.jpg,principal,0,1034,0.42564857
32,dataT/healthy/healthy_1035.jpg,principal,0,1035,0.40818492
33,dataT/healthy/healthy_1036.jpg,principal,0,1036,0.30869973
34,dataT/healthy/healthy_1037.jpg,principal,0,1037,0.45955485
35,dataT/healthy/healthy_1038.jpg,principal,0,1038,0.49769604
36,dataT/healthy/healthy_1039.jpg,principal,0,1039,0.32288742
37,dataT/healthy/healthy_104.jpg,principal,0,104,0.52908576
38,dataT/healthy/healthy_1040.jpg,principal,0,1040,0.42997754
39,dataT/healthy/healthy_1041.jpg,principal,0,1041,0.36416012
40,dataT/healthy/healthy_1042.jpg,principal,0,1042,0.40703094
41,dataT/healthy/healthy_1043.jpg,principal,0,1043,0.48797214
42,dataT/healthy/healthy_1044.jpg,principal,0,1044,0.418712
43,dataT/healthy/healthy_1045.jpg,principal,0,1045,0.37110963
44,dataT/healthy/healthy_1046.jpg,principal,0,1046,0.41364545
45,dataT/healthy/healthy_1047.jpg,principal,0,1047,0.38116765
46,dataT/healthy/healthy_1048.jpg,principal,0,1048,0.5152347
47,dataT/healthy/healthy_1049.jpg,principal,0,1049,0.48892504
48,dataT/healthy/healthy_105.jpg,principal,0,105,0.4663561
49,dataT/healthy/healthy_1050.jpg,principal,0,1050,0.49065417
50,dataT/healthy/healthy_1051.jpg,principal,0,1051,0.33735025
51,dataT/healthy/healthy_1052.jpg,principal,0,1052,0.397053
52,dataT/healthy/healthy_1053.jpg,principal,0,1053,0.5869826
53,dataT/healthy/healthy_1054.jpg,principal,0,1054,0.39687142
54,dataT/healthy/healthy_1055.jpg,principal,0,1055,0.42326495
55,dataT/healthy/healthy_1056.jpg,principal,0,1056,0.4862229
56,dataT/healthy/healthy_1057.jpg,principal,0,1057,0.30612648
57,dataT/healthy/healthy_1058.jpg,principal,0,1058,0.47076446
58,dataT/healthy/healthy_1059.jpg,principal,0,1059,0.46888697
59,dataT/healthy/healthy_106.jpg,principal,0,106,0.50114226
60,dataT/healthy/healthy_1060.jpg,principal,0,1060,0.43710458
61,dataT/healthy/healthy_1061.jpg,principal,0,1061,0.39805114
62,dataT/healthy/healthy_1062.jpg,principal,0,1062,0.41516387
63,dataT/healthy/healthy_1063.jpg,principal,0,1063,0.4614701
64,dataT/healthy/healthy_1064.jpg,principal,0,1064,0.43974805
65,dataT/healthy/healthy_1065.jpg,principal,0,1065,0.5439359
66,dataT/healthy/healthy_1066.jpg,principal,0,1066,0.43018717
67,dataT/healthy/healthy_1067.jpg,principal,0,1067,0.44340485
68,dataT/healthy/healthy_1068.jpg,principal,0,1068,0.4528404
69,dataT/healthy/healthy_1069.jpg,principal,0,1069,0.4976528
70,dataT/healthy/healthy_107.jpg,principal,0,107,0.39833683
71,dataT/healthy/healthy_1070.jpg,principal,0,1070,0.49029952
72,dataT/healthy/healthy_1071.jpg,principal,0,1071,0.34705493
73,dataT/healthy/healthy_1072.jpg,principal,0,1072,0.49769884
74,dataT/healthy/healthy_1073.jpg,principal,0,1073,0.353552
75,dataT/healthy/healthy_1074.jpg,principal,0,1074,0.5177171
76,dataT/healthy/healthy_1075.jpg,principal,0,1075,0.3778445
77,dataT/healthy/healthy_1076.jpg,principal,0,1076,0.45305404
78,dataT/healthy/healthy_1077.jpg,principal,0,1077,0.53056777
79,dataT/healthy/healthy_1078.jpg,principal,0,1078,0.37213534
80,dataT/healthy/healthy_1079.jpg,principal,0,1079,0.41769895
81,dataT/healthy/healthy_108.jpg,principal,0,108,0.45123643
82,dataT/healthy/healthy_1080.jpg,principal,0,1080,0.4405152
83,dataT/healthy/healthy_1081.jpg,principal,0,1081,0.4859708
84,dataT/healthy/healthy_1082.jpg,principal,0,1082,0.47062147
85,dataT/healthy/healthy_1083.jpg,principal,0,1083,0.3329692
86,dataT/healthy/healthy_1084.jpg,principal,0,1084,0.5292783
87,dataT/healthy/healthy_1085.jpg,principal,0,1085,0.37188986
88,dataT/healthy/healthy_1086.jpg,principal,0,1086,0.38544112
89,dataT/healthy/healthy_1087.jpg,principal,0,1087,0.4165909
90,dataT/healthy/healthy_1088.jpg,principal,0,1088,0.4542839
91,dataT/healthy/healthy_1089.jpg,principal,0,1089,0.4691326
92,dataT/healthy/healthy_1090.jpg,principal,0,1090,0.42693877
93,dataT/healthy/healthy_1091.jpg,principal,0,1091,0.3993194
94,dataT/healthy/healthy_11.jpg,principal,0,11,0.3820132
95,dataT/healthy/healthy_1140.jpg,principal,0,1140,0.52445024
96,dataT/healthy/healthy_1141.jpg,principal,0,1141,0.36897236
97,dataT/healthy/healthy_1142.jpg,principal,0,1142,0.41759092
98,dataT/healthy/healthy_1143.jpg,principal,0,1143,0.50009996
99,dataT/healthy/healthy_1144.jpg,principal,0,1144,0.47948396
100,dataT/healthy/healthy_1145.jpg,principal,0,1145,0.3737023
101,dataT/healthy/healthy_1146.jpg,principal,0,1146,0.45842662
102,dataT/healthy/healthy_1147.jpg,principal,0,1147,0.37318277
103,dataT/healthy/healthy_1148.jpg,principal,0,1148,0.36379364
104,dataT/healthy/healthy_1149.jpg,principal,0,1149,0.4119772
105,dataT/healthy/healthy_1150.jpg,principal,0,1150,0.47566965
106,dataT/healthy/healthy_1151.jpg,principal,0,1151,0.41056517
107,dataT/healthy/healthy_1152.jpg,principal,0,1152,0.39632866
108,dataT/healthy/healthy_1153.jpg,principal,0,1153,0.45943576
109,dataT/healthy/healthy_1154.jpg,principal,0,1154,0.4571999
110,dataT/healthy/healthy_1155.jpg,principal,0,1155,0.41091323
111,dataT/healthy/healthy_1156.jpg,principal,0,1156,0.3832969
112,dataT/healthy/healthy_1157.jpg,principal,0,1157,0.4293301
113,dataT/healthy/healthy_1158.jpg,principal,0,1158,0.40009773
114,dataT/healthy/healthy_1159.jpg,principal,0,1159,0.42487812
115,dataT/healthy/healthy_1160.jpg,principal,0,1160,0.37659365
116,dataT/healthy/healthy_1161.jpg,principal,0,1161,0.3981412
117,dataT/healthy/healthy_1162.jpg,principal,0,1162,0.41835177
118,dataT/healthy/healthy_1163.jpg,principal,0,1163,0.44407368
119,dataT/healthy/healthy_1164.jpg,principal,0,1164,0.38832194
120,dataT/healthy/healthy_1165.jpg,principal,0,1165,0.55775404
121,dataT/healthy/healthy_1166.jpg,principal,0,1166,0.48563617
122,dataT/healthy/healthy_1167.jpg,principal,0,1167,0.4661204
123,dataT/healthy/healthy_1168.jpg,principal,0,1168,0.42906258
124,dataT/healthy/healthy_1169.jpg,principal,0,1169,0.34806508
125,dataT/healthy/healthy_1170.jpg,principal,0,1170,0.47932702
126,dataT/healthy/healthy_1171.jpg,principal,0,1171,0.54326695
127,dataT/healthy/healthy_1172.jpg,principal,0,1172,0.44998664
128,dataT/healthy/healthy_1173.jpg,principal,0,1173,0.39416716
129,dataT/healthy/healthy_1174.jpg,principal,0,1174,0.5366019
130,dataT/healthy/healthy_1175.jpg,principal,0,1175,0.4743741
131,dataT/healthy/healthy_1176.jpg,principal,0,1176,0.43677574
132,dataT/healthy/healthy_1177.jpg,principal,0,1177,0.5021876
133,dataT/healthy/healthy_1178.jpg,principal,0,1178,0.28052244
134,dataT/healthy/healthy_1179.jpg,principal,0,1179,0.46917838
135,dataT/healthy/healthy_1180.jpg,principal,0,1180,0.3937834
136,dataT/healthy/healthy_1181.jpg,principal,0,1181,0.40808356
137,dataT/healthy/healthy_1182.jpg,principal,0,1182,0.44092792
138,dataT/healthy/healthy_1183.jpg,principal,0,1183,0.4042327
139,dataT/healthy/healthy_1184.jpg,principal,0,1184,0.45896
140,dataT/healthy/healthy_1185.jpg,principal,0,1185,0.29368028
141,dataT/healthy/healthy_1186.jpg,principal,0,1186,0.43529272
142,dataT/healthy/healthy_1187.jpg,principal,0,1187,0.36966372
143,dataT/healthy/healthy_1188.jpg,principal,0,1188,0.46477592
144,dataT/healthy/healthy_1189.jpg,principal,0,1189,0.51127297
145,dataT/healthy/healthy_1190.jpg,principal,0,1190,0.41577703
146,dataT/healthy/healthy_1191.jpg,principal,0,1191,0.40306017
147,dataT/healthy/healthy_1192.jpg,principal,0,1192,0.37804472
148,dataT/healthy/healthy_1193.jpg,principal,0,1193,0.41782138
149,dataT/healthy/healthy_1194.jpg,principal,0,1194,0.49217495
150,dataT/healthy/healthy_1195.jpg,principal,0,1195,0.36947155
151,dataT/healthy/healthy_1196.jpg,principal,0,1196,0.40077668
152,dataT/healthy/healthy_1197.jpg,principal,0,1197,0.46876922
153,dataT/healthy/healthy_1198.jpg,principal,0,1198,0.35768068
154,dataT/healthy/healthy_1199.jpg,principal,0,1199,0.44821015
155,dataT/healthy/healthy_12.jpg,principal,0,12,0.42805088
156,dataT/healthy/healthy_1200.jpg,principal,0,1200,0.509791
157,dataT/healthy/healthy_1201.jpg,principal,0,1201,0.45800918
158,dataT/healthy/healthy_1202.jpg,principal,0,1202,0.41005754
159,dataT/healthy/healthy_1203.jpg,principal,0,1203,0.4313364
160,dataT/healthy/healthy_1204.jpg,principal,0,1204,0.41977984
161,dataT/healthy/healthy_1205.jpg,principal,0,1205,0.4538499
162,dataT/healthy/healthy_1206.jpg,principal,0,1206,0.49392387
163,dataT/healthy/healthy_1207.jpg,principal,0,1207,0.55861545
164,dataT/healthy/healthy_1208.jpg,principal,0,1208,0.4295258
165,dataT/healthy/healthy_1209.jpg,principal,0,1209,0.4315759
166,dataT/healthy/healthy_1210.jpg,principal,0,1210,0.47471946
167,dataT/healthy/healthy_1211.jpg,principal,0,1211,0.40767205
168,dataT/healthy/healthy_1212.jpg,principal,0,1212,0.41662943
169,dataT/healthy/healthy_1213.jpg,principal,0,1213,0.34682
170,dataT/healthy/healthy_1214.jpg,principal,0,1214,0.38570857
171,dataT/healthy/healthy_1215.jpg,principal,0,1215,0.38319066
172,dataT/healthy/healthy_1216.jpg,principal,0,1216,0.4315174
173,dataT/healthy/healthy_1217.jpg,principal,0,1217,0.35414904
174,dataT/healthy/healthy_1218.jpg,principal,0,1218,0.43903124
175,dataT/healthy/healthy_1219.jpg,principal,0,1219,0.5313078
176,dataT/healthy/healthy_1220.jpg,principal,0,1220,0.4953805
177,dataT/healthy/healthy_1221.jpg,principal,0,1221,0.25384074
178,dataT/healthy/healthy_1222.jpg,principal,0,1222,0.4640497
179,dataT/healthy/healthy_1223.jpg,principal,0,1223,0.5364139
180,dataT/healthy/healthy_1224.jpg,principal,0,1224,0.50757205
181,dataT/healthy/healthy_1225.jpg,principal,0,1225,0.4262579
182,dataT/healthy/healthy_1226.jpg,principal,0,1226,0.3642373
183,dataT/healthy/healthy_1227.jpg,principal,0,1227,0.4113546
184,dataT/healthy/healthy_1228.jpg,principal,0,1228,0.4007085
185,dataT/healthy/healthy_1229.jpg,principal,0,1229,0.44018078
186,dataT/healthy/healthy_1230.jpg,principal,0,1230,0.45688665
187,dataT/healthy/healthy_1231.jpg,principal,0,1231,0.5398068
188,dataT/healthy/healthy_1232.jpg,principal,0,1232,0.43859875
189,dataT/healthy/healthy_1233.jpg,principal,0,1233,0.5188605
190,dataT/healthy/healthy_1234.jpg,principal,0,1234,0.434667
191,dataT/healthy/healthy_1235.jpg,principal,0,1235,0.3536292
192,dataT/healthy/healthy_1236.jpg,principal,0,1236,0.40973872
193,dataT/healthy/healthy_1237.jpg,principal,0,1237,0.38281238
194,dataT/healthy/healthy_1238.jpg,principal,0,1238,0.48071662
195,dataT/healthy/healthy_1239.jpg,principal,0,1239,0.42603904
196,dataT/healthy/healthy_1240.jpg,principal,0,1240,0.4249907
197,dataT/healthy/healthy_1241.jpg,principal,0,1241,0.28773573
198,dataT/healthy/healthy_1242.jpg,principal,0,1242,0.385761
199,dataT/healthy/healthy_1243.jpg,principal,0,1243,0.37334365
200,dataT/healthy/healthy_1244.jpg,principal,0,1244,0.47441685
201,dataT/healthy/healthy_1245.jpg,principal,0,1245,0.48142254
202,dataT/healthy/healthy_1246.jpg,principal,0,1246,0.534853
203,dataT/healthy/healthy_1247.jpg,principal,0,1247,0.47320142
204,dataT/healthy/healthy_1248.jpg,principal,0,1248,0.43356386
205,dataT/healthy/healthy_1249.jpg,principal,0,1249,0.45479423
206,dataT/healthy/healthy_1250.jpg,principal,0,1250,0.46917105
207,dataT/healthy/healthy_1251.jpg,principal,0,1251,0.5256944
208,dataT/healthy/healthy_1252.jpg,principal,0,1252,0.5184967
209,dataT/healthy/healthy_1253.jpg,principal,0,1253,0.50756186
210,dataT/healthy/healthy_1254.jpg,principal,0,1254,0.5683018
211,dataT/healthy/healthy_1255.jpg,principal,0,1255,0.39880028
212,dataT/healthy/healthy_1256.jpg,principal,0,1256,0.42007935
213,dataT/healthy/healthy_1257.jpg,principal,0,1257,0.407525
214,dataT/healthy/healthy_1258.jpg,principal,0,1258,0.41391873
215,dataT/healthy/healthy_1259.jpg,principal,0,1259,0.41721246
216,dataT/healthy/healthy_1260.jpg,principal,0,1260,0.35065654
217,dataT/healthy/healthy_1261.jpg,principal,0,1261,0.447066
218,dataT/healthy/healthy_1262.jpg,principal,0,1262,0.42714012
219,dataT/healthy/healthy_1263.jpg,principal,0,1263,0.4454328
220,dataT/healthy/healthy_1264.jpg,principal,0,1264,0.47604933
221,dataT/healthy/healthy_1265.jpg,principal,0,1265,0.46077532
222,dataT/healthy/healthy_1266.jpg,principal,0,1266,0.4512638
223,dataT/healthy/healthy_1267.jpg,principal,0,1267,0.4174672
224,dataT/healthy/healthy_1268.jpg,principal,0,1268,0.40125793
225,dataT/healthy/healthy_1269.jpg,principal,0,1269,0.39100274
226,dataT/healthy/healthy_1270.jpg,principal,0,1270,0.44982427
227,dataT/healthy/healthy_1271.jpg,principal,0,1271,0.46112522
228,dataT/healthy/healthy_1272.jpg,principal,0,1272,0.49615443
229,dataT/healthy/healthy_13.jpg,principal,0,13,0.44797158
230,dataT/healthy/healthy_14.jpg,principal,0,14,0.44896764
231,dataT/healthy/healthy_1404.jpg,principal,0,1404,0.45838714
232,dataT/healthy/healthy_1405.jpg,principal,0,1405,0.4976951
233,dataT/healthy/healthy_1406.jpg,principal,0,1406,0.5910742
234,dataT/healthy/healthy_1407.jpg,principal,0,1407,0.5591175
235,dataT/healthy/healthy_1408.jpg,principal,0,1408,0.39927578
236,dataT/healthy/healthy_1409.jpg,principal,0,1409,0.3268569
237,dataT/healthy/healthy_1410.jpg,principal,0,1410,0.4185426
238,dataT/healthy/healthy_1411.jpg,principal,0,1411,0.4730301
239,dataT/healthy/healthy_1412.jpg,principal,0,1412,0.5224821
240,dataT/healthy/healthy_1413.jpg,principal,0,1413,0.4481314
241,dataT/healthy/healthy_1414.jpg,principal,0,1414,0.42261463
242,dataT/healthy/healthy_1415.jpg,principal,0,1415,0.38131198
243,dataT/healthy/healthy_1416.jpg,principal,0,1416,0.41171837
244,dataT/healthy/healthy_1417.jpg,principal,0,1417,0.4759715
245,dataT/healthy/healthy_1418.jpg,principal,0,1418,0.40775675
246,dataT/healthy/healthy_1419.jpg,principal,0,1419,0.437854
247,dataT/healthy/healthy_1420.jpg,principal,0,1420,0.52673936
248,dataT/healthy/healthy_1421.jpg,principal,0,1421,0.32052898
249,dataT/healthy/healthy_1422.jpg,principal,0,1422,0.36162108
250,dataT/healthy/healthy_1423.jpg,principal,0,1423,0.5557996
251,dataT/healthy/healthy_1424.jpg,principal,0,1424,0.47670704
252,dataT/healthy/healthy_1425.jpg,principal,0,1425,0.44769537
253,dataT/healthy/healthy_1426.jpg,principal,0,1426,0.49142933
254,dataT/healthy/healthy_1427.jpg,principal,0,1427,0.41733855
255,dataT/healthy/healthy_1428.jpg,principal,0,1428,0.4255002
256,dataT/healthy/healthy_1429.jpg,principal,0,1429,0.41787428
257,dataT/healthy/healthy_1430.jpg,principal,0,1430,0.3403077
258,dataT/healthy/healthy_1431.jpg,principal,0,1431,0.366763
259,dataT/healthy/healthy_1432.jpg,principal,0,1432,0.37200892
260,dataT/healthy/healthy_1433.jpg,principal,0,1433,0.40843898
261,dataT/healthy/healthy_1434.jpg,principal,0,1434,0.4636751
262,dataT/healthy/healthy_1435.jpg,principal,0,1435,0.42269653
263,dataT/healthy/healthy_1436.jpg,principal,0,1436,0.537003
264,dataT/healthy/healthy_1437.jpg,principal,0,1437,0.4864657
265,dataT/healthy/healthy_1438.jpg,principal,0,1438,0.43751565
266,dataT/healthy/healthy_1439.jpg,principal,0,1439,0.40114734
267,dataT/healthy/healthy_1440.jpg,principal,0,1440,0.45585558
268,dataT/healthy/healthy_1441.jpg,principal,0,1441,0.36463684
269,dataT/healthy/healthy_1442.jpg,principal,0,1442,0.40971115
270,dataT/healthy/healthy_1443.jpg,principal,0,1443,0.35500053
271,dataT/healthy/healthy_1445.jpg,principal,0,1445,0.48846528
272,dataT/healthy/healthy_1446.jpg,principal,0,1446,0.4441484
273,dataT/healthy/healthy_1447.jpg,principal,0,1447,0.45104575
274,dataT/healthy/healthy_1448.jpg,principal,0,1448,0.427931
275,dataT/healthy/healthy_1449.jpg,principal,0,1449,0.4623819
276,dataT/healthy/healthy_1450.jpg,principal,0,1450,0.43235385
277,dataT/healthy/healthy_1451.jpg,principal,0,1451,0.54276454
278,dataT/healthy/healthy_1452.jpg,principal,0,1452,0.5114599
279,dataT/healthy/healthy_1453.jpg,principal,0,1453,0.4345982
280,dataT/healthy/healthy_1454.jpg,principal,0,1454,0.58130246
281,dataT/healthy/healthy_1455.jpg,principal,0,1455,0.37564886
282,dataT/healthy/healthy_1456.jpg,principal,0,1456,0.4790733
283,dataT/healthy/healthy_1457.jpg,principal,0,1457,0.39989722
284,dataT/healthy/healthy_1458.jpg,principal,0,1458,0.40081823
285,dataT/healthy/healthy_1459.jpg,principal,0,1459,0.37918526
286,dataT/healthy/healthy_1460.jpg,principal,0,1460,0.40122962
287,dataT/healthy/healthy_1461.jpg,principal,0,1461,0.50417393
288,dataT/healthy/healthy_1462.jpg,principal,0,1462,0.5288744
289,dataT/healthy/healthy_1463.jpg,principal,0,1463,0.54504263
290,dataT/healthy/healthy_1464.jpg,principal,0,1464,0.51407963
291,dataT/healthy/healthy_1465.jpg,principal,0,1465,0.44226995
292,dataT/healthy/healthy_1466.jpg,principal,0,1466,0.40490714
293,dataT/healthy/healthy_1467.jpg,principal,0,1467,0.46659136
294,dataT/healthy/healthy_1468.jpg,principal,0,1468,0.5237913
295,dataT/healthy/healthy_1469.jpg,principal,0,1469,0.4618173
296,dataT/healthy/healthy_1470.jpg,principal,0,1470,0.37103862
297,dataT/healthy/healthy_1471.jpg,principal,0,1471,0.4084623
298,dataT/healthy/healthy_1472.jpg,principal,0,1472,0.5257729
299,dataT/healthy/healthy_1473.jpg,principal,0,1473,0.51097274
300,dataT/healthy/healthy_1474.jpg,principal,0,1474,0.41359448
301,dataT/healthy/healthy_1475.jpg,principal,0,1475,0.42035294
302,dataT/healthy/healthy_1476.jpg,principal,0,1476,0.50072277
303,dataT/healthy/healthy_1477.jpg,principal,0,1477,0.43611616
304,dataT/healthy/healthy_1478.jpg,principal,0,1478,0.46413898
305,dataT/healthy/healthy_1479.jpg,principal,0,1479,0.42290413
306,dataT/healthy/healthy_1480.jpg,principal,0,1480,0.4208697
307,dataT/healthy/healthy_1481.jpg,principal,0,1481,0.44078106
308,dataT/healthy/healthy_1482.jpg,principal,0,1482,0.4541112
309,dataT/healthy/healthy_1483.jpg,principal,0,1483,0.52488154
310,dataT/healthy/healthy_1484.jpg,principal,0,1484,0.3795454
311,dataT/healthy/healthy_1485.jpg,principal,0,1485,0.4842416
312,dataT/healthy/healthy_1486.jpg,principal,0,1486,0.5093348
313,dataT/healthy/healthy_1487.jpg,principal,0,1487,0.42507985
314,dataT/healthy/healthy_1488.jpg,principal,0,1488,0.42582583
315,dataT/healthy/healthy_1489.jpg,principal,0,1489,0.43814975
316,dataT/healthy/healthy_1490.jpg,principal,0,1490,0.37515154
317,dataT/healthy/healthy_1491.jpg,principal,0,1491,0.44215512
318,dataT/healthy/healthy_1492.jpg,principal,0,1492,0.3919947
319,dataT/healthy/healthy_1493.jpg,principal,0,1493,0.4619449
320,dataT/healthy/healthy_1494.jpg,principal,0,1494,0.5324094
321,dataT/healthy/healthy_1495.jpg,principal,0,1495,0.41969195
322,dataT/healthy/healthy_1496.jpg,principal,0,1496,0.44050032
323,dataT/healthy/healthy_1497.jpg,principal,0,1497,0.35841727
324,dataT/healthy/healthy_1498.jpg,principal,0,1498,0.4050141
325,dataT/healthy/healthy_1499.jpg,principal,0,1499,0.43031123
326,dataT/healthy/healthy_15.jpg,principal,0,15,0.41754636
327,dataT/healthy/healthy_1500.jpg,principal,0,1500,0.40023905
328,dataT/healthy/healthy_1501.jpg,principal,0,1501,0.38953355
329,dataT/healthy/healthy_1502.jpg,principal,0,1502,0.51803887
330,dataT/healthy/healthy_1503.jpg,principal,0,1503,0.43950135
331,dataT/healthy/healthy_1504.jpg,principal,0,1504,0.57291734
332,dataT/healthy/healthy_1505.jpg,principal,0,1505,0.5058465
333,dataT/healthy/healthy_1506.jpg,principal,0,1506,0.48022234
334,dataT/healthy/healthy_1507.jpg,principal,0,1507,0.42910904
335,dataT/healthy/healthy_1508.jpg,principal,0,1508,0.5382432
336,dataT/healthy/healthy_1509.jpg,principal,0,1509,0.5039428
337,dataT/healthy/healthy_1510.jpg,principal,0,1510,0.46714896
338,dataT/healthy/healthy_1511.jpg,principal,0,1511,0.45003715
339,dataT/healthy/healthy_1512.jpg,principal,0,1512,0.4721122
340,dataT/healthy/healthy_1513.jpg,principal,0,1513,0.5460574
341,dataT/healthy/healthy_1514.jpg,principal,0,1514,0.4635967
342,dataT/healthy/healthy_1515.jpg,principal,0,1515,0.5019581
343,dataT/healthy/healthy_1516.jpg,principal,0,1516,0.52684367
344,dataT/healthy/healthy_1517.jpg,principal,0,1517,0.4022713
345,dataT/healthy/healthy_1518.jpg,principal,0,1518,0.49439824
346,dataT/healthy/healthy_1519.jpg,principal,0,1519,0.569712
347,dataT/healthy/healthy_1520.jpg,principal,0,1520,0.44103423
348,dataT/healthy/healthy_1521.jpg,principal,0,1521,0.52786285
349,dataT/healthy/healthy_1522.jpg,principal,0,1522,0.5750037
350,dataT/healthy/healthy_1523.jpg,principal,0,1523,0.5993513
351,dataT/healthy/healthy_1524.jpg,principal,0,1524,0.47000152
352,dataT/healthy/healthy_1525.jpg,principal,0,1525,0.54452246
353,dataT/healthy/healthy_1526.jpg,principal,0,1526,0.48616785
354,dataT/healthy/healthy_1527.jpg,principal,0,1527,0.38868654
355,dataT/healthy/healthy_1528.jpg,principal,0,1528,0.49203593
356,dataT/healthy/healthy_1529.jpg,principal,0,1529,0.45161796
357,dataT/healthy/healthy_1530.jpg,principal,0,1530,0.4107486
358,dataT/healthy/healthy_1531.jpg,principal,0,1531,0.50767934
359,dataT/healthy/healthy_1532.jpg,principal,0,1532,0.43980148
360,dataT/healthy/healthy_1533.jpg,principal,0,1533,0.43236536
361,dataT/healthy/healthy_1534.jpg,principal,0,1534,0.43168026
362,dataT/healthy/healthy_1535.jpg,principal,0,1535,0.43350178
363,dataT/healthy/healthy_1536.jpg,principal,0,1536,0.4570244
364,dataT/healthy/healthy_1537.jpg,principal,0,1537,0.41571075
365,dataT/healthy/healthy_1538.jpg,principal,0,1538,0.42475852
366,dataT/healthy/healthy_1539.jpg,principal,0,1539,0.48233038
367,dataT/healthy/healthy_1540.jpg,principal,0,1540,0.48829585
368,dataT/healthy/healthy_1541.jpg,principal,0,1541,0.4936449
369,dataT/healthy/healthy_1542.jpg,principal,0,1542,0.3697058
370,dataT/healthy/healthy_1543.jpg,principal,0,1543,0.51587796
371,dataT/healthy/healthy_1544.jpg,principal,0,1544,0.41781455
372,dataT/healthy/healthy_1545.jpg,principal,0,1545,0.410605
373,dataT/healthy/healthy_1546.jpg,principal,0,1546,0.4079306
374,dataT/healthy/healthy_1547.jpg,principal,0,1547,0.37037122
375,dataT/healthy/healthy_1548.jpg,principal,0,1548,0.52120805
376,dataT/healthy/healthy_1549.jpg,principal,0,1549,0.50022244
377,dataT/healthy/healthy_1550.jpg,principal,0,1550,0.5033209
378,dataT/healthy/healthy_1551.jpg,principal,0,1551,0.5552292
379,dataT/healthy/healthy_1552.jpg,principal,0,1552,0.4478169
380,dataT/healthy/healthy_1553.jpg,principal,0,1553,0.5124363
381,dataT/healthy/healthy_1554.jpg,principal,0,1554,0.549768
382,dataT/healthy/healthy_1555.jpg,principal,0,1555,0.5193863
383,dataT/healthy/healthy_1556.jpg,principal,0,1556,0.32294938
384,dataT/healthy/healthy_1557.jpg,principal,0,1557,0.4946697
385,dataT/healthy/healthy_1558.jpg,principal,0,1558,0.4636013
386,dataT/healthy/healthy_1559.jpg,principal,0,1559,0.44480437
387,dataT/healthy/healthy_1560.jpg,principal,0,1560,0.45925242
388,dataT/healthy/healthy_1561.jpg,principal,0,1561,0.47304964
389,dataT/healthy/healthy_1562.jpg,principal,0,1562,0.38605437
390,dataT/healthy/healthy_1563.jpg,principal,0,1563,0.4462159
391,dataT/healthy/healthy_1564.jpg,principal,0,1564,0.453762
392,dataT/healthy/healthy_1565.jpg,principal,0,1565,0.4444144
393,dataT/healthy/healthy_1566.jpg,principal,0,1566,0.4996546
394,dataT/healthy/healthy_1567.jpg,principal,0,1567,0.4788244
395,dataT/healthy/healthy_1568.jpg,principal,0,1568,0.46050328
396,dataT/healthy/healthy_1569.jpg,principal,0,1569,0.3553152
397,dataT/healthy/healthy_1570.jpg,principal,0,1570,0.46169204
398,dataT/healthy/healthy_1571.jpg,principal,0,1571,0.4333088
399,dataT/healthy/healthy_1572.jpg,principal,0,1572,0.52421707
400,dataT/healthy/healthy_1573.jpg,principal,0,1573,0.40849018
401,dataT/healthy/healthy_1574.jpg,principal,0,1574,0.42050216
402,dataT/healthy/healthy_1575.jpg,principal,0,1575,0.46816635
403,dataT/healthy/healthy_1576.jpg,principal,0,1576,0.46357736
404,dataT/healthy/healthy_1577.jpg,principal,0,1577,0.4426343
405,dataT/healthy/healthy_1578.jpg,principal,0,1578,0.44415998
406,dataT/healthy/healthy_1579.jpg,principal,0,1579,0.4475649
407,dataT/healthy/healthy_1580.jpg,principal,0,1580,0.41127658
408,dataT/healthy/healthy_1581.jpg,principal,0,1581,0.41832578
409,dataT/healthy/healthy_1582.jpg,principal,0,1582,0.45084432
410,dataT/healthy/healthy_16.jpg,principal,0,16,0.44358683
411,dataT/healthy/healthy_1631.jpg,principal,0,1631,0.33993238
412,dataT/healthy/healthy_1632.jpg,principal,0,1632,0.3828166
413,dataT/healthy/healthy_1633.jpg,principal,0,1633,0.39421827
414,dataT/healthy/healthy_1634.jpg,principal,0,1634,0.44597152
415,dataT/healthy/healthy_1635.jpg,principal,0,1635,0.4380204
416,dataT/healthy/healthy_1636.jpg,principal,0,1636,0.38833925
417,dataT/healthy/healthy_1637.jpg,principal,0,1637,0.37642086
418,dataT/healthy/healthy_1638.jpg,principal,0,1638,0.4501276
419,dataT/healthy/healthy_1639.jpg,principal,0,1639,0.40256113
420,dataT/healthy/healthy_1640.jpg,principal,0,1640,0.45907256
421,dataT/healthy/healthy_1641.jpg,principal,0,1641,0.38156807
422,dataT/healthy/healthy_1642.jpg,principal,0,1642,0.44551185
423,dataT/healthy/healthy_1643.jpg,principal,0,1643,0.57995236
424,dataT/healthy/healthy_1644.jpg,principal,0,1644,0.5711925
425,dataT/healthy/healthy_1645.jpg,principal,0,1645,0.48033512
426,dataT/healthy/healthy_1646.jpg,principal,0,1646,0.33739543
427,dataT/healthy/healthy_1647.jpg,principal,0,1647,0.45908108
428,dataT/healthy/healthy_1648.jpg,principal,0,1648,0.4845291
429,dataT/healthy/healthy_1649.jpg,principal,0,1649,0.48512235
430,dataT/healthy/healthy_1650.jpg,principal,0,1650,0.39281517
431,dataT/healthy/healthy_1651.jpg,principal,0,1651,0.40358323
432,dataT/healthy/healthy_1652.jpg,principal,0,1652,0.45380372
433,dataT/healthy/healthy_1653.jpg,principal,0,1653,0.33643103
434,dataT/healthy/healthy_1654.jpg,principal,0,1654,0.35234222
435,dataT/healthy/healthy_1655.jpg,principal,0,1655,0.41539043
436,dataT/healthy/healthy_1656.jpg,principal,0,1656,0.5221416
437,dataT/healthy/healthy_1657.jpg,principal,0,1657,0.37090823
438,dataT/healthy/healthy_1658.jpg,principal,0,1658,0.4471263
439,dataT/healthy/healthy_1659.jpg,principal,0,1659,0.4371816
440,dataT/healthy/healthy_1660.jpg,principal,0,1660,0.41889295
441,dataT/healthy/healthy_1661.jpg,principal,0,1661,0.45529008
442,dataT/healthy/healthy_1662.jpg,principal,0,1662,0.47366196
443,dataT/healthy/healthy_1663.jpg,principal,0,1663,0.38685918
444,dataT/healthy/healthy_1664.jpg,principal,0,1664,0.37382406
445,dataT/healthy/healthy_1665.jpg,principal,0,1665,0.39549145
446,dataT/healthy/healthy_1666.jpg,principal,0,1666,0.41324037
447,dataT/healthy/healthy_1667.jpg,principal,0,1667,0.39185354
448,dataT/healthy/healthy_1668.jpg,principal,0,1668,0.53759974
449,dataT/healthy/healthy_1669.jpg,principal,0,1669,0.47996986
450,dataT/healthy/healthy_1670.jpg,principal,0,1670,0.4097489
451,dataT/healthy/healthy_1671.jpg,principal,0,1671,0.34327832
452,dataT/healthy/healthy_1672.jpg,principal,0,1672,0.5389534
453,dataT/healthy/healthy_1673.jpg,principal,0,1673,0.5348777
454,dataT/healthy/healthy_1674.jpg,principal,0,1674,0.4798053
455,dataT/healthy/healthy_1675.jpg,principal,0,1675,0.4605267
456,dataT/healthy/healthy_1676.jpg,principal,0,1676,0.3280787
457,dataT/healthy/healthy_1677.jpg,principal,0,1677,0.452996
458,dataT/healthy/healthy_1678.jpg,principal,0,1678,0.42422742
459,dataT/healthy/healthy_1679.jpg,principal,0,1679,0.4563659
460,dataT/healthy/healthy_17.jpg,principal,0,17,0.44150987
461,dataT/healthy/healthy_18.jpg,principal,0,18,0.47585943
462,dataT/healthy/healthy_19.jpg,principal,0,19,0.44290483
463,dataT/healthy/healthy_197.jpg,principal,0,197,0.30315042
464,dataT/healthy/healthy_198.jpg,principal,0,198,0.5254898
465,dataT/healthy/healthy_199.jpg,principal,0,199,0.32053614
466,dataT/healthy/healthy_2.jpg,principal,0,2,0.5135744
467,dataT/healthy/healthy_20.jpg,principal,0,20,0.50202376
468,dataT/healthy/healthy_200.jpg,principal,0,200,0.33374095
469,dataT/healthy/healthy_201.jpg,principal,0,201,0.37821007
470,dataT/healthy/healthy_202.jpg,principal,0,202,0.51293546
471,dataT/healthy/healthy_203.jpg,principal,0,203,0.49798322
472,dataT/healthy/healthy_204.jpg,principal,0,204,0.5034534
473,dataT/healthy/healthy_205.jpg,principal,0,205,0.40755284
474,dataT/healthy/healthy_2052.jpg,principal,0,2052,0.4276117
475,dataT/healthy/healthy_2053.jpg,principal,0,2053,0.6916871
476,dataT/healthy/healthy_2054.jpg,principal,0,2054,0.62619656
477,dataT/healthy/healthy_2055.jpg,principal,0,2055,0.55624807
478,dataT/healthy/healthy_2056.jpg,principal,0,2056,0.59732366
479,dataT/healthy/healthy_2057.jpg,principal,0,2057,0.5160192
480,dataT/healthy/healthy_2058.jpg,principal,0,2058,0.5872583
481,dataT/healthy/healthy_2059.jpg,principal,0,2059,0.5165193
482,dataT/healthy/healthy_206.jpg,principal,0,206,0.5050278
483,dataT/healthy/healthy_2060.jpg,principal,0,2060,0.57900214
484,dataT/healthy/healthy_2061.jpg,principal,0,2061,0.47158456
485,dataT/healthy/healthy_2062.jpg,principal,0,2062,0.42190003
486,dataT/healthy/healthy_2063.jpg,principal,0,2063,0.43119663
487,dataT/healthy/healthy_2064.jpg,principal,0,2064,0.4939335
488,dataT/healthy/healthy_2065.jpg,principal,0,2065,0.37774223
489,dataT/healthy/healthy_2066.jpg,principal,0,2066,0.48541802
490,dataT/healthy/healthy_2067.jpg,principal,0,2067,0.3883394
491,dataT/healthy/healthy_2068.jpg,principal,0,2068,0.42033735
492,dataT/healthy/healthy_2069.jpg,principal,0,2069,0.42693394
493,dataT/healthy/healthy_207.jpg,principal,0,207,0.47937548
494,dataT/healthy/healthy_2070.jpg,principal,0,2070,0.486023
495,dataT/healthy/healthy_2071.jpg,principal,0,2071,0.45293087
496,dataT/healthy/healthy_2072.jpg,principal,0,2072,0.4101161
497,dataT/healthy/healthy_2073.jpg,principal,0,2073,0.47345442
498,dataT/healthy/healthy_2074.jpg,principal,0,2074,0.43219084
499,dataT/healthy/healthy_2075.jpg,principal,0,2075,0.48647848
500,dataT/healthy/healthy_2076.jpg,principal,0,2076,0.39571768
501,dataT/healthy/healthy_2077.jpg,principal,0,2077,0.5703554
502,dataT/healthy/healthy_2078.jpg,principal,0,2078,0.47136152
503,dataT/healthy/healthy_2079.jpg,principal,0,2079,0.42506313
504,dataT/healthy/healthy_208.jpg,principal,0,208,0.41664788
505,dataT/healthy/healthy_2080.jpg,principal,0,2080,0.4452802
506,dataT/healthy/healthy_2081.jpg,principal,0,2081,0.39829975
507,dataT/healthy/healthy_2082.jpg,principal,0,2082,0.38258815
508,dataT/healthy/healthy_2083.jpg,principal,0,2083,0.4359921
509,dataT/healthy/healthy_2084.jpg,principal,0,2084,0.48113066
510,dataT/healthy/healthy_2085.jpg,principal,0,2085,0.41675818
511,dataT/healthy/healthy_2086.jpg,principal,0,2086,0.41728106
512,dataT/healthy/healthy_2087.jpg,principal,0,2087,0.50638986
513,dataT/healthy/healthy_2088.jpg,principal,0,2088,0.45747015
514,dataT/healthy/healthy_2089.jpg,principal,0,2089,0.43543226
515,dataT/healthy/healthy_209.jpg,principal,0,209,0.5512663
516,dataT/healthy/healthy_2090.jpg,principal,0,2090,0.4686928
517,dataT/healthy/healthy_2091.jpg,principal,0,2091,0.447567
518,dataT/healthy/healthy_2092.jpg,principal,0,2092,0.5349076
519,dataT/healthy/healthy_2093.jpg,principal,0,2093,0.4922505
520,dataT/healthy/healthy_2094.jpg,principal,0,2094,0.3937781
521,dataT/healthy/healthy_2095.jpg,principal,0,2095,0.45465913
522,dataT/healthy/healthy_2096.jpg,principal,0,2096,0.4494604
523,dataT/healthy/healthy_2097.jpg,principal,0,2097,0.47354376
524,dataT/healthy/healthy_2098.jpg,principal,0,2098,0.48191708
525,dataT/healthy/healthy_2099.jpg,principal,0,2099,0.5567528
526,dataT/healthy/healthy_21.jpg,principal,0,21,0.42944416
527,dataT/healthy/healthy_210.jpg,principal,0,210,0.41825032
528,dataT/healthy/healthy_2100.jpg,principal,0,2100,0.37592766
529,dataT/healthy/healthy_2101.jpg,principal,0,2101,0.5170115
530,dataT/healthy/healthy_2102.jpg,principal,0,2102,0.46156967
531,dataT/healthy/healthy_2103.jpg,principal,0,2103,0.45636377
532,dataT/healthy/healthy_2104.jpg,principal,0,2104,0.38009164
533,dataT/healthy/healthy_2105.jpg,principal,0,2105,0.38584015
534,dataT/healthy/healthy_2106.jpg,principal,0,2106,0.40434211
535,dataT/healthy/healthy_2107.jpg,principal,0,2107,0.4099729
536,dataT/healthy/healthy_2108.jpg,principal,0,2108,0.39920473
537,dataT/healthy/healthy_2109.jpg,principal,0,2109,0.46846908
538,dataT/healthy/healthy_211.jpg,principal,0,211,0.49421662
539,dataT/healthy/healthy_2110.jpg,principal,0,2110,0.5315523
540,dataT/healthy/healthy_2111.jpg,principal,0,2111,0.43344706
541,dataT/healthy/healthy_2112.jpg,principal,0,2112,0.494222
542,dataT/healthy/healthy_2113.jpg,principal,0,2113,0.5100416
543,dataT/healthy/healthy_2114.jpg,principal,0,2114,0.41364387
544,dataT/healthy/healthy_2115.jpg,principal,0,2115,0.45245647
545,dataT/healthy/healthy_2116.jpg,principal,0,2116,0.42863563
546,dataT/healthy/healthy_2117.jpg,principal,0,2117,0.4627925
547,dataT/healthy/healthy_2118.jpg,principal,0,2118,0.41574764
548,dataT/healthy/healthy_2119.jpg,principal,0,2119,0.4482401
549,dataT/healthy/healthy_212.jpg,principal,0,212,0.5430658
550,dataT/healthy/healthy_2120.jpg,principal,0,2120,0.42212787
551,dataT/healthy/healthy_2121.jpg,principal,0,2121,0.50033784
552,dataT/healthy/healthy_2122.jpg,principal,0,2122,0.5415057
553,dataT/healthy/healthy_2123.jpg,principal,0,2123,0.40094677
554,dataT/healthy/healthy_2124.jpg,principal,0,2124,0.50088775
555,dataT/healthy/healthy_2125.jpg,principal,0,2125,0.46174154
556,dataT/healthy/healthy_2126.jpg,principal,0,2126,0.38810825
557,dataT/healthy/healthy_2127.jpg,principal,0,2127,0.5186085
558,dataT/healthy/healthy_2128.jpg,principal,0,2128,0.47280854
559,dataT/healthy/healthy_2129.jpg,principal,0,2129,0.4926628
560,dataT/healthy/healthy_213.jpg,principal,0,213,0.5098254
561,dataT/healthy/healthy_2130.jpg,principal,0,2130,0.500818
562,dataT/healthy/healthy_2131.jpg,principal,0,2131,0.45035505
563,dataT/healthy/healthy_2132.jpg,principal,0,2132,0.33584794
564,dataT/healthy/healthy_2133.jpg,principal,0,2133,0.5397373
565,dataT/healthy/healthy_2134.jpg,principal,0,2134,0.32076043
566,dataT/healthy/healthy_2135.jpg,principal,0,2135,0.24008723
567,dataT/healthy/healthy_2136.jpg,principal,0,2136,0.41071227
568,dataT/healthy/healthy_2137.jpg,principal,0,2137,0.45936692
569,dataT/healthy/healthy_2138.jpg,principal,0,2138,0.44760245
570,dataT/healthy/healthy_2139.jpg,principal,0,2139,0.4115652
571,dataT/healthy/healthy_214.jpg,principal,0,214,0.379721
572,dataT/healthy/healthy_2140.jpg,principal,0,2140,0.5553331
573,dataT/healthy/healthy_2141.jpg,principal,0,2141,0.41969702
574,dataT/healthy/healthy_2142.jpg,principal,0,2142,0.46584222
575,dataT/healthy/healthy_2143.jpg,principal,0,2143,0.4938818
576,dataT/healthy/healthy_2144.jpg,principal,0,2144,0.49793643
577,dataT/healthy/healthy_2145.jpg,principal,0,2145,0.48947114
578,dataT/healthy/healthy_2146.jpg,principal,0,2146,0.50444293
579,dataT/healthy/healthy_2147.jpg,principal,0,2147,0.47379127
580,dataT/healthy/healthy_2148.jpg,principal,0,2148,0.46807906
581,dataT/healthy/healthy_2149.jpg,principal,0,2149,0.54441833
582,dataT/healthy/healthy_215.jpg,principal,0,215,0.455588
583,dataT/healthy/healthy_2150.jpg,principal,0,2150,0.5084283
584,dataT/healthy/healthy_2151.jpg,principal,0,2151,0.44624048
585,dataT/healthy/healthy_2152.jpg,principal,0,2152,0.42069352
586,dataT/healthy/healthy_2153.jpg,principal,0,2153,0.46286792
587,dataT/healthy/healthy_2154.jpg,principal,0,2154,0.5074816
588,dataT/healthy/healthy_2155.jpg,principal,0,2155,0.48690194
589,dataT/healthy/healthy_2156.jpg,principal,0,2156,0.47869894
590,dataT/healthy/healthy_2157.jpg,principal,0,2157,0.47338766
591,dataT/healthy/healthy_2158.jpg,principal,0,2158,0.38983136
592,dataT/healthy/healthy_216.jpg,principal,0,216,0.4382102
593,dataT/healthy/healthy_217.jpg,principal,0,217,0.43716496
594,dataT/healthy/healthy_218.jpg,principal,0,218,0.449349
595,dataT/healthy/healthy_219.jpg,principal,0,219,0.5106218
596,dataT/healthy/healthy_22.jpg,principal,0,22,0.38707626
597,dataT/healthy/healthy_220.jpg,principal,0,220,0.55878115
598,dataT/healthy/healthy_221.jpg,principal,0,221,0.46326178
599,dataT/healthy/healthy_222.jpg,principal,0,222,0.5277385
600,dataT/healthy/healthy_223.jpg,principal,0,223,0.50279295
601,dataT/healthy/healthy_224.jpg,principal,0,224,0.5617465
602,dataT/healthy/healthy_225.jpg,principal,0,225,0.49144
603,dataT/healthy/healthy_226.jpg,principal,0,226,0.40343532
604,dataT/healthy/healthy_227.jpg,principal,0,227,0.4625854
605,dataT/healthy/healthy_2279.jpg,principal,0,2279,0.38148716
606,dataT/healthy/healthy_228.jpg,principal,0,228,0.43338168
607,dataT/healthy/healthy_2280.jpg,principal,0,2280,0.51839554
608,dataT/healthy/healthy_2281.jpg,principal,0,2281,0.32536012
609,dataT/healthy/healthy_2282.jpg,principal,0,2282,0.4085928
610,dataT/healthy/healthy_2283.jpg,principal,0,2283,0.36305442
611,dataT/healthy/healthy_2284.jpg,principal,0,2284,0.43840432
612,dataT/healthy/healthy_2285.jpg,principal,0,2285,0.41343457
613,dataT/healthy/healthy_2286.jpg,principal,0,2286,0.44722635
614,dataT/healthy/healthy_2287.jpg,principal,0,2287,0.5187023
615,dataT/healthy/healthy_2288.jpg,principal,0,2288,0.38022488
616,dataT/healthy/healthy_2289.jpg,principal,0,2289,0.47399577
617,dataT/healthy/healthy_229.jpg,principal,0,229,0.56184626
618,dataT/healthy/healthy_2290.jpg,principal,0,2290,0.39887127
619,dataT/healthy/healthy_23.jpg,principal,0,23,0.48155713
620,dataT/healthy/healthy_230.jpg,principal,0,230,0.425166
621,dataT/healthy/healthy_231.jpg,principal,0,231,0.4174838
622,dataT/healthy/healthy_232.jpg,principal,0,232,0.39398324
623,dataT/healthy/healthy_233.jpg,principal,0,233,0.5411004
624,dataT/healthy/healthy_234.jpg,principal,0,234,0.5586645
625,dataT/healthy/healthy_235.jpg,principal,0,235,0.4991153
626,dataT/healthy/healthy_236.jpg,principal,0,236,0.3926829
627,dataT/healthy/healthy_237.jpg,principal,0,237,0.55027354
628,dataT/healthy/healthy_238.jpg,principal,0,238,0.37398192
629,dataT/healthy/healthy_239.jpg,principal,0,239,0.3382448
630,dataT/healthy/healthy_24.jpg,principal,0,24,0.43327844
631,dataT/healthy/healthy_240.jpg,principal,0,240,0.41801596
632,dataT/healthy/healthy_241.jpg,principal,0,241,0.47843996
633,dataT/healthy/healthy_242.jpg,principal,0,242,0.50602794
634,dataT/healthy/healthy_243.jpg,principal,0,243,0.42212933
635,dataT/healthy/healthy_244.jpg,principal,0,244,0.41290134
636,dataT/healthy/healthy_245.jpg,principal,0,245,0.44615412
637,dataT/healthy/healthy_246.jpg,principal,0,246,0.4496891
638,dataT/healthy/healthy_247.jpg,principal,0,247,0.5394515
639,dataT/healthy/healthy_248.jpg,principal,0,248,0.5428635
640,dataT/healthy/healthy_249.jpg,principal,0,249,0.4504484
641,dataT/healthy/healthy_2495.jpg,principal,0,2495,0.5443712
642,dataT/healthy/healthy_2496.jpg,principal,0,2496,0.47388634
643,dataT/healthy/healthy_2497.jpg,principal,0,2497,0.40385142
644,dataT/healthy/healthy_2498.jpg,principal,0,2498,0.3949361
645,dataT/healthy/healthy_2499.jpg,principal,0,2499,0.3937702
646,dataT/healthy/healthy_25.jpg,principal,0,25,0.5236417
647,dataT/healthy/healthy_250.jpg,principal,0,250,0.3717129
648,dataT/healthy/healthy_2500.jpg,principal,0,2500,0.45553997
649,dataT/healthy/healthy_2501.jpg,principal,0,2501,0.4612261
650,dataT/healthy/healthy_2502.jpg,principal,0,2502,0.43390417
651,dataT/healthy/healthy_2503.jpg,principal,0,2503,0.3787263
652,dataT/healthy/healthy_2504.jpg,principal,0,2504,0.3392809
653,dataT/healthy/healthy_2505.jpg,principal,0,2505,0.38218656
654,dataT/healthy/healthy_2506.jpg,principal,0,2506,0.5132393
655,dataT/healthy/healthy_2507.jpg,principal,0,2507,0.52626777
656,dataT/healthy/healthy_2508.jpg,principal,0,2508,0.5458945
657,dataT/healthy/healthy_2509.jpg,principal,0,2509,0.44924834
658,dataT/healthy/healthy_251.jpg,principal,0,251,0.37747616
659,dataT/healthy/healthy_2510.jpg,principal,0,2510,0.4281606
660,dataT/healthy/healthy_2511.jpg,principal,0,2511,0.36992806
661,dataT/healthy/healthy_2512.jpg,principal,0,2512,0.47411805
662,dataT/healthy/healthy_2513.jpg,principal,0,2513,0.4738923
663,dataT/healthy/healthy_2514.jpg,principal,0,2514,0.41624257
664,dataT/healthy/healthy_2515.jpg,principal,0,2515,0.50112915
665,dataT/healthy/healthy_2516.jpg,principal,0,2516,0.49055216
666,dataT/healthy/healthy_2517.jpg,principal,0,2517,0.4216634
667,dataT/healthy/healthy_2518.jpg,principal,0,2518,0.42506537
668,dataT/healthy/healthy_2519.jpg,principal,0,2519,0.42417198
669,dataT/healthy/healthy_252.jpg,principal,0,252,0.4755686
670,dataT/healthy/healthy_253.jpg,principal,0,253,0.3922856
671,dataT/healthy/healthy_254.jpg,principal,0,254,0.45755184
672,dataT/healthy/healthy_255.jpg,principal,0,255,0.41302863
673,dataT/healthy/healthy_2556.jpg,principal,0,2556,0.5664865
674,dataT/healthy/healthy_2557.jpg,principal,0,2557,0.40448457
675,dataT/healthy/healthy_2558.jpg,principal,0,2558,0.49415243
676,dataT/healthy/healthy_2559.jpg,principal,0,2559,0.5726224
677,dataT/healthy/healthy_256.jpg,principal,0,256,0.4640914
678,dataT/healthy/healthy_2560.jpg,principal,0,2560,0.38684806
679,dataT/healthy/healthy_2561.jpg,principal,0,2561,0.545311
680,dataT/healthy/healthy_2562.jpg,principal,0,2562,0.5352414
681,dataT/healthy/healthy_2563.jpg,principal,0,2563,0.57327473
682,dataT/healthy/healthy_2564.jpg,principal,0,2564,0.41627395
683,dataT/healthy/healthy_2565.jpg,principal,0,2565,0.52562094
684,dataT/healthy/healthy_2566.jpg,principal,0,2566,0.4867402
685,dataT/healthy/healthy_2567.jpg,principal,0,2567,0.48026597
686,dataT/healthy/healthy_2568.jpg,principal,0,2568,0.56805646
687,dataT/healthy/healthy_2569.jpg,principal,0,2569,0.48398462
688,dataT/healthy/healthy_257.jpg,principal,0,257,0.32317325
689,dataT/healthy/healthy_2570.jpg,principal,0,2570,0.45226574
690,dataT/healthy/healthy_2571.jpg,principal,0,2571,0.4036882
691,dataT/healthy/healthy_2572.jpg,principal,0,2572,0.5335376
692,dataT/healthy/healthy_2573.jpg,principal,0,2573,0.5103625
693,dataT/healthy/healthy_2574.jpg,principal,0,2574,0.41780943
694,dataT/healthy/healthy_2575.jpg,principal,0,2575,0.44358313
695,dataT/healthy/healthy_2576.jpg,principal,0,2576,0.48821813
696,dataT/healthy/healthy_2577.jpg,principal,0,2577,0.43187916
697,dataT/healthy/healthy_2578.jpg,principal,0,2578,0.39353585
698,dataT/healthy/healthy_2579.jpg,principal,0,2579,0.428251
699,dataT/healthy/healthy_258.jpg,principal,0,258,0.34509492
700,dataT/healthy/healthy_2580.jpg,principal,0,2580,0.46172374
701,dataT/healthy/healthy_2581.jpg,principal,0,2581,0.4325254
702,dataT/healthy/healthy_2582.jpg,principal,0,2582,0.37952757
703,dataT/healthy/healthy_2583.jpg,principal,0,2583,0.40685424
704,dataT/healthy/healthy_2584.jpg,principal,0,2584,0.33676505
705,dataT/healthy/healthy_2585.jpg,principal,0,2585,0.4441456
706,dataT/healthy/healthy_2586.jpg,principal,0,2586,0.45084512
707,dataT/healthy/healthy_2587.jpg,principal,0,2587,0.34648728
708,dataT/healthy/healthy_2588.jpg,principal,0,2588,0.4693511
709,dataT/healthy/healthy_2589.jpg,principal,0,2589,0.44855702
710,dataT/healthy/healthy_259.jpg,principal,0,259,0.36917058
711,dataT/healthy/healthy_2590.jpg,principal,0,2590,0.3779859
712,dataT/healthy/healthy_2591.jpg,principal,0,2591,0.40718788
713,dataT/healthy/healthy_2592.jpg,principal,0,2592,0.4175892
714,dataT/healthy/healthy_2593.jpg,principal,0,2593,0.40798715
715,dataT/healthy/healthy_2594.jpg,principal,0,2594,0.45325947
716,dataT/healthy/healthy_2595.jpg,principal,0,2595,0.40522456
717,dataT/healthy/healthy_2596.jpg,principal,0,2596,0.3877794
718,dataT/healthy/healthy_2597.jpg,principal,0,2597,0.5406102
719,dataT/healthy/healthy_2598.jpg,principal,0,2598,0.3886651
720,dataT/healthy/healthy_2599.jpg,principal,0,2599,0.4759816
721,dataT/healthy/healthy_26.jpg,principal,0,26,0.4922421
722,dataT/healthy/healthy_260.jpg,principal,0,260,0.36647102
723,dataT/healthy/healthy_2600.jpg,principal,0,2600,0.47016823
724,dataT/healthy/healthy_2601.jpg,principal,0,2601,0.5000745
725,dataT/healthy/healthy_2602.jpg,principal,0,2602,0.3320967
726,dataT/healthy/healthy_2603.jpg,principal,0,2603,0.49015456
727,dataT/healthy/healthy_2604.jpg,principal,0,2604,0.46243888
728,dataT/healthy/healthy_2605.jpg,principal,0,2605,0.532429
729,dataT/healthy/healthy_2606.jpg,principal,0,2606,0.50575006
730,dataT/healthy/healthy_2607.jpg,principal,0,2607,0.33391583
731,dataT/healthy/healthy_2608.jpg,principal,0,2608,0.41210485
732,dataT/healthy/healthy_2609.jpg,principal,0,2609,0.355928
733,dataT/healthy/healthy_261.jpg,principal,0,261,0.41385013
734,dataT/healthy/healthy_2610.jpg,principal,0,2610,0.42317212
735,dataT/healthy/healthy_2611.jpg,principal,0,2611,0.46874774
736,dataT/healthy/healthy_2612.jpg,principal,0,2612,0.41455525
737,dataT/healthy/healthy_2613.jpg,principal,0,2613,0.466321
738,dataT/healthy/healthy_2614.jpg,principal,0,2614,0.47309792
739,dataT/healthy/healthy_2615.jpg,principal,0,2615,0.51329434
740,dataT/healthy/healthy_2616.jpg,principal,0,2616,0.44274873
741,dataT/healthy/healthy_2617.jpg,principal,0,2617,0.48785415
742,dataT/healthy/healthy_2618.jpg,principal,0,2618,0.47224772
743,dataT/healthy/healthy_2619.jpg,principal,0,2619,0.48910388
744,dataT/healthy/healthy_262.jpg,principal,0,262,0.48814252
745,dataT/healthy/healthy_2620.jpg,principal,0,2620,0.5055336
746,dataT/healthy/healthy_2621.jpg,principal,0,2621,0.5262816
747,dataT/healthy/healthy_2622.jpg,principal,0,2622,0.44564068
748,dataT/healthy/healthy_2623.jpg,principal,0,2623,0.48842725
749,dataT/healthy/healthy_2624.jpg,principal,0,2624,0.5454048
750,dataT/healthy/healthy_2625.jpg,principal,0,2625,0.48071963
751,dataT/healthy/healthy_2626.jpg,principal,0,2626,0.40447155
752,dataT/healthy/healthy_2627.jpg,principal,0,2627,0.33904228
753,dataT/healthy/healthy_2628.jpg,principal,0,2628,0.41962892
754,dataT/healthy/healthy_2629.jpg,principal,0,2629,0.49298224
755,dataT/healthy/healthy_263.jpg,principal,0,263,0.42090884
756,dataT/healthy/healthy_2630.jpg,principal,0,2630,0.41486597
757,dataT/healthy/healthy_2631.jpg,principal,0,2631,0.41459966
758,dataT/healthy/healthy_2632.jpg,principal,0,2632,0.47400615
759,dataT/healthy/healthy_2633.jpg,principal,0,2633,0.36928576
760,dataT/healthy/healthy_2634.jpg,principal,0,2634,0.36586607
761,dataT/healthy/healthy_2635.jpg,principal,0,2635,0.4649626
762,dataT/healthy/healthy_2636.jpg,principal,0,2636,0.49853423
763,dataT/healthy/healthy_2637.jpg,principal,0,2637,0.455497
764,dataT/healthy/healthy_2638.jpg,principal,0,2638,0.44373745
765,dataT/healthy/healthy_2639.jpg,principal,0,2639,0.43396378
766,dataT/healthy/healthy_264.jpg,principal,0,264,0.36509615
767,dataT/healthy/healthy_2640.jpg,principal,0,2640,0.44739342
768,dataT/healthy/healthy_2641.jpg,principal,0,2641,0.4992777
769,dataT/healthy/healthy_2642.jpg,principal,0,2642,0.53175175
770,dataT/healthy/healthy_2643.jpg,principal,0,2643,0.42848903
771,dataT/healthy/healthy_2644.jpg,principal,0,2644,0.47971547
772,dataT/healthy/healthy_2645.jpg,principal,0,2645,0.47860855
773,dataT/healthy/healthy_2646.jpg,principal,0,2646,0.4950211
774,dataT/healthy/healthy_2647.jpg,principal,0,2647,0.5309234
775,dataT/healthy/healthy_2648.jpg,principal,0,2648,0.46662894
776,dataT/healthy/healthy_2649.jpg,principal,0,2649,0.44201717
777,dataT/healthy/healthy_265.jpg,principal,0,265,0.49348265
778,dataT/healthy/healthy_2650.jpg,principal,0,2650,0.4975416
779,dataT/healthy/healthy_2651.jpg,principal,0,2651,0.42462796
780,dataT/healthy/healthy_266.jpg,principal,0,266,0.49142504
781,dataT/healthy/healthy_267.jpg,principal,0,267,0.39907178
782,dataT/healthy/healthy_268.jpg,principal,0,268,0.4336991
783,dataT/healthy/healthy_269.jpg,principal,0,269,0.3714118
784,dataT/healthy/healthy_27.jpg,principal,0,27,0.4847522
785,dataT/healthy/healthy_270.jpg,principal,0,270,0.5012763
786,dataT/healthy/healthy_271.jpg,principal,0,271,0.35762677
787,dataT/healthy/healthy_272.jpg,principal,0,272,0.41732478
788,dataT/healthy/healthy_273.jpg,principal,0,273,0.41962144
789,dataT/healthy/healthy_274.jpg,principal,0,274,0.48418087
790,dataT/healthy/healthy_2748.jpg,principal,0,2748,0.41365176
791,dataT/healthy/healthy_2749.jpg,principal,0,2749,0.39586043
792,dataT/healthy/healthy_275.jpg,principal,0,275,0.4195183
793,dataT/healthy/healthy_2750.jpg,principal,0,2750,0.38510144
794,dataT/healthy/healthy_2751.jpg,principal,0,2751,0.40908217
795,dataT/healthy/healthy_2752.jpg,principal,0,2752,0.34763005
796,dataT/healthy/healthy_2753.jpg,principal,0,2753,0.42250848
797,dataT/healthy/healthy_2754.jpg,principal,0,2754,0.3890756
798,dataT/healthy/healthy_2755.jpg,principal,0,2755,0.52659696
799,dataT/healthy/healthy_2756.jpg,principal,0,2756,0.4056095
800,dataT/healthy/healthy_2757.jpg,principal,0,2757,0.43438244
801,dataT/healthy/healthy_2758.jpg,principal,0,2758,0.35351193
802,dataT/healthy/healthy_2759.jpg,principal,0,2759,0.4081365
803,dataT/healthy/healthy_276.jpg,principal,0,276,0.37168992
804,dataT/healthy/healthy_2760.jpg,principal,0,2760,0.50731933
805,dataT/healthy/healthy_2761.jpg,principal,0,2761,0.4756813
806,dataT/healthy/healthy_2762.jpg,principal,0,2762,0.42804623
807,dataT/healthy/healthy_2763.jpg,principal,0,2763,0.42202705
808,dataT/healthy/healthy_2764.jpg,principal,0,2764,0.42570627
809,dataT/healthy/healthy_2765.jpg,principal,0,2765,0.55450773
810,dataT/healthy/healthy_2766.jpg,principal,0,2766,0.5146494
811,dataT/healthy/healthy_2767.jpg,principal,0,2767,0.41697043
812,dataT/healthy/healthy_2768.jpg,principal,0,2768,0.45805407
813,dataT/healthy/healthy_2769.jpg,principal,0,2769,0.43172017
814,dataT/healthy/healthy_277.jpg,principal,0,277,0.32712063
815,dataT/healthy/healthy_2770.jpg,principal,0,2770,0.44664153
816,dataT/healthy/healthy_2771.jpg,principal,0,2771,0.50125605
817,dataT/healthy/healthy_2772.jpg,principal,0,2772,0.5004405
818,dataT/healthy/healthy_2773.jpg,principal,0,2773,0.45512304
819,dataT/healthy/healthy_2774.jpg,principal,0,2774,0.5229717
820,dataT/healthy/healthy_2775.jpg,principal,0,2775,0.4568593
821,dataT/healthy/healthy_2776.jpg,principal,0,2776,0.4643489
822,dataT/healthy/healthy_2777.jpg,principal,0,2777,0.46149886
823,dataT/healthy/healthy_2778.jpg,principal,0,2778,0.53221476
824,dataT/healthy/healthy_2779.jpg,principal,0,2779,0.559453
825,dataT/healthy/healthy_278.jpg,principal,0,278,0.41581464
826,dataT/healthy/healthy_2780.jpg,principal,0,2780,0.3782604
827,dataT/healthy/healthy_2781.jpg,principal,0,2781,0.53960156
828,dataT/healthy/healthy_2782.jpg,principal,0,2782,0.40826768
829,dataT/healthy/healthy_2783.jpg,principal,0,2783,0.49987814
830,dataT/healthy/healthy_2784.jpg,principal,0,2784,0.4912753
831,dataT/healthy/healthy_2785.jpg,principal,0,2785,0.44473135
832,dataT/healthy/healthy_2786.jpg,principal,0,2786,0.48477602
833,dataT/healthy/healthy_2787.jpg,principal,0,2787,0.342896
834,dataT/healthy/healthy_2788.jpg,principal,0,2788,0.46963972
835,dataT/healthy/healthy_2789.jpg,principal,0,2789,0.3499632
836,dataT/healthy/healthy_279.jpg,principal,0,279,0.4450962
837,dataT/healthy/healthy_2790.jpg,principal,0,2790,0.35514784
838,dataT/healthy/healthy_2791.jpg,principal,0,2791,0.42175442
839,dataT/healthy/healthy_2792.jpg,principal,0,2792,0.4944121
840,dataT/healthy/healthy_2793.jpg,principal,0,2793,0.5074223
841,dataT/healthy/healthy_2794.jpg,principal,0,2794,0.39078647
842,dataT/healthy/healthy_2795.jpg,principal,0,2795,0.4241891
843,dataT/healthy/healthy_2796.jpg,principal,0,2796,0.525455
844,dataT/healthy/healthy_2797.jpg,principal,0,2797,0.46471483
845,dataT/healthy/healthy_2798.jpg,principal,0,2798,0.5320981
846,dataT/healthy/healthy_2799.jpg,principal,0,2799,0.39664584
847,dataT/healthy/healthy_28.jpg,principal,0,28,0.41434968
848,dataT/healthy/healthy_280.jpg,principal,0,280,0.36301512
849,dataT/healthy/healthy_2800.jpg,principal,0,2800,0.41754508
850,dataT/healthy/healthy_2801.jpg,principal,0,2801,0.30575618
851,dataT/healthy/healthy_2802.jpg,principal,0,2802,0.4560411
852,dataT/healthy/healthy_2803.jpg,principal,0,2803,0.4918067
853,dataT/healthy/healthy_2804.jpg,principal,0,2804,0.42963916
854,dataT/healthy/healthy_2805.jpg,principal,0,2805,0.43078095
855,dataT/healthy/healthy_2806.jpg,principal,0,2806,0.4605866
856,dataT/healthy/healthy_2807.jpg,principal,0,2807,0.45728943
857,dataT/healthy/healthy_2808.jpg,principal,0,2808,0.3599556
858,dataT/healthy/healthy_2809.jpg,principal,0,2809,0.4120045
859,dataT/healthy/healthy_281.jpg,principal,0,281,0.55529666
860,dataT/healthy/healthy_2810.jpg,principal,0,2810,0.46726385
861,dataT/healthy/healthy_2811.jpg,principal,0,2811,0.49631244
862,dataT/healthy/healthy_2812.jpg,principal,0,2812,0.43182635
863,dataT/healthy/healthy_2813.jpg,principal,0,2813,0.3971349
864,dataT/healthy/healthy_2814.jpg,principal,0,2814,0.51738286
865,dataT/healthy/healthy_2815.jpg,principal,0,2815,0.53347945
866,dataT/healthy/healthy_2816.jpg,principal,0,2816,0.49047586
867,dataT/healthy/healthy_2817.jpg,principal,0,2817,0.48615053
868,dataT/healthy/healthy_2818.jpg,principal,0,2818,0.48678672
869,dataT/healthy/healthy_282.jpg,principal,0,282,0.42880753
870,dataT/healthy/healthy_283.jpg,principal,0,283,0.40694344
871,dataT/healthy/healthy_284.jpg,principal,0,284,0.38778412
872,dataT/healthy/healthy_285.jpg,principal,0,285,0.39949828
873,dataT/healthy/healthy_286.jpg,principal,0,286,0.48447484
874,dataT/healthy/healthy_287.jpg,principal,0,287,0.3978247
875,dataT/healthy/healthy_288.jpg,principal,0,288,0.4414812
876,dataT/healthy/healthy_289.jpg,principal,0,289,0.38982856
877,dataT/healthy/healthy_29.jpg,principal,0,29,0.39098102
878,dataT/healthy/healthy_290.jpg,principal,0,290,0.4679181
879,dataT/healthy/healthy_291.jpg,principal,0,291,0.41672492
880,dataT/healthy/healthy_3.jpg,principal,0,3,0.5373975
881,dataT/healthy/healthy_30.jpg,principal,0,30,0.43409473
882,dataT/healthy/healthy_3083.jpg,principal,0,3083,0.5733682
883,dataT/healthy/healthy_3084.jpg,principal,0,3084,0.45126152
884,dataT/healthy/healthy_3085.jpg,principal,0,3085,0.31263548
885,dataT/healthy/healthy_3086.jpg,principal,0,3086,0.5109206
886,dataT/healthy/healthy_3087.jpg,principal,0,3087,0.47610223
887,dataT/healthy/healthy_3088.jpg,principal,0,3088,0.42371434
888,dataT/healthy/healthy_3089.jpg,principal,0,3089,0.52577853
889,dataT/healthy/healthy_3090.jpg,principal,0,3090,0.50647736
890,dataT/healthy/healthy_3091.jpg,principal,0,3091,0.5318351
891,dataT/healthy/healthy_3092.jpg,principal,0,3092,0.42844504
892,dataT/healthy/healthy_3093.jpg,principal,0,3093,0.5784984
893,dataT/healthy/healthy_3094.jpg,principal,0,3094,0.52127516
894,dataT/healthy/healthy_3095.jpg,principal,0,3095,0.43422472
895,dataT/healthy/healthy_3096.jpg,principal,0,3096,0.40946636
896,dataT/healthy/healthy_3097.jpg,principal,0,3097,0.55161136
897,dataT/healthy/healthy_3098.jpg,principal,0,3098,0.3874222
898,dataT/healthy/healthy_3099.jpg,principal,0,3099,0.4900028
899,dataT/healthy/healthy_31.jpg,principal,0,31,0.39052638
900,dataT/healthy/healthy_3100.jpg,principal,0,3100,0.451808
901,dataT/healthy/healthy_3101.jpg,principal,0,3101,0.53747344
902,dataT/healthy/healthy_3102.jpg,principal,0,3102,0.5162697
903,dataT/healthy/healthy_3103.jpg,principal,0,3103,0.4101048
904,dataT/healthy/healthy_3104.jpg,principal,0,3104,0.46159977
905,dataT/healthy/healthy_3105.jpg,principal,0,3105,0.4652843
906,dataT/healthy/healthy_3106.jpg,principal,0,3106,0.4262247
907,dataT/healthy/healthy_3107.jpg,principal,0,3107,0.52872527
908,dataT/healthy/healthy_3108.jpg,principal,0,3108,0.51370656
909,dataT/healthy/healthy_3109.jpg,principal,0,3109,0.4325868
910,dataT/healthy/healthy_3110.jpg,principal,0,3110,0.4279608
911,dataT/healthy/healthy_3111.jpg,principal,0,3111,0.35595983
912,dataT/healthy/healthy_3112.jpg,principal,0,3112,0.41950873
913,dataT/healthy/healthy_3113.jpg,principal,0,3113,0.5010342
914,dataT/healthy/healthy_3114.jpg,principal,0,3114,0.4250046
915,dataT/healthy/healthy_3115.jpg,principal,0,3115,0.5464984
916,dataT/healthy/healthy_3116.jpg,principal,0,3116,0.5337841
917,dataT/healthy/healthy_3117.jpg,principal,0,3117,0.45672888
918,dataT/healthy/healthy_3118.jpg,principal,0,3118,0.45774692
919,dataT/healthy/healthy_3119.jpg,principal,0,3119,0.5324002
920,dataT/healthy/healthy_3120.jpg,principal,0,3120,0.49992454
921,dataT/healthy/healthy_3121.jpg,principal,0,3121,0.5824319
922,dataT/healthy/healthy_3122.jpg,principal,0,3122,0.5590525
923,dataT/healthy/healthy_3123.jpg,principal,0,3123,0.51136625
924,dataT/healthy/healthy_3124.jpg,principal,0,3124,0.4923238
925,dataT/healthy/healthy_3125.jpg,principal,0,3125,0.4853168
926,dataT/healthy/healthy_3126.jpg,principal,0,3126,0.48279038
927,dataT/healthy/healthy_3127.jpg,principal,0,3127,0.47310233
928,dataT/healthy/healthy_3128.jpg,principal,0,3128,0.42496675
929,dataT/healthy/healthy_3129.jpg,principal,0,3129,0.45194316
930,dataT/healthy/healthy_3130.jpg,principal,0,3130,0.5051408
931,dataT/healthy/healthy_3131.jpg,principal,0,3131,0.5107687
932,dataT/healthy/healthy_3132.jpg,principal,0,3132,0.5136754
933,dataT/healthy/healthy_3133.jpg,principal,0,3133,0.5357947
934,dataT/healthy/healthy_3134.jpg,principal,0,3134,0.44480798
935,dataT/healthy/healthy_3135.jpg,principal,0,3135,0.46952575
936,dataT/healthy/healthy_3136.jpg,principal,0,3136,0.5108336
937,dataT/healthy/healthy_3137.jpg,principal,0,3137,0.52058595
938,dataT/healthy/healthy_3138.jpg,principal,0,3138,0.4081418
939,dataT/healthy/healthy_3139.jpg,principal,0,3139,0.49364746
940,dataT/healthy/healthy_3140.jpg,principal,0,3140,0.42074448
941,dataT/healthy/healthy_3141.jpg,principal,0,3141,0.5235493
942,dataT/healthy/healthy_3142.jpg,principal,0,3142,0.5167424
943,dataT/healthy/healthy_3143.jpg,principal,0,3143,0.4945113
944,dataT/healthy/healthy_3144.jpg,principal,0,3144,0.3937261
945,dataT/healthy/healthy_3145.jpg,principal,0,3145,0.4667374
946,dataT/healthy/healthy_3146.jpg,principal,0,3146,0.5193429
947,dataT/healthy/healthy_3147.jpg,principal,0,3147,0.35230362
948,dataT/healthy/healthy_3148.jpg,principal,0,3148,0.4985168
949,dataT/healthy/healthy_3149.jpg,principal,0,3149,0.543088
950,dataT/healthy/healthy_3150.jpg,principal,0,3150,0.34071264
951,dataT/healthy/healthy_3151.jpg,principal,0,3151,0.43019998
952,dataT/healthy/healthy_3152.jpg,principal,0,3152,0.5227593
953,dataT/healthy/healthy_3153.jpg,principal,0,3153,0.50537574
954,dataT/healthy/healthy_3154.jpg,principal,0,3154,0.5342432
955,dataT/healthy/healthy_3155.jpg,principal,0,3155,0.51005983
956,dataT/healthy/healthy_3156.jpg,principal,0,3156,0.5691593
957,dataT/healthy/healthy_3157.jpg,principal,0,3157,0.6406194
958,dataT/healthy/healthy_3158.jpg,principal,0,3158,0.5516029
959,dataT/healthy/healthy_3159.jpg,principal,0,3159,0.5131716
960,dataT/healthy/healthy_3160.jpg,principal,0,3160,0.509828
961,dataT/healthy/healthy_3161.jpg,principal,0,3161,0.6259318
962,dataT/healthy/healthy_3162.jpg,principal,0,3162,0.5286671
963,dataT/healthy/healthy_3163.jpg,principal,0,3163,0.56755173
964,dataT/healthy/healthy_3164.jpg,principal,0,3164,0.51498604
965,dataT/healthy/healthy_3165.jpg,principal,0,3165,0.5526875
966,dataT/healthy/healthy_3166.jpg,principal,0,3166,0.5053195
967,dataT/healthy/healthy_32.jpg,principal,0,32,0.42063713
968,dataT/healthy/healthy_33.jpg,principal,0,33,0.46183556
969,dataT/healthy/healthy_3311.jpg,principal,0,3311,0.55204993
970,dataT/healthy/healthy_3312.jpg,principal,0,3312,0.42302382
971,dataT/healthy/healthy_3313.jpg,principal,0,3313,0.496796
972,dataT/healthy/healthy_3314.jpg,principal,0,3314,0.44498968
973,dataT/healthy/healthy_3315.jpg,principal,0,3315,0.4664578
974,dataT/healthy/healthy_3316.jpg,principal,0,3316,0.44836402
975,dataT/healthy/healthy_3317.jpg,principal,0,3317,0.54198223
976,dataT/healthy/healthy_3318.jpg,principal,0,3318,0.4146583
977,dataT/healthy/healthy_3319.jpg,principal,0,3319,0.46407616
978,dataT/healthy/healthy_3320.jpg,principal,0,3320,0.48896444
979,dataT/healthy/healthy_3321.jpg,principal,0,3321,0.5650748
980,dataT/healthy/healthy_3322.jpg,principal,0,3322,0.42077258
981,dataT/healthy/healthy_3323.jpg,principal,0,3323,0.45755213
982,dataT/healthy/healthy_3324.jpg,principal,0,3324,0.56295764
983,dataT/healthy/healthy_3325.jpg,principal,0,3325,0.47271144
984,dataT/healthy/healthy_3326.jpg,principal,0,3326,0.4275886
985,dataT/healthy/healthy_3327.jpg,principal,0,3327,0.49797994
986,dataT/healthy/healthy_3328.jpg,principal,0,3328,0.46845886
987,dataT/healthy/healthy_3329.jpg,principal,0,3329,0.43558788
988,dataT/healthy/healthy_3330.jpg,principal,0,3330,0.35528767
989,dataT/healthy/healthy_3331.jpg,principal,0,3331,0.44892418
990,dataT/healthy/healthy_3332.jpg,principal,0,3332,0.40459856
991,dataT/healthy/healthy_3333.jpg,principal,0,3333,0.50723994
992,dataT/healthy/healthy_3334.jpg,principal,0,3334,0.491969
993,dataT/healthy/healthy_3335.jpg,principal,0,3335,0.46674982
994,dataT/healthy/healthy_3336.jpg,principal,0,3336,0.34793365
995,dataT/healthy/healthy_3337.jpg,principal,0,3337,0.48104846
996,dataT/healthy/healthy_3338.jpg,principal,0,3338,0.40618294
997,dataT/healthy/healthy_3339.jpg,principal,0,3339,0.4169699
998,dataT/healthy/healthy_3340.jpg,principal,0,3340,0.47646576
999,dataT/healthy/healthy_3341.jpg,principal,0,3341,0.4455608
1000,dataT/healthy/healthy_3342.jpg,principal,0,3342,0.4042784
1001,dataT/healthy/healthy_3343.jpg,principal,0,3343,0.41977662
1002,dataT/healthy/healthy_3344.jpg,principal,0,3344,0.5062319
1003,dataT/healthy/healthy_34.jpg,principal,0,34,0.3527515
1004,dataT/healthy/healthy_35.jpg,principal,0,35,0.43492252
1005,dataT/healthy/healthy_36.jpg,principal,0,36,0.52115154
1006,dataT/healthy/healthy_37.jpg,principal,0,37,0.3699376
1007,dataT/healthy/healthy_38.jpg,principal,0,38,0.41809803
1008,dataT/healthy/healthy_39.jpg,principal,0,39,0.5222901
1009,dataT/healthy/healthy_4.jpg,principal,0,4,0.48218137
1010,dataT/healthy/healthy_40.jpg,principal,0,40,0.44401908
1011,dataT/healthy/healthy_41.jpg,principal,0,41,0.4561219
1012,dataT/healthy/healthy_411.jpg,principal,0,411,0.4934953
1013,dataT/healthy/healthy_412.jpg,principal,0,412,0.41582328
1014,dataT/healthy/healthy_413.jpg,principal,0,413,0.4856213
1015,dataT/healthy/healthy_414.jpg,principal,0,414,0.5132343
1016,dataT/healthy/healthy_415.jpg,principal,0,415,0.4825684
1017,dataT/healthy/healthy_416.jpg,principal,0,416,0.387213
1018,dataT/healthy/healthy_417.jpg,principal,0,417,0.49778217
1019,dataT/healthy/healthy_418.jpg,principal,0,418,0.48373428
1020,dataT/healthy/healthy_419.jpg,principal,0,419,0.45787287
1021,dataT/healthy/healthy_42.jpg,principal,0,42,0.5011602
1022,dataT/healthy/healthy_420.jpg,principal,0,420,0.41364998
1023,dataT/healthy/healthy_421.jpg,principal,0,421,0.29815823
1024,dataT/healthy/healthy_422.jpg,principal,0,422,0.4733312
1025,dataT/healthy/healthy_423.jpg,principal,0,423,0.4207002
1026,dataT/healthy/healthy_424.jpg,principal,0,424,0.3107648
1027,dataT/healthy/healthy_425.jpg,principal,0,425,0.47708565
1028,dataT/healthy/healthy_426.jpg,principal,0,426,0.55085653
1029,dataT/healthy/healthy_427.jpg,principal,0,427,0.41817257
1030,dataT/healthy/healthy_428.jpg,principal,0,428,0.35269666
1031,dataT/healthy/healthy_429.jpg,principal,0,429,0.39964396
1032,dataT/healthy/healthy_43.jpg,principal,0,43,0.41094428
1033,dataT/healthy/healthy_430.jpg,principal,0,430,0.36846593
1034,dataT/healthy/healthy_431.jpg,principal,0,431,0.441458
1035,dataT/healthy/healthy_432.jpg,principal,0,432,0.3594414
1036,dataT/healthy/healthy_433.jpg,principal,0,433,0.4214331
1037,dataT/healthy/healthy_434.jpg,principal,0,434,0.38829824
1038,dataT/healthy/healthy_435.jpg,principal,0,435,0.40126437
1039,dataT/healthy/healthy_436.jpg,principal,0,436,0.47139102
1040,dataT/healthy/healthy_437.jpg,principal,0,437,0.36533538
1041,dataT/healthy/healthy_438.jpg,principal,0,438,0.50244194
1042,dataT/healthy/healthy_439.jpg,principal,0,439,0.4722092
1043,dataT/healthy/healthy_44.jpg,principal,0,44,0.407039
1044,dataT/healthy/healthy_440.jpg,principal,0,440,0.45093524
1045,dataT/healthy/healthy_441.jpg,principal,0,441,0.4714294
1046,dataT/healthy/healthy_442.jpg,principal,0,442,0.45432565
1047,dataT/healthy/healthy_443.jpg,principal,0,443,0.47420794
1048,dataT/healthy/healthy_444.jpg,principal,0,444,0.41142613
1049,dataT/healthy/healthy_445.jpg,principal,0,445,0.4222071
1050,dataT/healthy/healthy_446.jpg,principal,0,446,0.44144082
1051,dataT/healthy/healthy_447.jpg,principal,0,447,0.43806934
1052,dataT/healthy/healthy_448.jpg,principal,0,448,0.46924597
1053,dataT/healthy/healthy_449.jpg,principal,0,449,0.4497007
1054,dataT/healthy/healthy_45.jpg,principal,0,45,0.48415482
1055,dataT/healthy/healthy_450.jpg,principal,0,450,0.3769493
1056,dataT/healthy/healthy_451.jpg,principal,0,451,0.4147475
1057,dataT/healthy/healthy_452.jpg,principal,0,452,0.37095362
1058,dataT/healthy/healthy_453.jpg,principal,0,453,0.5280493
1059,dataT/healthy/healthy_454.jpg,principal,0,454,0.56902385
1060,dataT/healthy/healthy_455.jpg,principal,0,455,0.4960095
1061,dataT/healthy/healthy_456.jpg,principal,0,456,0.5497644
1062,dataT/healthy/healthy_457.jpg,principal,0,457,0.41776308
1063,dataT/healthy/healthy_458.jpg,principal,0,458,0.4933237
1064,dataT/healthy/healthy_459.jpg,principal,0,459,0.36971167
1065,dataT/healthy/healthy_46.jpg,principal,0,46,0.47545636
1066,dataT/healthy/healthy_460.jpg,principal,0,460,0.40329742
1067,dataT/healthy/healthy_461.jpg,principal,0,461,0.38404727
1068,dataT/healthy/healthy_462.jpg,principal,0,462,0.47456586
1069,dataT/healthy/healthy_463.jpg,principal,0,463,0.42995188
1070,dataT/healthy/healthy_464.jpg,principal,0,464,0.48950028
1071,dataT/healthy/healthy_465.jpg,principal,0,465,0.52641255
1072,dataT/healthy/healthy_466.jpg,principal,0,466,0.582857
1073,dataT/healthy/healthy_467.jpg,principal,0,467,0.39562052
1074,dataT/healthy/healthy_468.jpg,principal,0,468,0.53715
1075,dataT/healthy/healthy_469.jpg,principal,0,469,0.35970795
1076,dataT/healthy/healthy_47.jpg,principal,0,47,0.5207604
1077,dataT/healthy/healthy_470.jpg,principal,0,470,0.37568203
1078,dataT/healthy/healthy_48.jpg,principal,0,48,0.5163662
1079,dataT/healthy/healthy_49.jpg,principal,0,49,0.54379386
1080,dataT/healthy/healthy_5.jpg,principal,0,5,0.42209113
1081,dataT/healthy/healthy_50.jpg,principal,0,50,0.37494424
1082,dataT/healthy/healthy_51.jpg,principal,0,51,0.37058926
1083,dataT/healthy/healthy_52.jpg,principal,0,52,0.51883173
1084,dataT/healthy/healthy_53.jpg,principal,0,53,0.46381822
1085,dataT/healthy/healthy_54.jpg,principal,0,54,0.45473403
1086,dataT/healthy/healthy_55.jpg,principal,0,55,0.52407944
1087,dataT/healthy/healthy_56.jpg,principal,0,56,0.4123584
1088,dataT/healthy/healthy_565.jpg,principal,0,565,0.34249192
1089,dataT/healthy/healthy_566.jpg,principal,0,566,0.41962695
1090,dataT/healthy/healthy_567.jpg,principal,0,567,0.5724836
1091,dataT/healthy/healthy_568.jpg,principal,0,568,0.40876523
1092,dataT/healthy/healthy_569.jpg,principal,0,569,0.4938013
1093,dataT/healthy/healthy_57.jpg,principal,0,57,0.4911801
1094,dataT/healthy/healthy_570.jpg,principal,0,570,0.4609797
1095,dataT/healthy/healthy_571.jpg,principal,0,571,0.48116216
1096,dataT/healthy/healthy_572.jpg,principal,0,572,0.40636146
1097,dataT/healthy/healthy_573.jpg,principal,0,573,0.4675852
1098,dataT/healthy/healthy_574.jpg,principal,0,574,0.43111283
1099,dataT/healthy/healthy_575.jpg,principal,0,575,0.3870835
1100,dataT/healthy/healthy_576.jpg,principal,0,576,0.39063162
1101,dataT/healthy/healthy_577.jpg,principal,0,577,0.38103843
1102,dataT/healthy/healthy_578.jpg,principal,0,578,0.40666628
1103,dataT/healthy/healthy_579.jpg,principal,0,579,0.4277164
1104,dataT/healthy/healthy_58.jpg,principal,0,58,0.5298058
1105,dataT/healthy/healthy_580.jpg,principal,0,580,0.5006173
1106,dataT/healthy/healthy_581.jpg,principal,0,581,0.46105587
1107,dataT/healthy/healthy_582.jpg,principal,0,582,0.43944508
1108,dataT/healthy/healthy_583.jpg,principal,0,583,0.32509905
1109,dataT/healthy/healthy_584.jpg,principal,0,584,0.4746088
1110,dataT/healthy/healthy_585.jpg,principal,0,585,0.45683116
1111,dataT/healthy/healthy_586.jpg,principal,0,586,0.44591707
1112,dataT/healthy/healthy_587.jpg,principal,0,587,0.45431966
1113,dataT/healthy/healthy_588.jpg,principal,0,588,0.39194125
1114,dataT/healthy/healthy_589.jpg,principal,0,589,0.44173378
1115,dataT/healthy/healthy_59.jpg,principal,0,59,0.36438859
1116,dataT/healthy/healthy_590.jpg,principal,0,590,0.43593004
1117,dataT/healthy/healthy_591.jpg,principal,0,591,0.4406616
1118,dataT/healthy/healthy_592.jpg,principal,0,592,0.38932616
1119,dataT/healthy/healthy_593.jpg,principal,0,593,0.46082163
1120,dataT/healthy/healthy_594.jpg,principal,0,594,0.40315583
1121,dataT/healthy/healthy_595.jpg,principal,0,595,0.38307923
1122,dataT/healthy/healthy_596.jpg,principal,0,596,0.4439518
1123,dataT/healthy/healthy_597.jpg,principal,0,597,0.42618603
1124,dataT/healthy/healthy_598.jpg,principal,0,598,0.34997168
1125,dataT/healthy/healthy_599.jpg,principal,0,599,0.39598292
1126,dataT/healthy/healthy_6.jpg,principal,0,6,0.42148647
1127,dataT/healthy/healthy_60.jpg,principal,0,60,0.472604
1128,dataT/healthy/healthy_600.jpg,principal,0,600,0.42166692
1129,dataT/healthy/healthy_601.jpg,principal,0,601,0.43788272
1130,dataT/healthy/healthy_602.jpg,principal,0,602,0.3856734
1131,dataT/healthy/healthy_603.jpg,principal,0,603,0.5283991
1132,dataT/healthy/healthy_604.jpg,principal,0,604,0.47123897
1133,dataT/healthy/healthy_605.jpg,principal,0,605,0.33811185
1134,dataT/healthy/healthy_606.jpg,principal,0,606,0.4618046
1135,dataT/healthy/healthy_607.jpg,principal,0,607,0.43262497
1136,dataT/healthy/healthy_608.jpg,principal,0,608,0.4610155
1137,dataT/healthy/healthy_609.jpg,principal,0,609,0.33535773
1138,dataT/healthy/healthy_61.jpg,principal,0,61,0.43935895
1139,dataT/healthy/healthy_610.jpg,principal,0,610,0.44550812
1140,dataT/healthy/healthy_611.jpg,principal,0,611,0.35430562
1141,dataT/healthy/healthy_612.jpg,principal,0,612,0.47786593
1142,dataT/healthy/healthy_613.jpg,principal,0,613,0.39259496
1143,dataT/healthy/healthy_614.jpg,principal,0,614,0.38176817
1144,dataT/healthy/healthy_615.jpg,principal,0,615,0.47171944
1145,dataT/healthy/healthy_616.jpg,principal,0,616,0.4596238
1146,dataT/healthy/healthy_617.jpg,principal,0,617,0.40696383
1147,dataT/healthy/healthy_618.jpg,principal,0,618,0.44113687
1148,dataT/healthy/healthy_619.jpg,principal,0,619,0.36165103
1149,dataT/healthy/healthy_62.jpg,principal,0,62,0.47800678
1150,dataT/healthy/healthy_620.jpg,principal,0,620,0.3847824
1151,dataT/healthy/healthy_621.jpg,principal,0,621,0.44062144
1152,dataT/healthy/healthy_622.jpg,principal,0,622,0.41107994
1153,dataT/healthy/healthy_623.jpg,principal,0,623,0.50464344
1154,dataT/healthy/healthy_624.jpg,principal,0,624,0.38872623
1155,dataT/healthy/healthy_625.jpg,principal,0,625,0.42492735
1156,dataT/healthy/healthy_626.jpg,principal,0,626,0.37387085
1157,dataT/healthy/healthy_627.jpg,principal,0,627,0.43819317
1158,dataT/healthy/healthy_628.jpg,principal,0,628,0.32945302
1159,dataT/healthy/healthy_629.jpg,principal,0,629,0.3576771
1160,dataT/healthy/healthy_63.jpg,principal,0,63,0.4180292
1161,dataT/healthy/healthy_630.jpg,principal,0,630,0.43573427
1162,dataT/healthy/healthy_631.jpg,principal,0,631,0.42455196
1163,dataT/healthy/healthy_632.jpg,principal,0,632,0.45402318
1164,dataT/healthy/healthy_633.jpg,principal,0,633,0.40125817
1165,dataT/healthy/healthy_634.jpg,principal,0,634,0.5691055
1166,dataT/healthy/healthy_635.jpg,principal,0,635,0.5272361
1167,dataT/healthy/healthy_636.jpg,principal,0,636,0.44350326
1168,dataT/healthy/healthy_637.jpg,principal,0,637,0.4241464
1169,dataT/healthy/healthy_638.jpg,principal,0,638,0.4995931
1170,dataT/healthy/healthy_639.jpg,principal,0,639,0.49209446
1171,dataT/healthy/healthy_64.jpg,principal,0,64,0.4279644
1172,dataT/healthy/healthy_640.jpg,principal,0,640,0.48346925
1173,dataT/healthy/healthy_641.jpg,principal,0,641,0.57486653
1174,dataT/healthy/healthy_642.jpg,principal,0,642,0.46241593
1175,dataT/healthy/healthy_643.jpg,principal,0,643,0.5068981
1176,dataT/healthy/healthy_644.jpg,principal,0,644,0.51250046
1177,dataT/healthy/healthy_645.jpg,principal,0,645,0.39227992
1178,dataT/healthy/healthy_646.jpg,principal,0,646,0.51594204
1179,dataT/healthy/healthy_647.jpg,principal,0,647,0.49527425
1180,dataT/healthy/healthy_648.jpg,principal,0,648,0.31984472
1181,dataT/healthy/healthy_649.jpg,principal,0,649,0.41381913
1182,dataT/healthy/healthy_65.jpg,principal,0,65,0.40604448
1183,dataT/healthy/healthy_650.jpg,principal,0,650,0.4642437
1184,dataT/healthy/healthy_651.jpg,principal,0,651,0.41453207
1185,dataT/healthy/healthy_652.jpg,principal,0,652,0.4924664
1186,dataT/healthy/healthy_653.jpg,principal,0,653,0.43853468
1187,dataT/healthy/healthy_654.jpg,principal,0,654,0.4568804
1188,dataT/healthy/healthy_655.jpg,principal,0,655,0.44584653
1189,dataT/healthy/healthy_656.jpg,principal,0,656,0.45671666
1190,dataT/healthy/healthy_657.jpg,principal,0,657,0.48740265
1191,dataT/healthy/healthy_658.jpg,principal,0,658,0.50694174
1192,dataT/healthy/healthy_659.jpg,principal,0,659,0.5267358
1193,dataT/healthy/healthy_66.jpg,principal,0,66,0.43802422
1194,dataT/healthy/healthy_660.jpg,principal,0,660,0.46879593
1195,dataT/healthy/healthy_661.jpg,principal,0,661,0.4348544
1196,dataT/healthy/healthy_662.jpg,principal,0,662,0.45253232
1197,dataT/healthy/healthy_663.jpg,principal,0,663,0.42638123
1198,dataT/healthy/healthy_664.jpg,principal,0,664,0.41350812
1199,dataT/healthy/healthy_665.jpg,principal,0,665,0.39962602
1200,dataT/healthy/healthy_666.jpg,principal,0,666,0.40290207
1201,dataT/healthy/healthy_667.jpg,principal,0,667,0.37252146
1202,dataT/healthy/healthy_668.jpg,principal,0,668,0.37945807
1203,dataT/healthy/healthy_669.jpg,principal,0,669,0.38862425
1204,dataT/healthy/healthy_67.jpg,principal,0,67,0.46999627
1205,dataT/healthy/healthy_670.jpg,principal,0,670,0.48252714
1206,dataT/healthy/healthy_671.jpg,principal,0,671,0.45021275
1207,dataT/healthy/healthy_672.jpg,principal,0,672,0.5004817
1208,dataT/healthy/healthy_673.jpg,principal,0,673,0.54345214
1209,dataT/healthy/healthy_674.jpg,principal,0,674,0.54962856
1210,dataT/healthy/healthy_675.jpg,principal,0,675,0.37264356
1211,dataT/healthy/healthy_676.jpg,principal,0,676,0.34908733
1212,dataT/healthy/healthy_677.jpg,principal,0,677,0.4440413
1213,dataT/healthy/healthy_678.jpg,principal,0,678,0.38374645
1214,dataT/healthy/healthy_679.jpg,principal,0,679,0.44788158
1215,dataT/healthy/healthy_68.jpg,principal,0,68,0.4131707
1216,dataT/healthy/healthy_680.jpg,principal,0,680,0.43431464
1217,dataT/healthy/healthy_681.jpg,principal,0,681,0.4806895
1218,dataT/healthy/healthy_682.jpg,principal,0,682,0.47427022
1219,dataT/healthy/healthy_683.jpg,principal,0,683,0.42184234
1220,dataT/healthy/healthy_684.jpg,principal,0,684,0.41692677
1221,dataT/healthy/healthy_685.jpg,principal,0,685,0.39119416
1222,dataT/healthy/healthy_686.jpg,principal,0,686,0.30857307
1223,dataT/healthy/healthy_687.jpg,principal,0,687,0.41246706
1224,dataT/healthy/healthy_688.jpg,principal,0,688,0.37413955
1225,dataT/healthy/healthy_689.jpg,principal,0,689,0.4508847
1226,dataT/healthy/healthy_69.jpg,principal,0,69,0.45116273
1227,dataT/healthy/healthy_690.jpg,principal,0,690,0.45636284
1228,dataT/healthy/healthy_691.jpg,principal,0,691,0.4649008
1229,dataT/healthy/healthy_692.jpg,principal,0,692,0.4582938
1230,dataT/healthy/healthy_693.jpg,principal,0,693,0.5011679
1231,dataT/healthy/healthy_694.jpg,principal,0,694,0.43466908
1232,dataT/healthy/healthy_695.jpg,principal,0,695,0.4185412
1233,dataT/healthy/healthy_696.jpg,principal,0,696,0.37953103
1234,dataT/healthy/healthy_697.jpg,principal,0,697,0.5168646
1235,dataT/healthy/healthy_7.jpg,principal,0,7,0.4878878
1236,dataT/healthy/healthy_70.jpg,principal,0,70,0.44050944
1237,dataT/healthy/healthy_71.jpg,principal,0,71,0.48289666
1238,dataT/healthy/healthy_72.jpg,principal,0,72,0.511439
1239,dataT/healthy/healthy_73.jpg,principal,0,73,0.40665656
1240,dataT/healthy/healthy_74.jpg,principal,0,74,0.45754322
1241,dataT/healthy/healthy_75.jpg,principal,0,75,0.4427417
1242,dataT/healthy/healthy_76.jpg,principal,0,76,0.4130143
1243,dataT/healthy/healthy_77.jpg,principal,0,77,0.40739784
1244,dataT/healthy/healthy_78.jpg,principal,0,78,0.39818013
1245,dataT/healthy/healthy_79.jpg,principal,0,79,0.44314292
1246,dataT/healthy/healthy_8.jpg,principal,0,8,0.44624367
1247,dataT/healthy/healthy_80.jpg,principal,0,80,0.46727526
1248,dataT/healthy/healthy_81.jpg,principal,0,81,0.36034107
1249,dataT/healthy/healthy_82.jpg,principal,0,82,0.3373968
1250,dataT/healthy/healthy_83.jpg,principal,0,83,0.46665567
1251,dataT/healthy/healthy_84.jpg,principal,0,84,0.5340065
1252,dataT/healthy/healthy_85.jpg,principal,0,85,0.385713
1253,dataT/healthy/healthy_86.jpg,principal,0,86,0.4123428
1254,dataT/healthy/healthy_87.jpg,principal,0,87,0.43404236
1255,dataT/healthy/healthy_88.jpg,principal,0,88,0.38961244
1256,dataT/healthy/healthy_89.jpg,principal,0,89,0.49544957
1257,dataT/healthy/healthy_9.jpg,principal,0,9,0.39655918
1258,dataT/healthy/healthy_90.jpg,principal,0,90,0.5382898
1259,dataT/healthy/healthy_91.jpg,principal,0,91,0.44651362
1260,dataT/healthy/healthy_92.jpg,principal,0,92,0.4129618
1261,dataT/healthy/healthy_93.jpg,principal,0,93,0.5145638
1262,dataT/healthy/healthy_94.jpg,principal,0,94,0.47536978
1263,dataT/healthy/healthy_95.jpg,principal,0,95,0.45668632
1264,dataT/healthy/healthy_96.jpg,principal,0,96,0.52747184
1265,dataT/healthy/healthy_97.jpg,principal,0,97,0.35173738
1266,dataT/healthy/healthy_98.jpg,principal,0,98,0.42640465
1267,dataT/healthy/healthy_99.jpg,principal,0,99,0.5086221
1268,dataT/pod_rot_black/black_pod_rot_1.jpg,principal,1,1,0.38771325
1269,dataT/pod_rot_black/black_pod_rot_10.jpg,principal,1,10,0.26686472
1270,dataT/pod_rot_black/black_pod_rot_100.jpg,principal,1,100,0.44781113
1271,dataT/pod_rot_black/black_pod_rot_101.jpg,principal,1,101,0.35309768
1272,dataT/pod_rot_black/black_pod_rot_102.jpg,principal,1,102,0.41832873
1273,dataT/pod_rot_black/black_pod_rot_103.jpg,principal,1,103,0.48528838
1274,dataT/pod_rot_black/black_pod_rot_104.jpg,principal,1,104,0.36936748
1275,dataT/pod_rot_black/black_pod_rot_105.jpg,principal,1,105,0.4947455
1276,dataT/pod_rot_black/black_pod_rot_106.jpg,principal,1,106,0.4605809
1277,dataT/pod_rot_black/black_pod_rot_107.jpg,principal,1,107,0.47937328
1278,dataT/pod_rot_black/black_pod_rot_108.jpg,principal,1,108,0.47070956
1279,dataT/pod_rot_black/black_pod_rot_109.jpg,principal,1,109,0.45667738
1280,dataT/pod_rot_black/black_pod_rot_11.jpg,principal,1,11,0.2648312
1281,dataT/pod_rot_black/black_pod_rot_110.jpg,principal,1,110,0.50467885
1282,dataT/pod_rot_black/black_pod_rot_111.jpg,principal,1,111,0.42592758
1283,dataT/pod_rot_black/black_pod_rot_112.jpg,principal,1,112,0.33135983
1284,dataT/pod_rot_black/black_pod_rot_113.jpg,principal,1,113,0.48523042
1285,dataT/pod_rot_black/black_pod_rot_114.jpg,principal,1,114,0.36127278
1286,dataT/pod_rot_black/black_pod_rot_115.jpg,principal,1,115,0.371476
1287,dataT/pod_rot_black/black_pod_rot_116.jpg,principal,1,116,0.46266708
1288,dataT/pod_rot_black/black_pod_rot_117.jpg,principal,1,117,0.40758836
1289,dataT/pod_rot_black/black_pod_rot_118.jpg,principal,1,118,0.45738837
1290,dataT/pod_rot_black/black_pod_rot_119.jpg,principal,1,119,0.51897156
1291,dataT/pod_rot_black/black_pod_rot_12.jpg,principal,1,12,0.51166016
1292,dataT/pod_rot_black/black_pod_rot_120.jpg,principal,1,120,0.3569513
1293,dataT/pod_rot_black/black_pod_rot_121.jpg,principal,1,121,0.46412057
1294,dataT/pod_rot_black/black_pod_rot_122.jpg,principal,1,122,0.54776204
1295,dataT/pod_rot_black/black_pod_rot_123.jpg,principal,1,123,0.419396
1296,dataT/pod_rot_black/black_pod_rot_124.jpg,principal,1,124,0.44290638
1297,dataT/pod_rot_black/black_pod_rot_125.jpg,principal,1,125,0.4630082
1298,dataT/pod_rot_black/black_pod_rot_126.jpg,principal,1,126,0.5379673
1299,dataT/pod_rot_black/black_pod_rot_127.jpg,principal,1,127,0.35911518
1300,dataT/pod_rot_black/black_pod_rot_128.jpg,principal,1,128,0.24042708
1301,dataT/pod_rot_black/black_pod_rot_129.jpg,principal,1,129,0.43763006
1302,dataT/pod_rot_black/black_pod_rot_13.jpg,principal,1,13,0.6095537
1303,dataT/pod_rot_black/black_pod_rot_130.jpg,principal,1,130,0.49833488
1304,dataT/pod_rot_black/black_pod_rot_131.jpg,principal,1,131,0.22718489
1305,dataT/pod_rot_black/black_pod_rot_132.jpg,principal,1,132,0.46106437
1306,dataT/pod_rot_black/black_pod_rot_133.jpg,principal,1,133,0.2648833
1307,dataT/pod_rot_black/black_pod_rot_134.jpg,principal,1,134,0.4401316
1308,dataT/pod_rot_black/black_pod_rot_135.jpg,principal,1,135,0.48556596
1309,dataT/pod_rot_black/black_pod_rot_136.jpg,principal,1,136,0.444377
1310,dataT/pod_rot_black/black_pod_rot_137.jpg,principal,1,137,0.4495777
1311,dataT/pod_rot_black/black_pod_rot_138.jpg,principal,1,138,0.49328822
1312,dataT/pod_rot_black/black_pod_rot_139.jpg,principal,1,139,0.52035373
1313,dataT/pod_rot_black/black_pod_rot_14.jpg,principal,1,14,0.4632744
1314,dataT/pod_rot_black/black_pod_rot_140.jpg,principal,1,140,0.51164913
1315,dataT/pod_rot_black/black_pod_rot_141.jpg,principal,1,141,0.48835003
1316,dataT/pod_rot_black/black_pod_rot_142.jpg,principal,1,142,0.45801544
1317,dataT/pod_rot_black/black_pod_rot_143.jpg,principal,1,143,0.62863564
1318,dataT/pod_rot_black/black_pod_rot_144.jpg,principal,1,144,0.5134479
1319,dataT/pod_rot_black/black_pod_rot_145.jpg,principal,1,145,0.37865087
1320,dataT/pod_rot_black/black_pod_rot_146.jpg,principal,1,146,0.44117844
1321,dataT/pod_rot_black/black_pod_rot_147.jpg,principal,1,147,0.49358654
1322,dataT/pod_rot_black/black_pod_rot_148.jpg,principal,1,148,0.41575888
1323,dataT/pod_rot_black/black_pod_rot_149.jpg,principal,1,149,0.5138509
1324,dataT/pod_rot_black/black_pod_rot_15.jpg,principal,1,15,0.45546865
1325,dataT/pod_rot_black/black_pod_rot_150.jpg,principal,1,150,0.5520612
1326,dataT/pod_rot_black/black_pod_rot_151.jpg,principal,1,151,0.49852586
1327,dataT/pod_rot_black/black_pod_rot_152.jpg,principal,1,152,0.47297162
1328,dataT/pod_rot_black/black_pod_rot_153.jpg,principal,1,153,0.49116182
1329,dataT/pod_rot_black/black_pod_rot_154.jpg,principal,1,154,0.4648304
1330,dataT/pod_rot_black/black_pod_rot_155.jpg,principal,1,155,0.31070295
1331,dataT/pod_rot_black/black_pod_rot_156.jpg,principal,1,156,0.3478412
1332,dataT/pod_rot_black/black_pod_rot_157.jpg,principal,1,157,0.41208443
1333,dataT/pod_rot_black/black_pod_rot_158.jpg,principal,1,158,0.48058593
1334,dataT/pod_rot_black/black_pod_rot_159.jpg,principal,1,159,0.48887026
1335,dataT/pod_rot_black/black_pod_rot_16.jpg,principal,1,16,0.4800045
1336,dataT/pod_rot_black/black_pod_rot_160.jpg,principal,1,160,0.49370912
1337,dataT/pod_rot_black/black_pod_rot_161.jpg,principal,1,161,0.42498785
1338,dataT/pod_rot_black/black_pod_rot_162.jpg,principal,1,162,0.44991893
1339,dataT/pod_rot_black/black_pod_rot_163.jpg,principal,1,163,0.4679913
1340,dataT/pod_rot_black/black_pod_rot_164.jpg,principal,1,164,0.31410605
1341,dataT/pod_rot_black/black_pod_rot_165.jpg,principal,1,165,0.34465912
1342,dataT/pod_rot_black/black_pod_rot_166.jpg,principal,1,166,0.37281394
1343,dataT/pod_rot_black/black_pod_rot_167.jpg,principal,1,167,0.23872235
1344,dataT/pod_rot_black/black_pod_rot_168.jpg,principal,1,168,0.42601717
1345,dataT/pod_rot_black/black_pod_rot_169.jpg,principal,1,169,0.30389434
1346,dataT/pod_rot_black/black_pod_rot_17.jpg,principal,1,17,0.30102885
1347,dataT/pod_rot_black/black_pod_rot_170.jpg,principal,1,170,0.3220734
1348,dataT/pod_rot_black/black_pod_rot_171.jpg,principal,1,171,0.41093808
1349,dataT/pod_rot_black/black_pod_rot_172.jpg,principal,1,172,0.37682974
1350,dataT/pod_rot_black/black_pod_rot_173.jpg,principal,1,173,0.42262086
1351,dataT/pod_rot_black/black_pod_rot_174.jpg,principal,1,174,0.50649047
1352,dataT/pod_rot_black/black_pod_rot_175.jpg,principal,1,175,0.5320806
1353,dataT/pod_rot_black/black_pod_rot_176.jpg,principal,1,176,0.49711487
1354,dataT/pod_rot_black/black_pod_rot_177.jpg,principal,1,177,0.5152126
1355,dataT/pod_rot_black/black_pod_rot_178.jpg,principal,1,178,0.46876585
1356,dataT/pod_rot_black/black_pod_rot_179.jpg,principal,1,179,0.3980887
1357,dataT/pod_rot_black/black_pod_rot_18.jpg,principal,1,18,0.38499498
1358,dataT/pod_rot_black/black_pod_rot_180.jpg,principal,1,180,0.36025417
1359,dataT/pod_rot_black/black_pod_rot_181.jpg,principal,1,181,0.40325427
1360,dataT/pod_rot_black/black_pod_rot_182.jpg,principal,1,182,0.48811206
1361,dataT/pod_rot_black/black_pod_rot_183.jpg,principal,1,183,0.5296836
1362,dataT/pod_rot_black/black_pod_rot_184.jpg,principal,1,184,0.53938174
1363,dataT/pod_rot_black/black_pod_rot_185.jpg,principal,1,185,0.6070554
1364,dataT/pod_rot_black/black_pod_rot_186.jpg,principal,1,186,0.47699088
1365,dataT/pod_rot_black/black_pod_rot_187.jpg,principal,1,187,0.59937084
1366,dataT/pod_rot_black/black_pod_rot_188.jpg,principal,1,188,0.55830353
1367,dataT/pod_rot_black/black_pod_rot_189.jpg,principal,1,189,0.47785658
1368,dataT/pod_rot_black/black_pod_rot_19.jpg,principal,1,19,0.385863
1369,dataT/pod_rot_black/black_pod_rot_190.jpg,principal,1,190,0.4856963
1370,dataT/pod_rot_black/black_pod_rot_191.jpg,principal,1,191,0.2926829
1371,dataT/pod_rot_black/black_pod_rot_192.jpg,principal,1,192,0.58523214
1372,dataT/pod_rot_black/black_pod_rot_193.jpg,principal,1,193,0.5226938
1373,dataT/pod_rot_black/black_pod_rot_194.jpg,principal,1,194,0.5342703
1374,dataT/pod_rot_black/black_pod_rot_195.jpg,principal,1,195,0.30285883
1375,dataT/pod_rot_black/black_pod_rot_196.jpg,principal,1,196,0.412342
1376,dataT/pod_rot_black/black_pod_rot_197.jpg,principal,1,197,0.5010951
1377,dataT/pod_rot_black/black_pod_rot_198.jpg,principal,1,198,0.31190893
1378,dataT/pod_rot_black/black_pod_rot_199.jpg,principal,1,199,0.32021537
1379,dataT/pod_rot_black/black_pod_rot_2.jpg,principal,1,2,0.5348693
1380,dataT/pod_rot_black/black_pod_rot_20.jpg,principal,1,20,0.55895144
1381,dataT/pod_rot_black/black_pod_rot_200.jpg,principal,1,200,0.46849835
1382,dataT/pod_rot_black/black_pod_rot_201.jpg,principal,1,201,0.35893643
1383,dataT/pod_rot_black/black_pod_rot_202.jpg,principal,1,202,0.25269216
1384,dataT/pod_rot_black/black_pod_rot_203.jpg,principal,1,203,0.37377518
1385,dataT/pod_rot_black/black_pod_rot_204.jpg,principal,1,204,0.24493772
1386,dataT/pod_rot_black/black_pod_rot_205.jpg,principal,1,205,0.4500693
1387,dataT/pod_rot_black/black_pod_rot_206.jpg,principal,1,206,0.47522843
1388,dataT/pod_rot_black/black_pod_rot_207.jpg,principal,1,207,0.46739793
1389,dataT/pod_rot_black/black_pod_rot_208.jpg,principal,1,208,0.49782926
1390,dataT/pod_rot_black/black_pod_rot_209.jpg,principal,1,209,0.5477898
1391,dataT/pod_rot_black/black_pod_rot_21.jpg,principal,1,21,0.5589807
1392,dataT/pod_rot_black/black_pod_rot_210.jpg,principal,1,210,0.47291493
1393,dataT/pod_rot_black/black_pod_rot_211.jpg,principal,1,211,0.34735066
1394,dataT/pod_rot_black/black_pod_rot_212.jpg,principal,1,212,0.49030027
1395,dataT/pod_rot_black/black_pod_rot_213.jpg,principal,1,213,0.33830273
1396,dataT/pod_rot_black/black_pod_rot_214.jpg,principal,1,214,0.5173475
1397,dataT/pod_rot_black/black_pod_rot_215.jpg,principal,1,215,0.40881178
1398,dataT/pod_rot_black/black_pod_rot_216.jpg,principal,1,216,0.38366467
1399,dataT/pod_rot_black/black_pod_rot_217.jpg,principal,1,217,0.48273823
1400,dataT/pod_rot_black/black_pod_rot_218.jpg,principal,1,218,0.5625591
1401,dataT/pod_rot_black/black_pod_rot_219.jpg,principal,1,219,0.4468832
1402,dataT/pod_rot_black/black_pod_rot_22.jpg,principal,1,22,0.41517112
1403,dataT/pod_rot_black/black_pod_rot_220.jpg,principal,1,220,0.42178828
1404,dataT/pod_rot_black/black_pod_rot_221.jpg,principal,1,221,0.37723446
1405,dataT/pod_rot_black/black_pod_rot_222.jpg,principal,1,222,0.51959085
1406,dataT/pod_rot_black/black_pod_rot_223.jpg,principal,1,223,0.5100491
1407,dataT/pod_rot_black/black_pod_rot_224.jpg,principal,1,224,0.3618655
1408,dataT/pod_rot_black/black_pod_rot_225.jpg,principal,1,225,0.38567272
1409,dataT/pod_rot_black/black_pod_rot_226.jpg,principal,1,226,0.48516393
1410,dataT/pod_rot_black/black_pod_rot_227.jpg,principal,1,227,0.3809564
1411,dataT/pod_rot_black/black_pod_rot_228.jpg,principal,1,228,0.46012598
1412,dataT/pod_rot_black/black_pod_rot_229.jpg,principal,1,229,0.36246422
1413,dataT/pod_rot_black/black_pod_rot_23.jpg,principal,1,23,0.4193223
1414,dataT/pod_rot_black/black_pod_rot_230.jpg,principal,1,230,0.4232877
1415,dataT/pod_rot_black/black_pod_rot_231.jpg,principal,1,231,0.47662097
1416,dataT/pod_rot_black/black_pod_rot_232.jpg,principal,1,232,0.5027232
1417,dataT/pod_rot_black/black_pod_rot_233.jpg,principal,1,233,0.5794873
1418,dataT/pod_rot_black/black_pod_rot_234.jpg,principal,1,234,0.48509726
1419,dataT/pod_rot_black/black_pod_rot_235.jpg,principal,1,235,0.53553116
1420,dataT/pod_rot_black/black_pod_rot_236.jpg,principal,1,236,0.45589632
1421,dataT/pod_rot_black/black_pod_rot_237.jpg,principal,1,237,0.47208637
1422,dataT/pod_rot_black/black_pod_rot_238.jpg,principal,1,238,0.40242895
1423,dataT/pod_rot_black/black_pod_rot_239.jpg,principal,1,239,0.44451433
1424,dataT/pod_rot_black/black_pod_rot_24.jpg,principal,1,24,0.5734359
1425,dataT/pod_rot_black/black_pod_rot_240.jpg,principal,1,240,0.44821453
1426,dataT/pod_rot_black/black_pod_rot_241.jpg,principal,1,241,0.4859306
1427,dataT/pod_rot_black/black_pod_rot_242.jpg,principal,1,242,0.47958827
1428,dataT/pod_rot_black/black_pod_rot_243.jpg,principal,1,243,0.46109548
1429,dataT/pod_rot_black/black_pod_rot_244.jpg,principal,1,244,0.45483154
1430,dataT/pod_rot_black/black_pod_rot_245.jpg,principal,1,245,0.28116474
1431,dataT/pod_rot_black/black_pod_rot_246.jpg,principal,1,246,0.49227583
1432,dataT/pod_rot_black/black_pod_rot_247.jpg,principal,1,247,0.5097013
1433,dataT/pod_rot_black/black_pod_rot_248.jpg,principal,1,248,0.4549367
1434,dataT/pod_rot_black/black_pod_rot_249.jpg,principal,1,249,0.5493099
1435,dataT/pod_rot_black/black_pod_rot_25.jpg,principal,1,25,0.38676155
1436,dataT/pod_rot_black/black_pod_rot_250.jpg,principal,1,250,0.5699191
1437,dataT/pod_rot_black/black_pod_rot_251.jpg,principal,1,251,0.5406221
1438,dataT/pod_rot_black/black_pod_rot_252.jpg,principal,1,252,0.376174
1439,dataT/pod_rot_black/black_pod_rot_253.jpg,principal,1,253,0.52461845
1440,dataT/pod_rot_black/black_pod_rot_254.jpg,principal,1,254,0.50627744
1441,dataT/pod_rot_black/black_pod_rot_255.jpg,principal,1,255,0.4032183
1442,dataT/pod_rot_black/black_pod_rot_256.jpg,principal,1,256,0.3999844
1443,dataT/pod_rot_black/black_pod_rot_257.jpg,principal,1,257,0.4116155
1444,dataT/pod_rot_black/black_pod_rot_258.jpg,principal,1,258,0.52347213
1445,dataT/pod_rot_black/black_pod_rot_259.jpg,principal,1,259,0.46049023
1446,dataT/pod_rot_black/black_pod_rot_26.jpg,principal,1,26,0.3708775
1447,dataT/pod_rot_black/black_pod_rot_260.jpg,principal,1,260,0.3718258
1448,dataT/pod_rot_black/black_pod_rot_261.jpg,principal,1,261,0.4229274
1449,dataT/pod_rot_black/black_pod_rot_262.jpg,principal,1,262,0.43650395
1450,dataT/pod_rot_black/black_pod_rot_263.jpg,principal,1,263,0.4681754
1451,dataT/pod_rot_black/black_pod_rot_264.jpg,principal,1,264,0.50984657
1452,dataT/pod_rot_black/black_pod_rot_265.jpg,principal,1,265,0.4506579
1453,dataT/pod_rot_black/black_pod_rot_266.jpg,principal,1,266,0.4265651
1454,dataT/pod_rot_black/black_pod_rot_267.jpg,principal,1,267,0.5690007
1455,dataT/pod_rot_black/black_pod_rot_268.jpg,principal,1,268,0.46679556
1456,dataT/pod_rot_black/black_pod_rot_269.jpg,principal,1,269,0.5398423
1457,dataT/pod_rot_black/black_pod_rot_27.jpg,principal,1,27,0.50412565
1458,dataT/pod_rot_black/black_pod_rot_270.jpg,principal,1,270,0.58555996
1459,dataT/pod_rot_black/black_pod_rot_271.jpg,principal,1,271,0.50825244
1460,dataT/pod_rot_black/black_pod_rot_272.jpg,principal,1,272,0.25540507
1461,dataT/pod_rot_black/black_pod_rot_273.jpg,principal,1,273,0.44298854
1462,dataT/pod_rot_black/black_pod_rot_274.jpg,principal,1,274,0.51890695
1463,dataT/pod_rot_black/black_pod_rot_275.jpg,principal,1,275,0.49816138
1464,dataT/pod_rot_black/black_pod_rot_276.jpg,principal,1,276,0.4496727
1465,dataT/pod_rot_black/black_pod_rot_277.jpg,principal,1,277,0.5231042
1466,dataT/pod_rot_black/black_pod_rot_278.jpg,principal,1,278,0.51604396
1467,dataT/pod_rot_black/black_pod_rot_279.jpg,principal,1,279,0.50156343
1468,dataT/pod_rot_black/black_pod_rot_28.jpg,principal,1,28,0.5621305
1469,dataT/pod_rot_black/black_pod_rot_280.jpg,principal,1,280,0.4703142
1470,dataT/pod_rot_black/black_pod_rot_281.jpg,principal,1,281,0.60898536
1471,dataT/pod_rot_black/black_pod_rot_282.jpg,principal,1,282,0.5873982
1472,dataT/pod_rot_black/black_pod_rot_283.jpg,principal,1,283,0.5477092
1473,dataT/pod_rot_black/black_pod_rot_284.jpg,principal,1,284,0.55869246
1474,dataT/pod_rot_black/black_pod_rot_285.jpg,principal,1,285,0.50074583
1475,dataT/pod_rot_black/black_pod_rot_286.jpg,principal,1,286,0.4481644
1476,dataT/pod_rot_black/black_pod_rot_287.jpg,principal,1,287,0.5027303
1477,dataT/pod_rot_black/black_pod_rot_288.jpg,principal,1,288,0.51300675
1478,dataT/pod_rot_black/black_pod_rot_289.jpg,principal,1,289,0.4428736
1479,dataT/pod_rot_black/black_pod_rot_29.jpg,principal,1,29,0.428486
1480,dataT/pod_rot_black/black_pod_rot_290.jpg,principal,1,290,0.5211601
1481,dataT/pod_rot_black/black_pod_rot_291.jpg,principal,1,291,0.5204414
1482,dataT/pod_rot_black/black_pod_rot_292.jpg,principal,1,292,0.5362446
1483,dataT/pod_rot_black/black_pod_rot_293.jpg,principal,1,293,0.48831436
1484,dataT/pod_rot_black/black_pod_rot_294.jpg,principal,1,294,0.40704858
1485,dataT/pod_rot_black/black_pod_rot_295.jpg,principal,1,295,0.38536417
1486,dataT/pod_rot_black/black_pod_rot_296.jpg,principal,1,296,0.44209576
1487,dataT/pod_rot_black/black_pod_rot_297.jpg,principal,1,297,0.39356607
1488,dataT/pod_rot_black/black_pod_rot_298.jpg,principal,1,298,0.53702694
1489,dataT/pod_rot_black/black_pod_rot_299.jpg,principal,1,299,0.4607718
1490,dataT/pod_rot_black/black_pod_rot_3.jpg,principal,1,3,0.45635322
1491,dataT/pod_rot_black/black_pod_rot_30.jpg,principal,1,30,0.463683
1492,dataT/pod_rot_black/black_pod_rot_300.jpg,principal,1,300,0.47739303
1493,dataT/pod_rot_black/black_pod_rot_301.jpg,principal,1,301,0.4297344
1494,dataT/pod_rot_black/black_pod_rot_302.jpg,principal,1,302,0.50577676
1495,dataT/pod_rot_black/black_pod_rot_303.jpg,principal,1,303,0.478844
1496,dataT/pod_rot_black/black_pod_rot_304.jpg,principal,1,304,0.41812724
1497,dataT/pod_rot_black/black_pod_rot_305.jpg,principal,1,305,0.4952569
1498,dataT/pod_rot_black/black_pod_rot_306.jpg,principal,1,306,0.44272572
1499,dataT/pod_rot_black/black_pod_rot_307.jpg,principal,1,307,0.4766194
1500,dataT/pod_rot_black/black_pod_rot_308.jpg,principal,1,308,0.42950773
1501,dataT/pod_rot_black/black_pod_rot_309.jpg,principal,1,309,0.44179457
1502,dataT/pod_rot_black/black_pod_rot_31.jpg,principal,1,31,0.3906842
1503,dataT/pod_rot_black/black_pod_rot_310.jpg,principal,1,310,0.41318524
1504,dataT/pod_rot_black/black_pod_rot_311.jpg,principal,1,311,0.46091956
1505,dataT/pod_rot_black/black_pod_rot_312.jpg,principal,1,312,0.52952826
1506,dataT/pod_rot_black/black_pod_rot_313.jpg,principal,1,313,0.42335343
1507,dataT/pod_rot_black/black_pod_rot_314.jpg,principal,1,314,0.4969027
1508,dataT/pod_rot_black/black_pod_rot_315.jpg,principal,1,315,0.35466105
1509,dataT/pod_rot_black/black_pod_rot_316.jpg,principal,1,316,0.3935024
1510,dataT/pod_rot_black/black_pod_rot_317.jpg,principal,1,317,0.45693
1511,dataT/pod_rot_black/black_pod_rot_318.jpg,principal,1,318,0.39853877
1512,dataT/pod_rot_black/black_pod_rot_319.jpg,principal,1,319,0.5341116
1513,dataT/pod_rot_black/black_pod_rot_32.jpg,principal,1,32,0.46382976
1514,dataT/pod_rot_black/black_pod_rot_320.jpg,principal,1,320,0.41141933
1515,dataT/pod_rot_black/black_pod_rot_321.jpg,principal,1,321,0.5121111
1516,dataT/pod_rot_black/black_pod_rot_322.jpg,principal,1,322,0.5121148
1517,dataT/pod_rot_black/black_pod_rot_323.jpg,principal,1,323,0.549165
1518,dataT/pod_rot_black/black_pod_rot_324.jpg,principal,1,324,0.5742124
1519,dataT/pod_rot_black/black_pod_rot_325.jpg,principal,1,325,0.42773825
1520,dataT/pod_rot_black/black_pod_rot_326.jpg,principal,1,326,0.4387746
1521,dataT/pod_rot_black/black_pod_rot_327.jpg,principal,1,327,0.46789822
1522,dataT/pod_rot_black/black_pod_rot_328.jpg,principal,1,328,0.47125626
1523,dataT/pod_rot_black/black_pod_rot_329.jpg,principal,1,329,0.51851285
1524,dataT/pod_rot_black/black_pod_rot_33.jpg,principal,1,33,0.3729748
1525,dataT/pod_rot_black/black_pod_rot_330.jpg,principal,1,330,0.3236938
1526,dataT/pod_rot_black/black_pod_rot_331.jpg,principal,1,331,0.4518593
1527,dataT/pod_rot_black/black_pod_rot_332.jpg,principal,1,332,0.47183585
1528,dataT/pod_rot_black/black_pod_rot_333.jpg,principal,1,333,0.4781577
1529,dataT/pod_rot_black/black_pod_rot_334.jpg,principal,1,334,0.44946736
1530,dataT/pod_rot_black/black_pod_rot_335.jpg,principal,1,335,0.450403
1531,dataT/pod_rot_black/black_pod_rot_336.jpg,principal,1,336,0.48992518
1532,dataT/pod_rot_black/black_pod_rot_337.jpg,principal,1,337,0.51278615
1533,dataT/pod_rot_black/black_pod_rot_338.jpg,principal,1,338,0.43497995
1534,dataT/pod_rot_black/black_pod_rot_339.jpg,principal,1,339,0.49598825
1535,dataT/pod_rot_black/black_pod_rot_34.jpg,principal,1,34,0.50483716
1536,dataT/pod_rot_black/black_pod_rot_340.jpg,principal,1,340,0.5511367
1537,dataT/pod_rot_black/black_pod_rot_341.jpg,principal,1,341,0.56907016
1538,dataT/pod_rot_black/black_pod_rot_342.jpg,principal,1,342,0.48262405
1539,dataT/pod_rot_black/black_pod_rot_343.jpg,principal,1,343,0.3888944
1540,dataT/pod_rot_black/black_pod_rot_344.jpg,principal,1,344,0.46741593
1541,dataT/pod_rot_black/black_pod_rot_345.jpg,principal,1,345,0.51982474
1542,dataT/pod_rot_black/black_pod_rot_346.jpg,principal,1,346,0.4081658
1543,dataT/pod_rot_black/black_pod_rot_347.jpg,principal,1,347,0.4686489
1544,dataT/pod_rot_black/black_pod_rot_348.jpg,principal,1,348,0.35792854
1545,dataT/pod_rot_black/black_pod_rot_349.jpg,principal,1,349,0.43055624
1546,dataT/pod_rot_black/black_pod_rot_35.jpg,principal,1,35,0.5181398
1547,dataT/pod_rot_black/black_pod_rot_350.jpg,principal,1,350,0.34479812
1548,dataT/pod_rot_black/black_pod_rot_351.jpg,principal,1,351,0.56791806
1549,dataT/pod_rot_black/black_pod_rot_352.jpg,principal,1,352,0.5206004
1550,dataT/pod_rot_black/black_pod_rot_353.jpg,principal,1,353,0.36125338
1551,dataT/pod_rot_black/black_pod_rot_354.jpg,principal,1,354,0.55051076
1552,dataT/pod_rot_black/black_pod_rot_355.jpg,principal,1,355,0.45084295
1553,dataT/pod_rot_black/black_pod_rot_356.jpg,principal,1,356,0.5061271
1554,dataT/pod_rot_black/black_pod_rot_357.jpg,principal,1,357,0.49922943
1555,dataT/pod_rot_black/black_pod_rot_358.jpg,principal,1,358,0.49649048
1556,dataT/pod_rot_black/black_pod_rot_359.jpg,principal,1,359,0.32752472
1557,dataT/pod_rot_black/black_pod_rot_36.jpg,principal,1,36,0.47078964
1558,dataT/pod_rot_black/black_pod_rot_360.jpg,principal,1,360,0.45115432
1559,dataT/pod_rot_black/black_pod_rot_361.jpg,principal,1,361,0.36984456
1560,dataT/pod_rot_black/black_pod_rot_362.jpg,principal,1,362,0.4364478
1561,dataT/pod_rot_black/black_pod_rot_363.jpg,principal,1,363,0.43672892
1562,dataT/pod_rot_black/black_pod_rot_364.jpg,principal,1,364,0.38973445
1563,dataT/pod_rot_black/black_pod_rot_365.jpg,principal,1,365,0.43072748
1564,dataT/pod_rot_black/black_pod_rot_366.jpg,principal,1,366,0.5165691
1565,dataT/pod_rot_black/black_pod_rot_367.jpg,principal,1,367,0.3932222
1566,dataT/pod_rot_black/black_pod_rot_368.jpg,principal,1,368,0.41014296
1567,dataT/pod_rot_black/black_pod_rot_369.jpg,principal,1,369,0.43689537
1568,dataT/pod_rot_black/black_pod_rot_37.jpg,principal,1,37,0.33244503
1569,dataT/pod_rot_black/black_pod_rot_370.jpg,principal,1,370,0.5115573
1570,dataT/pod_rot_black/black_pod_rot_371.jpg,principal,1,371,0.33985156
1571,dataT/pod_rot_black/black_pod_rot_372.jpg,principal,1,372,0.49202245
1572,dataT/pod_rot_black/black_pod_rot_373.jpg,principal,1,373,0.45104933
1573,dataT/pod_rot_black/black_pod_rot_374.jpg,principal,1,374,0.3980372
1574,dataT/pod_rot_black/black_pod_rot_375.jpg,principal,1,375,0.44918144
1575,dataT/pod_rot_black/black_pod_rot_376.jpg,principal,1,376,0.44952106
1576,dataT/pod_rot_black/black_pod_rot_377.jpg,principal,1,377,0.34632188
1577,dataT/pod_rot_black/black_pod_rot_378.jpg,principal,1,378,0.44878775
1578,dataT/pod_rot_black/black_pod_rot_379.jpg,principal,1,379,0.32565537
1579,dataT/pod_rot_black/black_pod_rot_38.jpg,principal,1,38,0.42978847
1580,dataT/pod_rot_black/black_pod_rot_380.jpg,principal,1,380,0.43210632
1581,dataT/pod_rot_black/black_pod_rot_381.jpg,principal,1,381,0.56461877
1582,dataT/pod_rot_black/black_pod_rot_382.jpg,principal,1,382,0.38462505
1583,dataT/pod_rot_black/black_pod_rot_383.jpg,principal,1,383,0.4960533
1584,dataT/pod_rot_black/black_pod_rot_384.jpg,principal,1,384,0.49100298
1585,dataT/pod_rot_black/black_pod_rot_385.jpg,principal,1,385,0.48907197
1586,dataT/pod_rot_black/black_pod_rot_386.jpg,principal,1,386,0.45136213
1587,dataT/pod_rot_black/black_pod_rot_387.jpg,principal,1,387,0.49841166
1588,dataT/pod_rot_black/black_pod_rot_388.jpg,principal,1,388,0.5554287
1589,dataT/pod_rot_black/black_pod_rot_389.jpg,principal,1,389,0.31254387
1590,dataT/pod_rot_black/black_pod_rot_39.jpg,principal,1,39,0.43360314
1591,dataT/pod_rot_black/black_pod_rot_390.jpg,principal,1,390,0.48135448
1592,dataT/pod_rot_black/black_pod_rot_391.jpg,principal,1,391,0.5337643
1593,dataT/pod_rot_black/black_pod_rot_392.jpg,principal,1,392,0.44326591
1594,dataT/pod_rot_black/black_pod_rot_393.jpg,principal,1,393,0.52856106
1595,dataT/pod_rot_black/black_pod_rot_394.jpg,principal,1,394,0.52345943
1596,dataT/pod_rot_black/black_pod_rot_395.jpg,principal,1,395,0.5091891
1597,dataT/pod_rot_black/black_pod_rot_396.jpg,principal,1,396,0.4258589
1598,dataT/pod_rot_black/black_pod_rot_397.jpg,principal,1,397,0.45079306
1599,dataT/pod_rot_black/black_pod_rot_398.jpg,principal,1,398,0.4347365
1600,dataT/pod_rot_black/black_pod_rot_399.jpg,principal,1,399,0.33807325
1601,dataT/pod_rot_black/black_pod_rot_4.jpg,principal,1,4,0.45629054
1602,dataT/pod_rot_black/black_pod_rot_40.jpg,principal,1,40,0.38556132
1603,dataT/pod_rot_black/black_pod_rot_400.jpg,principal,1,400,0.60446733
1604,dataT/pod_rot_black/black_pod_rot_401.jpg,principal,1,401,0.40700036
1605,dataT/pod_rot_black/black_pod_rot_402.jpg,principal,1,402,0.34047258
1606,dataT/pod_rot_black/black_pod_rot_403.jpg,principal,1,403,0.29349142
1607,dataT/pod_rot_black/black_pod_rot_404.jpg,principal,1,404,0.33072144
1608,dataT/pod_rot_black/black_pod_rot_405.jpg,principal,1,405,0.3883821
1609,dataT/pod_rot_black/black_pod_rot_406.jpg,principal,1,406,0.46833703
1610,dataT/pod_rot_black/black_pod_rot_407.jpg,principal,1,407,0.30407602
1611,dataT/pod_rot_black/black_pod_rot_408.jpg,principal,1,408,0.52153933
1612,dataT/pod_rot_black/black_pod_rot_409.jpg,principal,1,409,0.5154929
1613,dataT/pod_rot_black/black_pod_rot_41.jpg,principal,1,41,0.44472593
1614,dataT/pod_rot_black/black_pod_rot_410.jpg,principal,1,410,0.5233135
1615,dataT/pod_rot_black/black_pod_rot_411.jpg,principal,1,411,0.40301958
1616,dataT/pod_rot_black/black_pod_rot_412.jpg,principal,1,412,0.4749554
1617,dataT/pod_rot_black/black_pod_rot_413.jpg,principal,1,413,0.37511277
1618,dataT/pod_rot_black/black_pod_rot_414.jpg,principal,1,414,0.41319436
1619,dataT/pod_rot_black/black_pod_rot_415.jpg,principal,1,415,0.44367972
1620,dataT/pod_rot_black/black_pod_rot_416.jpg,principal,1,416,0.42421305
1621,dataT/pod_rot_black/black_pod_rot_417.jpg,principal,1,417,0.5291412
1622,dataT/pod_rot_black/black_pod_rot_418.jpg,principal,1,418,0.41254336
1623,dataT/pod_rot_black/black_pod_rot_419.jpg,principal,1,419,0.46336234
1624,dataT/pod_rot_black/black_pod_rot_42.jpg,principal,1,42,0.32422805
1625,dataT/pod_rot_black/black_pod_rot_420.jpg,principal,1,420,0.47602805
1626,dataT/pod_rot_black/black_pod_rot_421.jpg,principal,1,421,0.5693289
1627,dataT/pod_rot_black/black_pod_rot_422.jpg,principal,1,422,0.37816927
1628,dataT/pod_rot_black/black_pod_rot_423.jpg,principal,1,423,0.6132889
1629,dataT/pod_rot_black/black_pod_rot_424.jpg,principal,1,424,0.599882
1630,dataT/pod_rot_black/black_pod_rot_425.jpg,principal,1,425,0.32663924
1631,dataT/pod_rot_black/black_pod_rot_426.jpg,principal,1,426,0.59446347
1632,dataT/pod_rot_black/black_pod_rot_427.jpg,principal,1,427,0.42698252
1633,dataT/pod_rot_black/black_pod_rot_428.jpg,principal,1,428,0.5156186
1634,dataT/pod_rot_black/black_pod_rot_429.jpg,principal,1,429,0.5062282
1635,dataT/pod_rot_black/black_pod_rot_43.jpg,principal,1,43,0.3886216
1636,dataT/pod_rot_black/black_pod_rot_430.jpg,principal,1,430,0.36560738
1637,dataT/pod_rot_black/black_pod_rot_431.jpg,principal,1,431,0.47200292
1638,dataT/pod_rot_black/black_pod_rot_432.jpg,principal,1,432,0.36148703
1639,dataT/pod_rot_black/black_pod_rot_433.jpg,principal,1,433,0.55773777
1640,dataT/pod_rot_black/black_pod_rot_434.jpg,principal,1,434,0.47229454
1641,dataT/pod_rot_black/black_pod_rot_435.jpg,principal,1,435,0.38990188
1642,dataT/pod_rot_black/black_pod_rot_436.jpg,principal,1,436,0.5354823
1643,dataT/pod_rot_black/black_pod_rot_437.jpg,principal,1,437,0.39023072
1644,dataT/pod_rot_black/black_pod_rot_438.jpg,principal,1,438,0.35028622
1645,dataT/pod_rot_black/black_pod_rot_439.jpg,principal,1,439,0.43519753
1646,dataT/pod_rot_black/black_pod_rot_44.jpg,principal,1,44,0.49434158
1647,dataT/pod_rot_black/black_pod_rot_440.jpg,principal,1,440,0.41407618
1648,dataT/pod_rot_black/black_pod_rot_441.jpg,principal,1,441,0.46096805
1649,dataT/pod_rot_black/black_pod_rot_442.jpg,principal,1,442,0.48516253
1650,dataT/pod_rot_black/black_pod_rot_443.jpg,principal,1,443,0.43158776
1651,dataT/pod_rot_black/black_pod_rot_444.jpg,principal,1,444,0.47671884
1652,dataT/pod_rot_black/black_pod_rot_445.jpg,principal,1,445,0.47939327
1653,dataT/pod_rot_black/black_pod_rot_446.jpg,principal,1,446,0.54323477
1654,dataT/pod_rot_black/black_pod_rot_447.jpg,principal,1,447,0.5787302
1655,dataT/pod_rot_black/black_pod_rot_448.jpg,principal,1,448,0.21372882
1656,dataT/pod_rot_black/black_pod_rot_449.jpg,principal,1,449,0.35922724
1657,dataT/pod_rot_black/black_pod_rot_45.jpg,principal,1,45,0.44165766
1658,dataT/pod_rot_black/black_pod_rot_450.jpg,principal,1,450,0.47945368
1659,dataT/pod_rot_black/black_pod_rot_451.jpg,principal,1,451,0.45979828
1660,dataT/pod_rot_black/black_pod_rot_452.jpg,principal,1,452,0.5409684
1661,dataT/pod_rot_black/black_pod_rot_453.jpg,principal,1,453,0.40421146
1662,dataT/pod_rot_black/black_pod_rot_454.jpg,principal,1,454,0.4615994
1663,dataT/pod_rot_black/black_pod_rot_455.jpg,principal,1,455,0.4982386
1664,dataT/pod_rot_black/black_pod_rot_456.jpg,principal,1,456,0.4639557
1665,dataT/pod_rot_black/black_pod_rot_457.jpg,principal,1,457,0.5191115
1666,dataT/pod_rot_black/black_pod_rot_458.jpg,principal,1,458,0.4425778
1667,dataT/pod_rot_black/black_pod_rot_459.jpg,principal,1,459,0.5057101
1668,dataT/pod_rot_black/black_pod_rot_46.jpg,principal,1,46,0.48565197
1669,dataT/pod_rot_black/black_pod_rot_460.jpg,principal,1,460,0.6002257
1670,dataT/pod_rot_black/black_pod_rot_461.jpg,principal,1,461,0.42810768
1671,dataT/pod_rot_black/black_pod_rot_462.jpg,principal,1,462,0.47555393
1672,dataT/pod_rot_black/black_pod_rot_463.jpg,principal,1,463,0.5084202
1673,dataT/pod_rot_black/black_pod_rot_464.jpg,principal,1,464,0.5133867
1674,dataT/pod_rot_black/black_pod_rot_465.jpg,principal,1,465,0.30669704
1675,dataT/pod_rot_black/black_pod_rot_466.jpg,principal,1,466,0.39286786
1676,dataT/pod_rot_black/black_pod_rot_467.jpg,principal,1,467,0.37170458
1677,dataT/pod_rot_black/black_pod_rot_468.jpg,principal,1,468,0.3515382
1678,dataT/pod_rot_black/black_pod_rot_469.jpg,principal,1,469,0.5252016
1679,dataT/pod_rot_black/black_pod_rot_47.jpg,principal,1,47,0.45324183
1680,dataT/pod_rot_black/black_pod_rot_470.jpg,principal,1,470,0.5814408
1681,dataT/pod_rot_black/black_pod_rot_471.jpg,principal,1,471,0.4615932
1682,dataT/pod_rot_black/black_pod_rot_472.jpg,principal,1,472,0.46273983
1683,dataT/pod_rot_black/black_pod_rot_473.jpg,principal,1,473,0.41187778
1684,dataT/pod_rot_black/black_pod_rot_474.jpg,principal,1,474,0.47785363
1685,dataT/pod_rot_black/black_pod_rot_475.jpg,principal,1,475,0.41004854
1686,dataT/pod_rot_black/black_pod_rot_476.jpg,principal,1,476,0.33295047
1687,dataT/pod_rot_black/black_pod_rot_477.jpg,principal,1,477,0.36009288
1688,dataT/pod_rot_black/black_pod_rot_478.jpg,principal,1,478,0.4629167
1689,dataT/pod_rot_black/black_pod_rot_479.jpg,principal,1,479,0.5570651
1690,dataT/pod_rot_black/black_pod_rot_48.jpg,principal,1,48,0.41634744
1691,dataT/pod_rot_black/black_pod_rot_480.jpg,principal,1,480,0.45853835
1692,dataT/pod_rot_black/black_pod_rot_481.jpg,principal,1,481,0.53019303
1693,dataT/pod_rot_black/black_pod_rot_482.jpg,principal,1,482,0.4894937
1694,dataT/pod_rot_black/black_pod_rot_483.jpg,principal,1,483,0.6070695
1695,dataT/pod_rot_black/black_pod_rot_484.jpg,principal,1,484,0.6163966
1696,dataT/pod_rot_black/black_pod_rot_485.jpg,principal,1,485,0.49019143
1697,dataT/pod_rot_black/black_pod_rot_486.jpg,principal,1,486,0.48746523
1698,dataT/pod_rot_black/black_pod_rot_487.jpg,principal,1,487,0.46558446
1699,dataT/pod_rot_black/black_pod_rot_488.jpg,principal,1,488,0.6304238
1700,dataT/pod_rot_black/black_pod_rot_489.jpg,principal,1,489,0.43534103
1701,dataT/pod_rot_black/black_pod_rot_49.jpg,principal,1,49,0.33122247
1702,dataT/pod_rot_black/black_pod_rot_490.jpg,principal,1,490,0.5348486
1703,dataT/pod_rot_black/black_pod_rot_491.jpg,principal,1,491,0.44662002
1704,dataT/pod_rot_black/black_pod_rot_492.jpg,principal,1,492,0.39457276
1705,dataT/pod_rot_black/black_pod_rot_493.jpg,principal,1,493,0.547927
1706,dataT/pod_rot_black/black_pod_rot_494.jpg,principal,1,494,0.35870564
1707,dataT/pod_rot_black/black_pod_rot_495.jpg,principal,1,495,0.51745594
1708,dataT/pod_rot_black/black_pod_rot_496.jpg,principal,1,496,0.65224606
1709,dataT/pod_rot_black/black_pod_rot_497.jpg,principal,1,497,0.40666175
1710,dataT/pod_rot_black/black_pod_rot_498.jpg,principal,1,498,0.4158222
1711,dataT/pod_rot_black/black_pod_rot_499.jpg,principal,1,499,0.9495659
1712,dataT/pod_rot_black/black_pod_rot_5.jpg,principal,1,5,0.47899762
1713,dataT/pod_rot_black/black_pod_rot_50.jpg,principal,1,50,0.23307958
1714,dataT/pod_rot_black/black_pod_rot_500.jpg,principal,1,500,0.890741
1715,dataT/pod_rot_black/black_pod_rot_501.jpg,principal,1,501,0.9192919
1716,dataT/pod_rot_black/black_pod_rot_502.jpg,principal,1,502,0.90910196
1717,dataT/pod_rot_black/black_pod_rot_503.jpg,principal,1,503,0.95873266
1718,dataT/pod_rot_black/black_pod_rot_504.jpg,principal,1,504,0.84204715
1719,dataT/pod_rot_black/black_pod_rot_505.jpg,principal,1,505,0.94700044
1720,dataT/pod_rot_black/black_pod_rot_506.jpg,principal,1,506,0.9315307
1721,dataT/pod_rot_black/black_pod_rot_507.jpg,principal,1,507,0.55907464
1722,dataT/pod_rot_black/black_pod_rot_508.jpg,principal,1,508,0.95652723
1723,dataT/pod_rot_black/black_pod_rot_509.jpg,principal,1,509,0.93460906
1724,dataT/pod_rot_black/black_pod_rot_51.jpg,principal,1,51,0.46079314
1725,dataT/pod_rot_black/black_pod_rot_510.jpg,principal,1,510,0.91594917
1726,dataT/pod_rot_black/black_pod_rot_511.jpg,principal,1,511,0.92276907
1727,dataT/pod_rot_black/black_pod_rot_512.jpg,principal,1,512,0.9356619
1728,dataT/pod_rot_black/black_pod_rot_513.jpg,principal,1,513,0.9380124
1729,dataT/pod_rot_black/black_pod_rot_514.jpg,principal,1,514,0.50146747
1730,dataT/pod_rot_black/black_pod_rot_515.jpg,principal,1,515,0.4057693
1731,dataT/pod_rot_black/black_pod_rot_516.jpg,principal,1,516,0.53308797
1732,dataT/pod_rot_black/black_pod_rot_517.jpg,principal,1,517,0.5478281
1733,dataT/pod_rot_black/black_pod_rot_518.jpg,principal,1,518,0.5477174
1734,dataT/pod_rot_black/black_pod_rot_519.jpg,principal,1,519,0.568578
1735,dataT/pod_rot_black/black_pod_rot_52.jpg,principal,1,52,0.2725792
1736,dataT/pod_rot_black/black_pod_rot_520.jpg,principal,1,520,0.3947016
1737,dataT/pod_rot_black/black_pod_rot_521.jpg,principal,1,521,0.49784023
1738,dataT/pod_rot_black/black_pod_rot_522.jpg,principal,1,522,0.59988284
1739,dataT/pod_rot_black/black_pod_rot_523.jpg,principal,1,523,0.5726365
1740,dataT/pod_rot_black/black_pod_rot_524.jpg,principal,1,524,0.44703293
1741,dataT/pod_rot_black/black_pod_rot_525.jpg,principal,1,525,0.5282687
1742,dataT/pod_rot_black/black_pod_rot_526.jpg,principal,1,526,0.39535853
1743,dataT/pod_rot_black/black_pod_rot_527.jpg,principal,1,527,0.57344234
1744,dataT/pod_rot_black/black_pod_rot_528.jpg,principal,1,528,0.36702955
1745,dataT/pod_rot_black/black_pod_rot_529.jpg,principal,1,529,0.40205595
1746,dataT/pod_rot_black/black_pod_rot_53.jpg,principal,1,53,0.43551913
1747,dataT/pod_rot_black/black_pod_rot_530.jpg,principal,1,530,0.2457013
1748,dataT/pod_rot_black/black_pod_rot_531.jpg,principal,1,531,0.46157372
1749,dataT/pod_rot_black/black_pod_rot_532.jpg,principal,1,532,0.47980592
1750,dataT/pod_rot_black/black_pod_rot_533.jpg,principal,1,533,0.534083
1751,dataT/pod_rot_black/black_pod_rot_534.jpg,principal,1,534,0.4969141
1752,dataT/pod_rot_black/black_pod_rot_535.jpg,principal,1,535,0.4088155
1753,dataT/pod_rot_black/black_pod_rot_536.jpg,principal,1,536,0.5237637
1754,dataT/pod_rot_black/black_pod_rot_537.jpg,principal,1,537,0.5752327
1755,dataT/pod_rot_black/black_pod_rot_538.jpg,principal,1,538,0.59438026
1756,dataT/pod_rot_black/black_pod_rot_539.jpg,principal,1,539,0.4222814
1757,dataT/pod_rot_black/black_pod_rot_54.jpg,principal,1,54,0.44764322
1758,dataT/pod_rot_black/black_pod_rot_540.jpg,principal,1,540,0.40474498
1759,dataT/pod_rot_black/black_pod_rot_541.jpg,principal,1,541,0.3846776
1760,dataT/pod_rot_black/black_pod_rot_542.jpg,principal,1,542,0.5411115
1761,dataT/pod_rot_black/black_pod_rot_543.jpg,principal,1,543,0.51521045
1762,dataT/pod_rot_black/black_pod_rot_544.jpg,principal,1,544,0.5182785
1763,dataT/pod_rot_black/black_pod_rot_545.jpg,principal,1,545,0.5155942
1764,dataT/pod_rot_black/black_pod_rot_546.jpg,principal,1,546,0.58050984
1765,dataT/pod_rot_black/black_pod_rot_547.jpg,principal,1,547,0.2826006
1766,dataT/pod_rot_black/black_pod_rot_548.jpg,principal,1,548,0.5521749
1767,dataT/pod_rot_black/black_pod_rot_549.jpg,principal,1,549,0.40154812
1768,dataT/pod_rot_black/black_pod_rot_55.jpg,principal,1,55,0.39122927
1769,dataT/pod_rot_black/black_pod_rot_550.jpg,principal,1,550,0.49552757
1770,dataT/pod_rot_black/black_pod_rot_551.jpg,principal,1,551,0.48122382
1771,dataT/pod_rot_black/black_pod_rot_552.jpg,principal,1,552,0.503145
1772,dataT/pod_rot_black/black_pod_rot_553.jpg,principal,1,553,0.48217437
1773,dataT/pod_rot_black/black_pod_rot_554.jpg,principal,1,554,0.5277692
1774,dataT/pod_rot_black/black_pod_rot_555.jpg,principal,1,555,0.2848373
1775,dataT/pod_rot_black/black_pod_rot_556.jpg,principal,1,556,0.5449953
1776,dataT/pod_rot_black/black_pod_rot_557.jpg,principal,1,557,0.50287735
1777,dataT/pod_rot_black/black_pod_rot_558.jpg,principal,1,558,0.59226704
1778,dataT/pod_rot_black/black_pod_rot_559.jpg,principal,1,559,0.5731204
1779,dataT/pod_rot_black/black_pod_rot_56.jpg,principal,1,56,0.5281726
1780,dataT/pod_rot_black/black_pod_rot_560.jpg,principal,1,560,0.46556842
1781,dataT/pod_rot_black/black_pod_rot_561.jpg,principal,1,561,0.44654852
1782,dataT/pod_rot_black/black_pod_rot_562.jpg,principal,1,562,0.5167657
1783,dataT/pod_rot_black/black_pod_rot_563.jpg,principal,1,563,0.53089595
1784,dataT/pod_rot_black/black_pod_rot_564.jpg,principal,1,564,0.48199594
1785,dataT/pod_rot_black/black_pod_rot_565.jpg,principal,1,565,0.5317358
1786,dataT/pod_rot_black/black_pod_rot_566.jpg,principal,1,566,0.5933813
1787,dataT/pod_rot_black/black_pod_rot_567.jpg,principal,1,567,0.48219967
1788,dataT/pod_rot_black/black_pod_rot_568.jpg,principal,1,568,0.5023875
1789,dataT/pod_rot_black/black_pod_rot_569.jpg,principal,1,569,0.50781053
1790,dataT/pod_rot_black/black_pod_rot_57.jpg,principal,1,57,0.47753233
1791,dataT/pod_rot_black/black_pod_rot_570.jpg,principal,1,570,0.49261904
1792,dataT/pod_rot_black/black_pod_rot_571.jpg,principal,1,571,0.5020033
1793,dataT/pod_rot_black/black_pod_rot_572.jpg,principal,1,572,0.3506471
1794,dataT/pod_rot_black/black_pod_rot_573.jpg,principal,1,573,0.5157183
1795,dataT/pod_rot_black/black_pod_rot_574.jpg,principal,1,574,0.29671943
1796,dataT/pod_rot_black/black_pod_rot_575.jpg,principal,1,575,0.44797924
1797,dataT/pod_rot_black/black_pod_rot_576.jpg,principal,1,576,0.53682077
1798,dataT/pod_rot_black/black_pod_rot_577.jpg,principal,1,577,0.51960653
1799,dataT/pod_rot_black/black_pod_rot_578.jpg,principal,1,578,0.46455193
1800,dataT/pod_rot_black/black_pod_rot_579.jpg,principal,1,579,0.3488697
1801,dataT/pod_rot_black/black_pod_rot_58.jpg,principal,1,58,0.42325464
1802,dataT/pod_rot_black/black_pod_rot_580.jpg,principal,1,580,0.40581548
1803,dataT/pod_rot_black/black_pod_rot_581.jpg,principal,1,581,0.24330452
1804,dataT/pod_rot_black/black_pod_rot_582.jpg,principal,1,582,0.4143725
1805,dataT/pod_rot_black/black_pod_rot_583.jpg,principal,1,583,0.51417816
1806,dataT/pod_rot_black/black_pod_rot_584.jpg,principal,1,584,0.52785575
1807,dataT/pod_rot_black/black_pod_rot_585.jpg,principal,1,585,0.5593946
1808,dataT/pod_rot_black/black_pod_rot_586.jpg,principal,1,586,0.5302708
1809,dataT/pod_rot_black/black_pod_rot_587.jpg,principal,1,587,0.5300013
1810,dataT/pod_rot_black/black_pod_rot_588.jpg,principal,1,588,0.5357715
1811,dataT/pod_rot_black/black_pod_rot_589.jpg,principal,1,589,0.5204673
1812,dataT/pod_rot_black/black_pod_rot_59.jpg,principal,1,59,0.45985568
1813,dataT/pod_rot_black/black_pod_rot_590.jpg,principal,1,590,0.44107163
1814,dataT/pod_rot_black/black_pod_rot_591.jpg,principal,1,591,0.4796595
1815,dataT/pod_rot_black/black_pod_rot_592.jpg,principal,1,592,0.50740004
1816,dataT/pod_rot_black/black_pod_rot_593.jpg,principal,1,593,0.40167034
1817,dataT/pod_rot_black/black_pod_rot_594.jpg,principal,1,594,0.37817293
1818,dataT/pod_rot_black/black_pod_rot_595.jpg,principal,1,595,0.36621347
1819,dataT/pod_rot_black/black_pod_rot_596.jpg,principal,1,596,0.5102453
1820,dataT/pod_rot_black/black_pod_rot_597.jpg,principal,1,597,0.5397357
1821,dataT/pod_rot_black/black_pod_rot_598.jpg,principal,1,598,0.3246397
1822,dataT/pod_rot_black/black_pod_rot_599.jpg,principal,1,599,0.5118316
1823,dataT/pod_rot_black/black_pod_rot_6.jpg,principal,1,6,0.2178343
1824,dataT/pod_rot_black/black_pod_rot_60.jpg,principal,1,60,0.44924104
1825,dataT/pod_rot_black/black_pod_rot_600.jpg,principal,1,600,0.5128461
1826,dataT/pod_rot_black/black_pod_rot_601.jpg,principal,1,601,0.53966904
1827,dataT/pod_rot_black/black_pod_rot_602.jpg,principal,1,602,0.53974026
1828,dataT/pod_rot_black/black_pod_rot_603.jpg,principal,1,603,0.53730935
1829,dataT/pod_rot_black/black_pod_rot_604.jpg,principal,1,604,0.51879543
1830,dataT/pod_rot_black/black_pod_rot_605.jpg,principal,1,605,0.46353683
1831,dataT/pod_rot_black/black_pod_rot_606.jpg,principal,1,606,0.524238
1832,dataT/pod_rot_black/black_pod_rot_607.jpg,principal,1,607,0.53197217
1833,dataT/pod_rot_black/black_pod_rot_608.jpg,principal,1,608,0.46812665
1834,dataT/pod_rot_black/black_pod_rot_609.jpg,principal,1,609,0.4728582
1835,dataT/pod_rot_black/black_pod_rot_61.jpg,principal,1,61,0.48443085
1836,dataT/pod_rot_black/black_pod_rot_610.jpg,principal,1,610,0.39219332
1837,dataT/pod_rot_black/black_pod_rot_611.jpg,principal,1,611,0.52395636
1838,dataT/pod_rot_black/black_pod_rot_612.jpg,principal,1,612,0.5925062
1839,dataT/pod_rot_black/black_pod_rot_613.jpg,principal,1,613,0.4818199
1840,dataT/pod_rot_black/black_pod_rot_614.jpg,principal,1,614,0.39001608
1841,dataT/pod_rot_black/black_pod_rot_615.jpg,principal,1,615,0.3952726
1842,dataT/pod_rot_black/black_pod_rot_616.jpg,principal,1,616,0.60739255
1843,dataT/pod_rot_black/black_pod_rot_617.jpg,principal,1,617,0.5303959
1844,dataT/pod_rot_black/black_pod_rot_618.jpg,principal,1,618,0.46877408
1845,dataT/pod_rot_black/black_pod_rot_619.jpg,principal,1,619,0.31822687
1846,dataT/pod_rot_black/black_pod_rot_62.jpg,principal,1,62,0.4662569
1847,dataT/pod_rot_black/black_pod_rot_620.jpg,principal,1,620,0.49209166
1848,dataT/pod_rot_black/black_pod_rot_621.jpg,principal,1,621,0.49137115
1849,dataT/pod_rot_black/black_pod_rot_622.jpg,principal,1,622,0.47311094
1850,dataT/pod_rot_black/black_pod_rot_623.jpg,principal,1,623,0.41609424
1851,dataT/pod_rot_black/black_pod_rot_624.jpg,principal,1,624,0.51881427
1852,dataT/pod_rot_black/black_pod_rot_625.jpg,principal,1,625,0.48611543
1853,dataT/pod_rot_black/black_pod_rot_626.jpg,principal,1,626,0.29912072
1854,dataT/pod_rot_black/black_pod_rot_627.jpg,principal,1,627,0.48974591
1855,dataT/pod_rot_black/black_pod_rot_628.jpg,principal,1,628,0.39355904
1856,dataT/pod_rot_black/black_pod_rot_629.jpg,principal,1,629,0.57952905
1857,dataT/pod_rot_black/black_pod_rot_63.jpg,principal,1,63,0.33582842
1858,dataT/pod_rot_black/black_pod_rot_630.jpg,principal,1,630,0.4604531
1859,dataT/pod_rot_black/black_pod_rot_631.jpg,principal,1,631,0.47721064
1860,dataT/pod_rot_black/black_pod_rot_632.jpg,principal,1,632,0.33573347
1861,dataT/pod_rot_black/black_pod_rot_633.jpg,principal,1,633,0.598688
1862,dataT/pod_rot_black/black_pod_rot_634.jpg,principal,1,634,0.492365
1863,dataT/pod_rot_black/black_pod_rot_635.jpg,principal,1,635,0.4070088
1864,dataT/pod_rot_black/black_pod_rot_636.jpg,principal,1,636,0.5063754
1865,dataT/pod_rot_black/black_pod_rot_637.jpg,principal,1,637,0.44133127
1866,dataT/pod_rot_black/black_pod_rot_638.jpg,principal,1,638,0.59564894
1867,dataT/pod_rot_black/black_pod_rot_639.jpg,principal,1,639,0.46381986
1868,dataT/pod_rot_black/black_pod_rot_64.jpg,principal,1,64,0.35663998
1869,dataT/pod_rot_black/black_pod_rot_640.jpg,principal,1,640,0.5550768
1870,dataT/pod_rot_black/black_pod_rot_641.jpg,principal,1,641,0.60242265
1871,dataT/pod_rot_black/black_pod_rot_642.jpg,principal,1,642,0.5268639
1872,dataT/pod_rot_black/black_pod_rot_643.jpg,principal,1,643,0.5183559
1873,dataT/pod_rot_black/black_pod_rot_644.jpg,principal,1,644,0.52854884
1874,dataT/pod_rot_black/black_pod_rot_645.jpg,principal,1,645,0.45321423
1875,dataT/pod_rot_black/black_pod_rot_646.jpg,principal,1,646,0.52006817
1876,dataT/pod_rot_black/black_pod_rot_647.jpg,principal,1,647,0.40477198
1877,dataT/pod_rot_black/black_pod_rot_648.jpg,principal,1,648,0.71014106
1878,dataT/pod_rot_black/black_pod_rot_649.jpg,principal,1,649,0.58255666
1879,dataT/pod_rot_black/black_pod_rot_65.jpg,principal,1,65,0.43653148
1880,dataT/pod_rot_black/black_pod_rot_650.jpg,principal,1,650,0.5543667
1881,dataT/pod_rot_black/black_pod_rot_651.jpg,principal,1,651,0.43600905
1882,dataT/pod_rot_black/black_pod_rot_652.jpg,principal,1,652,0.4781305
1883,dataT/pod_rot_black/black_pod_rot_653.jpg,principal,1,653,0.50480014
1884,dataT/pod_rot_black/black_pod_rot_654.jpg,principal,1,654,0.45832485
1885,dataT/pod_rot_black/black_pod_rot_655.jpg,principal,1,655,0.37731376
1886,dataT/pod_rot_black/black_pod_rot_656.jpg,principal,1,656,0.43008408
1887,dataT/pod_rot_black/black_pod_rot_657.jpg,principal,1,657,0.45515358
1888,dataT/pod_rot_black/black_pod_rot_658.jpg,principal,1,658,0.42030305
1889,dataT/pod_rot_black/black_pod_rot_659.jpg,principal,1,659,0.44506568
1890,dataT/pod_rot_black/black_pod_rot_66.jpg,principal,1,66,0.3854273
1891,dataT/pod_rot_black/black_pod_rot_660.jpg,principal,1,660,0.4242957
1892,dataT/pod_rot_black/black_pod_rot_661.jpg,principal,1,661,0.29494187
1893,dataT/pod_rot_black/black_pod_rot_662.jpg,principal,1,662,0.47616187
1894,dataT/pod_rot_black/black_pod_rot_663.jpg,principal,1,663,0.34479177
1895,dataT/pod_rot_black/black_pod_rot_664.jpg,principal,1,664,0.4225275
1896,dataT/pod_rot_black/black_pod_rot_665.jpg,principal,1,665,0.46842158
1897,dataT/pod_rot_black/black_pod_rot_666.jpg,principal,1,666,0.45705813
1898,dataT/pod_rot_black/black_pod_rot_667.jpg,principal,1,667,0.45543373
1899,dataT/pod_rot_black/black_pod_rot_668.jpg,principal,1,668,0.4572962
1900,dataT/pod_rot_black/black_pod_rot_669.jpg,principal,1,669,0.36135375
1901,dataT/pod_rot_black/black_pod_rot_67.jpg,principal,1,67,0.4878114
1902,dataT/pod_rot_black/black_pod_rot_670.jpg,principal,1,670,0.5137501
1903,dataT/pod_rot_black/black_pod_rot_671.jpg,principal,1,671,0.4292744
1904,dataT/pod_rot_black/black_pod_rot_672.jpg,principal,1,672,0.5084243
1905,dataT/pod_rot_black/black_pod_rot_673.jpg,principal,1,673,0.5433878
1906,dataT/pod_rot_black/black_pod_rot_674.jpg,principal,1,674,0.55799735
1907,dataT/pod_rot_black/black_pod_rot_675.jpg,principal,1,675,0.53095204
1908,dataT/pod_rot_black/black_pod_rot_676.jpg,principal,1,676,0.47739667
1909,dataT/pod_rot_black/black_pod_rot_677.jpg,principal,1,677,0.41253024
1910,dataT/pod_rot_black/black_pod_rot_678.jpg,principal,1,678,0.5010155
1911,dataT/pod_rot_black/black_pod_rot_679.jpg,principal,1,679,0.44507384
1912,dataT/pod_rot_black/black_pod_rot_68.jpg,principal,1,68,0.4326669
1913,dataT/pod_rot_black/black_pod_rot_680.jpg,principal,1,680,0.20580347
1914,dataT/pod_rot_black/black_pod_rot_681.jpg,principal,1,681,0.3301288
1915,dataT/pod_rot_black/black_pod_rot_682.jpg,principal,1,682,0.40456325
1916,dataT/pod_rot_black/black_pod_rot_683.jpg,principal,1,683,0.44598
1917,dataT/pod_rot_black/black_pod_rot_684.jpg,principal,1,684,0.21653014
1918,dataT/pod_rot_black/black_pod_rot_685.jpg,principal,1,685,0.5493165
1919,dataT/pod_rot_black/black_pod_rot_686.jpg,principal,1,686,0.5394666
1920,dataT/pod_rot_black/black_pod_rot_687.jpg,principal,1,687,0.40293464
1921,dataT/pod_rot_black/black_pod_rot_688.jpg,principal,1,688,0.43305874
1922,dataT/pod_rot_black/black_pod_rot_689.jpg,principal,1,689,0.44727942
1923,dataT/pod_rot_black/black_pod_rot_69.jpg,principal,1,69,0.49379808
1924,dataT/pod_rot_black/black_pod_rot_690.jpg,principal,1,690,0.43477094
1925,dataT/pod_rot_black/black_pod_rot_691.jpg,principal,1,691,0.38474947
1926,dataT/pod_rot_black/black_pod_rot_692.jpg,principal,1,692,0.57801676
1927,dataT/pod_rot_black/black_pod_rot_693.jpg,principal,1,693,0.40934736
1928,dataT/pod_rot_black/black_pod_rot_694.jpg,principal,1,694,0.38594165
1929,dataT/pod_rot_black/black_pod_rot_695.jpg,principal,1,695,0.46794295
1930,dataT/pod_rot_black/black_pod_rot_696.jpg,principal,1,696,0.37120855
1931,dataT/pod_rot_black/black_pod_rot_697.jpg,principal,1,697,0.33771855
1932,dataT/pod_rot_black/black_pod_rot_698.jpg,principal,1,698,0.51417714
1933,dataT/pod_rot_black/black_pod_rot_699.jpg,principal,1,699,0.4776376
1934,dataT/pod_rot_black/black_pod_rot_7.jpg,principal,1,7,0.57577443
1935,dataT/pod_rot_black/black_pod_rot_70.jpg,principal,1,70,0.43070737
1936,dataT/pod_rot_black/black_pod_rot_700.jpg,principal,1,700,0.54426205
1937,dataT/pod_rot_black/black_pod_rot_701.jpg,principal,1,701,0.23397791
1938,dataT/pod_rot_black/black_pod_rot_702.jpg,principal,1,702,0.5285912
1939,dataT/pod_rot_black/black_pod_rot_703.jpg,principal,1,703,0.5373701
1940,dataT/pod_rot_black/black_pod_rot_704.jpg,principal,1,704,0.44777375
1941,dataT/pod_rot_black/black_pod_rot_705.jpg,principal,1,705,0.5104349
1942,dataT/pod_rot_black/black_pod_rot_706.jpg,principal,1,706,0.49357253
1943,dataT/pod_rot_black/black_pod_rot_707.jpg,principal,1,707,0.57832044
1944,dataT/pod_rot_black/black_pod_rot_708.jpg,principal,1,708,0.553916
1945,dataT/pod_rot_black/black_pod_rot_709.jpg,principal,1,709,0.5208927
1946,dataT/pod_rot_black/black_pod_rot_71.jpg,principal,1,71,0.40410042
1947,dataT/pod_rot_black/black_pod_rot_710.jpg,principal,1,710,0.54011834
1948,dataT/pod_rot_black/black_pod_rot_711.jpg,principal,1,711,0.49904156
1949,dataT/pod_rot_black/black_pod_rot_712.jpg,principal,1,712,0.44956392
1950,dataT/pod_rot_black/black_pod_rot_713.jpg,principal,1,713,0.37882328
1951,dataT/pod_rot_black/black_pod_rot_714.jpg,principal,1,714,0.4295165
1952,dataT/pod_rot_black/black_pod_rot_715.jpg,principal,1,715,0.47319585
1953,dataT/pod_rot_black/black_pod_rot_716.jpg,principal,1,716,0.49587247
1954,dataT/pod_rot_black/black_pod_rot_717.jpg,principal,1,717,0.39579183
1955,dataT/pod_rot_black/black_pod_rot_718.jpg,principal,1,718,0.36886424
1956,dataT/pod_rot_black/black_pod_rot_719.jpg,principal,1,719,0.49415812
1957,dataT/pod_rot_black/black_pod_rot_72.jpg,principal,1,72,0.47525546
1958,dataT/pod_rot_black/black_pod_rot_720.jpg,principal,1,720,0.49846023
1959,dataT/pod_rot_black/black_pod_rot_721.jpg,principal,1,721,0.5707659
1960,dataT/pod_rot_black/black_pod_rot_722.jpg,principal,1,722,0.45856577
1961,dataT/pod_rot_black/black_pod_rot_723.jpg,principal,1,723,0.28106195
1962,dataT/pod_rot_black/black_pod_rot_724.jpg,principal,1,724,0.43518355
1963,dataT/pod_rot_black/black_pod_rot_725.jpg,principal,1,725,0.5918466
1964,dataT/pod_rot_black/black_pod_rot_726.jpg,principal,1,726,0.45184064
1965,dataT/pod_rot_black/black_pod_rot_727.jpg,principal,1,727,0.4690634
1966,dataT/pod_rot_black/black_pod_rot_728.jpg,principal,1,728,0.4469533
1967,dataT/pod_rot_black/black_pod_rot_729.jpg,principal,1,729,0.58239573
1968,dataT/pod_rot_black/black_pod_rot_73.jpg,principal,1,73,0.48968658
1969,dataT/pod_rot_black/black_pod_rot_730.jpg,principal,1,730,0.3640531
1970,dataT/pod_rot_black/black_pod_rot_731.jpg,principal,1,731,0.50621486
1971,dataT/pod_rot_black/black_pod_rot_732.jpg,principal,1,732,0.34389728
1972,dataT/pod_rot_black/black_pod_rot_733.jpg,principal,1,733,0.3771584
1973,dataT/pod_rot_black/black_pod_rot_734.jpg,principal,1,734,0.45738783
1974,dataT/pod_rot_black/black_pod_rot_735.jpg,principal,1,735,0.34136975
1975,dataT/pod_rot_black/black_pod_rot_736.jpg,principal,1,736,0.48491323
1976,dataT/pod_rot_black/black_pod_rot_737.jpg,principal,1,737,0.47511825
1977,dataT/pod_rot_black/black_pod_rot_738.jpg,principal,1,738,0.39971805
1978,dataT/pod_rot_black/black_pod_rot_739.jpg,principal,1,739,0.5196516
1979,dataT/pod_rot_black/black_pod_rot_74.jpg,principal,1,74,0.4926536
1980,dataT/pod_rot_black/black_pod_rot_740.jpg,principal,1,740,0.48338607
1981,dataT/pod_rot_black/black_pod_rot_741.jpg,principal,1,741,0.45282602
1982,dataT/pod_rot_black/black_pod_rot_742.jpg,principal,1,742,0.50788176
1983,dataT/pod_rot_black/black_pod_rot_743.jpg,principal,1,743,0.44758156
1984,dataT/pod_rot_black/black_pod_rot_744.jpg,principal,1,744,0.53177345
1985,dataT/pod_rot_black/black_pod_rot_745.jpg,principal,1,745,0.533476
1986,dataT/pod_rot_black/black_pod_rot_746.jpg,principal,1,746,0.38520163
1987,dataT/pod_rot_black/black_pod_rot_747.jpg,principal,1,747,0.62810826
1988,dataT/pod_rot_black/black_pod_rot_748.jpg,principal,1,748,0.56759536
1989,dataT/pod_rot_black/black_pod_rot_749.jpg,principal,1,749,0.44256747
1990,dataT/pod_rot_black/black_pod_rot_75.jpg,principal,1,75,0.39845473
1991,dataT/pod_rot_black/black_pod_rot_750.jpg,principal,1,750,0.44842184
1992,dataT/pod_rot_black/black_pod_rot_751.jpg,principal,1,751,0.5469734
1993,dataT/pod_rot_black/black_pod_rot_752.jpg,principal,1,752,0.4121475
1994,dataT/pod_rot_black/black_pod_rot_753.jpg,principal,1,753,0.40071797
1995,dataT/pod_rot_black/black_pod_rot_754.jpg,principal,1,754,0.4906571
1996,dataT/pod_rot_black/black_pod_rot_755.jpg,principal,1,755,0.5895865
1997,dataT/pod_rot_black/black_pod_rot_756.jpg,principal,1,756,0.5245768
1998,dataT/pod_rot_black/black_pod_rot_757.jpg,principal,1,757,0.4519166
1999,dataT/pod_rot_black/black_pod_rot_758.jpg,principal,1,758,0.42786402
2000,dataT/pod_rot_black/black_pod_rot_759.jpg,principal,1,759,0.48306775
2001,dataT/pod_rot_black/black_pod_rot_76.jpg,principal,1,76,0.44796097
2002,dataT/pod_rot_black/black_pod_rot_760.jpg,principal,1,760,0.4625532
2003,dataT/pod_rot_black/black_pod_rot_761.jpg,principal,1,761,0.52803236
2004,dataT/pod_rot_black/black_pod_rot_762.jpg,principal,1,762,0.36230338
2005,dataT/pod_rot_black/black_pod_rot_763.jpg,principal,1,763,0.3856371
2006,dataT/pod_rot_black/black_pod_rot_764.jpg,principal,1,764,0.54785144
2007,dataT/pod_rot_black/black_pod_rot_765.jpg,principal,1,765,0.30928984
2008,dataT/pod_rot_black/black_pod_rot_766.jpg,principal,1,766,0.44022602
2009,dataT/pod_rot_black/black_pod_rot_767.jpg,principal,1,767,0.47969535
2010,dataT/pod_rot_black/black_pod_rot_768.jpg,principal,1,768,0.34533572
2011,dataT/pod_rot_black/black_pod_rot_769.jpg,principal,1,769,0.45952827
2012,dataT/pod_rot_black/black_pod_rot_77.jpg,principal,1,77,0.5238138
2013,dataT/pod_rot_black/black_pod_rot_770.jpg,principal,1,770,0.47668144
2014,dataT/pod_rot_black/black_pod_rot_771.jpg,principal,1,771,0.5571505
2015,dataT/pod_rot_black/black_pod_rot_772.jpg,principal,1,772,0.55086505
2016,dataT/pod_rot_black/black_pod_rot_773.jpg,principal,1,773,0.5328988
2017,dataT/pod_rot_black/black_pod_rot_774.jpg,principal,1,774,0.4810747
2018,dataT/pod_rot_black/black_pod_rot_775.jpg,principal,1,775,0.31838167
2019,dataT/pod_rot_black/black_pod_rot_776.jpg,principal,1,776,0.61395353
2020,dataT/pod_rot_black/black_pod_rot_777.jpg,principal,1,777,0.6235161
2021,dataT/pod_rot_black/black_pod_rot_778.jpg,principal,1,778,0.5275576
2022,dataT/pod_rot_black/black_pod_rot_779.jpg,principal,1,779,0.5118778
2023,dataT/pod_rot_black/black_pod_rot_78.jpg,principal,1,78,0.46716923
2024,dataT/pod_rot_black/black_pod_rot_780.jpg,principal,1,780,0.5644371
2025,dataT/pod_rot_black/black_pod_rot_781.jpg,principal,1,781,0.5095455
2026,dataT/pod_rot_black/black_pod_rot_782.jpg,principal,1,782,0.49498913
2027,dataT/pod_rot_black/black_pod_rot_783.jpg,principal,1,783,0.48911405
2028,dataT/pod_rot_black/black_pod_rot_784.jpg,principal,1,784,0.5910087
2029,dataT/pod_rot_black/black_pod_rot_785.jpg,principal,1,785,0.94663644
2030,dataT/pod_rot_black/black_pod_rot_786.jpg,principal,1,786,0.86725366
2031,dataT/pod_rot_black/black_pod_rot_787.jpg,principal,1,787,0.89609975
2032,dataT/pod_rot_black/black_pod_rot_788.jpg,principal,1,788,0.94306153
2033,dataT/pod_rot_black/black_pod_rot_789.jpg,principal,1,789,0.49129272
2034,dataT/pod_rot_black/black_pod_rot_79.jpg,principal,1,79,0.3522249
2035,dataT/pod_rot_black/black_pod_rot_790.jpg,principal,1,790,0.95831084
2036,dataT/pod_rot_black/black_pod_rot_791.jpg,principal,1,791,0.51108736
2037,dataT/pod_rot_black/black_pod_rot_792.jpg,principal,1,792,0.89339495
2038,dataT/pod_rot_black/black_pod_rot_793.jpg,principal,1,793,0.89781654
2039,dataT/pod_rot_black/black_pod_rot_794.jpg,principal,1,794,0.42856067
2040,dataT/pod_rot_black/black_pod_rot_795.jpg,principal,1,795,0.9426575
2041,dataT/pod_rot_black/black_pod_rot_796.jpg,principal,1,796,0.52632236
2042,dataT/pod_rot_black/black_pod_rot_797.jpg,principal,1,797,0.5466717
2043,dataT/pod_rot_black/black_pod_rot_798.jpg,principal,1,798,0.33349967
2044,dataT/pod_rot_black/black_pod_rot_799.jpg,principal,1,799,0.5737603
2045,dataT/pod_rot_black/black_pod_rot_8.jpg,principal,1,8,0.53034824
2046,dataT/pod_rot_black/black_pod_rot_80.jpg,principal,1,80,0.5638176
2047,dataT/pod_rot_black/black_pod_rot_800.jpg,principal,1,800,0.50306153
2048,dataT/pod_rot_black/black_pod_rot_801.jpg,principal,1,801,0.3981117
2049,dataT/pod_rot_black/black_pod_rot_802.jpg,principal,1,802,0.51667976
2050,dataT/pod_rot_black/black_pod_rot_803.jpg,principal,1,803,0.5276089
2051,dataT/pod_rot_black/black_pod_rot_804.jpg,principal,1,804,0.09965381
2052,dataT/pod_rot_black/black_pod_rot_805.jpg,principal,1,805,0.50190485
2053,dataT/pod_rot_black/black_pod_rot_806.jpg,principal,1,806,0.546016
2054,dataT/pod_rot_black/black_pod_rot_807.jpg,principal,1,807,0.573218
2055,dataT/pod_rot_black/black_pod_rot_808.jpg,principal,1,808,0.4981265
2056,dataT/pod_rot_black/black_pod_rot_809.jpg,principal,1,809,0.48989475
2057,dataT/pod_rot_black/black_pod_rot_81.jpg,principal,1,81,0.58060616
2058,dataT/pod_rot_black/black_pod_rot_810.jpg,principal,1,810,0.53661096
2059,dataT/pod_rot_black/black_pod_rot_811.jpg,principal,1,811,0.49258757
2060,dataT/pod_rot_black/black_pod_rot_812.jpg,principal,1,812,0.55325854
2061,dataT/pod_rot_black/black_pod_rot_813.jpg,principal,1,813,0.31181294
2062,dataT/pod_rot_black/black_pod_rot_814.jpg,principal,1,814,0.4589239
2063,dataT/pod_rot_black/black_pod_rot_815.jpg,principal,1,815,0.45504504
2064,dataT/pod_rot_black/black_pod_rot_816.jpg,principal,1,816,0.44784322
2065,dataT/pod_rot_black/black_pod_rot_817.jpg,principal,1,817,0.395602
2066,dataT/pod_rot_black/black_pod_rot_818.jpg,principal,1,818,0.479818
2067,dataT/pod_rot_black/black_pod_rot_819.jpg,principal,1,819,0.49049127
2068,dataT/pod_rot_black/black_pod_rot_82.jpg,principal,1,82,0.4410886
2069,dataT/pod_rot_black/black_pod_rot_820.jpg,principal,1,820,0.50541663
2070,dataT/pod_rot_black/black_pod_rot_821.jpg,principal,1,821,0.5124152
2071,dataT/pod_rot_black/black_pod_rot_822.jpg,principal,1,822,0.51067007
2072,dataT/pod_rot_black/black_pod_rot_823.jpg,principal,1,823,0.4673475
2073,dataT/pod_rot_black/black_pod_rot_824.jpg,principal,1,824,0.37823734
2074,dataT/pod_rot_black/black_pod_rot_825.jpg,principal,1,825,0.4961806
2075,dataT/pod_rot_black/black_pod_rot_826.jpg,principal,1,826,0.40070277
2076,dataT/pod_rot_black/black_pod_rot_827.jpg,principal,1,827,0.43799704
2077,dataT/pod_rot_black/black_pod_rot_828.jpg,principal,1,828,0.5246049
2078,dataT/pod_rot_black/black_pod_rot_829.jpg,principal,1,829,0.50165343
2079,dataT/pod_rot_black/black_pod_rot_83.jpg,principal,1,83,0.3792135
2080,dataT/pod_rot_black/black_pod_rot_830.jpg,principal,1,830,0.4448715
2081,dataT/pod_rot_black/black_pod_rot_831.jpg,principal,1,831,0.44871753
2082,dataT/pod_rot_black/black_pod_rot_832.jpg,principal,1,832,0.43466398
2083,dataT/pod_rot_black/black_pod_rot_833.jpg,principal,1,833,0.3680455
2084,dataT/pod_rot_black/black_pod_rot_834.jpg,principal,1,834,0.4373949
2085,dataT/pod_rot_black/black_pod_rot_835.jpg,principal,1,835,0.45811146
2086,dataT/pod_rot_black/black_pod_rot_836.jpg,principal,1,836,0.41269162
2087,dataT/pod_rot_black/black_pod_rot_837.jpg,principal,1,837,0.5204097
2088,dataT/pod_rot_black/black_pod_rot_838.jpg,principal,1,838,0.48702896
2089,dataT/pod_rot_black/black_pod_rot_839.jpg,principal,1,839,0.42861354
2090,dataT/pod_rot_black/black_pod_rot_84.jpg,principal,1,84,0.50258726
2091,dataT/pod_rot_black/black_pod_rot_840.jpg,principal,1,840,0.3909923
2092,dataT/pod_rot_black/black_pod_rot_841.jpg,principal,1,841,0.4376477
2093,dataT/pod_rot_black/black_pod_rot_842.jpg,principal,1,842,0.42904863
2094,dataT/pod_rot_black/black_pod_rot_843.jpg,principal,1,843,0.44738287
2095,dataT/pod_rot_black/black_pod_rot_844.jpg,principal,1,844,0.4940484
2096,dataT/pod_rot_black/black_pod_rot_845.jpg,principal,1,845,0.47883272
2097,dataT/pod_rot_black/black_pod_rot_846.jpg,principal,1,846,0.39584902
2098,dataT/pod_rot_black/black_pod_rot_847.jpg,principal,1,847,0.5438931
2099,dataT/pod_rot_black/black_pod_rot_848.jpg,principal,1,848,0.4310481
2100,dataT/pod_rot_black/black_pod_rot_849.jpg,principal,1,849,0.51889503
2101,dataT/pod_rot_black/black_pod_rot_85.jpg,principal,1,85,0.3933157
2102,dataT/pod_rot_black/black_pod_rot_850.jpg,principal,1,850,0.59134245
2103,dataT/pod_rot_black/black_pod_rot_851.jpg,principal,1,851,0.47857723
2104,dataT/pod_rot_black/black_pod_rot_852.jpg,principal,1,852,0.43056577
2105,dataT/pod_rot_black/black_pod_rot_853.jpg,principal,1,853,0.4327634
2106,dataT/pod_rot_black/black_pod_rot_854.jpg,principal,1,854,0.51499796
2107,dataT/pod_rot_black/black_pod_rot_855.jpg,principal,1,855,0.33291197
2108,dataT/pod_rot_black/black_pod_rot_856.jpg,principal,1,856,0.41359353
2109,dataT/pod_rot_black/black_pod_rot_857.jpg,principal,1,857,0.38988274
2110,dataT/pod_rot_black/black_pod_rot_858.jpg,principal,1,858,0.39566076
2111,dataT/pod_rot_black/black_pod_rot_859.jpg,principal,1,859,0.43307096
2112,dataT/pod_rot_black/black_pod_rot_86.jpg,principal,1,86,0.38185793
2113,dataT/pod_rot_black/black_pod_rot_860.jpg,principal,1,860,0.34739995
2114,dataT/pod_rot_black/black_pod_rot_861.jpg,principal,1,861,0.45547134
2115,dataT/pod_rot_black/black_pod_rot_862.jpg,principal,1,862,0.51904744
2116,dataT/pod_rot_black/black_pod_rot_863.jpg,principal,1,863,0.4579817
2117,dataT/pod_rot_black/black_pod_rot_864.jpg,principal,1,864,0.5114206
2118,dataT/pod_rot_black/black_pod_rot_865.jpg,principal,1,865,0.43118414
2119,dataT/pod_rot_black/black_pod_rot_866.jpg,principal,1,866,0.53885293
2120,dataT/pod_rot_black/black_pod_rot_867.jpg,principal,1,867,0.42418224
2121,dataT/pod_rot_black/black_pod_rot_868.jpg,principal,1,868,0.45794177
2122,dataT/pod_rot_black/black_pod_rot_869.jpg,principal,1,869,0.44989508
2123,dataT/pod_rot_black/black_pod_rot_87.jpg,principal,1,87,0.42339954
2124,dataT/pod_rot_black/black_pod_rot_870.jpg,principal,1,870,0.42827302
2125,dataT/pod_rot_black/black_pod_rot_871.jpg,principal,1,871,0.47611645
2126,dataT/pod_rot_black/black_pod_rot_872.jpg,principal,1,872,0.4902913
2127,dataT/pod_rot_black/black_pod_rot_873.jpg,principal,1,873,0.55554724
2128,dataT/pod_rot_black/black_pod_rot_874.jpg,principal,1,874,0.49553442
2129,dataT/pod_rot_black/black_pod_rot_875.jpg,principal,1,875,0.52952385
2130,dataT/pod_rot_black/black_pod_rot_876.jpg,principal,1,876,0.58520883
2131,dataT/pod_rot_black/black_pod_rot_877.jpg,principal,1,877,0.510581
2132,dataT/pod_rot_black/black_pod_rot_878.jpg,principal,1,878,0.48463714
2133,dataT/pod_rot_black/black_pod_rot_879.jpg,principal,1,879,0.28614873
2134,dataT/pod_rot_black/black_pod_rot_88.jpg,principal,1,88,0.4633686
2135,dataT/pod_rot_black/black_pod_rot_880.jpg,principal,1,880,0.42589656
2136,dataT/pod_rot_black/black_pod_rot_881.jpg,principal,1,881,0.3580136
2137,dataT/pod_rot_black/black_pod_rot_882.jpg,principal,1,882,0.37653607
2138,dataT/pod_rot_black/black_pod_rot_883.jpg,principal,1,883,0.4555652
2139,dataT/pod_rot_black/black_pod_rot_884.jpg,principal,1,884,0.4583668
2140,dataT/pod_rot_black/black_pod_rot_885.jpg,principal,1,885,0.43138614
2141,dataT/pod_rot_black/black_pod_rot_886.jpg,principal,1,886,0.48998588
2142,dataT/pod_rot_black/black_pod_rot_887.jpg,principal,1,887,0.49779794
2143,dataT/pod_rot_black/black_pod_rot_888.jpg,principal,1,888,0.40548998
2144,dataT/pod_rot_black/black_pod_rot_889.jpg,principal,1,889,0.40408236
2145,dataT/pod_rot_black/black_pod_rot_89.jpg,principal,1,89,0.4356027
2146,dataT/pod_rot_black/black_pod_rot_890.jpg,principal,1,890,0.48997003
2147,dataT/pod_rot_black/black_pod_rot_891.jpg,principal,1,891,0.3970878
2148,dataT/pod_rot_black/black_pod_rot_892.jpg,principal,1,892,0.48731452
2149,dataT/pod_rot_black/black_pod_rot_893.jpg,principal,1,893,0.43641657
2150,dataT/pod_rot_black/black_pod_rot_894.jpg,principal,1,894,0.5192814
2151,dataT/pod_rot_black/black_pod_rot_895.jpg,principal,1,895,0.5185843
2152,dataT/pod_rot_black/black_pod_rot_896.jpg,principal,1,896,0.59161085
2153,dataT/pod_rot_black/black_pod_rot_897.jpg,principal,1,897,0.60702115
2154,dataT/pod_rot_black/black_pod_rot_898.jpg,principal,1,898,0.43671787
2155,dataT/pod_rot_black/black_pod_rot_899.jpg,principal,1,899,0.4137055
2156,dataT/pod_rot_black/black_pod_rot_9.jpg,principal,1,9,0.44463453
2157,dataT/pod_rot_black/black_pod_rot_90.jpg,principal,1,90,0.4411716
2158,dataT/pod_rot_black/black_pod_rot_900.jpg,principal,1,900,0.43780077
2159,dataT/pod_rot_black/black_pod_rot_901.jpg,principal,1,901,0.5924116
2160,dataT/pod_rot_black/black_pod_rot_902.jpg,principal,1,902,0.50472677
2161,dataT/pod_rot_black/black_pod_rot_903.jpg,principal,1,903,0.55289775
2162,dataT/pod_rot_black/black_pod_rot_904.jpg,principal,1,904,0.412138
2163,dataT/pod_rot_black/black_pod_rot_905.jpg,principal,1,905,0.5425019
2164,dataT/pod_rot_black/black_pod_rot_906.jpg,principal,1,906,0.46610817
2165,dataT/pod_rot_black/black_pod_rot_907.jpg,principal,1,907,0.50194466
2166,dataT/pod_rot_black/black_pod_rot_908.jpg,principal,1,908,0.5009583
2167,dataT/pod_rot_black/black_pod_rot_909.jpg,principal,1,909,0.4251274
2168,dataT/pod_rot_black/black_pod_rot_91.jpg,principal,1,91,0.5036626
2169,dataT/pod_rot_black/black_pod_rot_910.jpg,principal,1,910,0.47687072
2170,dataT/pod_rot_black/black_pod_rot_911.jpg,principal,1,911,0.49166578
2171,dataT/pod_rot_black/black_pod_rot_912.jpg,principal,1,912,0.38480073
2172,dataT/pod_rot_black/black_pod_rot_913.jpg,principal,1,913,0.5261754
2173,dataT/pod_rot_black/black_pod_rot_914.jpg,principal,1,914,0.43192178
2174,dataT/pod_rot_black/black_pod_rot_915.jpg,principal,1,915,0.41025233
2175,dataT/pod_rot_black/black_pod_rot_916.jpg,principal,1,916,0.42829907
2176,dataT/pod_rot_black/black_pod_rot_917.jpg,principal,1,917,0.5041814
2177,dataT/pod_rot_black/black_pod_rot_918.jpg,principal,1,918,0.5171666
2178,dataT/pod_rot_black/black_pod_rot_919.jpg,principal,1,919,0.45131415
2179,dataT/pod_rot_black/black_pod_rot_92.jpg,principal,1,92,0.49042553
2180,dataT/pod_rot_black/black_pod_rot_920.jpg,principal,1,920,0.5128469
2181,dataT/pod_rot_black/black_pod_rot_921.jpg,principal,1,921,0.5858394
2182,dataT/pod_rot_black/black_pod_rot_922.jpg,principal,1,922,0.5225863
2183,dataT/pod_rot_black/black_pod_rot_923.jpg,principal,1,923,0.59348506
2184,dataT/pod_rot_black/black_pod_rot_924.jpg,principal,1,924,0.49066392
2185,dataT/pod_rot_black/black_pod_rot_925.jpg,principal,1,925,0.5700803
2186,dataT/pod_rot_black/black_pod_rot_926.jpg,principal,1,926,0.58173347
2187,dataT/pod_rot_black/black_pod_rot_927.jpg,principal,1,927,0.5729029
2188,dataT/pod_rot_black/black_pod_rot_928.jpg,principal,1,928,0.5189886
2189,dataT/pod_rot_black/black_pod_rot_929.jpg,principal,1,929,0.4629662
2190,dataT/pod_rot_black/black_pod_rot_93.jpg,principal,1,93,0.40701622
2191,dataT/pod_rot_black/black_pod_rot_930.jpg,principal,1,930,0.46130458
2192,dataT/pod_rot_black/black_pod_rot_931.jpg,principal,1,931,0.43106636
2193,dataT/pod_rot_black/black_pod_rot_932.jpg,principal,1,932,0.4623797
2194,dataT/pod_rot_black/black_pod_rot_933.jpg,principal,1,933,0.43143547
2195,dataT/pod_rot_black/black_pod_rot_934.jpg,principal,1,934,0.44539785
2196,dataT/pod_rot_black/black_pod_rot_935.jpg,principal,1,935,0.4188094
2197,dataT/pod_rot_black/black_pod_rot_936.jpg,principal,1,936,0.40774053
2198,dataT/pod_rot_black/black_pod_rot_937.jpg,principal,1,937,0.43398747
2199,dataT/pod_rot_black/black_pod_rot_938.jpg,principal,1,938,0.35523129
2200,dataT/pod_rot_black/black_pod_rot_939.jpg,principal,1,939,0.4605514
2201,dataT/pod_rot_black/black_pod_rot_94.jpg,principal,1,94,0.53259367
2202,dataT/pod_rot_black/black_pod_rot_940.jpg,principal,1,940,0.477197
2203,dataT/pod_rot_black/black_pod_rot_941.jpg,principal,1,941,0.561808
2204,dataT/pod_rot_black/black_pod_rot_942.jpg,principal,1,942,0.6086228
2205,dataT/pod_rot_black/black_pod_rot_943.jpg,principal,1,943,0.49838263
2206,dataT/pod_rot_black/black_pod_rot_95.jpg,principal,1,95,0.49257374
2207,dataT/pod_rot_black/black_pod_rot_96.jpg,principal,1,96,0.4529624
2208,dataT/pod_rot_black/black_pod_rot_97.jpg,principal,1,97,0.4939156
2209,dataT/pod_rot_black/black_pod_rot_98.jpg,principal,1,98,0.52322274
2210,dataT/pod_rot_black/black_pod_rot_99.jpg,principal,1,99,0.54837
2211,dataset_complete/cacao_diseases/cacao_photos/healthy/healthy_1000.jpg,no_usada,0,1000,0.47779334
2212,dataset_complete/cacao_diseases/cacao_photos/healthy/healthy_1001.jpg,no_usada,0,1001,0.4944402
2213,dataset_complete/cacao_diseases/cacao_photos/healthy/healthy_1002.jpg,no_usada,0,1002,0.44126314
2214,dataset_complete/cacao_diseases/cacao_photos/healthy/healthy_1003.jpg,no_usada,0,1003,0.42711362
2215,dataset_complete/cacao_diseases/cacao_photos/healthy/healthy_1004.jpg,no_usada,0,1004,0.34972057
2216,dataset_complete/cacao_diseases/cacao_photos/healthy/healthy_1005.jpg,no_usada,0,1005,0.4410385
2217,dataset_complete/cacao_diseases/cacao_photos/healthy/healthy_1006.jpg,no_usada,0,1006,0.45939922
2218,dataset_complete/cacao_diseases/cacao_photos/healthy/healthy_1007.jpg,no_usada,0,1007,0.4300821
2219,dataset_complete/cacao_diseases/cacao_photos/healthy/healthy_1008.jpg,no_usada,0,1008,0.40873253
2220,dataset_complete/cacao_diseases/cacao_photos/healthy/healthy_109.jpg,no_usada,0,109,0.49171126
2221,dataset_complete/cacao_diseases/cacao_photos/healthy/healthy_1092.jpg,no_usada,0,1092,0.45624226
2222,dataset_complete/cacao_diseases/cacao_photos/healthy/healthy_1093.jpg,no_usada,0,1093,0.50785697
2223,dataset_complete/cacao_diseases/cacao_photos/healthy/healthy_1094.jpg,no_usada,0,1094,0.47504786
2224,dataset_complete/cacao_diseases/cacao_photos/healthy/healthy_1095.jpg,no_usada,0,1095,0.44358358
2225,dataset_complete/cacao_diseases/cacao_photos/healthy/healthy_1096.jpg,no_usada,0,1096,0.5120214
2226,dataset_complete/cacao_diseases/cacao_photos/healthy/healthy_1097.jpg,no_usada,0,1097,0.5230739
2227,dataset_complete/cacao_diseases/cacao_photos/healthy/healthy_1098.jpg,no_usada,0,1098,0.46886027
2228,dataset_complete/cacao_diseases/cacao_photos/healthy/healthy_1099.jpg,no_usada,0,1099,0.41901845
2229,dataset_complete/cacao_diseases/cacao_photos/healthy/healthy_110.jpg,no_usada,0,110,0.49898186
2230,dataset_complete/cacao_diseases/cacao_photos/healthy/healthy_1100.jpg,no_usada,0,1100,0.40785414
2231,dataset_complete/cacao_diseases/cacao_photos/healthy/healthy_1101.jpg,no_usada,0,1101,0.46745685
2232,dataset_complete/cacao_diseases/cacao_photos/healthy/healthy_1102.jpg,no_usada,0,1102,0.349465
2233,dataset_complete/cacao_diseases/cacao_photos/healthy/healthy_1103.jpg,no_usada,0,1103,0.5472637
2234,dataset_complete/cacao_diseases/cacao_photos/healthy/healthy_1104.jpg,no_usada,0,1104,0.51933885
2235,dataset_complete/cacao_diseases/cacao_photos/healthy/healthy_1105.jpg,no_usada,0,1105,0.40118176
2236,dataset_complete/cacao_diseases/cacao_photos/healthy/healthy_1106.jpg,no_usada,0,1106,0.35652173
2237,dataset_complete/cacao_diseases/cacao_photos/healthy/healthy_1107.jpg,no_usada,0,1107,0.40528822
2238,dataset_complete/cacao_diseases/cacao_photos/healthy/healthy_1108.jpg,no_usada,0,1108,0.4663059
2239,dataset_complete/cacao_diseases/cacao_photos/healthy/healthy_1109.jpg,no_usada,0,1109,0.44043434
2240,dataset_complete/cacao_diseases/cacao_photos/healthy/healthy_111.jpg,no_usada,0,111,0.48877397
2241,dataset_complete/cacao_diseases/cacao_photos/healthy/healthy_1110.jpg,no_usada,0,1110,0.44942883
2242,dataset_complete/cacao_diseases/cacao_photos/healthy/healthy_1111.jpg,no_usada,0,1111,0.38948655
2243,dataset_complete/cacao_diseases/cacao_photos/healthy/healthy_1112.jpg,no_usada,0,1112,0.3476988
2244,dataset_complete/cacao_diseases/cacao_photos/healthy/healthy_1113.jpg,no_usada,0,1113,0.4988366
2245,dataset_complete/cacao_diseases/cacao_photos/healthy/healthy_1114.jpg,no_usada,0,1114,0.48497778
2246,dataset_complete/cacao_diseases/cacao_photos/healthy/healthy_1115.jpg,no_usada,0,1115,0.43615454
2247,dataset_complete/cacao_diseases/cacao_photos/healthy/healthy_1116.jpg,no_usada,0,1116,0.47144723
2248,dataset_complete/cacao_diseases/cacao_photos/healthy/healthy_1117.jpg,no_usada,0,1117,0.47799298
2249,dataset_complete/cacao_diseases/cacao_photos/healthy/healthy_1118.jpg,no_usada,0,1118,0.41943365
2250,dataset_complete/cacao_diseases/cacao_photos/healthy/healthy_1119.jpg,no_usada,0,1119,0.5287925
2251,dataset_complete/cacao_diseases/cacao_photos/healthy/healthy_112.jpg,no_usada,0,112,0.56357497
2252,dataset_complete/cacao_diseases/cacao_photos/healthy/healthy_1120.jpg,no_usada,0,1120,0.5368516
2253,dataset_complete/cacao_diseases/cacao_photos/healthy/healthy_1121.jpg,no_usada,0,1121,0.41868222
2254,dataset_complete/cacao_diseases/cacao_photos/healthy/healthy_1122.jpg,no_usada,0,1122,0.3908591
2255,dataset_complete/cacao_diseases/cacao_photos/healthy/healthy_1123.jpg,no_usada,0,1123,0.44738686
2256,dataset_complete/cacao_diseases/cacao_photos/healthy/healthy_1124.jpg,no_usada,0,1124,0.39551973
2257,dataset_complete/cacao_diseases/cacao_photos/healthy/healthy_1125.jpg,no_usada,0,1125,0.5489143
2258,dataset_complete/cacao_diseases/cacao_photos/healthy/healthy_1126.jpg,no_usada,0,1126,0.39800948
2259,dataset_complete/cacao_diseases/cacao_photos/healthy/healthy_1127.jpg,no_usada,0,1127,0.5902556
2260,dataset_complete/cacao_diseases/cacao_photos/healthy/healthy_1128.jpg,no_usada,0,1128,0.5702535
2261,dataset_complete/cacao_diseases/cacao_photos/healthy/healthy_1129.jpg,no_usada,0,1129,0.47131458
2262,dataset_complete/cacao_diseases/cacao_photos/healthy/healthy_113.jpg,no_usada,0,113,0.48626107
2263,dataset_complete/cacao_diseases/cacao_photos/healthy/healthy_1130.jpg,no_usada,0,1130,0.50260097
2264,dataset_complete/cacao_diseases/cacao_photos/healthy/healthy_1131.jpg,no_usada,0,1131,0.44511986
2265,dataset_complete/cacao_diseases/cacao_photos/healthy/healthy_1132.jpg,no_usada,0,1132,0.49838808
2266,dataset_complete/cacao_diseases/cacao_photos/healthy/healthy_1133.jpg,no_usada,0,1133,0.54041934
2267,dataset_complete/cacao_diseases/cacao_photos/healthy/healthy_1134.jpg,no_usada,0,1134,0.4969253
2268,dataset_complete/cacao_diseases/cacao_photos/healthy/healthy_1135.jpg,no_usada,0,1135,0.34530842
2269,dataset_complete/cacao_diseases/cacao_photos/healthy/healthy_1136.jpg,no_usada,0,1136,0.53399944
2270,dataset_complete/cacao_diseases/cacao_photos/healthy/healthy_1137.jpg,no_usada,0,1137,0.42562154
2271,dataset_complete/cacao_diseases/cacao_photos/healthy/healthy_1138.jpg,no_usada,0,1138,0.37190622
2272,dataset_complete/cacao_diseases/cacao_photos/healthy/healthy_1139.jpg,no_usada,0,1139,0.48346996
2273,dataset_complete/cacao_diseases/cacao_photos/healthy/healthy_114.jpg,no_usada,0,114,0.5293575
2274,dataset_complete/cacao_diseases/cacao_photos/healthy/healthy_115.jpg,no_usada,0,115,0.44645137
2275,dataset_complete/cacao_diseases/cacao_photos/healthy/healthy_116.jpg,no_usada,0,116,0.4090285
2276,dataset_complete/cacao_diseases/cacao_photos/healthy/healthy_117.jpg,no_usada,0,117,0.45209587
2277,dataset_complete/cacao_diseases/cacao_photos/healthy/healthy_118.jpg,no_usada,0,118,0.44601768
2278,dataset_complete/cacao_diseases/cacao_photos/healthy/healthy_119.jpg,no_usada,0,119,0.50312185
2279,dataset_complete/cacao_diseases/cacao_photos/healthy/healthy_120.jpg,no_usada,0,120,0.42460537
2280,dataset_complete/cacao_diseases/cacao_photos/healthy/healthy_121.jpg,no_usada,0,121,0.48868838
2281,dataset_complete/cacao_diseases/cacao_photos/healthy/healthy_122.jpg,no_usada,0,122,0.4179422
2282,dataset_complete/cacao_diseases/cacao_photos/healthy/healthy_123.jpg,no_usada,0,123,0.40462852
2283,dataset_complete/cacao_diseases/cacao_photos/healthy/healthy_124.jpg,no_usada,0,124,0.4422937
2284,dataset_complete/cacao_diseases/cacao_photos/healthy/healthy_125.jpg,no_usada,0,125,0.43381852
2285,dataset_complete/cacao_diseases/cacao_photos/healthy/healthy_126.jpg,no_usada,0,126,0.44737262
2286,dataset_complete/cacao_diseases/cacao_photos/healthy/healthy_127.jpg,no_usada,0,127,0.5324277
2287,dataset_complete/cacao_diseases/cacao_photos/healthy/healthy_1273.jpg,no_usada,0,1273,0.30038103
2288,dataset_complete/cacao_diseases/cacao_photos/healthy/healthy_1274.jpg,no_usada,0,1274,0.4056381
2289,dataset_complete/cacao_diseases/cacao_photos/healthy/healthy_1275.jpg,no_usada,0,1275,0.3310893
2290,dataset_complete/cacao_diseases/cacao_photos/healthy/healthy_1276.jpg,no_usada,0,1276,0.48986828
2291,dataset_complete/cacao_diseases/cacao_photos/healthy/healthy_1277.jpg,no_usada,0,1277,0.5401927
2292,dataset_complete/cacao_diseases/cacao_photos/healthy/healthy_1278.jpg,no_usada,0,1278,0.4391924
2293,dataset_complete/cacao_diseases/cacao_photos/healthy/healthy_1279.jpg,no_usada,0,1279,0.32083
2294,dataset_complete/cacao_diseases/cacao_photos/healthy/healthy_128.jpg,no_usada,0,128,0.53872156
2295,dataset_complete/cacao_diseases/cacao_photos/healthy/healthy_1280.jpg,no_usada,0,1280,0.44766676
2296,dataset_complete/cacao_diseases/cacao_photos/healthy/healthy_1281.jpg,no_usada,0,1281,0.58566594
2297,dataset_complete/cacao_diseases/cacao_photos/healthy/healthy_1282.jpg,no_usada,0,1282,0.47539726
2298,dataset_complete/cacao_diseases/cacao_photos/healthy/healthy_1283.jpg,no_usada,0,1283,0.47089097
2299,dataset_complete/cacao_diseases/cacao_photos/healthy/healthy_1284.jpg,no_usada,0,1284,0.42515066
2300,dataset_complete/cacao_diseases/cacao_photos/healthy/healthy_1285.jpg,no_usada,0,1285,0.42886394
2301,dataset_complete/cacao_diseases/cacao_photos/healthy/healthy_1286.jpg,no_usada,0,1286,0.50444204
2302,dataset_complete/cacao_diseases/cacao_photos/healthy/healthy_1287.jpg,no_usada,0,1287,0.61112237
2303,dataset_complete/cacao_diseases/cacao_photos/healthy/healthy_1288.jpg,no_usada,0,1288,0.4839911
2304,dataset_complete/cacao_diseases/cacao_photos/healthy/healthy_1289.jpg,no_usada,0,1289,0.45453882
2305,dataset_complete/cacao_diseases/cacao_photos/healthy/healthy_129.jpg,no_usada,0,129,0.48096552
2306,dataset_complete/cacao_diseases/cacao_photos/healthy/healthy_1290.jpg,no_usada,0,1290,0.46660498
2307,dataset_complete/cacao_diseases/cacao_photos/healthy/healthy_1291.jpg,no_usada,0,1291,0.5041023
2308,dataset_complete/cacao_diseases/cacao_photos/healthy/healthy_1292.jpg,no_usada,0,1292,0.41980124
2309,dataset_complete/cacao_diseases/cacao_photos/healthy/healthy_1293.jpg,no_usada,0,1293,0.58395964
2310,dataset_complete/cacao_diseases/cacao_photos/healthy/healthy_1294.jpg,no_usada,0,1294,0.35447672
2311,dataset_complete/cacao_diseases/cacao_photos/healthy/healthy_1295.jpg,no_usada,0,1295,0.4445501
2312,dataset_complete/cacao_diseases/cacao_photos/healthy/healthy_1296.jpg,no_usada,0,1296,0.41771156
2313,dataset_complete/cacao_diseases/cacao_photos/healthy/healthy_1297.jpg,no_usada,0,1297,0.47120407
2314,dataset_complete/cacao_diseases/cacao_photos/healthy/healthy_1298.jpg,no_usada,0,1298,0.3886859
2315,dataset_complete/cacao_diseases/cacao_photos/healthy/healthy_1299.jpg,no_usada,0,1299,0.36823624
2316,dataset_complete/cacao_diseases/cacao_photos/healthy/healthy_130.jpg,no_usada,0,130,0.4350278
2317,dataset_complete/cacao_diseases/cacao_photos/healthy/healthy_1300.jpg,no_usada,0,1300,0.4868678
2318,dataset_complete/cacao_diseases/cacao_photos/healthy/healthy_1301.jpg,no_usada,0,1301,0.50973266
2319,dataset_complete/cacao_diseases/cacao_photos/healthy/healthy_1302.jpg,no_usada,0,1302,0.45502043
2320,dataset_complete/cacao_diseases/cacao_photos/healthy/healthy_1303.jpg,no_usada,0,1303,0.61773205
2321,dataset_complete/cacao_diseases/cacao_photos/healthy/healthy_1304.jpg,no_usada,0,1304,0.2819906
2322,dataset_complete/cacao_diseases/cacao_photos/healthy/healthy_1305.jpg,no_usada,0,1305,0.565314
2323,dataset_complete/cacao_diseases/cacao_photos/healthy/healthy_1306.jpg,no_usada,0,1306,0.4026274
2324,dataset_complete/cacao_diseases/cacao_photos/healthy/healthy_1307.jpg,no_usada,0,1307,0.48310593
2325,dataset_complete/cacao_diseases/cacao_photos/healthy/healthy_1308.jpg,no_usada,0,1308,0.362887
2326,dataset_complete/cacao_diseases/cacao_photos/healthy/healthy_1309.jpg,no_usada,0,1309,0.3979175
2327,dataset_complete/cacao_diseases/cacao_photos/healthy/healthy_131.jpg,no_usada,0,131,0.46036208
2328,dataset_complete/cacao_diseases/cacao_photos/healthy/healthy_1310.jpg,no_usada,0,1310,0.44667035
2329,dataset_complete/cacao_diseases/cacao_photos/healthy/healthy_1311.jpg,no_usada,0,1311,0.4028082
2330,dataset_complete/cacao_diseases/cacao_photos/healthy/healthy_1312.jpg,no_usada,0,1312,0.5118075
2331,dataset_complete/cacao_diseases/cacao_photos/healthy/healthy_1313.jpg,no_usada,0,1313,0.44146785
2332,dataset_complete/cacao_diseases/cacao_photos/healthy/healthy_1314.jpg,no_usada,0,1314,0.39068446
2333,dataset_complete/cacao_diseases/cacao_photos/healthy/healthy_1315.jpg,no_usada,0,1315,0.37513793
2334,dataset_complete/cacao_diseases/cacao_photos/healthy/healthy_1316.jpg,no_usada,0,1316,0.49832696
2335,dataset_complete/cacao_diseases/cacao_photos/healthy/healthy_1317.jpg,no_usada,0,1317,0.45527875
2336,dataset_complete/cacao_diseases/cacao_photos/healthy/healthy_1318.jpg,no_usada,0,1318,0.33298963
2337,dataset_complete/cacao_diseases/cacao_photos/healthy/healthy_1319.jpg,no_usada,0,1319,0.49463224
2338,dataset_complete/cacao_diseases/cacao_photos/healthy/healthy_132.jpg,no_usada,0,132,0.37716857
2339,dataset_complete/cacao_diseases/cacao_photos/healthy/healthy_1320.jpg,no_usada,0,1320,0.50219834
2340,dataset_complete/cacao_diseases/cacao_photos/healthy/healthy_1321.jpg,no_usada,0,1321,0.45855644
2341,dataset_complete/cacao_diseases/cacao_photos/healthy/healthy_1322.jpg,no_usada,0,1322,0.4361934
2342,dataset_complete/cacao_diseases/cacao_photos/healthy/healthy_1323.jpg,no_usada,0,1323,0.41648415
2343,dataset_complete/cacao_diseases/cacao_photos/healthy/healthy_1324.jpg,no_usada,0,1324,0.47883952
2344,dataset_complete/cacao_diseases/cacao_photos/healthy/healthy_1325.jpg,no_usada,0,1325,0.39877582
2345,dataset_complete/cacao_diseases/cacao_photos/healthy/healthy_1326.jpg,no_usada,0,1326,0.38680133
2346,dataset_complete/cacao_diseases/cacao_photos/healthy/healthy_1327.jpg,no_usada,0,1327,0.51857215
2347,dataset_complete/cacao_diseases/cacao_photos/healthy/healthy_1328.jpg,no_usada,0,1328,0.41320774
2348,dataset_complete/cacao_diseases/cacao_photos/healthy/healthy_1329.jpg,no_usada,0,1329,0.37925404
2349,dataset_complete/cacao_diseases/cacao_photos/healthy/healthy_133.jpg,no_usada,0,133,0.53082144
2350,dataset_complete/cacao_diseases/cacao_photos/healthy/healthy_1330.jpg,no_usada,0,1330,0.4626338
2351,dataset_complete/cacao_diseases/cacao_photos/healthy/healthy_1331.jpg,no_usada,0,1331,0.34975424
2352,dataset_complete/cacao_diseases/cacao_photos/healthy/healthy_1332.jpg,no_usada,0,1332,0.3831919
2353,dataset_complete/cacao_diseases/cacao_photos/healthy/healthy_1333.jpg,no_usada,0,1333,0.38712358
2354,dataset_complete/cacao_diseases/cacao_photos/healthy/healthy_1334.jpg,no_usada,0,1334,0.4505002
2355,dataset_complete/cacao_diseases/cacao_photos/healthy/healthy_1335.jpg,no_usada,0,1335,0.37843838
2356,dataset_complete/cacao_diseases/cacao_photos/healthy/healthy_1336.jpg,no_usada,0,1336,0.4158903
2357,dataset_complete/cacao_diseases/cacao_photos/healthy/healthy_1337.jpg,no_usada,0,1337,0.39542156
2358,dataset_complete/cacao_diseases/cacao_photos/healthy/healthy_1338.jpg,no_usada,0,1338,0.37984782
2359,dataset_complete/cacao_diseases/cacao_photos/healthy/healthy_1339.jpg,no_usada,0,1339,0.4872542
2360,dataset_complete/cacao_diseases/cacao_photos/healthy/healthy_134.jpg,no_usada,0,134,0.3851995
2361,dataset_complete/cacao_diseases/cacao_photos/healthy/healthy_1340.jpg,no_usada,0,1340,0.46315902
2362,dataset_complete/cacao_diseases/cacao_photos/healthy/healthy_1341.jpg,no_usada,0,1341,0.41589755
2363,dataset_complete/cacao_diseases/cacao_photos/healthy/healthy_1342.jpg,no_usada,0,1342,0.39587218
2364,dataset_complete/cacao_diseases/cacao_photos/healthy/healthy_1343.jpg,no_usada,0,1343,0.44349647
2365,dataset_complete/cacao_diseases/cacao_photos/healthy/healthy_1344.jpg,no_usada,0,1344,0.5438123
2366,dataset_complete/cacao_diseases/cacao_photos/healthy/healthy_1345.jpg,no_usada,0,1345,0.48612002
2367,dataset_complete/cacao_diseases/cacao_photos/healthy/healthy_1346.jpg,no_usada,0,1346,0.53287256
2368,dataset_complete/cacao_diseases/cacao_photos/healthy/healthy_1347.jpg,no_usada,0,1347,0.4905906
2369,dataset_complete/cacao_diseases/cacao_photos/healthy/healthy_1348.jpg,no_usada,0,1348,0.44680384
2370,dataset_complete/cacao_diseases/cacao_photos/healthy/healthy_1349.jpg,no_usada,0,1349,0.38799644
2371,dataset_complete/cacao_diseases/cacao_photos/healthy/healthy_135.jpg,no_usada,0,135,0.49362764
2372,dataset_complete/cacao_diseases/cacao_photos/healthy/healthy_1350.jpg,no_usada,0,1350,0.44518325
2373,dataset_complete/cacao_diseases/cacao_photos/healthy/healthy_1351.jpg,no_usada,0,1351,0.46519738
2374,dataset_complete/cacao_diseases/cacao_photos/healthy/healthy_1352.jpg,no_usada,0,1352,0.5197968
2375,dataset_complete/cacao_diseases/cacao_photos/healthy/healthy_1353.jpg,no_usada,0,1353,0.43558124
2376,dataset_complete/cacao_diseases/cacao_photos/healthy/healthy_1354.jpg,no_usada,0,1354,0.38600743
2377,dataset_complete/cacao_diseases/cacao_photos/healthy/healthy_1355.jpg,no_usada,0,1355,0.5113477
2378,dataset_complete/cacao_diseases/cacao_photos/healthy/healthy_1356.jpg,no_usada,0,1356,0.45998472
2379,dataset_complete/cacao_diseases/cacao_photos/healthy/healthy_1357.jpg,no_usada,0,1357,0.5055627
2380,dataset_complete/cacao_diseases/cacao_photos/healthy/healthy_1358.jpg,no_usada,0,1358,0.3587513
2381,dataset_complete/cacao_diseases/cacao_photos/healthy/healthy_1359.jpg,no_usada,0,1359,0.39838272
2382,dataset_complete/cacao_diseases/cacao_photos/healthy/healthy_136.jpg,no_usada,0,136,0.46657896
2383,dataset_complete/cacao_diseases/cacao_photos/healthy/healthy_1360.jpg,no_usada,0,1360,0.40646935
2384,dataset_complete/cacao_diseases/cacao_photos/healthy/healthy_1361.jpg,no_usada,0,1361,0.41050947
2385,dataset_complete/cacao_diseases/cacao_photos/healthy/healthy_1362.jpg,no_usada,0,1362,0.44357264
2386,dataset_complete/cacao_diseases/cacao_photos/healthy/healthy_1363.jpg,no_usada,0,1363,0.5087224
2387,dataset_complete/cacao_diseases/cacao_photos/healthy/healthy_1364.jpg,no_usada,0,1364,0.4596435
2388,dataset_complete/cacao_diseases/cacao_photos/healthy/healthy_1365.jpg,no_usada,0,1365,0.40957478
2389,dataset_complete/cacao_diseases/cacao_photos/healthy/healthy_1366.jpg,no_usada,0,1366,0.5435209
2390,dataset_complete/cacao_diseases/cacao_photos/healthy/healthy_1367.jpg,no_usada,0,1367,0.49434853
2391,dataset_complete/cacao_diseases/cacao_photos/healthy/healthy_1368.jpg,no_usada,0,1368,0.39016443
2392,dataset_complete/cacao_diseases/cacao_photos/healthy/healthy_1369.jpg,no_usada,0,1369,0.41652697
2393,dataset_complete/cacao_diseases/cacao_photos/healthy/healthy_137.jpg,no_usada,0,137,0.43402678
2394,dataset_complete/cacao_diseases/cacao_photos/healthy/healthy_1370.jpg,no_usada,0,1370,0.35541484
2395,dataset_complete/cacao_diseases/cacao_photos/healthy/healthy_1371.jpg,no_usada,0,1371,0.4265409
2396,dataset_complete/cacao_diseases/cacao_photos/healthy/healthy_1372.jpg,no_usada,0,1372,0.48660678
2397,dataset_complete/cacao_diseases/cacao_photos/healthy/healthy_1373.jpg,no_usada,0,1373,0.5095553
2398,dataset_complete/cacao_diseases/cacao_photos/healthy/healthy_1374.jpg,no_usada,0,1374,0.43093854
2399,dataset_complete/cacao_diseases/cacao_photos/healthy/healthy_1375.jpg,no_usada,0,1375,0.47075593
2400,dataset_complete/cacao_diseases/cacao_photos/healthy/healthy_1376.jpg,no_usada,0,1376,0.48250163
2401,dataset_complete/cacao_diseases/cacao_photos/healthy/healthy_1377.jpg,no_usada,0,1377,0.40286934
2402,dataset_complete/cacao_diseases/cacao_photos/healthy/healthy_1378.jpg,no_usada,0,1378,0.4723138
2403,dataset_complete/cacao_diseases/cacao_photos/healthy/healthy_1379.jpg,no_usada,0,1379,0.5062865
2404,dataset_complete/cacao_diseases/cacao_photos/healthy/healthy_138.jpg,no_usada,0,138,0.3626492
2405,dataset_complete/cacao_diseases/cacao_photos/healthy/healthy_1380.jpg,no_usada,0,1380,0.12862337
2406,dataset_complete/cacao_diseases/cacao_photos/healthy/healthy_1381.jpg,no_usada,0,1381,0.50540113
2407,dataset_complete/cacao_diseases/cacao_photos/healthy/healthy_1382.jpg,no_usada,0,1382,0.42788857
2408,dataset_complete/cacao_diseases/cacao_photos/healthy/healthy_1383.jpg,no_usada,0,1383,0.4971156
2409,dataset_complete/cacao_diseases/cacao_photos/healthy/healthy_1384.jpg,no_usada,0,1384,0.51436436
2410,dataset_complete/cacao_diseases/cacao_photos/healthy/healthy_1385.jpg,no_usada,0,1385,0.40811667
2411,dataset_complete/cacao_diseases/cacao_photos/healthy/healthy_1386.jpg,no_usada,0,1386,0.49351045
2412,dataset_complete/cacao_diseases/cacao_photos/healthy/healthy_1387.jpg,no_usada,0,1387,0.37699312
2413,dataset_complete/cacao_diseases/cacao_photos/healthy/healthy_1388.jpg,no_usada,0,1388,0.42018145
2414,dataset_complete/cacao_diseases/cacao_photos/healthy/healthy_1389.jpg,no_usada,0,1389,0.42884475
2415,dataset_complete/cacao_diseases/cacao_photos/healthy/healthy_139.jpg,no_usada,0,139,0.41444838
2416,dataset_complete/cacao_diseases/cacao_photos/healthy/healthy_1390.jpg,no_usada,0,1390,0.39335442
2417,dataset_complete/cacao_diseases/cacao_photos/healthy/healthy_1391.jpg,no_usada,0,1391,0.5211928
2418,dataset_complete/cacao_diseases/cacao_photos/healthy/healthy_1392.jpg,no_usada,0,1392,0.4189514
2419,dataset_complete/cacao_diseases/cacao_photos/healthy/healthy_1393.jpg,no_usada,0,1393,0.49570778
2420,dataset_complete/cacao_diseases/cacao_photos/healthy/healthy_1394.jpg,no_usada,0,1394,0.49627477
2421,dataset_complete/cacao_diseases/cacao_photos/healthy/healthy_1395.jpg,no_usada,0,1395,0.46434915
2422,dataset_complete/cacao_diseases/cacao_photos/healthy/healthy_1396.jpg,no_usada,0,1396,0.43357012
2423,dataset_complete/cacao_diseases/cacao_photos/healthy/healthy_1397.jpg,no_usada,0,1397,0.35292506
2424,dataset_complete/cacao_diseases/cacao_photos/healthy/healthy_1398.jpg,no_usada,0,1398,0.5575746
2425,dataset_complete/cacao_diseases/cacao_photos/healthy/healthy_1399.jpg,no_usada,0,1399,0.4699999
2426,dataset_complete/cacao_diseases/cacao_photos/healthy/healthy_140.jpg,no_usada,0,140,0.45919192
2427,dataset_complete/cacao_diseases/cacao_photos/healthy/healthy_1400.jpg,no_usada,0,1400,0.46632424
2428,dataset_complete/cacao_diseases/cacao_photos/healthy/healthy_1401.jpg,no_usada,0,1401,0.3969968
2429,dataset_complete/cacao_diseases/cacao_photos/healthy/healthy_1402.jpg,no_usada,0,1402,0.4583609
2430,dataset_complete/cacao_diseases/cacao_photos/healthy/healthy_1403.jpg,no_usada,0,1403,0.5287962
2431,dataset_complete/cacao_diseases/cacao_photos/healthy/healthy_141.jpg,no_usada,0,141,0.5083586
2432,dataset_complete/cacao_diseases/cacao_photos/healthy/healthy_142.jpg,no_usada,0,142,0.40521023
2433,dataset_complete/cacao_diseases/cacao_photos/healthy/healthy_143.jpg,no_usada,0,143,0.31559157
2434,dataset_complete/cacao_diseases/cacao_photos/healthy/healthy_144.jpg,no_usada,0,144,0.38634503
2435,dataset_complete/cacao_diseases/cacao_photos/healthy/healthy_1444.jpg,no_usada,0,1444,0.371404
2436,dataset_complete/cacao_diseases/cacao_photos/healthy/healthy_145.jpg,no_usada,0,145,0.53525543
2437,dataset_complete/cacao_diseases/cacao_photos/healthy/healthy_146.jpg,no_usada,0,146,0.53170604
2438,dataset_complete/cacao_diseases/cacao_photos/healthy/healthy_147.jpg,no_usada,0,147,0.53897595
2439,dataset_complete/cacao_diseases/cacao_photos/healthy/healthy_148.jpg,no_usada,0,148,0.4215083
2440,dataset_complete/cacao_diseases/cacao_photos/healthy/healthy_149.jpg,no_usada,0,149,0.41765016
2441,dataset_complete/cacao_diseases/cacao_photos/healthy/healthy_150.jpg,no_usada,0,150,0.31911764
2442,dataset_complete/cacao_diseases/cacao_photos/healthy/healthy_151.jpg,no_usada,0,151,0.42508382
2443,dataset_complete/cacao_diseases/cacao_photos/healthy/healthy_152.jpg,no_usada,0,152,0.45011187
2444,dataset_complete/cacao_diseases/cacao_photos/healthy/healthy_153.jpg,no_usada,0,153,0.38800085
2445,dataset_complete/cacao_diseases/cacao_photos/healthy/healthy_154.jpg,no_usada,0,154,0.41569424
2446,dataset_complete/cacao_diseases/cacao_photos/healthy/healthy_155.jpg,no_usada,0,155,0.51800525
2447,dataset_complete/cacao_diseases/cacao_photos/healthy/healthy_156.jpg,no_usada,0,156,0.45761004
2448,dataset_complete/cacao_diseases/cacao_photos/healthy/healthy_157.jpg,no_usada,0,157,0.5855639
2449,dataset_complete/cacao_diseases/cacao_photos/healthy/healthy_158.jpg,no_usada,0,158,0.4976621
2450,dataset_complete/cacao_diseases/cacao_photos/healthy/healthy_1583.jpg,no_usada,0,1583,0.45978045
2451,dataset_complete/cacao_diseases/cacao_photos/healthy/healthy_1584.jpg,no_usada,0,1584,0.46782148
2452,dataset_complete/cacao_diseases/cacao_photos/healthy/healthy_1585.jpg,no_usada,0,1585,0.41398782
2453,dataset_complete/cacao_diseases/cacao_photos/healthy/healthy_1586.jpg,no_usada,0,1586,0.48097655
2454,dataset_complete/cacao_diseases/cacao_photos/healthy/healthy_1587.jpg,no_usada,0,1587,0.4945799
2455,dataset_complete/cacao_diseases/cacao_photos/healthy/healthy_1588.jpg,no_usada,0,1588,0.40196446
2456,dataset_complete/cacao_diseases/cacao_photos/healthy/healthy_1589.jpg,no_usada,0,1589,0.44251722
2457,dataset_complete/cacao_diseases/cacao_photos/healthy/healthy_159.jpg,no_usada,0,159,0.38468236
2458,dataset_complete/cacao_diseases/cacao_photos/healthy/healthy_1590.jpg,no_usada,0,1590,0.5094425
2459,dataset_complete/cacao_diseases/cacao_photos/healthy/healthy_1591.jpg,no_usada,0,1591,0.370425
2460,dataset_complete/cacao_diseases/cacao_photos/healthy/healthy_1592.jpg,no_usada,0,1592,0.50152487
2461,dataset_complete/cacao_diseases/cacao_photos/healthy/healthy_1593.jpg,no_usada,0,1593,0.4307828
2462,dataset_complete/cacao_diseases/cacao_photos/healthy/healthy_1594.jpg,no_usada,0,1594,0.5566009
2463,dataset_complete/cacao_diseases/cacao_photos/healthy/healthy_1595.jpg,no_usada,0,1595,0.49442357
2464,dataset_complete/cacao_diseases/cacao_photos/healthy/healthy_1596.jpg,no_usada,0,1596,0.39559966
2465,dataset_complete/cacao_diseases/cacao_photos/healthy/healthy_1597.jpg,no_usada,0,1597,0.5029578
2466,dataset_complete/cacao_diseases/cacao_photos/healthy/healthy_1598.jpg,no_usada,0,1598,0.43865016
2467,dataset_complete/cacao_diseases/cacao_photos/healthy/healthy_1599.jpg,no_usada,0,1599,0.41669458
2468,dataset_complete/cacao_diseases/cacao_photos/healthy/healthy_160.jpg,no_usada,0,160,0.4132136
2469,dataset_complete/cacao_diseases/cacao_photos/healthy/healthy_1600.jpg,no_usada,0,1600,0.39383817
2470,dataset_complete/cacao_diseases/cacao_photos/healthy/healthy_1601.jpg,no_usada,0,1601,0.45825613
2471,dataset_complete/cacao_diseases/cacao_photos/healthy/healthy_1602.jpg,no_usada,0,1602,0.37351644
2472,dataset_complete/cacao_diseases/cacao_photos/healthy/healthy_1603.jpg,no_usada,0,1603,0.48687518
2473,dataset_complete/cacao_diseases/cacao_photos/healthy/healthy_1604.jpg,no_usada,0,1604,0.54916465
2474,dataset_complete/cacao_diseases/cacao_photos/healthy/healthy_1605.jpg,no_usada,0,1605,0.44975764
2475,dataset_complete/cacao_diseases/cacao_photos/healthy/healthy_1606.jpg,no_usada,0,1606,0.4066715
2476,dataset_complete/cacao_diseases/cacao_photos/healthy/healthy_1607.jpg,no_usada,0,1607,0.45049196
2477,dataset_complete/cacao_diseases/cacao_photos/healthy/healthy_1608.jpg,no_usada,0,1608,0.39649433
2478,dataset_complete/cacao_diseases/cacao_photos/healthy/healthy_1609.jpg,no_usada,0,1609,0.50115234
2479,dataset_complete/cacao_diseases/cacao_photos/healthy/healthy_161.jpg,no_usada,0,161,0.471821
2480,dataset_complete/cacao_diseases/cacao_photos/healthy/healthy_1610.jpg,no_usada,0,1610,0.31180972
2481,dataset_complete/cacao_diseases/cacao_photos/healthy/healthy_1611.jpg,no_usada,0,1611,0.36386153
2482,dataset_complete/cacao_diseases/cacao_photos/healthy/healthy_1612.jpg,no_usada,0,1612,0.45654774
2483,dataset_complete/cacao_diseases/cacao_photos/healthy/healthy_1613.jpg,no_usada,0,1613,0.3645152
2484,dataset_complete/cacao_diseases/cacao_photos/healthy/healthy_1614.jpg,no_usada,0,1614,0.57862866
2485,dataset_complete/cacao_diseases/cacao_photos/healthy/healthy_1615.jpg,no_usada,0,1615,0.56254375
2486,dataset_complete/cacao_diseases/cacao_photos/healthy/healthy_1616.jpg,no_usada,0,1616,0.5711684
2487,dataset_complete/cacao_diseases/cacao_photos/healthy/healthy_1617.jpg,no_usada,0,1617,0.43009496
2488,dataset_complete/cacao_diseases/cacao_photos/healthy/healthy_1618.jpg,no_usada,0,1618,0.44244274
2489,dataset_complete/cacao_diseases/cacao_photos/healthy/healthy_1619.jpg,no_usada,0,1619,0.43800136
2490,dataset_complete/cacao_diseases/cacao_photos/healthy/healthy_162.jpg,no_usada,0,162,0.4039222
2491,dataset_complete/cacao_diseases/cacao_photos/healthy/healthy_1620.jpg,no_usada,0,1620,0.6077257
2492,dataset_complete/cacao_diseases/cacao_photos/healthy/healthy_1621.jpg,no_usada,0,1621,0.52147025
2493,dataset_complete/cacao_diseases/cacao_photos/healthy/healthy_1622.jpg,no_usada,0,1622,0.5132902
2494,dataset_complete/cacao_diseases/cacao_photos/healthy/healthy_1623.jpg,no_usada,0,1623,0.5361807
2495,dataset_complete/cacao_diseases/cacao_photos/healthy/healthy_1624.jpg,no_usada,0,1624,0.4736064
2496,dataset_complete/cacao_diseases/cacao_photos/healthy/healthy_1625.jpg,no_usada,0,1625,0.42513683
2497,dataset_complete/cacao_diseases/cacao_photos/healthy/healthy_1626.jpg,no_usada,0,1626,0.43320802
2498,dataset_complete/cacao_diseases/cacao_photos/healthy/healthy_1627.jpg,no_usada,0,1627,0.5536621
2499,dataset_complete/cacao_diseases/cacao_photos/healthy/healthy_1628.jpg,no_usada,0,1628,0.50609064
2500,dataset_complete/cacao_diseases/cacao_photos/healthy/healthy_1629.jpg,no_usada,0,1629,0.5160271
2501,dataset_complete/cacao_diseases/cacao_photos/healthy/healthy_163.jpg,no_usada,0,163,0.5003257
2502,dataset_complete/cacao_diseases/cacao_photos/healthy/healthy_1630.jpg,no_usada,0,1630,0.59229034
2503,dataset_complete/cacao_diseases/cacao_photos/healthy/healthy_164.jpg,no_usada,0,164,0.5094472
2504,dataset_complete/cacao_diseases/cacao_photos/healthy/healthy_165.jpg,no_usada,0,165,0.52963054
2505,dataset_complete/cacao_diseases/cacao_photos/healthy/healthy_166.jpg,no_usada,0,166,0.41411722
2506,dataset_complete/cacao_diseases/cacao_photos/healthy/healthy_167.jpg,no_usada,0,167,0.5701649
2507,dataset_complete/cacao_diseases/cacao_photos/healthy/healthy_168.jpg,no_usada,0,168,0.40575433
2508,dataset_complete/cacao_diseases/cacao_photos/healthy/healthy_1680.jpg,no_usada,0,1680,0.4994287
2509,dataset_complete/cacao_diseases/cacao_photos/healthy/healthy_1681.jpg,no_usada,0,1681,0.44292128
2510,dataset_complete/cacao_diseases/cacao_photos/healthy/healthy_1682.jpg,no_usada,0,1682,0.49731153
2511,dataset_complete/cacao_diseases/cacao_photos/healthy/healthy_1683.jpg,no_usada,0,1683,0.41609728
2512,dataset_complete/cacao_diseases/cacao_photos/healthy/healthy_1684.jpg,no_usada,0,1684,0.8786895
2513,dataset_complete/cacao_diseases/cacao_photos/healthy/healthy_1685.jpg,no_usada,0,1685,0.84970313
2514,dataset_complete/cacao_diseases/cacao_photos/healthy/healthy_1686.jpg,no_usada,0,1686,0.8777595
2515,dataset_complete/cacao_diseases/cacao_photos/healthy/healthy_1687.jpg,no_usada,0,1687,0.9010116
2516,dataset_complete/cacao_diseases/cacao_photos/healthy/healthy_1688.jpg,no_usada,0,1688,0.9098846
2517,dataset_complete/cacao_diseases/cacao_photos/healthy/healthy_1689.jpg,no_usada,0,1689,0.9039191
2518,dataset_complete/cacao_diseases/cacao_photos/healthy/healthy_169.jpg,no_usada,0,169,0.531997
2519,dataset_complete/cacao_diseases/cacao_photos/healthy/healthy_1690.jpg,no_usada,0,1690,0.8857133
2520,dataset_complete/cacao_diseases/cacao_photos/healthy/healthy_1691.jpg,no_usada,0,1691,0.8882184
2521,dataset_complete/cacao_diseases/cacao_photos/healthy/healthy_1692.jpg,no_usada,0,1692,0.38538474
2522,dataset_complete/cacao_diseases/cacao_photos/healthy/healthy_1693.jpg,no_usada,0,1693,0.8625073
2523,dataset_complete/cacao_diseases/cacao_photos/healthy/healthy_1694.jpg,no_usada,0,1694,0.49458903
2524,dataset_complete/cacao_diseases/cacao_photos/healthy/healthy_1695.jpg,no_usada,0,1695,0.8622179
2525,dataset_complete/cacao_diseases/cacao_photos/healthy/healthy_1696.jpg,no_usada,0,1696,0.3245575
2526,dataset_complete/cacao_diseases/cacao_photos/healthy/healthy_1697.jpg,no_usada,0,1697,0.36843634
2527,dataset_complete/cacao_diseases/cacao_photos/healthy/healthy_1698.jpg,no_usada,0,1698,0.53141946
2528,dataset_complete/cacao_diseases/cacao_photos/healthy/healthy_1699.jpg,no_usada,0,1699,0.5398459
2529,dataset_complete/cacao_diseases/cacao_photos/healthy/healthy_170.jpg,no_usada,0,170,0.44337696
2530,dataset_complete/cacao_diseases/cacao_photos/healthy/healthy_1700.jpg,no_usada,0,1700,0.9271184
2531,dataset_complete/cacao_diseases/cacao_photos/healthy/healthy_1701.jpg,no_usada,0,1701,0.61533964
2532,dataset_complete/cacao_diseases/cacao_photos/healthy/healthy_1702.jpg,no_usada,0,1702,0.90563834
2533,dataset_complete/cacao_diseases/cacao_photos/healthy/healthy_1703.jpg,no_usada,0,1703,0.5416191
2534,dataset_complete/cacao_diseases/cacao_photos/healthy/healthy_1704.jpg,no_usada,0,1704,0.9027483
2535,dataset_complete/cacao_diseases/cacao_photos/healthy/healthy_1705.jpg,no_usada,0,1705,0.9200237
2536,dataset_complete/cacao_diseases/cacao_photos/healthy/healthy_1706.jpg,no_usada,0,1706,0.46770525
2537,dataset_complete/cacao_diseases/cacao_photos/healthy/healthy_1707.jpg,no_usada,0,1707,0.89661556
2538,dataset_complete/cacao_diseases/cacao_photos/healthy/healthy_1708.jpg,no_usada,0,1708,0.5193502
2539,dataset_complete/cacao_diseases/cacao_photos/healthy/healthy_1709.jpg,no_usada,0,1709,0.4949668
2540,dataset_complete/cacao_diseases/cacao_photos/healthy/healthy_171.jpg,no_usada,0,171,0.534264
2541,dataset_complete/cacao_diseases/cacao_photos/healthy/healthy_1710.jpg,no_usada,0,1710,0.5494328
2542,dataset_complete/cacao_diseases/cacao_photos/healthy/healthy_1711.jpg,no_usada,0,1711,0.49190938
2543,dataset_complete/cacao_diseases/cacao_photos/healthy/healthy_1712.jpg,no_usada,0,1712,0.50997037
2544,dataset_complete/cacao_diseases/cacao_photos/healthy/healthy_1713.jpg,no_usada,0,1713,0.5545442
2545,dataset_complete/cacao_diseases/cacao_photos/healthy/healthy_1714.jpg,no_usada,0,1714,0.553691
2546,dataset_complete/cacao_diseases/cacao_photos/healthy/healthy_1715.jpg,no_usada,0,1715,0.45146045
2547,dataset_complete/cacao_diseases/cacao_photos/healthy/healthy_1716.jpg,no_usada,0,1716,0.52546287
2548,dataset_complete/cacao_diseases/cacao_photos/healthy/healthy_1717.jpg,no_usada,0,1717,0.92460245
2549,dataset_complete/cacao_diseases/cacao_photos/healthy/healthy_1718.jpg,no_usada,0,1718,0.37622976
2550,dataset_complete/cacao_diseases/cacao_photos/healthy/healthy_1719.jpg,no_usada,0,1719,0.42518455
2551,dataset_complete/cacao_diseases/cacao_photos/healthy/healthy_172.jpg,no_usada,0,172,0.50088346
2552,dataset_complete/cacao_diseases/cacao_photos/healthy/healthy_1720.jpg,no_usada,0,1720,0.348488
2553,dataset_complete/cacao_diseases/cacao_photos/healthy/healthy_1721.jpg,no_usada,0,1721,0.43745843
2554,dataset_complete/cacao_diseases/cacao_photos/healthy/healthy_1722.jpg,no_usada,0,1722,0.45918208
2555,dataset_complete/cacao_diseases/cacao_photos/healthy/healthy_1723.jpg,no_usada,0,1723,0.5672796
2556,dataset_complete/cacao_diseases/cacao_photos/healthy/healthy_1724.jpg,no_usada,0,1724,0.5509093
2557,dataset_complete/cacao_diseases/cacao_photos/healthy/healthy_1725.jpg,no_usada,0,1725,0.5703853
2558,dataset_complete/cacao_diseases/cacao_photos/healthy/healthy_1726.jpg,no_usada,0,1726,0.39148837
2559,dataset_complete/cacao_diseases/cacao_photos/healthy/healthy_1727.jpg,no_usada,0,1727,0.48187488
2560,dataset_complete/cacao_diseases/cacao_photos/healthy/healthy_1728.jpg,no_usada,0,1728,0.4720824
2561,dataset_complete/cacao_diseases/cacao_photos/healthy/healthy_1729.jpg,no_usada,0,1729,0.89082086
2562,dataset_complete/cacao_diseases/cacao_photos/healthy/healthy_173.jpg,no_usada,0,173,0.47285128
2563,dataset_complete/cacao_diseases/cacao_photos/healthy/healthy_1730.jpg,no_usada,0,1730,0.46390933
2564,dataset_complete/cacao_diseases/cacao_photos/healthy/healthy_1731.jpg,no_usada,0,1731,0.47991642
2565,dataset_complete/cacao_diseases/cacao_photos/healthy/healthy_1732.jpg,no_usada,0,1732,0.5447427
2566,dataset_complete/cacao_diseases/cacao_photos/healthy/healthy_1733.jpg,no_usada,0,1733,0.40258318
2567,dataset_complete/cacao_diseases/cacao_photos/healthy/healthy_1734.jpg,no_usada,0,1734,0.49532497
2568,dataset_complete/cacao_diseases/cacao_photos/healthy/healthy_1735.jpg,no_usada,0,1735,0.4818378
2569,dataset_complete/cacao_diseases/cacao_photos/healthy/healthy_1736.jpg,no_usada,0,1736,0.3152098
2570,dataset_complete/cacao_diseases/cacao_photos/healthy/healthy_1737.jpg,no_usada,0,1737,0.51286006
2571,dataset_complete/cacao_diseases/cacao_photos/healthy/healthy_1738.jpg,no_usada,0,1738,0.54276466
2572,dataset_complete/cacao_diseases/cacao_photos/healthy/healthy_1739.jpg,no_usada,0,1739,0.44380328
2573,dataset_complete/cacao_diseases/cacao_photos/healthy/healthy_174.jpg,no_usada,0,174,0.37988788
2574,dataset_complete/cacao_diseases/cacao_photos/healthy/healthy_1740.jpg,no_usada,0,1740,0.4759918
2575,dataset_complete/cacao_diseases/cacao_photos/healthy/healthy_1741.jpg,no_usada,0,1741,0.47555366
2576,dataset_complete/cacao_diseases/cacao_photos/healthy/healthy_1742.jpg,no_usada,0,1742,0.4879856
2577,dataset_complete/cacao_diseases/cacao_photos/healthy/healthy_1743.jpg,no_usada,0,1743,0.50977147
2578,dataset_complete/cacao_diseases/cacao_photos/healthy/healthy_1744.jpg,no_usada,0,1744,0.45445698
2579,dataset_complete/cacao_diseases/cacao_photos/healthy/healthy_1745.jpg,no_usada,0,1745,0.52035546
2580,dataset_complete/cacao_diseases/cacao_photos/healthy/healthy_1746.jpg,no_usada,0,1746,0.48002425
2581,dataset_complete/cacao_diseases/cacao_photos/healthy/healthy_1747.jpg,no_usada,0,1747,0.40442336
2582,dataset_complete/cacao_diseases/cacao_photos/healthy/healthy_1748.jpg,no_usada,0,1748,0.49701223
2583,dataset_complete/cacao_diseases/cacao_photos/healthy/healthy_1749.jpg,no_usada,0,1749,0.4494913
2584,dataset_complete/cacao_diseases/cacao_photos/healthy/healthy_175.jpg,no_usada,0,175,0.5531417
2585,dataset_complete/cacao_diseases/cacao_photos/healthy/healthy_1750.jpg,no_usada,0,1750,0.44343263
2586,dataset_complete/cacao_diseases/cacao_photos/healthy/healthy_1751.jpg,no_usada,0,1751,0.5165448
2587,dataset_complete/cacao_diseases/cacao_photos/healthy/healthy_1752.jpg,no_usada,0,1752,0.47680128
2588,dataset_complete/cacao_diseases/cacao_photos/healthy/healthy_1753.jpg,no_usada,0,1753,0.8861062
2589,dataset_complete/cacao_diseases/cacao_photos/healthy/healthy_1754.jpg,no_usada,0,1754,0.5149649
2590,dataset_complete/cacao_diseases/cacao_photos/healthy/healthy_1755.jpg,no_usada,0,1755,0.59938574
2591,dataset_complete/cacao_diseases/cacao_photos/healthy/healthy_1756.jpg,no_usada,0,1756,0.45864257
2592,dataset_complete/cacao_diseases/cacao_photos/healthy/healthy_1757.jpg,no_usada,0,1757,0.50634193
2593,dataset_complete/cacao_diseases/cacao_photos/healthy/healthy_1758.jpg,no_usada,0,1758,0.46402615
2594,dataset_complete/cacao_diseases/cacao_photos/healthy/healthy_1759.jpg,no_usada,0,1759,0.37772435
2595,dataset_complete/cacao_diseases/cacao_photos/healthy/healthy_176.jpg,no_usada,0,176,0.4766407
2596,dataset_complete/cacao_diseases/cacao_photos/healthy/healthy_1760.jpg,no_usada,0,1760,0.4558231
2597,dataset_complete/cacao_diseases/cacao_photos/healthy/healthy_1761.jpg,no_usada,0,1761,0.43155402
2598,dataset_complete/cacao_diseases/cacao_photos/healthy/healthy_1762.jpg,no_usada,0,1762,0.48245886
2599,dataset_complete/cacao_diseases/cacao_photos/healthy/healthy_1763.jpg,no_usada,0,1763,0.47340554
2600,dataset_complete/cacao_diseases/cacao_photos/healthy/healthy_1764.jpg,no_usada,0,1764,0.46068338
2601,dataset_complete/cacao_diseases/cacao_photos/healthy/healthy_1765.jpg,no_usada,0,1765,0.9122441
2602,dataset_complete/cacao_diseases/cacao_photos/healthy/healthy_1766.jpg,no_usada,0,1766,0.45197177
2603,dataset_complete/cacao_diseases/cacao_photos/healthy/healthy_1767.jpg,no_usada,0,1767,0.49178427
2604,dataset_complete/cacao_diseases/cacao_photos/healthy/healthy_1768.jpg,no_usada,0,1768,0.51969963
2605,dataset_complete/cacao_diseases/cacao_photos/healthy/healthy_1769.jpg,no_usada,0,1769,0.49772102
2606,dataset_complete/cacao_diseases/cacao_photos/healthy/healthy_177.jpg,no_usada,0,177,0.4304288
2607,dataset_complete/cacao_diseases/cacao_photos/healthy/healthy_1770.jpg,no_usada,0,1770,0.57534784
2608,dataset_complete/cacao_diseases/cacao_photos/healthy/healthy_1771.jpg,no_usada,0,1771,0.5200437
2609,dataset_complete/cacao_diseases/cacao_photos/healthy/healthy_1772.jpg,no_usada,0,1772,0.49663427
2610,dataset_complete/cacao_diseases/cacao_photos/healthy/healthy_1773.jpg,no_usada,0,1773,0.88282365
2611,dataset_complete/cacao_diseases/cacao_photos/healthy/healthy_1774.jpg,no_usada,0,1774,0.81560683
2612,dataset_complete/cacao_diseases/cacao_photos/healthy/healthy_1775.jpg,no_usada,0,1775,0.92020124
2613,dataset_complete/cacao_diseases/cacao_photos/healthy/healthy_1776.jpg,no_usada,0,1776,0.8853626
2614,dataset_complete/cacao_diseases/cacao_photos/healthy/healthy_1777.jpg,no_usada,0,1777,0.8968079
2615,dataset_complete/cacao_diseases/cacao_photos/healthy/healthy_1778.jpg,no_usada,0,1778,0.92182755
2616,dataset_complete/cacao_diseases/cacao_photos/healthy/healthy_1779.jpg,no_usada,0,1779,0.89972365
2617,dataset_complete/cacao_diseases/cacao_photos/healthy/healthy_178.jpg,no_usada,0,178,0.44447887
2618,dataset_complete/cacao_diseases/cacao_photos/healthy/healthy_1780.jpg,no_usada,0,1780,0.3880974
2619,dataset_complete/cacao_diseases/cacao_photos/healthy/healthy_1781.jpg,no_usada,0,1781,0.43950164
2620,dataset_complete/cacao_diseases/cacao_photos/healthy/healthy_1782.jpg,no_usada,0,1782,0.93058693
2621,dataset_complete/cacao_diseases/cacao_photos/healthy/healthy_1783.jpg,no_usada,0,1783,0.481654
2622,dataset_complete/cacao_diseases/cacao_photos/healthy/healthy_1784.jpg,no_usada,0,1784,0.8804739
2623,dataset_complete/cacao_diseases/cacao_photos/healthy/healthy_1785.jpg,no_usada,0,1785,0.9359859
2624,dataset_complete/cacao_diseases/cacao_photos/healthy/healthy_1786.jpg,no_usada,0,1786,0.8641921
2625,dataset_complete/cacao_diseases/cacao_photos/healthy/healthy_1787.jpg,no_usada,0,1787,0.9166267
2626,dataset_complete/cacao_diseases/cacao_photos/healthy/healthy_1788.jpg,no_usada,0,1788,0.89795136
2627,dataset_complete/cacao_diseases/cacao_photos/healthy/healthy_1789.jpg,no_usada,0,1789,0.94535804
2628,dataset_complete/cacao_diseases/cacao_photos/healthy/healthy_179.jpg,no_usada,0,179,0.39865917
2629,dataset_complete/cacao_diseases/cacao_photos/healthy/healthy_1790.jpg,no_usada,0,1790,0.9255053
2630,dataset_complete/cacao_diseases/cacao_photos/healthy/healthy_1791.jpg,no_usada,0,1791,0.9230995
2631,dataset_complete/cacao_diseases/cacao_photos/healthy/healthy_1792.jpg,no_usada,0,1792,0.40882483
2632,dataset_complete/cacao_diseases/cacao_photos/healthy/healthy_1793.jpg,no_usada,0,1793,0.89960885
2633,dataset_complete/cacao_diseases/cacao_photos/healthy/healthy_1794.jpg,no_usada,0,1794,0.8752077
2634,dataset_complete/cacao_diseases/cacao_photos/healthy/healthy_1795.jpg,no_usada,0,1795,0.44021064
2635,dataset_complete/cacao_diseases/cacao_photos/healthy/healthy_1796.jpg,no_usada,0,1796,0.8829543
2636,dataset_complete/cacao_diseases/cacao_photos/healthy/healthy_1797.jpg,no_usada,0,1797,0.8905635
2637,dataset_complete/cacao_diseases/cacao_photos/healthy/healthy_1798.jpg,no_usada,0,1798,0.8830433
2638,dataset_complete/cacao_diseases/cacao_photos/healthy/healthy_1799.jpg,no_usada,0,1799,0.9213681
2639,dataset_complete/cacao_diseases/cacao_photos/healthy/healthy_180.jpg,no_usada,0,180,0.46870506
2640,dataset_complete/cacao_diseases/cacao_photos/healthy/healthy_1800.jpg,no_usada,0,1800,0.9018314
2641,dataset_complete/cacao_diseases/cacao_photos/healthy/healthy_1801.jpg,no_usada,0,1801,0.8679842
2642,dataset_complete/cacao_diseases/cacao_photos/healthy/healthy_1802.jpg,no_usada,0,1802,0.8925425
2643,dataset_complete/cacao_diseases/cacao_photos/healthy/healthy_1803.jpg,no_usada,0,1803,0.33301887
2644,dataset_complete/cacao_diseases/cacao_photos/healthy/healthy_1804.jpg,no_usada,0,1804,0.8801584
2645,dataset_complete/cacao_diseases/cacao_photos/healthy/healthy_1805.jpg,no_usada,0,1805,0.8913009
2646,dataset_complete/cacao_diseases/cacao_photos/healthy/healthy_1806.jpg,no_usada,0,1806,0.9203523
2647,dataset_complete/cacao_diseases/cacao_photos/healthy/healthy_1807.jpg,no_usada,0,1807,0.43733227
2648,dataset_complete/cacao_diseases/cacao_photos/healthy/healthy_1808.jpg,no_usada,0,1808,0.9091606
2649,dataset_complete/cacao_diseases/cacao_photos/healthy/healthy_1809.jpg,no_usada,0,1809,0.9037219
2650,dataset_complete/cacao_diseases/cacao_photos/healthy/healthy_181.jpg,no_usada,0,181,0.4101537
2651,dataset_complete/cacao_diseases/cacao_photos/healthy/healthy_1810.jpg,no_usada,0,1810,0.9178632
2652,dataset_complete/cacao_diseases/cacao_photos/healthy/healthy_1811.jpg,no_usada,0,1811,0.93188417
2653,dataset_complete/cacao_diseases/cacao_photos/healthy/healthy_1812.jpg,no_usada,0,1812,0.8900816
2654,dataset_complete/cacao_diseases/cacao_photos/healthy/healthy_1813.jpg,no_usada,0,1813,0.9294189
2655,dataset_complete/cacao_diseases/cacao_photos/healthy/healthy_1814.jpg,no_usada,0,1814,0.5054718
2656,dataset_complete/cacao_diseases/cacao_photos/healthy/healthy_1815.jpg,no_usada,0,1815,0.88370794
2657,dataset_complete/cacao_diseases/cacao_photos/healthy/healthy_1816.jpg,no_usada,0,1816,0.92676985
2658,dataset_complete/cacao_diseases/cacao_photos/healthy/healthy_1817.jpg,no_usada,0,1817,0.8941095
2659,dataset_complete/cacao_diseases/cacao_photos/healthy/healthy_1818.jpg,no_usada,0,1818,0.9066496
2660,dataset_complete/cacao_diseases/cacao_photos/healthy/healthy_1819.jpg,no_usada,0,1819,0.4703894
2661,dataset_complete/cacao_diseases/cacao_photos/healthy/healthy_182.jpg,no_usada,0,182,0.48912898
2662,dataset_complete/cacao_diseases/cacao_photos/healthy/healthy_1820.jpg,no_usada,0,1820,0.91867375
2663,dataset_complete/cacao_diseases/cacao_photos/healthy/healthy_1821.jpg,no_usada,0,1821,0.89883345
2664,dataset_complete/cacao_diseases/cacao_photos/healthy/healthy_1822.jpg,no_usada,0,1822,0.93469894
2665,dataset_complete/cacao_diseases/cacao_photos/healthy/healthy_1823.jpg,no_usada,0,1823,0.81465405
2666,dataset_complete/cacao_diseases/cacao_photos/healthy/healthy_1824.jpg,no_usada,0,1824,0.843454
2667,dataset_complete/cacao_diseases/cacao_photos/healthy/healthy_1825.jpg,no_usada,0,1825,0.4899271
2668,dataset_complete/cacao_diseases/cacao_photos/healthy/healthy_1826.jpg,no_usada,0,1826,0.8894062
2669,dataset_complete/cacao_diseases/cacao_photos/healthy/healthy_1827.jpg,no_usada,0,1827,0.8812901
2670,dataset_complete/cacao_diseases/cacao_photos/healthy/healthy_1828.jpg,no_usada,0,1828,0.8885143
2671,dataset_complete/cacao_diseases/cacao_photos/healthy/healthy_1829.jpg,no_usada,0,1829,0.9343262
2672,dataset_complete/cacao_diseases/cacao_photos/healthy/healthy_183.jpg,no_usada,0,183,0.28131223
2673,dataset_complete/cacao_diseases/cacao_photos/healthy/healthy_1830.jpg,no_usada,0,1830,0.93749267
2674,dataset_complete/cacao_diseases/cacao_photos/healthy/healthy_1831.jpg,no_usada,0,1831,0.40796554
2675,dataset_complete/cacao_diseases/cacao_photos/healthy/healthy_1832.jpg,no_usada,0,1832,0.9041182
2676,dataset_complete/cacao_diseases/cacao_photos/healthy/healthy_1833.jpg,no_usada,0,1833,0.90759027
2677,dataset_complete/cacao_diseases/cacao_photos/healthy/healthy_1834.jpg,no_usada,0,1834,0.85901654
2678,dataset_complete/cacao_diseases/cacao_photos/healthy/healthy_1835.jpg,no_usada,0,1835,0.8666469
2679,dataset_complete/cacao_diseases/cacao_photos/healthy/healthy_1836.jpg,no_usada,0,1836,0.5479669
2680,dataset_complete/cacao_diseases/cacao_photos/healthy/healthy_1837.jpg,no_usada,0,1837,0.8943392
2681,dataset_complete/cacao_diseases/cacao_photos/healthy/healthy_1838.jpg,no_usada,0,1838,0.88414633
2682,dataset_complete/cacao_diseases/cacao_photos/healthy/healthy_1839.jpg,no_usada,0,1839,0.8772965
2683,dataset_complete/cacao_diseases/cacao_photos/healthy/healthy_184.jpg,no_usada,0,184,0.37607133
2684,dataset_complete/cacao_diseases/cacao_photos/healthy/healthy_1840.jpg,no_usada,0,1840,0.90201056
2685,dataset_complete/cacao_diseases/cacao_photos/healthy/healthy_1841.jpg,no_usada,0,1841,0.5474355
2686,dataset_complete/cacao_diseases/cacao_photos/healthy/healthy_1842.jpg,no_usada,0,1842,0.463455
2687,dataset_complete/cacao_diseases/cacao_photos/healthy/healthy_1843.jpg,no_usada,0,1843,0.8882147
2688,dataset_complete/cacao_diseases/cacao_photos/healthy/healthy_1844.jpg,no_usada,0,1844,0.86502504
2689,dataset_complete/cacao_diseases/cacao_photos/healthy/healthy_1845.jpg,no_usada,0,1845,0.9133121
2690,dataset_complete/cacao_diseases/cacao_photos/healthy/healthy_1846.jpg,no_usada,0,1846,0.8711035
2691,dataset_complete/cacao_diseases/cacao_photos/healthy/healthy_1847.jpg,no_usada,0,1847,0.46162432
2692,dataset_complete/cacao_diseases/cacao_photos/healthy/healthy_1848.jpg,no_usada,0,1848,0.8367429
2693,dataset_complete/cacao_diseases/cacao_photos/healthy/healthy_1849.jpg,no_usada,0,1849,0.8655478
2694,dataset_complete/cacao_diseases/cacao_photos/healthy/healthy_185.jpg,no_usada,0,185,0.3288962
2695,dataset_complete/cacao_diseases/cacao_photos/healthy/healthy_1850.jpg,no_usada,0,1850,0.8804432
2696,dataset_complete/cacao_diseases/cacao_photos/healthy/healthy_1851.jpg,no_usada,0,1851,0.84660757
2697,dataset_complete/cacao_diseases/cacao_photos/healthy/healthy_1852.jpg,no_usada,0,1852,0.8480498
2698,dataset_complete/cacao_diseases/cacao_photos/healthy/healthy_1853.jpg,no_usada,0,1853,0.49479365
2699,dataset_complete/cacao_diseases/cacao_photos/healthy/healthy_1854.jpg,no_usada,0,1854,0.89883935
2700,dataset_complete/cacao_diseases/cacao_photos/healthy/healthy_1855.jpg,no_usada,0,1855,0.80818546
2701,dataset_complete/cacao_diseases/cacao_photos/healthy/healthy_1856.jpg,no_usada,0,1856,0.8724904
2702,dataset_complete/cacao_diseases/cacao_photos/healthy/healthy_1857.jpg,no_usada,0,1857,0.8771509
2703,dataset_complete/cacao_diseases/cacao_photos/healthy/healthy_1858.jpg,no_usada,0,1858,0.35472092
2704,dataset_complete/cacao_diseases/cacao_photos/healthy/healthy_1859.jpg,no_usada,0,1859,0.8429364
2705,dataset_complete/cacao_diseases/cacao_photos/healthy/healthy_186.jpg,no_usada,0,186,0.4382633
2706,dataset_complete/cacao_diseases/cacao_photos/healthy/healthy_1860.jpg,no_usada,0,1860,0.85190904
2707,dataset_complete/cacao_diseases/cacao_photos/healthy/healthy_1861.jpg,no_usada,0,1861,0.89964277
2708,dataset_complete/cacao_diseases/cacao_photos/healthy/healthy_1862.jpg,no_usada,0,1862,0.83813465
2709,dataset_complete/cacao_diseases/cacao_photos/healthy/healthy_1863.jpg,no_usada,0,1863,0.87645173
2710,dataset_complete/cacao_diseases/cacao_photos/healthy/healthy_1864.jpg,no_usada,0,1864,0.5035
2711,dataset_complete/cacao_diseases/cacao_photos/healthy/healthy_1865.jpg,no_usada,0,1865,0.3645035
2712,dataset_complete/cacao_diseases/cacao_photos/healthy/healthy_1866.jpg,no_usada,0,1866,0.41174576
2713,dataset_complete/cacao_diseases/cacao_photos/healthy/healthy_1867.jpg,no_usada,0,1867,0.51350874
2714,dataset_complete/cacao_diseases/cacao_photos/healthy/healthy_1868.jpg,no_usada,0,1868,0.3168738
2715,dataset_complete/cacao_diseases/cacao_photos/healthy/healthy_1869.jpg,no_usada,0,1869,0.4104696
2716,dataset_complete/cacao_diseases/cacao_photos/healthy/healthy_187.jpg,no_usada,0,187,0.55576026
2717,dataset_complete/cacao_diseases/cacao_photos/healthy/healthy_1870.jpg,no_usada,0,1870,0.3751896
2718,dataset_complete/cacao_diseases/cacao_photos/healthy/healthy_1871.jpg,no_usada,0,1871,0.3799497
2719,dataset_complete/cacao_diseases/cacao_photos/healthy/healthy_1872.jpg,no_usada,0,1872,0.4037283
2720,dataset_complete/cacao_diseases/cacao_photos/healthy/healthy_1873.jpg,no_usada,0,1873,0.34300548
2721,dataset_complete/cacao_diseases/cacao_photos/healthy/healthy_1874.jpg,no_usada,0,1874,0.51825184
2722,dataset_complete/cacao_diseases/cacao_photos/healthy/healthy_1875.jpg,no_usada,0,1875,0.47822925
2723,dataset_complete/cacao_diseases/cacao_photos/healthy/healthy_1876.jpg,no_usada,0,1876,0.40600199
2724,dataset_complete/cacao_diseases/cacao_photos/healthy/healthy_1877.jpg,no_usada,0,1877,0.41624534
2725,dataset_complete/cacao_diseases/cacao_photos/healthy/healthy_1878.jpg,no_usada,0,1878,0.47654182
2726,dataset_complete/cacao_diseases/cacao_photos/healthy/healthy_1879.jpg,no_usada,0,1879,0.43015403
2727,dataset_complete/cacao_diseases/cacao_photos/healthy/healthy_188.jpg,no_usada,0,188,0.5368675
2728,dataset_complete/cacao_diseases/cacao_photos/healthy/healthy_1880.jpg,no_usada,0,1880,0.49399891
2729,dataset_complete/cacao_diseases/cacao_photos/healthy/healthy_1881.jpg,no_usada,0,1881,0.50972706
2730,dataset_complete/cacao_diseases/cacao_photos/healthy/healthy_1882.jpg,no_usada,0,1882,0.37334716
2731,dataset_complete/cacao_diseases/cacao_photos/healthy/healthy_1883.jpg,no_usada,0,1883,0.3703783
2732,dataset_complete/cacao_diseases/cacao_photos/healthy/healthy_1884.jpg,no_usada,0,1884,0.3718806
2733,dataset_complete/cacao_diseases/cacao_photos/healthy/healthy_1885.jpg,no_usada,0,1885,0.46649548
2734,dataset_complete/cacao_diseases/cacao_photos/healthy/healthy_1886.jpg,no_usada,0,1886,0.45403492
2735,dataset_complete/cacao_diseases/cacao_photos/healthy/healthy_1887.jpg,no_usada,0,1887,0.37475157
2736,dataset_complete/cacao_diseases/cacao_photos/healthy/healthy_1888.jpg,no_usada,0,1888,0.5246219
2737,dataset_complete/cacao_diseases/cacao_photos/healthy/healthy_1889.jpg,no_usada,0,1889,0.46488288
2738,dataset_complete/cacao_diseases/cacao_photos/healthy/healthy_189.jpg,no_usada,0,189,0.4211472
2739,dataset_complete/cacao_diseases/cacao_photos/healthy/healthy_1890.jpg,no_usada,0,1890,0.38799107
2740,dataset_complete/cacao_diseases/cacao_photos/healthy/healthy_1891.jpg,no_usada,0,1891,0.45644966
2741,dataset_complete/cacao_diseases/cacao_photos/healthy/healthy_1892.jpg,no_usada,0,1892,0.37100682
2742,dataset_complete/cacao_diseases/cacao_photos/healthy/healthy_1893.jpg,no_usada,0,1893,0.3992843
2743,dataset_complete/cacao_diseases/cacao_photos/healthy/healthy_1894.jpg,no_usada,0,1894,0.4587745
2744,dataset_complete/cacao_diseases/cacao_photos/healthy/healthy_1895.jpg,no_usada,0,1895,0.35809568
2745,dataset_complete/cacao_diseases/cacao_photos/healthy/healthy_1896.jpg,no_usada,0,1896,0.40725982
2746,dataset_complete/cacao_diseases/cacao_photos/healthy/healthy_1897.jpg,no_usada,0,1897,0.45297152
2747,dataset_complete/cacao_diseases/cacao_photos/healthy/healthy_1898.jpg,no_usada,0,1898,0.44993985
2748,dataset_complete/cacao_diseases/cacao_photos/healthy/healthy_1899.jpg,no_usada,0,1899,0.4767642
2749,dataset_complete/cacao_diseases/cacao_photos/healthy/healthy_190.jpg,no_usada,0,190,0.43775472
2750,dataset_complete/cacao_diseases/cacao_photos/healthy/healthy_1900.jpg,no_usada,0,1900,0.4939282
2751,dataset_complete/cacao_diseases/cacao_photos/healthy/healthy_1901.jpg,no_usada,0,1901,0.41090602
2752,dataset_complete/cacao_diseases/cacao_photos/healthy/healthy_1902.jpg,no_usada,0,1902,0.4321999
2753,dataset_complete/cacao_diseases/cacao_photos/healthy/healthy_1903.jpg,no_usada,0,1903,0.2771572
2754,dataset_complete/cacao_diseases/cacao_photos/healthy/healthy_1904.jpg,no_usada,0,1904,0.5013516
2755,dataset_complete/cacao_diseases/cacao_photos/healthy/healthy_1905.jpg,no_usada,0,1905,0.43593174
2756,dataset_complete/cacao_diseases/cacao_photos/healthy/healthy_1906.jpg,no_usada,0,1906,0.4192696
2757,dataset_complete/cacao_diseases/cacao_photos/healthy/healthy_1907.jpg,no_usada,0,1907,0.57379335
2758,dataset_complete/cacao_diseases/cacao_photos/healthy/healthy_1908.jpg,no_usada,0,1908,0.4806544
2759,dataset_complete/cacao_diseases/cacao_photos/healthy/healthy_1909.jpg,no_usada,0,1909,0.52883136
2760,dataset_complete/cacao_diseases/cacao_photos/healthy/healthy_191.jpg,no_usada,0,191,0.40966147
2761,dataset_complete/cacao_diseases/cacao_photos/healthy/healthy_1910.jpg,no_usada,0,1910,0.4713862
2762,dataset_complete/cacao_diseases/cacao_photos/healthy/healthy_1911.jpg,no_usada,0,1911,0.48047948
2763,dataset_complete/cacao_diseases/cacao_photos/healthy/healthy_1912.jpg,no_usada,0,1912,0.50815433
2764,dataset_complete/cacao_diseases/cacao_photos/healthy/healthy_1913.jpg,no_usada,0,1913,0.43246296
2765,dataset_complete/cacao_diseases/cacao_photos/healthy/healthy_1914.jpg,no_usada,0,1914,0.475372
2766,dataset_complete/cacao_diseases/cacao_photos/healthy/healthy_1915.jpg,no_usada,0,1915,0.47879216
2767,dataset_complete/cacao_diseases/cacao_photos/healthy/healthy_1916.jpg,no_usada,0,1916,0.45482907
2768,dataset_complete/cacao_diseases/cacao_photos/healthy/healthy_1917.jpg,no_usada,0,1917,0.43552464
2769,dataset_complete/cacao_diseases/cacao_photos/healthy/healthy_1918.jpg,no_usada,0,1918,0.46554852
2770,dataset_complete/cacao_diseases/cacao_photos/healthy/healthy_1919.jpg,no_usada,0,1919,0.4032728
2771,dataset_complete/cacao_diseases/cacao_photos/healthy/healthy_192.jpg,no_usada,0,192,0.49112815
2772,dataset_complete/cacao_diseases/cacao_photos/healthy/healthy_1920.jpg,no_usada,0,1920,0.36398077
2773,dataset_complete/cacao_diseases/cacao_photos/healthy/healthy_1921.jpg,no_usada,0,1921,0.43778786
2774,dataset_complete/cacao_diseases/cacao_photos/healthy/healthy_1922.jpg,no_usada,0,1922,0.44504195
2775,dataset_complete/cacao_diseases/cacao_photos/healthy/healthy_1923.jpg,no_usada,0,1923,0.45019573
2776,dataset_complete/cacao_diseases/cacao_photos/healthy/healthy_1924.jpg,no_usada,0,1924,0.45476812
2777,dataset_complete/cacao_diseases/cacao_photos/healthy/healthy_1925.jpg,no_usada,0,1925,0.50751317
2778,dataset_complete/cacao_diseases/cacao_photos/healthy/healthy_1926.jpg,no_usada,0,1926,0.5168378
2779,dataset_complete/cacao_diseases/cacao_photos/healthy/healthy_1927.jpg,no_usada,0,1927,0.45061964
2780,dataset_complete/cacao_diseases/cacao_photos/healthy/healthy_1928.jpg,no_usada,0,1928,0.4185604
2781,dataset_complete/cacao_diseases/cacao_photos/healthy/healthy_1929.jpg,no_usada,0,1929,0.54446554
2782,dataset_complete/cacao_diseases/cacao_photos/healthy/healthy_193.jpg,no_usada,0,193,0.49218172
2783,dataset_complete/cacao_diseases/cacao_photos/healthy/healthy_1930.jpg,no_usada,0,1930,0.43922964
2784,dataset_complete/cacao_diseases/cacao_photos/healthy/healthy_1931.jpg,no_usada,0,1931,0.47027814
2785,dataset_complete/cacao_diseases/cacao_photos/healthy/healthy_1932.jpg,no_usada,0,1932,0.4793454
2786,dataset_complete/cacao_diseases/cacao_photos/healthy/healthy_1933.jpg,no_usada,0,1933,0.44364268
2787,dataset_complete/cacao_diseases/cacao_photos/healthy/healthy_1934.jpg,no_usada,0,1934,0.51319486
2788,dataset_complete/cacao_diseases/cacao_photos/healthy/healthy_1935.jpg,no_usada,0,1935,0.4630055
2789,dataset_complete/cacao_diseases/cacao_photos/healthy/healthy_1936.jpg,no_usada,0,1936,0.5001246
2790,dataset_complete/cacao_diseases/cacao_photos/healthy/healthy_1937.jpg,no_usada,0,1937,0.44214267
2791,dataset_complete/cacao_diseases/cacao_photos/healthy/healthy_1938.jpg,no_usada,0,1938,0.5242224
2792,dataset_complete/cacao_diseases/cacao_photos/healthy/healthy_1939.jpg,no_usada,0,1939,0.53687036
2793,dataset_complete/cacao_diseases/cacao_photos/healthy/healthy_194.jpg,no_usada,0,194,0.559556
2794,dataset_complete/cacao_diseases/cacao_photos/healthy/healthy_1940.jpg,no_usada,0,1940,0.56240225
2795,dataset_complete/cacao_diseases/cacao_photos/healthy/healthy_1941.jpg,no_usada,0,1941,0.5389985
2796,dataset_complete/cacao_diseases/cacao_photos/healthy/healthy_1942.jpg,no_usada,0,1942,0.5933077
2797,dataset_complete/cacao_diseases/cacao_photos/healthy/healthy_1943.jpg,no_usada,0,1943,0.49297065
2798,dataset_complete/cacao_diseases/cacao_photos/healthy/healthy_1944.jpg,no_usada,0,1944,0.52881026
2799,dataset_complete/cacao_diseases/cacao_photos/healthy/healthy_1945.jpg,no_usada,0,1945,0.6138634
2800,dataset_complete/cacao_diseases/cacao_photos/healthy/healthy_1946.jpg,no_usada,0,1946,0.484488
2801,dataset_complete/cacao_diseases/cacao_photos/healthy/healthy_1947.jpg,no_usada,0,1947,0.47617498
2802,dataset_complete/cacao_diseases/cacao_photos/healthy/healthy_1948.jpg,no_usada,0,1948,0.54184914
2803,dataset_complete/cacao_diseases/cacao_photos/healthy/healthy_1949.jpg,no_usada,0,1949,0.5825573
2804,dataset_complete/cacao_diseases/cacao_photos/healthy/healthy_195.jpg,no_usada,0,195,0.4500867
2805,dataset_complete/cacao_diseases/cacao_photos/healthy/healthy_1950.jpg,no_usada,0,1950,0.54680806
2806,dataset_complete/cacao_diseases/cacao_photos/healthy/healthy_1951.jpg,no_usada,0,1951,0.42842245
2807,dataset_complete/cacao_diseases/cacao_photos/healthy/healthy_1952.jpg,no_usada,0,1952,0.49196327
2808,dataset_complete/cacao_diseases/cacao_photos/healthy/healthy_1953.jpg,no_usada,0,1953,0.4476056
2809,dataset_complete/cacao_diseases/cacao_photos/healthy/healthy_1954.jpg,no_usada,0,1954,0.5649222
2810,dataset_complete/cacao_diseases/cacao_photos/healthy/healthy_1955.jpg,no_usada,0,1955,0.500121
2811,dataset_complete/cacao_diseases/cacao_photos/healthy/healthy_1956.jpg,no_usada,0,1956,0.46376663
2812,dataset_complete/cacao_diseases/cacao_photos/healthy/healthy_1957.jpg,no_usada,0,1957,0.44456312
2813,dataset_complete/cacao_diseases/cacao_photos/healthy/healthy_1958.jpg,no_usada,0,1958,0.5334376
2814,dataset_complete/cacao_diseases/cacao_photos/healthy/healthy_1959.jpg,no_usada,0,1959,0.31323358
2815,dataset_complete/cacao_diseases/cacao_photos/healthy/healthy_196.jpg,no_usada,0,196,0.45084366
2816,dataset_complete/cacao_diseases/cacao_photos/healthy/healthy_1960.jpg,no_usada,0,1960,0.5137272
2817,dataset_complete/cacao_diseases/cacao_photos/healthy/healthy_1961.jpg,no_usada,0,1961,0.5173434
2818,dataset_complete/cacao_diseases/cacao_photos/healthy/healthy_1962.jpg,no_usada,0,1962,0.488835
2819,dataset_complete/cacao_diseases/cacao_photos/healthy/healthy_1963.jpg,no_usada,0,1963,0.5056851
2820,dataset_complete/cacao_diseases/cacao_photos/healthy/healthy_1964.jpg,no_usada,0,1964,0.46337888
2821,dataset_complete/cacao_diseases/cacao_photos/healthy/healthy_1965.jpg,no_usada,0,1965,0.5337564
2822,dataset_complete/cacao_diseases/cacao_photos/healthy/healthy_1966.jpg,no_usada,0,1966,0.4374437
2823,dataset_complete/cacao_diseases/cacao_photos/healthy/healthy_1967.jpg,no_usada,0,1967,0.43532193
2824,dataset_complete/cacao_diseases/cacao_photos/healthy/healthy_1968.jpg,no_usada,0,1968,0.6455629
2825,dataset_complete/cacao_diseases/cacao_photos/healthy/healthy_1969.jpg,no_usada,0,1969,0.470437
2826,dataset_complete/cacao_diseases/cacao_photos/healthy/healthy_1970.jpg,no_usada,0,1970,0.49279067
2827,dataset_complete/cacao_diseases/cacao_photos/healthy/healthy_1971.jpg,no_usada,0,1971,0.49076772
2828,dataset_complete/cacao_diseases/cacao_photos/healthy/healthy_1972.jpg,no_usada,0,1972,0.38147908
2829,dataset_complete/cacao_diseases/cacao_photos/healthy/healthy_1973.jpg,no_usada,0,1973,0.5081074
2830,dataset_complete/cacao_diseases/cacao_photos/healthy/healthy_1974.jpg,no_usada,0,1974,0.46158355
2831,dataset_complete/cacao_diseases/cacao_photos/healthy/healthy_1975.jpg,no_usada,0,1975,0.39713794
2832,dataset_complete/cacao_diseases/cacao_photos/healthy/healthy_1976.jpg,no_usada,0,1976,0.46535385
2833,dataset_complete/cacao_diseases/cacao_photos/healthy/healthy_1977.jpg,no_usada,0,1977,0.47174853
2834,dataset_complete/cacao_diseases/cacao_photos/healthy/healthy_1978.jpg,no_usada,0,1978,0.37282905
2835,dataset_complete/cacao_diseases/cacao_photos/healthy/healthy_1979.jpg,no_usada,0,1979,0.5051748
2836,dataset_complete/cacao_diseases/cacao_photos/healthy/healthy_1980.jpg,no_usada,0,1980,0.47565582
2837,dataset_complete/cacao_diseases/cacao_photos/healthy/healthy_1981.jpg,no_usada,0,1981,0.52002025
2838,dataset_complete/cacao_diseases/cacao_photos/healthy/healthy_1982.jpg,no_usada,0,1982,0.45997664
2839,dataset_complete/cacao_diseases/cacao_photos/healthy/healthy_1983.jpg,no_usada,0,1983,0.43026704
2840,dataset_complete/cacao_diseases/cacao_photos/healthy/healthy_1984.jpg,no_usada,0,1984,0.47902715
2841,dataset_complete/cacao_diseases/cacao_photos/healthy/healthy_1985.jpg,no_usada,0,1985,0.5144721
2842,dataset_complete/cacao_diseases/cacao_photos/healthy/healthy_1986.jpg,no_usada,0,1986,0.4857024
2843,dataset_complete/cacao_diseases/cacao_photos/healthy/healthy_1987.jpg,no_usada,0,1987,0.4325673
2844,dataset_complete/cacao_diseases/cacao_photos/healthy/healthy_1988.jpg,no_usada,0,1988,0.42940676
2845,dataset_complete/cacao_diseases/cacao_photos/healthy/healthy_1989.jpg,no_usada,0,1989,0.4087257
2846,dataset_complete/cacao_diseases/cacao_photos/healthy/healthy_1990.jpg,no_usada,0,1990,0.46569753
2847,dataset_complete/cacao_diseases/cacao_photos/healthy/healthy_1991.jpg,no_usada,0,1991,0.37045777
2848,dataset_complete/cacao_diseases/cacao_photos/healthy/healthy_1992.jpg,no_usada,0,1992,0.4187895
2849,dataset_complete/cacao_diseases/cacao_photos/healthy/healthy_1993.jpg,no_usada,0,1993,0.5441239
2850,dataset_complete/cacao_diseases/cacao_photos/healthy/healthy_1994.jpg,no_usada,0,1994,0.4354587
2851,dataset_complete/cacao_diseases/cacao_photos/healthy/healthy_1995.jpg,no_usada,0,1995,0.3951963
2852,dataset_complete/cacao_diseases/cacao_photos/healthy/healthy_1996.jpg,no_usada,0,1996,0.48024574
2853,dataset_complete/cacao_diseases/cacao_photos/healthy/healthy_1997.jpg,no_usada,0,1997,0.53316206
2854,dataset_complete/cacao_diseases/cacao_photos/healthy/healthy_1998.jpg,no_usada,0,1998,0.54862547
2855,dataset_complete/cacao_diseases/cacao_photos/healthy/healthy_1999.jpg,no_usada,0,1999,0.43936223
2856,dataset_complete/cacao_diseases/cacao_photos/healthy/healthy_2000.jpg,no_usada,0,2000,0.5522629
2857,dataset_complete/cacao_diseases/cacao_photos/healthy/healthy_2001.jpg,no_usada,0,2001,0.602713
2858,dataset_complete/cacao_diseases/cacao_photos/healthy/healthy_2002.jpg,no_usada,0,2002,0.47256994
2859,dataset_complete/cacao_diseases/cacao_photos/healthy/healthy_2003.jpg,no_usada,0,2003,0.46666095
2860,dataset_complete/cacao_diseases/cacao_photos/healthy/healthy_2004.jpg,no_usada,0,2004,0.49250144
2861,dataset_complete/cacao_diseases/cacao_photos/healthy/healthy_2005.jpg,no_usada,0,2005,0.3402801
2862,dataset_complete/cacao_diseases/cacao_photos/healthy/healthy_2006.jpg,no_usada,0,2006,0.5104432
2863,dataset_complete/cacao_diseases/cacao_photos/healthy/healthy_2007.jpg,no_usada,0,2007,0.4588666
2864,dataset_complete/cacao_diseases/cacao_photos/healthy/healthy_2008.jpg,no_usada,0,2008,0.46267533
2865,dataset_complete/cacao_diseases/cacao_photos/healthy/healthy_2009.jpg,no_usada,0,2009,0.44963652
2866,dataset_complete/cacao_diseases/cacao_photos/healthy/healthy_2010.jpg,no_usada,0,2010,0.46564782
2867,dataset_complete/cacao_diseases/cacao_photos/healthy/healthy_2011.jpg,no_usada,0,2011,0.3971845
2868,dataset_complete/cacao_diseases/cacao_photos/healthy/healthy_2012.jpg,no_usada,0,2012,0.4905237
2869,dataset_complete/cacao_diseases/cacao_photos/healthy/healthy_2013.jpg,no_usada,0,2013,0.4253032
2870,dataset_complete/cacao_diseases/cacao_photos/healthy/healthy_2014.jpg,no_usada,0,2014,0.44931704
2871,dataset_complete/cacao_diseases/cacao_photos/healthy/healthy_2015.jpg,no_usada,0,2015,0.4672624
2872,dataset_complete/cacao_diseases/cacao_photos/healthy/healthy_2016.jpg,no_usada,0,2016,0.49799594
2873,dataset_complete/cacao_diseases/cacao_photos/healthy/healthy_2017.jpg,no_usada,0,2017,0.44513494
2874,dataset_complete/cacao_diseases/cacao_photos/healthy/healthy_2018.jpg,no_usada,0,2018,0.33141017
2875,dataset_complete/cacao_diseases/cacao_photos/healthy/healthy_2019.jpg,no_usada,0,2019,0.56883967
2876,dataset_complete/cacao_diseases/cacao_photos/healthy/healthy_2020.jpg,no_usada,0,2020,0.5453801
2877,dataset_complete/cacao_diseases/cacao_photos/healthy/healthy_2021.jpg,no_usada,0,2021,0.39954412
2878,dataset_complete/cacao_diseases/cacao_photos/healthy/healthy_2022.jpg,no_usada,0,2022,0.41234267
2879,dataset_complete/cacao_diseases/cacao_photos/healthy/healthy_2023.jpg,no_usada,0,2023,0.40005454
2880,dataset_complete/cacao_diseases/cacao_photos/healthy/healthy_2024.jpg,no_usada,0,2024,0.30760002
2881,dataset_complete/cacao_diseases/cacao_photos/healthy/healthy_2025.jpg,no_usada,0,2025,0.45585024
2882,dataset_complete/cacao_diseases/cacao_photos/healthy/healthy_2026.jpg,no_usada,0,2026,0.42046264
2883,dataset_complete/cacao_diseases/cacao_photos/healthy/healthy_2027.jpg,no_usada,0,2027,0.43041703
2884,dataset_complete/cacao_diseases/cacao_photos/healthy/healthy_2028.jpg,no_usada,0,2028,0.37072843
2885,dataset_complete/cacao_diseases/cacao_photos/healthy/healthy_2029.jpg,no_usada,0,2029,0.33248204
2886,dataset_complete/cacao_diseases/cacao_photos/healthy/healthy_2030.jpg,no_usada,0,2030,0.34450567
2887,dataset_complete/cacao_diseases/cacao_photos/healthy/healthy_2031.jpg,no_usada,0,2031,0.3918262
2888,dataset_complete/cacao_diseases/cacao_photos/healthy/healthy_2032.jpg,no_usada,0,2032,0.47991368
2889,dataset_complete/cacao_diseases/cacao_photos/healthy/healthy_2033.jpg,no_usada,0,2033,0.39877334
2890,dataset_complete/cacao_diseases/cacao_photos/healthy/healthy_2034.jpg,no_usada,0,2034,0.43948475
2891,dataset_complete/cacao_diseases/cacao_photos/healthy/healthy_2035.jpg,no_usada,0,2035,0.5106889
2892,dataset_complete/cacao_diseases/cacao_photos/healthy/healthy_2036.jpg,no_usada,0,2036,0.42669776
2893,dataset_complete/cacao_diseases/cacao_photos/healthy/healthy_2037.jpg,no_usada,0,2037,0.48350152
2894,dataset_complete/cacao_diseases/cacao_photos/healthy/healthy_2038.jpg,no_usada,0,2038,0.4101847
2895,dataset_complete/cacao_diseases/cacao_photos/healthy/healthy_2039.jpg,no_usada,0,2039,0.42648906
2896,dataset_complete/cacao_diseases/cacao_photos/healthy/healthy_2040.jpg,no_usada,0,2040,0.48530346
2897,dataset_complete/cacao_diseases/cacao_photos/healthy/healthy_2041.jpg,no_usada,0,2041,0.49078688
2898,dataset_complete/cacao_diseases/cacao_photos/healthy/healthy_2042.jpg,no_usada,0,2042,0.45203817
2899,dataset_complete/cacao_diseases/cacao_photos/healthy/healthy_2043.jpg,no_usada,0,2043,0.45442882
2900,dataset_complete/cacao_diseases/cacao_photos/healthy/healthy_2044.jpg,no_usada,0,2044,0.50195825
2901,dataset_complete/cacao_diseases/cacao_photos/healthy/healthy_2045.jpg,no_usada,0,2045,0.53751373
2902,dataset_complete/cacao_diseases/cacao_photos/healthy/healthy_2046.jpg,no_usada,0,2046,0.5302762
2903,dataset_complete/cacao_diseases/cacao_photos/healthy/healthy_2047.jpg,no_usada,0,2047,0.47351462
2904,dataset_complete/cacao_diseases/cacao_photos/healthy/healthy_2048.jpg,no_usada,0,2048,0.5217851
2905,dataset_complete/cacao_diseases/cacao_photos/healthy/healthy_2049.jpg,no_usada,0,2049,0.40908194
2906,dataset_complete/cacao_diseases/cacao_photos/healthy/healthy_2050.jpg,no_usada,0,2050,0.520662
2907,dataset_complete/cacao_diseases/cacao_photos/healthy/healthy_2051.jpg,no_usada,0,2051,0.6283763
2908,dataset_complete/cacao_diseases/cacao_photos/healthy/healthy_2159.jpg,no_usada,0,2159,0.4227558
2909,dataset_complete/cacao_diseases/cacao_photos/healthy/healthy_2160.jpg,no_usada,0,2160,0.44203162
2910,dataset_complete/cacao_diseases/cacao_photos/healthy/healthy_2161.jpg,no_usada,0,2161,0.41568312
2911,dataset_complete/cacao_diseases/cacao_photos/healthy/healthy_2162.jpg,no_usada,0,2162,0.45948327
2912,dataset_complete/cacao_diseases/cacao_photos/healthy/healthy_2163.jpg,no_usada,0,2163,0.4945405
2913,dataset_complete/cacao_diseases/cacao_photos/healthy/healthy_2164.jpg,no_usada,0,2164,0.39191657
2914,dataset_complete/cacao_diseases/cacao_photos/healthy/healthy_2165.jpg,no_usada,0,2165,0.4158982
2915,dataset_complete/cacao_diseases/cacao_photos/healthy/healthy_2166.jpg,no_usada,0,2166,0.4693558
2916,dataset_complete/cacao_diseases/cacao_photos/healthy/healthy_2167.jpg,no_usada,0,2167,0.45075393
2917,dataset_complete/cacao_diseases/cacao_photos/healthy/healthy_2168.jpg,no_usada,0,2168,0.40367383
2918,dataset_complete/cacao_diseases/cacao_photos/healthy/healthy_2169.jpg,no_usada,0,2169,0.38877082
2919,dataset_complete/cacao_diseases/cacao_photos/healthy/healthy_2170.jpg,no_usada,0,2170,0.43538082
2920,dataset_complete/cacao_diseases/cacao_photos/healthy/healthy_2171.jpg,no_usada,0,2171,0.45497632
2921,dataset_complete/cacao_diseases/cacao_photos/healthy/healthy_2172.jpg,no_usada,0,2172,0.44750863
2922,dataset_complete/cacao_diseases/cacao_photos/healthy/healthy_2173.jpg,no_usada,0,2173,0.5223235
2923,dataset_complete/cacao_diseases/cacao_photos/healthy/healthy_2174.jpg,no_usada,0,2174,0.36848134
2924,dataset_complete/cacao_diseases/cacao_photos/healthy/healthy_2175.jpg,no_usada,0,2175,0.4593202
2925,dataset_complete/cacao_diseases/cacao_photos/healthy/healthy_2176.jpg,no_usada,0,2176,0.4905736
2926,dataset_complete/cacao_diseases/cacao_photos/healthy/healthy_2177.jpg,no_usada,0,2177,0.4825281
2927,dataset_complete/cacao_diseases/cacao_photos/healthy/healthy_2178.jpg,no_usada,0,2178,0.48636636
2928,dataset_complete/cacao_diseases/cacao_photos/healthy/healthy_2179.jpg,no_usada,0,2179,0.5037683
2929,dataset_complete/cacao_diseases/cacao_photos/healthy/healthy_2180.jpg,no_usada,0,2180,0.5579308
2930,dataset_complete/cacao_diseases/cacao_photos/healthy/healthy_2181.jpg,no_usada,0,2181,0.45024937
2931,dataset_complete/cacao_diseases/cacao_photos/healthy/healthy_2182.jpg,no_usada,0,2182,0.34869868
2932,dataset_complete/cacao_diseases/cacao_photos/healthy/healthy_2183.jpg,no_usada,0,2183,0.5407397
2933,dataset_complete/cacao_diseases/cacao_photos/healthy/healthy_2184.jpg,no_usada,0,2184,0.53245306
2934,dataset_complete/cacao_diseases/cacao_photos/healthy/healthy_2185.jpg,no_usada,0,2185,0.5070948
2935,dataset_complete/cacao_diseases/cacao_photos/healthy/healthy_2186.jpg,no_usada,0,2186,0.44316503
2936,dataset_complete/cacao_diseases/cacao_photos/healthy/healthy_2187.jpg,no_usada,0,2187,0.47743094
2937,dataset_complete/cacao_diseases/cacao_photos/healthy/healthy_2188.jpg,no_usada,0,2188,0.39531526
2938,dataset_complete/cacao_diseases/cacao_photos/healthy/healthy_2189.jpg,no_usada,0,2189,0.4212587
2939,dataset_complete/cacao_diseases/cacao_photos/healthy/healthy_2190.jpg,no_usada,0,2190,0.36357486
2940,dataset_complete/cacao_diseases/cacao_photos/healthy/healthy_2191.jpg,no_usada,0,2191,0.4719656
2941,dataset_complete/cacao_diseases/cacao_photos/healthy/healthy_2192.jpg,no_usada,0,2192,0.5840353
2942,dataset_complete/cacao_diseases/cacao_photos/healthy/healthy_2193.jpg,no_usada,0,2193,0.45750177
2943,dataset_complete/cacao_diseases/cacao_photos/healthy/healthy_2194.jpg,no_usada,0,2194,0.36279142
2944,dataset_complete/cacao_diseases/cacao_photos/healthy/healthy_2195.jpg,no_usada,0,2195,0.49641967
2945,dataset_complete/cacao_diseases/cacao_photos/healthy/healthy_2196.jpg,no_usada,0,2196,0.48269957
2946,dataset_complete/cacao_diseases/cacao_photos/healthy/healthy_2197.jpg,no_usada,0,2197,0.48335713
2947,dataset_complete/cacao_diseases/cacao_photos/healthy/healthy_2198.jpg,no_usada,0,2198,0.49084958
2948,dataset_complete/cacao_diseases/cacao_photos/healthy/healthy_2199.jpg,no_usada,0,2199,0.4034635
2949,dataset_complete/cacao_diseases/cacao_photos/healthy/healthy_2200.jpg,no_usada,0,2200,0.41782004
2950,dataset_complete/cacao_diseases/cacao_photos/healthy/healthy_2201.jpg,no_usada,0,2201,0.5492445
2951,dataset_complete/cacao_diseases/cacao_photos/healthy/healthy_2202.jpg,no_usada,0,2202,0.43784735
2952,dataset_complete/cacao_diseases/cacao_photos/healthy/healthy_2203.jpg,no_usada,0,2203,0.515305
2953,dataset_complete/cacao_diseases/cacao_photos/healthy/healthy_2204.jpg,no_usada,0,2204,0.5083031
2954,dataset_complete/cacao_diseases/cacao_photos/healthy/healthy_2205.jpg,no_usada,0,2205,0.46453887
2955,dataset_complete/cacao_diseases/cacao_photos/healthy/healthy_2206.jpg,no_usada,0,2206,0.49269614
2956,dataset_complete/cacao_diseases/cacao_photos/healthy/healthy_2207.jpg,no_usada,0,2207,0.5625358
2957,dataset_complete/cacao_diseases/cacao_photos/healthy/healthy_2208.jpg,no_usada,0,2208,0.4216628
2958,dataset_complete/cacao_diseases/cacao_photos/healthy/healthy_2209.jpg,no_usada,0,2209,0.48462698
2959,dataset_complete/cacao_diseases/cacao_photos/healthy/healthy_2210.jpg,no_usada,0,2210,0.37366477
2960,dataset_complete/cacao_diseases/cacao_photos/healthy/healthy_2211.jpg,no_usada,0,2211,0.3451782
2961,dataset_complete/cacao_diseases/cacao_photos/healthy/healthy_2212.jpg,no_usada,0,2212,0.37680992
2962,dataset_complete/cacao_diseases/cacao_photos/healthy/healthy_2213.jpg,no_usada,0,2213,0.43407133
2963,dataset_complete/cacao_diseases/cacao_photos/healthy/healthy_2214.jpg,no_usada,0,2214,0.5315972
2964,dataset_complete/cacao_diseases/cacao_photos/healthy/healthy_2215.jpg,no_usada,0,2215,0.5082136
2965,dataset_complete/cacao_diseases/cacao_photos/healthy/healthy_2216.jpg,no_usada,0,2216,0.46747842
2966,dataset_complete/cacao_diseases/cacao_photos/healthy/healthy_2217.jpg,no_usada,0,2217,0.29976547
2967,dataset_complete/cacao_diseases/cacao_photos/healthy/healthy_2218.jpg,no_usada,0,2218,0.44860414
2968,dataset_complete/cacao_diseases/cacao_photos/healthy/healthy_2219.jpg,no_usada,0,2219,0.530368
2969,dataset_complete/cacao_diseases/cacao_photos/healthy/healthy_2220.jpg,no_usada,0,2220,0.4446393
2970,dataset_complete/cacao_diseases/cacao_photos/healthy/healthy_2221.jpg,no_usada,0,2221,0.47371927
2971,dataset_complete/cacao_diseases/cacao_photos/healthy/healthy_2222.jpg,no_usada,0,2222,0.5051595
2972,dataset_complete/cacao_diseases/cacao_photos/healthy/healthy_2223.jpg,no_usada,0,2223,0.61321527
2973,dataset_complete/cacao_diseases/cacao_photos/healthy/healthy_2224.jpg,no_usada,0,2224,0.3759498
2974,dataset_complete/cacao_diseases/cacao_photos/healthy/healthy_2225.jpg,no_usada,0,2225,0.41074848
2975,dataset_complete/cacao_diseases/cacao_photos/healthy/healthy_2226.jpg,no_usada,0,2226,0.66404766
2976,dataset_complete/cacao_diseases/cacao_photos/healthy/healthy_2227.jpg,no_usada,0,2227,0.46168512
2977,dataset_complete/cacao_diseases/cacao_photos/healthy/healthy_2228.jpg,no_usada,0,2228,0.49739683
2978,dataset_complete/cacao_diseases/cacao_photos/healthy/healthy_2229.jpg,no_usada,0,2229,0.580461
2979,dataset_complete/cacao_diseases/cacao_photos/healthy/healthy_2230.jpg,no_usada,0,2230,0.5959334
2980,dataset_complete/cacao_diseases/cacao_photos/healthy/healthy_2231.jpg,no_usada,0,2231,0.5749937
2981,dataset_complete/cacao_diseases/cacao_photos/healthy/healthy_2232.jpg,no_usada,0,2232,0.46666235
2982,dataset_complete/cacao_diseases/cacao_photos/healthy/healthy_2233.jpg,no_usada,0,2233,0.45833504
2983,dataset_complete/cacao_diseases/cacao_photos/healthy/healthy_2234.jpg,no_usada,0,2234,0.58867395
2984,dataset_complete/cacao_diseases/cacao_photos/healthy/healthy_2235.jpg,no_usada,0,2235,0.50999516
2985,dataset_complete/cacao_diseases/cacao_photos/healthy/healthy_2236.jpg,no_usada,0,2236,0.5156708
2986,dataset_complete/cacao_diseases/cacao_photos/healthy/healthy_2237.jpg,no_usada,0,2237,0.41867113
2987,dataset_complete/cacao_diseases/cacao_photos/healthy/healthy_2238.jpg,no_usada,0,2238,0.52853465
2988,dataset_complete/cacao_diseases/cacao_photos/healthy/healthy_2239.jpg,no_usada,0,2239,0.39481437
2989,dataset_complete/cacao_diseases/cacao_photos/healthy/healthy_2240.jpg,no_usada,0,2240,0.5558735
2990,dataset_complete/cacao_diseases/cacao_photos/healthy/healthy_2241.jpg,no_usada,0,2241,0.5196742
2991,dataset_complete/cacao_diseases/cacao_photos/healthy/healthy_2242.jpg,no_usada,0,2242,0.48317868
2992,dataset_complete/cacao_diseases/cacao_photos/healthy/healthy_2243.jpg,no_usada,0,2243,0.3395607
2993,dataset_complete/cacao_diseases/cacao_photos/healthy/healthy_2244.jpg,no_usada,0,2244,0.5614127
2994,dataset_complete/cacao_diseases/cacao_photos/healthy/healthy_2245.jpg,no_usada,0,2245,0.3077994
2995,dataset_complete/cacao_diseases/cacao_photos/healthy/healthy_2246.jpg,no_usada,0,2246,0.32794
2996,dataset_complete/cacao_diseases/cacao_photos/healthy/healthy_2247.jpg,no_usada,0,2247,0.41867518
2997,dataset_complete/cacao_diseases/cacao_photos/healthy/healthy_2248.jpg,no_usada,0,2248,0.5064243
2998,dataset_complete/cacao_diseases/cacao_photos/healthy/healthy_2249.jpg,no_usada,0,2249,0.47047216
2999,dataset_complete/cacao_diseases/cacao_photos/healthy/healthy_2250.jpg,no_usada,0,2250,0.49817744
3000,dataset_complete/cacao_diseases/cacao_photos/healthy/healthy_2251.jpg,no_usada,0,2251,0.4454658
3001,dataset_complete/cacao_diseases/cacao_photos/healthy/healthy_2252.jpg,no_usada,0,2252,0.49272007
3002,dataset_complete/cacao_diseases/cacao_photos/healthy/healthy_2253.jpg,no_usada,0,2253,0.40792948
3003,dataset_complete/cacao_diseases/cacao_photos/healthy/healthy_2254.jpg,no_usada,0,2254,0.5211878
3004,dataset_complete/cacao_diseases/cacao_photos/healthy/healthy_2255.jpg,no_usada,0,2255,0.5665417
3005,dataset_complete/cacao_diseases/cacao_photos/healthy/healthy_2256.jpg,no_usada,0,2256,0.39653665
3006,dataset_complete/cacao_diseases/cacao_photos/healthy/healthy_2257.jpg,no_usada,0,2257,0.4786067
3007,dataset_complete/cacao_diseases/cacao_photos/healthy/healthy_2258.jpg,no_usada,0,2258,0.43311366
3008,dataset_complete/cacao_diseases/cacao_photos/healthy/healthy_2259.jpg,no_usada,0,2259,0.517828
3009,dataset_complete/cacao_diseases/cacao_photos/healthy/healthy_2260.jpg,no_usada,0,2260,0.41730562
3010,dataset_complete/cacao_diseases/cacao_photos/healthy/healthy_2261.jpg,no_usada,0,2261,0.4254059
3011,dataset_complete/cacao_diseases/cacao_photos/healthy/healthy_2262.jpg,no_usada,0,2262,0.5232917
3012,dataset_complete/cacao_diseases/cacao_photos/healthy/healthy_2263.jpg,no_usada,0,2263,0.48444512
3013,dataset_complete/cacao_diseases/cacao_photos/healthy/healthy_2264.jpg,no_usada,0,2264,0.42937967
3014,dataset_complete/cacao_diseases/cacao_photos/healthy/healthy_2265.jpg,no_usada,0,2265,0.4889252
3015,dataset_complete/cacao_diseases/cacao_photos/healthy/healthy_2266.jpg,no_usada,0,2266,0.44038033
3016,dataset_complete/cacao_diseases/cacao_photos/healthy/healthy_2267.jpg,no_usada,0,2267,0.43546838
3017,dataset_complete/cacao_diseases/cacao_photos/healthy/healthy_2268.jpg,no_usada,0,2268,0.44951487
3018,dataset_complete/cacao_diseases/cacao_photos/healthy/healthy_2269.jpg,no_usada,0,2269,0.47724438
3019,dataset_complete/cacao_diseases/cacao_photos/healthy/healthy_2270.jpg,no_usada,0,2270,0.41988525
3020,dataset_complete/cacao_diseases/cacao_photos/healthy/healthy_2271.jpg,no_usada,0,2271,0.46688756
3021,dataset_complete/cacao_diseases/cacao_photos/healthy/healthy_2272.jpg,no_usada,0,2272,0.42540693
3022,dataset_complete/cacao_diseases/cacao_photos/healthy/healthy_2273.jpg,no_usada,0,2273,0.47411725
3023,dataset_complete/cacao_diseases/cacao_photos/healthy/healthy_2274.jpg,no_usada,0,2274,0.48752612
3024,dataset_complete/cacao_diseases/cacao_photos/healthy/healthy_2275.jpg,no_usada,0,2275,0.41161937
3025,dataset_complete/cacao_diseases/cacao_photos/healthy/healthy_2276.jpg,no_usada,0,2276,0.35117674
3026,dataset_complete/cacao_diseases/cacao_photos/healthy/healthy_2277.jpg,no_usada,0,2277,0.4717257
3027,dataset_complete/cacao_diseases/cacao_photos/healthy/healthy_2278.jpg,no_usada,0,2278,0.4290547
3028,dataset_complete/cacao_diseases/cacao_photos/healthy/healthy_2291.jpg,no_usada,0,2291,0.539962
3029,dataset_complete/cacao_diseases/cacao_photos/healthy/healthy_2292.jpg,no_usada,0,2292,0.4668404
3030,dataset_complete/cacao_diseases/cacao_photos/healthy/healthy_2293.jpg,no_usada,0,2293,0.45258045
3031,dataset_complete/cacao_diseases/cacao_photos/healthy/healthy_2294.jpg,no_usada,0,2294,0.46123
3032,dataset_complete/cacao_diseases/cacao_photos/healthy/healthy_2295.jpg,no_usada,0,2295,0.47436836
3033,dataset_complete/cacao_diseases/cacao_photos/healthy/healthy_2296.jpg,no_usada,0,2296,0.45222285
3034,dataset_complete/cacao_diseases/cacao_photos/healthy/healthy_2297.jpg,no_usada,0,2297,0.55885476
3035,dataset_complete/cacao_diseases/cacao_photos/healthy/healthy_2298.jpg,no_usada,0,2298,0.45860848
3036,dataset_complete/cacao_diseases/cacao_photos/healthy/healthy_2299.jpg,no_usada,0,2299,0.45296365
3037,dataset_complete/cacao_diseases/cacao_photos/healthy/healthy_2300.jpg,no_usada,0,2300,0.5061915
3038,dataset_complete/cacao_diseases/cacao_photos/healthy/healthy_2301.jpg,no_usada,0,2301,0.4642694
3039,dataset_complete/cacao_diseases/cacao_photos/healthy/healthy_2302.jpg,no_usada,0,2302,0.46421647
3040,dataset_complete/cacao_diseases/cacao_photos/healthy/healthy_2303.jpg,no_usada,0,2303,0.41300523
3041,dataset_complete/cacao_diseases/cacao_photos/healthy/healthy_2304.jpg,no_usada,0,2304,0.40890577
3042,dataset_complete/cacao_diseases/cacao_photos/healthy/healthy_2305.jpg,no_usada,0,2305,0.40829155
3043,dataset_complete/cacao_diseases/cacao_photos/healthy/healthy_2306.jpg,no_usada,0,2306,0.3179756
3044,dataset_complete/cacao_diseases/cacao_photos/healthy/healthy_2307.jpg,no_usada,0,2307,0.3641069
3045,dataset_complete/cacao_diseases/cacao_photos/healthy/healthy_2308.jpg,no_usada,0,2308,0.5305665
3046,dataset_complete/cacao_diseases/cacao_photos/healthy/healthy_2309.jpg,no_usada,0,2309,0.4821389
3047,dataset_complete/cacao_diseases/cacao_photos/healthy/healthy_2310.jpg,no_usada,0,2310,0.44039455
3048,dataset_complete/cacao_diseases/cacao_photos/healthy/healthy_2311.jpg,no_usada,0,2311,0.43471748
3049,dataset_complete/cacao_diseases/cacao_photos/healthy/healthy_2312.jpg,no_usada,0,2312,0.4637208
3050,dataset_complete/cacao_diseases/cacao_photos/healthy/healthy_2313.jpg,no_usada,0,2313,0.49609023
3051,dataset_complete/cacao_diseases/cacao_photos/healthy/healthy_2314.jpg,no_usada,0,2314,0.56068724
3052,dataset_complete/cacao_diseases/cacao_photos/healthy/healthy_2315.jpg,no_usada,0,2315,0.36889505
3053,dataset_complete/cacao_diseases/cacao_photos/healthy/healthy_2316.jpg,no_usada,0,2316,0.57497203
3054,dataset_complete/cacao_diseases/cacao_photos/healthy/healthy_2317.jpg,no_usada,0,2317,0.46494564
3055,dataset_complete/cacao_diseases/cacao_photos/healthy/healthy_2318.jpg,no_usada,0,2318,0.45817077
3056,dataset_complete/cacao_diseases/cacao_photos/healthy/healthy_2319.jpg,no_usada,0,2319,0.42605245
3057,dataset_complete/cacao_diseases/cacao_photos/healthy/healthy_2320.jpg,no_usada,0,2320,0.5556374
3058,dataset_complete/cacao_diseases/cacao_photos/healthy/healthy_2321.jpg,no_usada,0,2321,0.46144658
3059,dataset_complete/cacao_diseases/cacao_photos/healthy/healthy_2322.jpg,no_usada,0,2322,0.45753473
3060,dataset_complete/cacao_diseases/cacao_photos/healthy/healthy_2323.jpg,no_usada,0,2323,0.5645918
3061,dataset_complete/cacao_diseases/cacao_photos/healthy/healthy_2324.jpg,no_usada,0,2324,0.50026715
3062,dataset_complete/cacao_diseases/cacao_photos/healthy/healthy_2325.jpg,no_usada,0,2325,0.4859594
3063,dataset_complete/cacao_diseases/cacao_photos/healthy/healthy_2326.jpg,no_usada,0,2326,0.43864077
3064,dataset_complete/cacao_diseases/cacao_photos/healthy/healthy_2327.jpg,no_usada,0,2327,0.45975146
3065,dataset_complete/cacao_diseases/cacao_photos/healthy/healthy_2328.jpg,no_usada,0,2328,0.48128527
3066,dataset_complete/cacao_diseases/cacao_photos/healthy/healthy_2329.jpg,no_usada,0,2329,0.39619547
3067,dataset_complete/cacao_diseases/cacao_photos/healthy/healthy_2330.jpg,no_usada,0,2330,0.36735284
3068,dataset_complete/cacao_diseases/cacao_photos/healthy/healthy_2331.jpg,no_usada,0,2331,0.41645542
3069,dataset_complete/cacao_diseases/cacao_photos/healthy/healthy_2332.jpg,no_usada,0,2332,0.4932734
3070,dataset_complete/cacao_diseases/cacao_photos/healthy/healthy_2333.jpg,no_usada,0,2333,0.19302654
3071,dataset_complete/cacao_diseases/cacao_photos/healthy/healthy_2334.jpg,no_usada,0,2334,0.51620877
3072,dataset_complete/cacao_diseases/cacao_photos/healthy/healthy_2335.jpg,no_usada,0,2335,0.5097996
3073,dataset_complete/cacao_diseases/cacao_photos/healthy/healthy_2336.jpg,no_usada,0,2336,0.47129047
3074,dataset_complete/cacao_diseases/cacao_photos/healthy/healthy_2337.jpg,no_usada,0,2337,0.42596996
3075,dataset_complete/cacao_diseases/cacao_photos/healthy/healthy_2338.jpg,no_usada,0,2338,0.50041497
3076,dataset_complete/cacao_diseases/cacao_photos/healthy/healthy_2339.jpg,no_usada,0,2339,0.5721947
3077,dataset_complete/cacao_diseases/cacao_photos/healthy/healthy_2340.jpg,no_usada,0,2340,0.54183555
3078,dataset_complete/cacao_diseases/cacao_photos/healthy/healthy_2341.jpg,no_usada,0,2341,0.491433
3079,dataset_complete/cacao_diseases/cacao_photos/healthy/healthy_2342.jpg,no_usada,0,2342,0.49221718
3080,dataset_complete/cacao_diseases/cacao_photos/healthy/healthy_2343.jpg,no_usada,0,2343,0.39247334
3081,dataset_complete/cacao_diseases/cacao_photos/healthy/healthy_2344.jpg,no_usada,0,2344,0.53902197
3082,dataset_complete/cacao_diseases/cacao_photos/healthy/healthy_2345.jpg,no_usada,0,2345,0.58972657
3083,dataset_complete/cacao_diseases/cacao_photos/healthy/healthy_2346.jpg,no_usada,0,2346,0.49949688
3084,dataset_complete/cacao_diseases/cacao_photos/healthy/healthy_2347.jpg,no_usada,0,2347,0.47791058
3085,dataset_complete/cacao_diseases/cacao_photos/healthy/healthy_2348.jpg,no_usada,0,2348,0.3901256
3086,dataset_complete/cacao_diseases/cacao_photos/healthy/healthy_2349.jpg,no_usada,0,2349,0.43551525
3087,dataset_complete/cacao_diseases/cacao_photos/healthy/healthy_2350.jpg,no_usada,0,2350,0.42437327
3088,dataset_complete/cacao_diseases/cacao_photos/healthy/healthy_2351.jpg,no_usada,0,2351,0.48114267
3089,dataset_complete/cacao_diseases/cacao_photos/healthy/healthy_2352.jpg,no_usada,0,2352,0.46001184
3090,dataset_complete/cacao_diseases/cacao_photos/healthy/healthy_2353.jpg,no_usada,0,2353,0.47266674
3091,dataset_complete/cacao_diseases/cacao_photos/healthy/healthy_2354.jpg,no_usada,0,2354,0.46903557
3092,dataset_complete/cacao_diseases/cacao_photos/healthy/healthy_2355.jpg,no_usada,0,2355,0.5303253
3093,dataset_complete/cacao_diseases/cacao_photos/healthy/healthy_2356.jpg,no_usada,0,2356,0.5484247
3094,dataset_complete/cacao_diseases/cacao_photos/healthy/healthy_2357.jpg,no_usada,0,2357,0.493824
3095,dataset_complete/cacao_diseases/cacao_photos/healthy/healthy_2358.jpg,no_usada,0,2358,0.43214583
3096,dataset_complete/cacao_diseases/cacao_photos/healthy/healthy_2359.jpg,no_usada,0,2359,0.4073959
3097,dataset_complete/cacao_diseases/cacao_photos/healthy/healthy_2360.jpg,no_usada,0,2360,0.45590582
3098,dataset_complete/cacao_diseases/cacao_photos/healthy/healthy_2361.jpg,no_usada,0,2361,0.48942026
3099,dataset_complete/cacao_diseases/cacao_photos/healthy/healthy_2362.jpg,no_usada,0,2362,0.504596
3100,dataset_complete/cacao_diseases/cacao_photos/healthy/healthy_2363.jpg,no_usada,0,2363,0.4437706
3101,dataset_complete/cacao_diseases/cacao_photos/healthy/healthy_2364.jpg,no_usada,0,2364,0.4202508
3102,dataset_complete/cacao_diseases/cacao_photos/healthy/healthy_2365.jpg,no_usada,0,2365,0.4339612
3103,dataset_complete/cacao_diseases/cacao_photos/healthy/healthy_2366.jpg,no_usada,0,2366,0.50697553
3104,dataset_complete/cacao_diseases/cacao_photos/healthy/healthy_2367.jpg,no_usada,0,2367,0.42414612
3105,dataset_complete/cacao_diseases/cacao_photos/healthy/healthy_2368.jpg,no_usada,0,2368,0.49188653
3106,dataset_complete/cacao_diseases/cacao_photos/healthy/healthy_2369.jpg,no_usada,0,2369,0.39342725
3107,dataset_complete/cacao_diseases/cacao_photos/healthy/healthy_2370.jpg,no_usada,0,2370,0.39741462
3108,dataset_complete/cacao_diseases/cacao_photos/healthy/healthy_2371.jpg,no_usada,0,2371,0.52175784
3109,dataset_complete/cacao_diseases/cacao_photos/healthy/healthy_2372.jpg,no_usada,0,2372,0.4439715
3110,dataset_complete/cacao_diseases/cacao_photos/healthy/healthy_2373.jpg,no_usada,0,2373,0.5422385
3111,dataset_complete/cacao_diseases/cacao_photos/healthy/healthy_2374.jpg,no_usada,0,2374,0.48507085
3112,dataset_complete/cacao_diseases/cacao_photos/healthy/healthy_2375.jpg,no_usada,0,2375,0.49703494
3113,dataset_complete/cacao_diseases/cacao_photos/healthy/healthy_2376.jpg,no_usada,0,2376,0.5155158
3114,dataset_complete/cacao_diseases/cacao_photos/healthy/healthy_2377.jpg,no_usada,0,2377,0.4072803
3115,dataset_complete/cacao_diseases/cacao_photos/healthy/healthy_2378.jpg,no_usada,0,2378,0.4736964
3116,dataset_complete/cacao_diseases/cacao_photos/healthy/healthy_2379.jpg,no_usada,0,2379,0.5357528
3117,dataset_complete/cacao_diseases/cacao_photos/healthy/healthy_2380.jpg,no_usada,0,2380,0.5711458
3118,dataset_complete/cacao_diseases/cacao_photos/healthy/healthy_2381.jpg,no_usada,0,2381,0.35813615
3119,dataset_complete/cacao_diseases/cacao_photos/healthy/healthy_2382.jpg,no_usada,0,2382,0.49141523
3120,dataset_complete/cacao_diseases/cacao_photos/healthy/healthy_2383.jpg,no_usada,0,2383,0.5541434
3121,dataset_complete/cacao_diseases/cacao_photos/healthy/healthy_2384.jpg,no_usada,0,2384,0.42417896
3122,dataset_complete/cacao_diseases/cacao_photos/healthy/healthy_2385.jpg,no_usada,0,2385,0.5383996
3123,dataset_complete/cacao_diseases/cacao_photos/healthy/healthy_2386.jpg,no_usada,0,2386,0.49108648
3124,dataset_complete/cacao_diseases/cacao_photos/healthy/healthy_2387.jpg,no_usada,0,2387,0.36240435
3125,dataset_complete/cacao_diseases/cacao_photos/healthy/healthy_2388.jpg,no_usada,0,2388,0.5081911
3126,dataset_complete/cacao_diseases/cacao_photos/healthy/healthy_2389.jpg,no_usada,0,2389,0.50642186
3127,dataset_complete/cacao_diseases/cacao_photos/healthy/healthy_2390.jpg,no_usada,0,2390,0.48004887
3128,dataset_complete/cacao_diseases/cacao_photos/healthy/healthy_2391.jpg,no_usada,0,2391,0.49597886
3129,dataset_complete/cacao_diseases/cacao_photos/healthy/healthy_2392.jpg,no_usada,0,2392,0.40512565
3130,dataset_complete/cacao_diseases/cacao_photos/healthy/healthy_2393.jpg,no_usada,0,2393,0.58170605
3131,dataset_complete/cacao_diseases/cacao_photos/healthy/healthy_2394.jpg,no_usada,0,2394,0.46841788
3132,dataset_complete/cacao_diseases/cacao_photos/healthy/healthy_2395.jpg,no_usada,0,2395,0.5237804
3133,dataset_complete/cacao_diseases/cacao_photos/healthy/healthy_2396.jpg,no_usada,0,2396,0.4187842
3134,dataset_complete/cacao_diseases/cacao_photos/healthy/healthy_2397.jpg,no_usada,0,2397,0.41230863
3135,dataset_complete/cacao_diseases/cacao_photos/healthy/healthy_2398.jpg,no_usada,0,2398,0.5068524
3136,dataset_complete/cacao_diseases/cacao_photos/healthy/healthy_2399.jpg,no_usada,0,2399,0.5594765
3137,dataset_complete/cacao_diseases/cacao_photos/healthy/healthy_2400.jpg,no_usada,0,2400,0.46226192
3138,dataset_complete/cacao_diseases/cacao_photos/healthy/healthy_2401.jpg,no_usada,0,2401,0.38143793
3139,dataset_complete/cacao_diseases/cacao_photos/healthy/healthy_2402.jpg,no_usada,0,2402,0.4490402
3140,dataset_complete/cacao_diseases/cacao_photos/healthy/healthy_2403.jpg,no_usada,0,2403,0.39381737
3141,dataset_complete/cacao_diseases/cacao_photos/healthy/healthy_2404.jpg,no_usada,0,2404,0.49331722
3142,dataset_complete/cacao_diseases/cacao_photos/healthy/healthy_2405.jpg,no_usada,0,2405,0.42964527
3143,dataset_complete/cacao_diseases/cacao_photos/healthy/healthy_2406.jpg,no_usada,0,2406,0.49805433
3144,dataset_complete/cacao_diseases/cacao_photos/healthy/healthy_2407.jpg,no_usada,0,2407,0.43248066
3145,dataset_complete/cacao_diseases/cacao_photos/healthy/healthy_2408.jpg,no_usada,0,2408,0.48346516
3146,dataset_complete/cacao_diseases/cacao_photos/healthy/healthy_2409.jpg,no_usada,0,2409,0.35698816
3147,dataset_complete/cacao_diseases/cacao_photos/healthy/healthy_2410.jpg,no_usada,0,2410,0.48787883
3148,dataset_complete/cacao_diseases/cacao_photos/healthy/healthy_2411.jpg,no_usada,0,2411,0.4337549
3149,dataset_complete/cacao_diseases/cacao_photos/healthy/healthy_2412.jpg,no_usada,0,2412,0.47676164
3150,dataset_complete/cacao_diseases/cacao_photos/healthy/healthy_2413.jpg,no_usada,0,2413,0.38037834
3151,dataset_complete/cacao_diseases/cacao_photos/healthy/healthy_2414.jpg,no_usada,0,2414,0.43532464
3152,dataset_complete/cacao_diseases/cacao_photos/healthy/healthy_2415.jpg,no_usada,0,2415,0.47775093
3153,dataset_complete/cacao_diseases/cacao_photos/healthy/healthy_2416.jpg,no_usada,0,2416,0.4658399
3154,dataset_complete/cacao_diseases/cacao_photos/healthy/healthy_2417.jpg,no_usada,0,2417,0.3755649
3155,dataset_complete/cacao_diseases/cacao_photos/healthy/healthy_2418.jpg,no_usada,0,2418,0.43430656
3156,dataset_complete/cacao_diseases/cacao_photos/healthy/healthy_2419.jpg,no_usada,0,2419,0.47874275
3157,dataset_complete/cacao_diseases/cacao_photos/healthy/healthy_2420.jpg,no_usada,0,2420,0.4080454
3158,dataset_complete/cacao_diseases/cacao_photos/healthy/healthy_2421.jpg,no_usada,0,2421,0.48270068
3159,dataset_complete/cacao_diseases/cacao_photos/healthy/healthy_2422.jpg,no_usada,0,2422,0.45151076
3160,dataset_complete/cacao_diseases/cacao_photos/healthy/healthy_2423.jpg,no_usada,0,2423,0.50985026
3161,dataset_complete/cacao_diseases/cacao_photos/healthy/healthy_2424.jpg,no_usada,0,2424,0.4437032
3162,dataset_complete/cacao_diseases/cacao_photos/healthy/healthy_2425.jpg,no_usada,0,2425,0.4789412
3163,dataset_complete/cacao_diseases/cacao_photos/healthy/healthy_2426.jpg,no_usada,0,2426,0.49817282
3164,dataset_complete/cacao_diseases/cacao_photos/healthy/healthy_2427.jpg,no_usada,0,2427,0.45455554
3165,dataset_complete/cacao_diseases/cacao_photos/healthy/healthy_2428.jpg,no_usada,0,2428,0.35000187
3166,dataset_complete/cacao_diseases/cacao_photos/healthy/healthy_2429.jpg,no_usada,0,2429,0.37659746
3167,dataset_complete/cacao_diseases/cacao_photos/healthy/healthy_2430.jpg,no_usada,0,2430,0.38256946
3168,dataset_complete/cacao_diseases/cacao_photos/healthy/healthy_2431.jpg,no_usada,0,2431,0.4656928
3169,dataset_complete/cacao_diseases/cacao_photos/healthy/healthy_2432.jpg,no_usada,0,2432,0.44910187
3170,dataset_complete/cacao_diseases/cacao_photos/healthy/healthy_2433.jpg,no_usada,0,2433,0.3870675
3171,dataset_complete/cacao_diseases/cacao_photos/healthy/healthy_2434.jpg,no_usada,0,2434,0.43413562
3172,dataset_complete/cacao_diseases/cacao_photos/healthy/healthy_2435.jpg,no_usada,0,2435,0.37117398
3173,dataset_complete/cacao_diseases/cacao_photos/healthy/healthy_2436.jpg,no_usada,0,2436,0.4698071
3174,dataset_complete/cacao_diseases/cacao_photos/healthy/healthy_2437.jpg,no_usada,0,2437,0.4497714
3175,dataset_complete/cacao_diseases/cacao_photos/healthy/healthy_2438.jpg,no_usada,0,2438,0.40154868
3176,dataset_complete/cacao_diseases/cacao_photos/healthy/healthy_2439.jpg,no_usada,0,2439,0.40408516
3177,dataset_complete/cacao_diseases/cacao_photos/healthy/healthy_2440.jpg,no_usada,0,2440,0.40119225
3178,dataset_complete/cacao_diseases/cacao_photos/healthy/healthy_2441.jpg,no_usada,0,2441,0.38863534
3179,dataset_complete/cacao_diseases/cacao_photos/healthy/healthy_2442.jpg,no_usada,0,2442,0.3568329
3180,dataset_complete/cacao_diseases/cacao_photos/healthy/healthy_2443.jpg,no_usada,0,2443,0.48919612
3181,dataset_complete/cacao_diseases/cacao_photos/healthy/healthy_2444.jpg,no_usada,0,2444,0.39063996
3182,dataset_complete/cacao_diseases/cacao_photos/healthy/healthy_2445.jpg,no_usada,0,2445,0.4881301
3183,dataset_complete/cacao_diseases/cacao_photos/healthy/healthy_2446.jpg,no_usada,0,2446,0.43749607
3184,dataset_complete/cacao_diseases/cacao_photos/healthy/healthy_2447.jpg,no_usada,0,2447,0.32458258
3185,dataset_complete/cacao_diseases/cacao_photos/healthy/healthy_2448.jpg,no_usada,0,2448,0.3696491
3186,dataset_complete/cacao_diseases/cacao_photos/healthy/healthy_2449.jpg,no_usada,0,2449,0.48176053
3187,dataset_complete/cacao_diseases/cacao_photos/healthy/healthy_2450.jpg,no_usada,0,2450,0.533507
3188,dataset_complete/cacao_diseases/cacao_photos/healthy/healthy_2451.jpg,no_usada,0,2451,0.43452927
3189,dataset_complete/cacao_diseases/cacao_photos/healthy/healthy_2452.jpg,no_usada,0,2452,0.44250152
3190,dataset_complete/cacao_diseases/cacao_photos/healthy/healthy_2453.jpg,no_usada,0,2453,0.40944117
3191,dataset_complete/cacao_diseases/cacao_photos/healthy/healthy_2454.jpg,no_usada,0,2454,0.37525517
3192,dataset_complete/cacao_diseases/cacao_photos/healthy/healthy_2455.jpg,no_usada,0,2455,0.4394505
3193,dataset_complete/cacao_diseases/cacao_photos/healthy/healthy_2456.jpg,no_usada,0,2456,0.44687012
3194,dataset_complete/cacao_diseases/cacao_photos/healthy/healthy_2457.jpg,no_usada,0,2457,0.42804366
3195,dataset_complete/cacao_diseases/cacao_photos/healthy/healthy_2458.jpg,no_usada,0,2458,0.43284762
3196,dataset_complete/cacao_diseases/cacao_photos/healthy/healthy_2459.jpg,no_usada,0,2459,0.42519927
3197,dataset_complete/cacao_diseases/cacao_photos/healthy/healthy_2460.jpg,no_usada,0,2460,0.43180668
3198,dataset_complete/cacao_diseases/cacao_photos/healthy/healthy_2461.jpg,no_usada,0,2461,0.42942184
3199,dataset_complete/cacao_diseases/cacao_photos/healthy/healthy_2462.jpg,no_usada,0,2462,0.37490273
3200,dataset_complete/cacao_diseases/cacao_photos/healthy/healthy_2463.jpg,no_usada,0,2463,0.472498
3201,dataset_complete/cacao_diseases/cacao_photos/healthy/healthy_2464.jpg,no_usada,0,2464,0.49009487
3202,dataset_complete/cacao_diseases/cacao_photos/healthy/healthy_2465.jpg,no_usada,0,2465,0.49001694
3203,dataset_complete/cacao_diseases/cacao_photos/healthy/healthy_2466.jpg,no_usada,0,2466,0.53766716
3204,dataset_complete/cacao_diseases/cacao_photos/healthy/healthy_2467.jpg,no_usada,0,2467,0.47145844
3205,dataset_complete/cacao_diseases/cacao_photos/healthy/healthy_2468.jpg,no_usada,0,2468,0.53722227
3206,dataset_complete/cacao_diseases/cacao_photos/healthy/healthy_2469.jpg,no_usada,0,2469,0.4899004
3207,dataset_complete/cacao_diseases/cacao_photos/healthy/healthy_2470.jpg,no_usada,0,2470,0.49810767
3208,dataset_complete/cacao_diseases/cacao_photos/healthy/healthy_2471.jpg,no_usada,0,2471,0.46091056
3209,dataset_complete/cacao_diseases/cacao_photos/healthy/healthy_2472.jpg,no_usada,0,2472,0.44664454
3210,dataset_complete/cacao_diseases/cacao_photos/healthy/healthy_2473.jpg,no_usada,0,2473,0.5365284
3211,dataset_complete/cacao_diseases/cacao_photos/healthy/healthy_2474.jpg,no_usada,0,2474,0.42182332
3212,dataset_complete/cacao_diseases/cacao_photos/healthy/healthy_2475.jpg,no_usada,0,2475,0.44441175
3213,dataset_complete/cacao_diseases/cacao_photos/healthy/healthy_2476.jpg,no_usada,0,2476,0.4880637
3214,dataset_complete/cacao_diseases/cacao_photos/healthy/healthy_2477.jpg,no_usada,0,2477,0.48126757
3215,dataset_complete/cacao_diseases/cacao_photos/healthy/healthy_2478.jpg,no_usada,0,2478,0.5799089
3216,dataset_complete/cacao_diseases/cacao_photos/healthy/healthy_2479.jpg,no_usada,0,2479,0.4308746
3217,dataset_complete/cacao_diseases/cacao_photos/healthy/healthy_2480.jpg,no_usada,0,2480,0.46444896
3218,dataset_complete/cacao_diseases/cacao_photos/healthy/healthy_2481.jpg,no_usada,0,2481,0.41151392
3219,dataset_complete/cacao_diseases/cacao_photos/healthy/healthy_2482.jpg,no_usada,0,2482,0.5146421
3220,dataset_complete/cacao_diseases/cacao_photos/healthy/healthy_2483.jpg,no_usada,0,2483,0.4681755
3221,dataset_complete/cacao_diseases/cacao_photos/healthy/healthy_2484.jpg,no_usada,0,2484,0.36613682
3222,dataset_complete/cacao_diseases/cacao_photos/healthy/healthy_2485.jpg,no_usada,0,2485,0.44213557
3223,dataset_complete/cacao_diseases/cacao_photos/healthy/healthy_2486.jpg,no_usada,0,2486,0.51186335
3224,dataset_complete/cacao_diseases/cacao_photos/healthy/healthy_2487.jpg,no_usada,0,2487,0.5212634
3225,dataset_complete/cacao_diseases/cacao_photos/healthy/healthy_2488.jpg,no_usada,0,2488,0.416714
3226,dataset_complete/cacao_diseases/cacao_photos/healthy/healthy_2489.jpg,no_usada,0,2489,0.51207507
3227,dataset_complete/cacao_diseases/cacao_photos/healthy/healthy_2490.jpg,no_usada,0,2490,0.4683682
3228,dataset_complete/cacao_diseases/cacao_photos/healthy/healthy_2491.jpg,no_usada,0,2491,0.4733934
3229,dataset_complete/cacao_diseases/cacao_photos/healthy/healthy_2492.jpg,no_usada,0,2492,0.51624554
3230,dataset_complete/cacao_diseases/cacao_photos/healthy/healthy_2493.jpg,no_usada,0,2493,0.57001925
3231,dataset_complete/cacao_diseases/cacao_photos/healthy/healthy_2494.jpg,no_usada,0,2494,0.53169084
3232,dataset_complete/cacao_diseases/cacao_photos/healthy/healthy_2520.jpg,no_usada,0,2520,0.45080292
3233,dataset_complete/cacao_diseases/cacao_photos/healthy/healthy_2521.jpg,no_usada,0,2521,0.38199273
3234,dataset_complete/cacao_diseases/cacao_photos/healthy/healthy_2522.jpg,no_usada,0,2522,0.5364283
3235,dataset_complete/cacao_diseases/cacao_photos/healthy/healthy_2523.jpg,no_usada,0,2523,0.4800563
3236,dataset_complete/cacao_diseases/cacao_photos/healthy/healthy_2524.jpg,no_usada,0,2524,0.4464457
3237,dataset_complete/cacao_diseases/cacao_photos/healthy/healthy_2525.jpg,no_usada,0,2525,0.47515464
3238,dataset_complete/cacao_diseases/cacao_photos/healthy/healthy_2526.jpg,no_usada,0,2526,0.48798862
3239,dataset_complete/cacao_diseases/cacao_photos/healthy/healthy_2527.jpg,no_usada,0,2527,0.51571375
3240,dataset_complete/cacao_diseases/cacao_photos/healthy/healthy_2528.jpg,no_usada,0,2528,0.4595124
3241,dataset_complete/cacao_diseases/cacao_photos/healthy/healthy_2529.jpg,no_usada,0,2529,0.53418565
3242,dataset_complete/cacao_diseases/cacao_photos/healthy/healthy_2530.jpg,no_usada,0,2530,0.507307
3243,dataset_complete/cacao_diseases/cacao_photos/healthy/healthy_2531.jpg,no_usada,0,2531,0.44515762
3244,dataset_complete/cacao_diseases/cacao_photos/healthy/healthy_2532.jpg,no_usada,0,2532,0.4347614
3245,dataset_complete/cacao_diseases/cacao_photos/healthy/healthy_2533.jpg,no_usada,0,2533,0.54355955
3246,dataset_complete/cacao_diseases/cacao_photos/healthy/healthy_2534.jpg,no_usada,0,2534,0.43540338
3247,dataset_complete/cacao_diseases/cacao_photos/healthy/healthy_2535.jpg,no_usada,0,2535,0.39771372
3248,dataset_complete/cacao_diseases/cacao_photos/healthy/healthy_2536.jpg,no_usada,0,2536,0.41000086
3249,dataset_complete/cacao_diseases/cacao_photos/healthy/healthy_2537.jpg,no_usada,0,2537,0.5226611
3250,dataset_complete/cacao_diseases/cacao_photos/healthy/healthy_2538.jpg,no_usada,0,2538,0.5146501
3251,dataset_complete/cacao_diseases/cacao_photos/healthy/healthy_2539.jpg,no_usada,0,2539,0.51472086
3252,dataset_complete/cacao_diseases/cacao_photos/healthy/healthy_2540.jpg,no_usada,0,2540,0.5166528
3253,dataset_complete/cacao_diseases/cacao_photos/healthy/healthy_2541.jpg,no_usada,0,2541,0.58390236
3254,dataset_complete/cacao_diseases/cacao_photos/healthy/healthy_2542.jpg,no_usada,0,2542,0.5472549
3255,dataset_complete/cacao_diseases/cacao_photos/healthy/healthy_2543.jpg,no_usada,0,2543,0.52820593
3256,dataset_complete/cacao_diseases/cacao_photos/healthy/healthy_2544.jpg,no_usada,0,2544,0.469585
3257,dataset_complete/cacao_diseases/cacao_photos/healthy/healthy_2545.jpg,no_usada,0,2545,0.3903284
3258,dataset_complete/cacao_diseases/cacao_photos/healthy/healthy_2546.jpg,no_usada,0,2546,0.5093812
3259,dataset_complete/cacao_diseases/cacao_photos/healthy/healthy_2547.jpg,no_usada,0,2547,0.43335488
3260,dataset_complete/cacao_diseases/cacao_photos/healthy/healthy_2548.jpg,no_usada,0,2548,0.4630338
3261,dataset_complete/cacao_diseases/cacao_photos/healthy/healthy_2549.jpg,no_usada,0,2549,0.49180323
3262,dataset_complete/cacao_diseases/cacao_photos/healthy/healthy_2550.jpg,no_usada,0,2550,0.4071824
3263,dataset_complete/cacao_diseases/cacao_photos/healthy/healthy_2551.jpg,no_usada,0,2551,0.5007627
3264,dataset_complete/cacao_diseases/cacao_photos/healthy/healthy_2552.jpg,no_usada,0,2552,0.3228854
3265,dataset_complete/cacao_diseases/cacao_photos/healthy/healthy_2553.jpg,no_usada,0,2553,0.43815005
3266,dataset_complete/cacao_diseases/cacao_photos/healthy/healthy_2554.jpg,no_usada,0,2554,0.35213554
3267,dataset_complete/cacao_diseases/cacao_photos/healthy/healthy_2555.jpg,no_usada,0,2555,0.46199107
3268,dataset_complete/cacao_diseases/cacao_photos/healthy/healthy_2652.jpg,no_usada,0,2652,0.42514622
3269,dataset_complete/cacao_diseases/cacao_photos/healthy/healthy_2653.jpg,no_usada,0,2653,0.4291501
3270,dataset_complete/cacao_diseases/cacao_photos/healthy/healthy_2654.jpg,no_usada,0,2654,0.39672118
3271,dataset_complete/cacao_diseases/cacao_photos/healthy/healthy_2655.jpg,no_usada,0,2655,0.49470308
3272,dataset_complete/cacao_diseases/cacao_photos/healthy/healthy_2656.jpg,no_usada,0,2656,0.42109174
3273,dataset_complete/cacao_diseases/cacao_photos/healthy/healthy_2657.jpg,no_usada,0,2657,0.49713236
3274,dataset_complete/cacao_diseases/cacao_photos/healthy/healthy_2658.jpg,no_usada,0,2658,0.45071387
3275,dataset_complete/cacao_diseases/cacao_photos/healthy/healthy_2659.jpg,no_usada,0,2659,0.5426909
3276,dataset_complete/cacao_diseases/cacao_photos/healthy/healthy_2660.jpg,no_usada,0,2660,0.44915295
3277,dataset_complete/cacao_diseases/cacao_photos/healthy/healthy_2661.jpg,no_usada,0,2661,0.48682684
3278,dataset_complete/cacao_diseases/cacao_photos/healthy/healthy_2662.jpg,no_usada,0,2662,0.32509437
3279,dataset_complete/cacao_diseases/cacao_photos/healthy/healthy_2663.jpg,no_usada,0,2663,0.50600255
3280,dataset_complete/cacao_diseases/cacao_photos/healthy/healthy_2664.jpg,no_usada,0,2664,0.49249497
3281,dataset_complete/cacao_diseases/cacao_photos/healthy/healthy_2665.jpg,no_usada,0,2665,0.37759382
3282,dataset_complete/cacao_diseases/cacao_photos/healthy/healthy_2666.jpg,no_usada,0,2666,0.51109725
3283,dataset_complete/cacao_diseases/cacao_photos/healthy/healthy_2667.jpg,no_usada,0,2667,0.34492487
3284,dataset_complete/cacao_diseases/cacao_photos/healthy/healthy_2668.jpg,no_usada,0,2668,0.43161258
3285,dataset_complete/cacao_diseases/cacao_photos/healthy/healthy_2669.jpg,no_usada,0,2669,0.508875
3286,dataset_complete/cacao_diseases/cacao_photos/healthy/healthy_2670.jpg,no_usada,0,2670,0.52923757
3287,dataset_complete/cacao_diseases/cacao_photos/healthy/healthy_2671.jpg,no_usada,0,2671,0.5078317
3288,dataset_complete/cacao_diseases/cacao_photos/healthy/healthy_2672.jpg,no_usada,0,2672,0.48447114
3289,dataset_complete/cacao_diseases/cacao_photos/healthy/healthy_2673.jpg,no_usada,0,2673,0.4899543
3290,dataset_complete/cacao_diseases/cacao_photos/healthy/healthy_2674.jpg,no_usada,0,2674,0.44831294
3291,dataset_complete/cacao_diseases/cacao_photos/healthy/healthy_2675.jpg,no_usada,0,2675,0.43488812
3292,dataset_complete/cacao_diseases/cacao_photos/healthy/healthy_2676.jpg,no_usada,0,2676,0.36405325
3293,dataset_complete/cacao_diseases/cacao_photos/healthy/healthy_2677.jpg,no_usada,0,2677,0.29937884
3294,dataset_complete/cacao_diseases/cacao_photos/healthy/healthy_2678.jpg,no_usada,0,2678,0.6038094
3295,dataset_complete/cacao_diseases/cacao_photos/healthy/healthy_2679.jpg,no_usada,0,2679,0.49947575
3296,dataset_complete/cacao_diseases/cacao_photos/healthy/healthy_2680.jpg,no_usada,0,2680,0.42649347
3297,dataset_complete/cacao_diseases/cacao_photos/healthy/healthy_2681.jpg,no_usada,0,2681,0.35500556
3298,dataset_complete/cacao_diseases/cacao_photos/healthy/healthy_2682.jpg,no_usada,0,2682,0.45708442
3299,dataset_complete/cacao_diseases/cacao_photos/healthy/healthy_2683.jpg,no_usada,0,2683,0.54058707
3300,dataset_complete/cacao_diseases/cacao_photos/healthy/healthy_2684.jpg,no_usada,0,2684,0.49508095
3301,dataset_complete/cacao_diseases/cacao_photos/healthy/healthy_2685.jpg,no_usada,0,2685,0.36873358
3302,dataset_complete/cacao_diseases/cacao_photos/healthy/healthy_2686.jpg,no_usada,0,2686,0.49576294
3303,dataset_complete/cacao_diseases/cacao_photos/healthy/healthy_2687.jpg,no_usada,0,2687,0.47354066
3304,dataset_complete/cacao_diseases/cacao_photos/healthy/healthy_2688.jpg,no_usada,0,2688,0.42201954
3305,dataset_complete/cacao_diseases/cacao_photos/healthy/healthy_2689.jpg,no_usada,0,2689,0.5090648
3306,dataset_complete/cacao_diseases/cacao_photos/healthy/healthy_2690.jpg,no_usada,0,2690,0.48597687
3307,dataset_complete/cacao_diseases/cacao_photos/healthy/healthy_2691.jpg,no_usada,0,2691,0.44934738
3308,dataset_complete/cacao_diseases/cacao_photos/healthy/healthy_2692.jpg,no_usada,0,2692,0.44934654
3309,dataset_complete/cacao_diseases/cacao_photos/healthy/healthy_2693.jpg,no_usada,0,2693,0.4780003
3310,dataset_complete/cacao_diseases/cacao_photos/healthy/healthy_2694.jpg,no_usada,0,2694,0.5125257
3311,dataset_complete/cacao_diseases/cacao_photos/healthy/healthy_2695.jpg,no_usada,0,2695,0.49628782
3312,dataset_complete/cacao_diseases/cacao_photos/healthy/healthy_2696.jpg,no_usada,0,2696,0.5163642
3313,dataset_complete/cacao_diseases/cacao_photos/healthy/healthy_2697.jpg,no_usada,0,2697,0.42345053
3314,dataset_complete/cacao_diseases/cacao_photos/healthy/healthy_2698.jpg,no_usada,0,2698,0.4505759
3315,dataset_complete/cacao_diseases/cacao_photos/healthy/healthy_2699.jpg,no_usada,0,2699,0.3881719
3316,dataset_complete/cacao_diseases/cacao_photos/healthy/healthy_2700.jpg,no_usada,0,2700,0.38057113
3317,dataset_complete/cacao_diseases/cacao_photos/healthy/healthy_2701.jpg,no_usada,0,2701,0.41949973
3318,dataset_complete/cacao_diseases/cacao_photos/healthy/healthy_2702.jpg,no_usada,0,2702,0.45211166
3319,dataset_complete/cacao_diseases/cacao_photos/healthy/healthy_2703.jpg,no_usada,0,2703,0.50279534
3320,dataset_complete/cacao_diseases/cacao_photos/healthy/healthy_2704.jpg,no_usada,0,2704,0.47156107
3321,dataset_complete/cacao_diseases/cacao_photos/healthy/healthy_2705.jpg,no_usada,0,2705,0.5027992
3322,dataset_complete/cacao_diseases/cacao_photos/healthy/healthy_2706.jpg,no_usada,0,2706,0.46655244
3323,dataset_complete/cacao_diseases/cacao_photos/healthy/healthy_2707.jpg,no_usada,0,2707,0.434602
3324,dataset_complete/cacao_diseases/cacao_photos/healthy/healthy_2708.jpg,no_usada,0,2708,0.5006628
3325,dataset_complete/cacao_diseases/cacao_photos/healthy/healthy_2709.jpg,no_usada,0,2709,0.5128225
3326,dataset_complete/cacao_diseases/cacao_photos/healthy/healthy_2710.jpg,no_usada,0,2710,0.4319041
3327,dataset_complete/cacao_diseases/cacao_photos/healthy/healthy_2711.jpg,no_usada,0,2711,0.4873764
3328,dataset_complete/cacao_diseases/cacao_photos/healthy/healthy_2712.jpg,no_usada,0,2712,0.48906597
3329,dataset_complete/cacao_diseases/cacao_photos/healthy/healthy_2713.jpg,no_usada,0,2713,0.41963786
3330,dataset_complete/cacao_diseases/cacao_photos/healthy/healthy_2714.jpg,no_usada,0,2714,0.3834396
3331,dataset_complete/cacao_diseases/cacao_photos/healthy/healthy_2715.jpg,no_usada,0,2715,0.36509818
3332,dataset_complete/cacao_diseases/cacao_photos/healthy/healthy_2716.jpg,no_usada,0,2716,0.54238164
3333,dataset_complete/cacao_diseases/cacao_photos/healthy/healthy_2717.jpg,no_usada,0,2717,0.57025933
3334,dataset_complete/cacao_diseases/cacao_photos/healthy/healthy_2718.jpg,no_usada,0,2718,0.50343335
3335,dataset_complete/cacao_diseases/cacao_photos/healthy/healthy_2719.jpg,no_usada,0,2719,0.42738533
3336,dataset_complete/cacao_diseases/cacao_photos/healthy/healthy_2720.jpg,no_usada,0,2720,0.4269458
3337,dataset_complete/cacao_diseases/cacao_photos/healthy/healthy_2721.jpg,no_usada,0,2721,0.488444
3338,dataset_complete/cacao_diseases/cacao_photos/healthy/healthy_2722.jpg,no_usada,0,2722,0.43416297
3339,dataset_complete/cacao_diseases/cacao_photos/healthy/healthy_2723.jpg,no_usada,0,2723,0.33473542
3340,dataset_complete/cacao_diseases/cacao_photos/healthy/healthy_2724.jpg,no_usada,0,2724,0.36365134
3341,dataset_complete/cacao_diseases/cacao_photos/healthy/healthy_2725.jpg,no_usada,0,2725,0.4718265
3342,dataset_complete/cacao_diseases/cacao_photos/healthy/healthy_2726.jpg,no_usada,0,2726,0.3725124
3343,dataset_complete/cacao_diseases/cacao_photos/healthy/healthy_2727.jpg,no_usada,0,2727,0.38841096
3344,dataset_complete/cacao_diseases/cacao_photos/healthy/healthy_2728.jpg,no_usada,0,2728,0.40060937
3345,dataset_complete/cacao_diseases/cacao_photos/healthy/healthy_2729.jpg,no_usada,0,2729,0.53092945
3346,dataset_complete/cacao_diseases/cacao_photos/healthy/healthy_2730.jpg,no_usada,0,2730,0.536538
3347,dataset_complete/cacao_diseases/cacao_photos/healthy/healthy_2731.jpg,no_usada,0,2731,0.5181215
3348,dataset_complete/cacao_diseases/cacao_photos/healthy/healthy_2732.jpg,no_usada,0,2732,0.5192083
3349,dataset_complete/cacao_diseases/cacao_photos/healthy/healthy_2733.jpg,no_usada,0,2733,0.4614336
3350,dataset_complete/cacao_diseases/cacao_photos/healthy/healthy_2734.jpg,no_usada,0,2734,0.47432142
3351,dataset_complete/cacao_diseases/cacao_photos/healthy/healthy_2735.jpg,no_usada,0,2735,0.43791834
3352,dataset_complete/cacao_diseases/cacao_photos/healthy/healthy_2736.jpg,no_usada,0,2736,0.47235942
3353,dataset_complete/cacao_diseases/cacao_photos/healthy/healthy_2737.jpg,no_usada,0,2737,0.5369141
3354,dataset_complete/cacao_diseases/cacao_photos/healthy/healthy_2738.jpg,no_usada,0,2738,0.43103456
3355,dataset_complete/cacao_diseases/cacao_photos/healthy/healthy_2739.jpg,no_usada,0,2739,0.46721044
3356,dataset_complete/cacao_diseases/cacao_photos/healthy/healthy_2740.jpg,no_usada,0,2740,0.34053218
3357,dataset_complete/cacao_diseases/cacao_photos/healthy/healthy_2741.jpg,no_usada,0,2741,0.5107246
3358,dataset_complete/cacao_diseases/cacao_photos/healthy/healthy_2742.jpg,no_usada,0,2742,0.45318946
3359,dataset_complete/cacao_diseases/cacao_photos/healthy/healthy_2743.jpg,no_usada,0,2743,0.39523888
3360,dataset_complete/cacao_diseases/cacao_photos/healthy/healthy_2744.jpg,no_usada,0,2744,0.5235988
3361,dataset_complete/cacao_diseases/cacao_photos/healthy/healthy_2745.jpg,no_usada,0,2745,0.39677596
3362,dataset_complete/cacao_diseases/cacao_photos/healthy/healthy_2746.jpg,no_usada,0,2746,0.31134382
3363,dataset_complete/cacao_diseases/cacao_photos/healthy/healthy_2747.jpg,no_usada,0,2747,0.4520445
3364,dataset_complete/cacao_diseases/cacao_photos/healthy/healthy_2819.jpg,no_usada,0,2819,0.47895813
3365,dataset_complete/cacao_diseases/cacao_photos/healthy/healthy_2820.jpg,no_usada,0,2820,0.44824553
3366,dataset_complete/cacao_diseases/cacao_photos/healthy/healthy_2821.jpg,no_usada,0,2821,0.5034024
3367,dataset_complete/cacao_diseases/cacao_photos/healthy/healthy_2822.jpg,no_usada,0,2822,0.4331657
3368,dataset_complete/cacao_diseases/cacao_photos/healthy/healthy_2823.jpg,no_usada,0,2823,0.44450355
3369,dataset_complete/cacao_diseases/cacao_photos/healthy/healthy_2824.jpg,no_usada,0,2824,0.48534074
3370,dataset_complete/cacao_diseases/cacao_photos/healthy/healthy_2825.jpg,no_usada,0,2825,0.5071509
3371,dataset_complete/cacao_diseases/cacao_photos/healthy/healthy_2826.jpg,no_usada,0,2826,0.51004267
3372,dataset_complete/cacao_diseases/cacao_photos/healthy/healthy_2827.jpg,no_usada,0,2827,0.45132148
3373,dataset_complete/cacao_diseases/cacao_photos/healthy/healthy_2828.jpg,no_usada,0,2828,0.48892313
3374,dataset_complete/cacao_diseases/cacao_photos/healthy/healthy_2829.jpg,no_usada,0,2829,0.4068369
3375,dataset_complete/cacao_diseases/cacao_photos/healthy/healthy_2830.jpg,no_usada,0,2830,0.44796282
3376,dataset_complete/cacao_diseases/cacao_photos/healthy/healthy_2831.jpg,no_usada,0,2831,0.42665702
3377,dataset_complete/cacao_diseases/cacao_photos/healthy/healthy_2832.jpg,no_usada,0,2832,0.49685633
3378,dataset_complete/cacao_diseases/cacao_photos/healthy/healthy_2833.jpg,no_usada,0,2833,0.5405446
3379,dataset_complete/cacao_diseases/cacao_photos/healthy/healthy_2834.jpg,no_usada,0,2834,0.36932164
3380,dataset_complete/cacao_diseases/cacao_photos/healthy/healthy_2835.jpg,no_usada,0,2835,0.38296363
3381,dataset_complete/cacao_diseases/cacao_photos/healthy/healthy_2836.jpg,no_usada,0,2836,0.52025574
3382,dataset_complete/cacao_diseases/cacao_photos/healthy/healthy_2837.jpg,no_usada,0,2837,0.44076884
3383,dataset_complete/cacao_diseases/cacao_photos/healthy/healthy_2838.jpg,no_usada,0,2838,0.54496634
3384,dataset_complete/cacao_diseases/cacao_photos/healthy/healthy_2839.jpg,no_usada,0,2839,0.5052966
3385,dataset_complete/cacao_diseases/cacao_photos/healthy/healthy_2840.jpg,no_usada,0,2840,0.42334855
3386,dataset_complete/cacao_diseases/cacao_photos/healthy/healthy_2841.jpg,no_usada,0,2841,0.50267947
3387,dataset_complete/cacao_diseases/cacao_photos/healthy/healthy_2842.jpg,no_usada,0,2842,0.58293486
3388,dataset_complete/cacao_diseases/cacao_photos/healthy/healthy_2843.jpg,no_usada,0,2843,0.45499972
3389,dataset_complete/cacao_diseases/cacao_photos/healthy/healthy_2844.jpg,no_usada,0,2844,0.4756594
3390,dataset_complete/cacao_diseases/cacao_photos/healthy/healthy_2845.jpg,no_usada,0,2845,0.49599496
3391,dataset_complete/cacao_diseases/cacao_photos/healthy/healthy_2846.jpg,no_usada,0,2846,0.44161075
3392,dataset_complete/cacao_diseases/cacao_photos/healthy/healthy_2847.jpg,no_usada,0,2847,0.49642497
3393,dataset_complete/cacao_diseases/cacao_photos/healthy/healthy_2848.jpg,no_usada,0,2848,0.46712503
3394,dataset_complete/cacao_diseases/cacao_photos/healthy/healthy_2849.jpg,no_usada,0,2849,0.4689884
3395,dataset_complete/cacao_diseases/cacao_photos/healthy/healthy_2850.jpg,no_usada,0,2850,0.42833203
3396,dataset_complete/cacao_diseases/cacao_photos/healthy/healthy_2851.jpg,no_usada,0,2851,0.5500899
3397,dataset_complete/cacao_diseases/cacao_photos/healthy/healthy_2852.jpg,no_usada,0,2852,0.37251604
3398,dataset_complete/cacao_diseases/cacao_photos/healthy/healthy_2853.jpg,no_usada,0,2853,0.5116778
3399,dataset_complete/cacao_diseases/cacao_photos/healthy/healthy_2854.jpg,no_usada,0,2854,0.5020125
3400,dataset_complete/cacao_diseases/cacao_photos/healthy/healthy_2855.jpg,no_usada,0,2855,0.32058784
3401,dataset_complete/cacao_diseases/cacao_photos/healthy/healthy_2856.jpg,no_usada,0,2856,0.54768765
3402,dataset_complete/cacao_diseases/cacao_photos/healthy/healthy_2857.jpg,no_usada,0,2857,0.4786541
3403,dataset_complete/cacao_diseases/cacao_photos/healthy/healthy_2858.jpg,no_usada,0,2858,0.4144444
3404,dataset_complete/cacao_diseases/cacao_photos/healthy/healthy_2859.jpg,no_usada,0,2859,0.43693647
3405,dataset_complete/cacao_diseases/cacao_photos/healthy/healthy_2860.jpg,no_usada,0,2860,0.4975264
3406,dataset_complete/cacao_diseases/cacao_photos/healthy/healthy_2861.jpg,no_usada,0,2861,0.3881462
3407,dataset_complete/cacao_diseases/cacao_photos/healthy/healthy_2862.jpg,no_usada,0,2862,0.47866696
3408,dataset_complete/cacao_diseases/cacao_photos/healthy/healthy_2863.jpg,no_usada,0,2863,0.44653937
3409,dataset_complete/cacao_diseases/cacao_photos/healthy/healthy_2864.jpg,no_usada,0,2864,0.3705659
3410,dataset_complete/cacao_diseases/cacao_photos/healthy/healthy_2865.jpg,no_usada,0,2865,0.3646177
3411,dataset_complete/cacao_diseases/cacao_photos/healthy/healthy_2866.jpg,no_usada,0,2866,0.36885655
3412,dataset_complete/cacao_diseases/cacao_photos/healthy/healthy_2867.jpg,no_usada,0,2867,0.48532927
3413,dataset_complete/cacao_diseases/cacao_photos/healthy/healthy_2868.jpg,no_usada,0,2868,0.32548422
3414,dataset_complete/cacao_diseases/cacao_photos/healthy/healthy_2869.jpg,no_usada,0,2869,0.3493393
3415,dataset_complete/cacao_diseases/cacao_photos/healthy/healthy_2870.jpg,no_usada,0,2870,0.37068963
3416,dataset_complete/cacao_diseases/cacao_photos/healthy/healthy_2871.jpg,no_usada,0,2871,0.45709682
3417,dataset_complete/cacao_diseases/cacao_photos/healthy/healthy_2872.jpg,no_usada,0,2872,0.44835797
3418,dataset_complete/cacao_diseases/cacao_photos/healthy/healthy_2873.jpg,no_usada,0,2873,0.4581933
3419,dataset_complete/cacao_diseases/cacao_photos/healthy/healthy_2874.jpg,no_usada,0,2874,0.3416205
3420,dataset_complete/cacao_diseases/cacao_photos/healthy/healthy_2875.jpg,no_usada,0,2875,0.44676468
3421,dataset_complete/cacao_diseases/cacao_photos/healthy/healthy_2876.jpg,no_usada,0,2876,0.5084853
3422,dataset_complete/cacao_diseases/cacao_photos/healthy/healthy_2877.jpg,no_usada,0,2877,0.48422578
3423,dataset_complete/cacao_diseases/cacao_photos/healthy/healthy_2878.jpg,no_usada,0,2878,0.49286497
3424,dataset_complete/cacao_diseases/cacao_photos/healthy/healthy_2879.jpg,no_usada,0,2879,0.4428869
3425,dataset_complete/cacao_diseases/cacao_photos/healthy/healthy_2880.jpg,no_usada,0,2880,0.43634906
3426,dataset_complete/cacao_diseases/cacao_photos/healthy/healthy_2881.jpg,no_usada,0,2881,0.4592489
3427,dataset_complete/cacao_diseases/cacao_photos/healthy/healthy_2882.jpg,no_usada,0,2882,0.48434627
3428,dataset_complete/cacao_diseases/cacao_photos/healthy/healthy_2883.jpg,no_usada,0,2883,0.5415158
3429,dataset_complete/cacao_diseases/cacao_photos/healthy/healthy_2884.jpg,no_usada,0,2884,0.44187155
3430,dataset_complete/cacao_diseases/cacao_photos/healthy/healthy_2885.jpg,no_usada,0,2885,0.43712407
3431,dataset_complete/cacao_diseases/cacao_photos/healthy/healthy_2886.jpg,no_usada,0,2886,0.45617887
3432,dataset_complete/cacao_diseases/cacao_photos/healthy/healthy_2887.jpg,no_usada,0,2887,0.51876867
3433,dataset_complete/cacao_diseases/cacao_photos/healthy/healthy_2888.jpg,no_usada,0,2888,0.44610655
3434,dataset_complete/cacao_diseases/cacao_photos/healthy/healthy_2889.jpg,no_usada,0,2889,0.41644353
3435,dataset_complete/cacao_diseases/cacao_photos/healthy/healthy_2890.jpg,no_usada,0,2890,0.35943723
3436,dataset_complete/cacao_diseases/cacao_photos/healthy/healthy_2891.jpg,no_usada,0,2891,0.3928182
3437,dataset_complete/cacao_diseases/cacao_photos/healthy/healthy_2892.jpg,no_usada,0,2892,0.44206685
3438,dataset_complete/cacao_diseases/cacao_photos/healthy/healthy_2893.jpg,no_usada,0,2893,0.42880124
3439,dataset_complete/cacao_diseases/cacao_photos/healthy/healthy_2894.jpg,no_usada,0,2894,0.4198591
3440,dataset_complete/cacao_diseases/cacao_photos/healthy/healthy_2895.jpg,no_usada,0,2895,0.47678506
3441,dataset_complete/cacao_diseases/cacao_photos/healthy/healthy_2896.jpg,no_usada,0,2896,0.4302966
3442,dataset_complete/cacao_diseases/cacao_photos/healthy/healthy_2897.jpg,no_usada,0,2897,0.496298
3443,dataset_complete/cacao_diseases/cacao_photos/healthy/healthy_2898.jpg,no_usada,0,2898,0.41386712
3444,dataset_complete/cacao_diseases/cacao_photos/healthy/healthy_2899.jpg,no_usada,0,2899,0.5276528
3445,dataset_complete/cacao_diseases/cacao_photos/healthy/healthy_2900.jpg,no_usada,0,2900,0.42489704
3446,dataset_complete/cacao_diseases/cacao_photos/healthy/healthy_2901.jpg,no_usada,0,2901,0.46241593
3447,dataset_complete/cacao_diseases/cacao_photos/healthy/healthy_2902.jpg,no_usada,0,2902,0.36963803
3448,dataset_complete/cacao_diseases/cacao_photos/healthy/healthy_2903.jpg,no_usada,0,2903,0.4175472
3449,dataset_complete/cacao_diseases/cacao_photos/healthy/healthy_2904.jpg,no_usada,0,2904,0.5045823
3450,dataset_complete/cacao_diseases/cacao_photos/healthy/healthy_2905.jpg,no_usada,0,2905,0.4082513
3451,dataset_complete/cacao_diseases/cacao_photos/healthy/healthy_2906.jpg,no_usada,0,2906,0.5209006
3452,dataset_complete/cacao_diseases/cacao_photos/healthy/healthy_2907.jpg,no_usada,0,2907,0.43530536
3453,dataset_complete/cacao_diseases/cacao_photos/healthy/healthy_2908.jpg,no_usada,0,2908,0.48953623
3454,dataset_complete/cacao_diseases/cacao_photos/healthy/healthy_2909.jpg,no_usada,0,2909,0.31473187
3455,dataset_complete/cacao_diseases/cacao_photos/healthy/healthy_2910.jpg,no_usada,0,2910,0.5640813
3456,dataset_complete/cacao_diseases/cacao_photos/healthy/healthy_2911.jpg,no_usada,0,2911,0.409201
3457,dataset_complete/cacao_diseases/cacao_photos/healthy/healthy_2912.jpg,no_usada,0,2912,0.54674965
3458,dataset_complete/cacao_diseases/cacao_photos/healthy/healthy_2913.jpg,no_usada,0,2913,0.49319485
3459,dataset_complete/cacao_diseases/cacao_photos/healthy/healthy_2914.jpg,no_usada,0,2914,0.58249897
3460,dataset_complete/cacao_diseases/cacao_photos/healthy/healthy_2915.jpg,no_usada,0,2915,0.5466259
3461,dataset_complete/cacao_diseases/cacao_photos/healthy/healthy_2916.jpg,no_usada,0,2916,0.42528892
3462,dataset_complete/cacao_diseases/cacao_photos/healthy/healthy_2917.jpg,no_usada,0,2917,0.575966
3463,dataset_complete/cacao_diseases/cacao_photos/healthy/healthy_2918.jpg,no_usada,0,2918,0.41611588
3464,dataset_complete/cacao_diseases/cacao_photos/healthy/healthy_2919.jpg,no_usada,0,2919,0.5137321
3465,dataset_complete/cacao_diseases/cacao_photos/healthy/healthy_292.jpg,no_usada,0,292,0.47039926
3466,dataset_complete/cacao_diseases/cacao_photos/healthy/healthy_2920.jpg,no_usada,0,2920,0.4861731
3467,dataset_complete/cacao_diseases/cacao_photos/healthy/healthy_2921.jpg,no_usada,0,2921,0.5448776
3468,dataset_complete/cacao_diseases/cacao_photos/healthy/healthy_2922.jpg,no_usada,0,2922,0.50176066
3469,dataset_complete/cacao_diseases/cacao_photos/healthy/healthy_2923.jpg,no_usada,0,2923,0.44037056
3470,dataset_complete/cacao_diseases/cacao_photos/healthy/healthy_2924.jpg,no_usada,0,2924,0.52412623
3471,dataset_complete/cacao_diseases/cacao_photos/healthy/healthy_2925.jpg,no_usada,0,2925,0.48359123
3472,dataset_complete/cacao_diseases/cacao_photos/healthy/healthy_2926.jpg,no_usada,0,2926,0.51407325
3473,dataset_complete/cacao_diseases/cacao_photos/healthy/healthy_2927.jpg,no_usada,0,2927,0.40679282
3474,dataset_complete/cacao_diseases/cacao_photos/healthy/healthy_2928.jpg,no_usada,0,2928,0.4636261
3475,dataset_complete/cacao_diseases/cacao_photos/healthy/healthy_2929.jpg,no_usada,0,2929,0.45847994
3476,dataset_complete/cacao_diseases/cacao_photos/healthy/healthy_293.jpg,no_usada,0,293,0.53700125
3477,dataset_complete/cacao_diseases/cacao_photos/healthy/healthy_2930.jpg,no_usada,0,2930,0.4227873
3478,dataset_complete/cacao_diseases/cacao_photos/healthy/healthy_2931.jpg,no_usada,0,2931,0.41505513
3479,dataset_complete/cacao_diseases/cacao_photos/healthy/healthy_2932.jpg,no_usada,0,2932,0.38349432
3480,dataset_complete/cacao_diseases/cacao_photos/healthy/healthy_2933.jpg,no_usada,0,2933,0.44664586
3481,dataset_complete/cacao_diseases/cacao_photos/healthy/healthy_2934.jpg,no_usada,0,2934,0.3926053
3482,dataset_complete/cacao_diseases/cacao_photos/healthy/healthy_2935.jpg,no_usada,0,2935,0.38768667
3483,dataset_complete/cacao_diseases/cacao_photos/healthy/healthy_2936.jpg,no_usada,0,2936,0.5547974
3484,dataset_complete/cacao_diseases/cacao_photos/healthy/healthy_2937.jpg,no_usada,0,2937,0.4741879
3485,dataset_complete/cacao_diseases/cacao_photos/healthy/healthy_2938.jpg,no_usada,0,2938,0.40441754
3486,dataset_complete/cacao_diseases/cacao_photos/healthy/healthy_2939.jpg,no_usada,0,2939,0.43632352
3487,dataset_complete/cacao_diseases/cacao_photos/healthy/healthy_294.jpg,no_usada,0,294,0.42991462
3488,dataset_complete/cacao_diseases/cacao_photos/healthy/healthy_2940.jpg,no_usada,0,2940,0.48602468
3489,dataset_complete/cacao_diseases/cacao_photos/healthy/healthy_2941.jpg,no_usada,0,2941,0.41125572
3490,dataset_complete/cacao_diseases/cacao_photos/healthy/healthy_2942.jpg,no_usada,0,2942,0.44365963
3491,dataset_complete/cacao_diseases/cacao_photos/healthy/healthy_2943.jpg,no_usada,0,2943,0.49870712
3492,dataset_complete/cacao_diseases/cacao_photos/healthy/healthy_2944.jpg,no_usada,0,2944,0.45870775
3493,dataset_complete/cacao_diseases/cacao_photos/healthy/healthy_2945.jpg,no_usada,0,2945,0.464687
3494,dataset_complete/cacao_diseases/cacao_photos/healthy/healthy_2946.jpg,no_usada,0,2946,0.5033674
3495,dataset_complete/cacao_diseases/cacao_photos/healthy/healthy_2947.jpg,no_usada,0,2947,0.4218383
3496,dataset_complete/cacao_diseases/cacao_photos/healthy/healthy_2948.jpg,no_usada,0,2948,0.46674722
3497,dataset_complete/cacao_diseases/cacao_photos/healthy/healthy_2949.jpg,no_usada,0,2949,0.4270633
3498,dataset_complete/cacao_diseases/cacao_photos/healthy/healthy_295.jpg,no_usada,0,295,0.52674115
3499,dataset_complete/cacao_diseases/cacao_photos/healthy/healthy_2950.jpg,no_usada,0,2950,0.49092752
3500,dataset_complete/cacao_diseases/cacao_photos/healthy/healthy_2951.jpg,no_usada,0,2951,0.46966922
3501,dataset_complete/cacao_diseases/cacao_photos/healthy/healthy_2952.jpg,no_usada,0,2952,0.49865127
3502,dataset_complete/cacao_diseases/cacao_photos/healthy/healthy_2953.jpg,no_usada,0,2953,0.32015562
3503,dataset_complete/cacao_diseases/cacao_photos/healthy/healthy_2954.jpg,no_usada,0,2954,0.48346585
3504,dataset_complete/cacao_diseases/cacao_photos/healthy/healthy_2955.jpg,no_usada,0,2955,0.4829844
3505,dataset_complete/cacao_diseases/cacao_photos/healthy/healthy_2956.jpg,no_usada,0,2956,0.50448805
3506,dataset_complete/cacao_diseases/cacao_photos/healthy/healthy_2957.jpg,no_usada,0,2957,0.3880275
3507,dataset_complete/cacao_diseases/cacao_photos/healthy/healthy_2958.jpg,no_usada,0,2958,0.4844197
3508,dataset_complete/cacao_diseases/cacao_photos/healthy/healthy_2959.jpg,no_usada,0,2959,0.506619
3509,dataset_complete/cacao_diseases/cacao_photos/healthy/healthy_296.jpg,no_usada,0,296,0.48906624
3510,dataset_complete/cacao_diseases/cacao_photos/healthy/healthy_2960.jpg,no_usada,0,2960,0.51378644
3511,dataset_complete/cacao_diseases/cacao_photos/healthy/healthy_2961.jpg,no_usada,0,2961,0.52004683
3512,dataset_complete/cacao_diseases/cacao_photos/healthy/healthy_2962.jpg,no_usada,0,2962,0.5075786
3513,dataset_complete/cacao_diseases/cacao_photos/healthy/healthy_2963.jpg,no_usada,0,2963,0.36002475
3514,dataset_complete/cacao_diseases/cacao_photos/healthy/healthy_2964.jpg,no_usada,0,2964,0.3754145
3515,dataset_complete/cacao_diseases/cacao_photos/healthy/healthy_2965.jpg,no_usada,0,2965,0.48756453
3516,dataset_complete/cacao_diseases/cacao_photos/healthy/healthy_2966.jpg,no_usada,0,2966,0.40135354
3517,dataset_complete/cacao_diseases/cacao_photos/healthy/healthy_2967.jpg,no_usada,0,2967,0.477887
3518,dataset_complete/cacao_diseases/cacao_photos/healthy/healthy_2968.jpg,no_usada,0,2968,0.40817964
3519,dataset_complete/cacao_diseases/cacao_photos/healthy/healthy_2969.jpg,no_usada,0,2969,0.4353155
3520,dataset_complete/cacao_diseases/cacao_photos/healthy/healthy_297.jpg,no_usada,0,297,0.51674163
3521,dataset_complete/cacao_diseases/cacao_photos/healthy/healthy_2970.jpg,no_usada,0,2970,0.39785096
3522,dataset_complete/cacao_diseases/cacao_photos/healthy/healthy_2971.jpg,no_usada,0,2971,0.43168253
3523,dataset_complete/cacao_diseases/cacao_photos/healthy/healthy_2972.jpg,no_usada,0,2972,0.4240349
3524,dataset_complete/cacao_diseases/cacao_photos/healthy/healthy_2973.jpg,no_usada,0,2973,0.4920689
3525,dataset_complete/cacao_diseases/cacao_photos/healthy/healthy_2974.jpg,no_usada,0,2974,0.4718883
3526,dataset_complete/cacao_diseases/cacao_photos/healthy/healthy_2975.jpg,no_usada,0,2975,0.4857656
3527,dataset_complete/cacao_diseases/cacao_photos/healthy/healthy_2976.jpg,no_usada,0,2976,0.5120283
3528,dataset_complete/cacao_diseases/cacao_photos/healthy/healthy_2977.jpg,no_usada,0,2977,0.46628907
3529,dataset_complete/cacao_diseases/cacao_photos/healthy/healthy_2978.jpg,no_usada,0,2978,0.46772876
3530,dataset_complete/cacao_diseases/cacao_photos/healthy/healthy_2979.jpg,no_usada,0,2979,0.34361362
3531,dataset_complete/cacao_diseases/cacao_photos/healthy/healthy_298.jpg,no_usada,0,298,0.4588161
3532,dataset_complete/cacao_diseases/cacao_photos/healthy/healthy_2980.jpg,no_usada,0,2980,0.39471227
3533,dataset_complete/cacao_diseases/cacao_photos/healthy/healthy_2981.jpg,no_usada,0,2981,0.5551
3534,dataset_complete/cacao_diseases/cacao_photos/healthy/healthy_2982.jpg,no_usada,0,2982,0.57691896
3535,dataset_complete/cacao_diseases/cacao_photos/healthy/healthy_2983.jpg,no_usada,0,2983,0.4782037
3536,dataset_complete/cacao_diseases/cacao_photos/healthy/healthy_2984.jpg,no_usada,0,2984,0.45774707
3537,dataset_complete/cacao_diseases/cacao_photos/healthy/healthy_2985.jpg,no_usada,0,2985,0.60201526
3538,dataset_complete/cacao_diseases/cacao_photos/healthy/healthy_2986.jpg,no_usada,0,2986,0.50038314
3539,dataset_complete/cacao_diseases/cacao_photos/healthy/healthy_2987.jpg,no_usada,0,2987,0.5547071
3540,dataset_complete/cacao_diseases/cacao_photos/healthy/healthy_2988.jpg,no_usada,0,2988,0.41547292
3541,dataset_complete/cacao_diseases/cacao_photos/healthy/healthy_2989.jpg,no_usada,0,2989,0.44220364
3542,dataset_complete/cacao_diseases/cacao_photos/healthy/healthy_299.jpg,no_usada,0,299,0.56352746
3543,dataset_complete/cacao_diseases/cacao_photos/healthy/healthy_2990.jpg,no_usada,0,2990,0.44412386
3544,dataset_complete/cacao_diseases/cacao_photos/healthy/healthy_2991.jpg,no_usada,0,2991,0.43902886
3545,dataset_complete/cacao_diseases/cacao_photos/healthy/healthy_2992.jpg,no_usada,0,2992,0.41665587
3546,dataset_complete/cacao_diseases/cacao_photos/healthy/healthy_2993.jpg,no_usada,0,2993,0.44723445
3547,dataset_complete/cacao_diseases/cacao_photos/healthy/healthy_2994.jpg,no_usada,0,2994,0.3656892
3548,dataset_complete/cacao_diseases/cacao_photos/healthy/healthy_2995.jpg,no_usada,0,2995,0.5433835
3549,dataset_complete/cacao_diseases/cacao_photos/healthy/healthy_2996.jpg,no_usada,0,2996,0.48375124
3550,dataset_complete/cacao_diseases/cacao_photos/healthy/healthy_2997.jpg,no_usada,0,2997,0.4478518
3551,dataset_complete/cacao_diseases/cacao_photos/healthy/healthy_2998.jpg,no_usada,0,2998,0.5042149
3552,dataset_complete/cacao_diseases/cacao_photos/healthy/healthy_2999.jpg,no_usada,0,2999,0.48372054
3553,dataset_complete/cacao_diseases/cacao_photos/healthy/healthy_300.jpg,no_usada,0,300,0.35938928
3554,dataset_complete/cacao_diseases/cacao_photos/healthy/healthy_3000.jpg,no_usada,0,3000,0.49102256
3555,dataset_complete/cacao_diseases/cacao_photos/healthy/healthy_3001.jpg,no_usada,0,3001,0.40750885
3556,dataset_complete/cacao_diseases/cacao_photos/healthy/healthy_3002.jpg,no_usada,0,3002,0.32400557
3557,dataset_complete/cacao_diseases/cacao_photos/healthy/healthy_3003.jpg,no_usada,0,3003,0.53196585
3558,dataset_complete/cacao_diseases/cacao_photos/healthy/healthy_3004.jpg,no_usada,0,3004,0.38749295
3559,dataset_complete/cacao_diseases/cacao_photos/healthy/healthy_3005.jpg,no_usada,0,3005,0.40312052
3560,dataset_complete/cacao_diseases/cacao_photos/healthy/healthy_3006.jpg,no_usada,0,3006,0.55059695
3561,dataset_complete/cacao_diseases/cacao_photos/healthy/healthy_3007.jpg,no_usada,0,3007,0.4712637
3562,dataset_complete/cacao_diseases/cacao_photos/healthy/healthy_3008.jpg,no_usada,0,3008,0.43002966
3563,dataset_complete/cacao_diseases/cacao_photos/healthy/healthy_3009.jpg,no_usada,0,3009,0.45732003
3564,dataset_complete/cacao_diseases/cacao_photos/healthy/healthy_301.jpg,no_usada,0,301,0.5533041
3565,dataset_complete/cacao_diseases/cacao_photos/healthy/healthy_3010.jpg,no_usada,0,3010,0.37422767
3566,dataset_complete/cacao_diseases/cacao_photos/healthy/healthy_3011.jpg,no_usada,0,3011,0.46587554
3567,dataset_complete/cacao_diseases/cacao_photos/healthy/healthy_3012.jpg,no_usada,0,3012,0.39072055
3568,dataset_complete/cacao_diseases/cacao_photos/healthy/healthy_3013.jpg,no_usada,0,3013,0.5181578
3569,dataset_complete/cacao_diseases/cacao_photos/healthy/healthy_3014.jpg,no_usada,0,3014,0.46477908
3570,dataset_complete/cacao_diseases/cacao_photos/healthy/healthy_3015.jpg,no_usada,0,3015,0.46797842
3571,dataset_complete/cacao_diseases/cacao_photos/healthy/healthy_3016.jpg,no_usada,0,3016,0.5189471
3572,dataset_complete/cacao_diseases/cacao_photos/healthy/healthy_3017.jpg,no_usada,0,3017,0.54676604
3573,dataset_complete/cacao_diseases/cacao_photos/healthy/healthy_3018.jpg,no_usada,0,3018,0.49163848
3574,dataset_complete/cacao_diseases/cacao_photos/healthy/healthy_3019.jpg,no_usada,0,3019,0.51718664
3575,dataset_complete/cacao_diseases/cacao_photos/healthy/healthy_302.jpg,no_usada,0,302,0.5447008
3576,dataset_complete/cacao_diseases/cacao_photos/healthy/healthy_3020.jpg,no_usada,0,3020,0.40626785
3577,dataset_complete/cacao_diseases/cacao_photos/healthy/healthy_3021.jpg,no_usada,0,3021,0.42970598
3578,dataset_complete/cacao_diseases/cacao_photos/healthy/healthy_3022.jpg,no_usada,0,3022,0.52587575
3579,dataset_complete/cacao_diseases/cacao_photos/healthy/healthy_3023.jpg,no_usada,0,3023,0.44088095
3580,dataset_complete/cacao_diseases/cacao_photos/healthy/healthy_3024.jpg,no_usada,0,3024,0.43090302
3581,dataset_complete/cacao_diseases/cacao_photos/healthy/healthy_3025.jpg,no_usada,0,3025,0.47213778
3582,dataset_complete/cacao_diseases/cacao_photos/healthy/healthy_3026.jpg,no_usada,0,3026,0.46050906
3583,dataset_complete/cacao_diseases/cacao_photos/healthy/healthy_3027.jpg,no_usada,0,3027,0.5374637
3584,dataset_complete/cacao_diseases/cacao_photos/healthy/healthy_3028.jpg,no_usada,0,3028,0.5046679
3585,dataset_complete/cacao_diseases/cacao_photos/healthy/healthy_3029.jpg,no_usada,0,3029,0.48009413
3586,dataset_complete/cacao_diseases/cacao_photos/healthy/healthy_303.jpg,no_usada,0,303,0.53066033
3587,dataset_complete/cacao_diseases/cacao_photos/healthy/healthy_3030.jpg,no_usada,0,3030,0.51177144
3588,dataset_complete/cacao_diseases/cacao_photos/healthy/healthy_3031.jpg,no_usada,0,3031,0.44270077
3589,dataset_complete/cacao_diseases/cacao_photos/healthy/healthy_3032.jpg,no_usada,0,3032,0.5063472
3590,dataset_complete/cacao_diseases/cacao_photos/healthy/healthy_3033.jpg,no_usada,0,3033,0.40756577
3591,dataset_complete/cacao_diseases/cacao_photos/healthy/healthy_3034.jpg,no_usada,0,3034,0.4489088
3592,dataset_complete/cacao_diseases/cacao_photos/healthy/healthy_3035.jpg,no_usada,0,3035,0.456032
3593,dataset_complete/cacao_diseases/cacao_photos/healthy/healthy_3036.jpg,no_usada,0,3036,0.46812195
3594,dataset_complete/cacao_diseases/cacao_photos/healthy/healthy_3037.jpg,no_usada,0,3037,0.5381924
3595,dataset_complete/cacao_diseases/cacao_photos/healthy/healthy_3038.jpg,no_usada,0,3038,0.4671164
3596,dataset_complete/cacao_diseases/cacao_photos/healthy/healthy_3039.jpg,no_usada,0,3039,0.44294712
3597,dataset_complete/cacao_diseases/cacao_photos/healthy/healthy_304.jpg,no_usada,0,304,0.45570526
3598,dataset_complete/cacao_diseases/cacao_photos/healthy/healthy_3040.jpg,no_usada,0,3040,0.47866124
3599,dataset_complete/cacao_diseases/cacao_photos/healthy/healthy_3041.jpg,no_usada,0,3041,0.53612435
3600,dataset_complete/cacao_diseases/cacao_photos/healthy/healthy_3042.jpg,no_usada,0,3042,0.37158018
3601,dataset_complete/cacao_diseases/cacao_photos/healthy/healthy_3043.jpg,no_usada,0,3043,0.35318464
3602,dataset_complete/cacao_diseases/cacao_photos/healthy/healthy_3044.jpg,no_usada,0,3044,0.42287573
3603,dataset_complete/cacao_diseases/cacao_photos/healthy/healthy_3045.jpg,no_usada,0,3045,0.5071063
3604,dataset_complete/cacao_diseases/cacao_photos/healthy/healthy_3046.jpg,no_usada,0,3046,0.49153438
3605,dataset_complete/cacao_diseases/cacao_photos/healthy/healthy_3047.jpg,no_usada,0,3047,0.5399359
3606,dataset_complete/cacao_diseases/cacao_photos/healthy/healthy_3048.jpg,no_usada,0,3048,0.33439565
3607,dataset_complete/cacao_diseases/cacao_photos/healthy/healthy_3049.jpg,no_usada,0,3049,0.47551078
3608,dataset_complete/cacao_diseases/cacao_photos/healthy/healthy_305.jpg,no_usada,0,305,0.47226542
3609,dataset_complete/cacao_diseases/cacao_photos/healthy/healthy_3050.jpg,no_usada,0,3050,0.48443967
3610,dataset_complete/cacao_diseases/cacao_photos/healthy/healthy_3051.jpg,no_usada,0,3051,0.5377257
3611,dataset_complete/cacao_diseases/cacao_photos/healthy/healthy_3052.jpg,no_usada,0,3052,0.47346133
3612,dataset_complete/cacao_diseases/cacao_photos/healthy/healthy_3053.jpg,no_usada,0,3053,0.4978541
3613,dataset_complete/cacao_diseases/cacao_photos/healthy/healthy_3054.jpg,no_usada,0,3054,0.54355216
3614,dataset_complete/cacao_diseases/cacao_photos/healthy/healthy_3055.jpg,no_usada,0,3055,0.50771487
3615,dataset_complete/cacao_diseases/cacao_photos/healthy/healthy_3056.jpg,no_usada,0,3056,0.4469744
3616,dataset_complete/cacao_diseases/cacao_photos/healthy/healthy_3057.jpg,no_usada,0,3057,0.3930518
3617,dataset_complete/cacao_diseases/cacao_photos/healthy/healthy_3058.jpg,no_usada,0,3058,0.5082378
3618,dataset_complete/cacao_diseases/cacao_photos/healthy/healthy_3059.jpg,no_usada,0,3059,0.5347537
3619,dataset_complete/cacao_diseases/cacao_photos/healthy/healthy_306.jpg,no_usada,0,306,0.44879413
3620,dataset_complete/cacao_diseases/cacao_photos/healthy/healthy_3060.jpg,no_usada,0,3060,0.45493996
3621,dataset_complete/cacao_diseases/cacao_photos/healthy/healthy_3061.jpg,no_usada,0,3061,0.5046018
3622,dataset_complete/cacao_diseases/cacao_photos/healthy/healthy_3062.jpg,no_usada,0,3062,0.56392854
3623,dataset_complete/cacao_diseases/cacao_photos/healthy/healthy_3063.jpg,no_usada,0,3063,0.56458735
3624,dataset_complete/cacao_diseases/cacao_photos/healthy/healthy_3064.jpg,no_usada,0,3064,0.5034398
3625,dataset_complete/cacao_diseases/cacao_photos/healthy/healthy_3065.jpg,no_usada,0,3065,0.626362
3626,dataset_complete/cacao_diseases/cacao_photos/healthy/healthy_3066.jpg,no_usada,0,3066,0.44762617
3627,dataset_complete/cacao_diseases/cacao_photos/healthy/healthy_3067.jpg,no_usada,0,3067,0.5786191
3628,dataset_complete/cacao_diseases/cacao_photos/healthy/healthy_3068.jpg,no_usada,0,3068,0.5343598
3629,dataset_complete/cacao_diseases/cacao_photos/healthy/healthy_3069.jpg,no_usada,0,3069,0.5359373
3630,dataset_complete/cacao_diseases/cacao_photos/healthy/healthy_307.jpg,no_usada,0,307,0.4766793
3631,dataset_complete/cacao_diseases/cacao_photos/healthy/healthy_3070.jpg,no_usada,0,3070,0.51979375
3632,dataset_complete/cacao_diseases/cacao_photos/healthy/healthy_3071.jpg,no_usada,0,3071,0.4957416
3633,dataset_complete/cacao_diseases/cacao_photos/healthy/healthy_3072.jpg,no_usada,0,3072,0.47150716
3634,dataset_complete/cacao_diseases/cacao_photos/healthy/healthy_3073.jpg,no_usada,0,3073,0.5078607
3635,dataset_complete/cacao_diseases/cacao_photos/healthy/healthy_3074.jpg,no_usada,0,3074,0.41780514
3636,dataset_complete/cacao_diseases/cacao_photos/healthy/healthy_3075.jpg,no_usada,0,3075,0.4385499
3637,dataset_complete/cacao_diseases/cacao_photos/healthy/healthy_3076.jpg,no_usada,0,3076,0.38889405
3638,dataset_complete/cacao_diseases/cacao_photos/healthy/healthy_3077.jpg,no_usada,0,3077,0.43094414
3639,dataset_complete/cacao_diseases/cacao_photos/healthy/healthy_3078.jpg,no_usada,0,3078,0.45580077
3640,dataset_complete/cacao_diseases/cacao_photos/healthy/healthy_3079.jpg,no_usada,0,3079,0.39218506
3641,dataset_complete/cacao_diseases/cacao_photos/healthy/healthy_308.jpg,no_usada,0,308,0.5120175
3642,dataset_complete/cacao_diseases/cacao_photos/healthy/healthy_3080.jpg,no_usada,0,3080,0.50564635
3643,dataset_complete/cacao_diseases/cacao_photos/healthy/healthy_3081.jpg,no_usada,0,3081,0.4409163
3644,dataset_complete/cacao_diseases/cacao_photos/healthy/healthy_3082.jpg,no_usada,0,3082,0.5035337
3645,dataset_complete/cacao_diseases/cacao_photos/healthy/healthy_309.jpg,no_usada,0,309,0.37424788
3646,dataset_complete/cacao_diseases/cacao_photos/healthy/healthy_310.jpg,no_usada,0,310,0.43341577
3647,dataset_complete/cacao_diseases/cacao_photos/healthy/healthy_311.jpg,no_usada,0,311,0.42002562
3648,dataset_complete/cacao_diseases/cacao_photos/healthy/healthy_312.jpg,no_usada,0,312,0.50223917
3649,dataset_complete/cacao_diseases/cacao_photos/healthy/healthy_313.jpg,no_usada,0,313,0.34903443
3650,dataset_complete/cacao_diseases/cacao_photos/healthy/healthy_314.jpg,no_usada,0,314,0.5594341
3651,dataset_complete/cacao_diseases/cacao_photos/healthy/healthy_315.jpg,no_usada,0,315,0.4418229
3652,dataset_complete/cacao_diseases/cacao_photos/healthy/healthy_316.jpg,no_usada,0,316,0.4401058
3653,dataset_complete/cacao_diseases/cacao_photos/healthy/healthy_3167.jpg,no_usada,0,3167,0.5700723
3654,dataset_complete/cacao_diseases/cacao_photos/healthy/healthy_3168.jpg,no_usada,0,3168,0.5186281
3655,dataset_complete/cacao_diseases/cacao_photos/healthy/healthy_3169.jpg,no_usada,0,3169,0.43619835
3656,dataset_complete/cacao_diseases/cacao_photos/healthy/healthy_317.jpg,no_usada,0,317,0.4746951
3657,dataset_complete/cacao_diseases/cacao_photos/healthy/healthy_3170.jpg,no_usada,0,3170,0.5028708
3658,dataset_complete/cacao_diseases/cacao_photos/healthy/healthy_3171.jpg,no_usada,0,3171,0.48972547
3659,dataset_complete/cacao_diseases/cacao_photos/healthy/healthy_3172.jpg,no_usada,0,3172,0.41163242
3660,dataset_complete/cacao_diseases/cacao_photos/healthy/healthy_3173.jpg,no_usada,0,3173,0.5748185
3661,dataset_complete/cacao_diseases/cacao_photos/healthy/healthy_3174.jpg,no_usada,0,3174,0.42565
3662,dataset_complete/cacao_diseases/cacao_photos/healthy/healthy_3175.jpg,no_usada,0,3175,0.50135535
3663,dataset_complete/cacao_diseases/cacao_photos/healthy/healthy_3176.jpg,no_usada,0,3176,0.483424
3664,dataset_complete/cacao_diseases/cacao_photos/healthy/healthy_3177.jpg,no_usada,0,3177,0.45717728
3665,dataset_complete/cacao_diseases/cacao_photos/healthy/healthy_3178.jpg,no_usada,0,3178,0.3886516
3666,dataset_complete/cacao_diseases/cacao_photos/healthy/healthy_3179.jpg,no_usada,0,3179,0.5227616
3667,dataset_complete/cacao_diseases/cacao_photos/healthy/healthy_318.jpg,no_usada,0,318,0.43831098
3668,dataset_complete/cacao_diseases/cacao_photos/healthy/healthy_3180.jpg,no_usada,0,3180,0.5267267
3669,dataset_complete/cacao_diseases/cacao_photos/healthy/healthy_3181.jpg,no_usada,0,3181,0.5392028
3670,dataset_complete/cacao_diseases/cacao_photos/healthy/healthy_3182.jpg,no_usada,0,3182,0.5603347
3671,dataset_complete/cacao_diseases/cacao_photos/healthy/healthy_3183.jpg,no_usada,0,3183,0.46070608
3672,dataset_complete/cacao_diseases/cacao_photos/healthy/healthy_3184.jpg,no_usada,0,3184,0.48415193
3673,dataset_complete/cacao_diseases/cacao_photos/healthy/healthy_3185.jpg,no_usada,0,3185,0.4280925
3674,dataset_complete/cacao_diseases/cacao_photos/healthy/healthy_3186.jpg,no_usada,0,3186,0.47981268
3675,dataset_complete/cacao_diseases/cacao_photos/healthy/healthy_3187.jpg,no_usada,0,3187,0.5241165
3676,dataset_complete/cacao_diseases/cacao_photos/healthy/healthy_3188.jpg,no_usada,0,3188,0.38356185
3677,dataset_complete/cacao_diseases/cacao_photos/healthy/healthy_3189.jpg,no_usada,0,3189,0.4847748
3678,dataset_complete/cacao_diseases/cacao_photos/healthy/healthy_319.jpg,no_usada,0,319,0.41296497
3679,dataset_complete/cacao_diseases/cacao_photos/healthy/healthy_3190.jpg,no_usada,0,3190,0.47111496
3680,dataset_complete/cacao_diseases/cacao_photos/healthy/healthy_3191.jpg,no_usada,0,3191,0.48031425
3681,dataset_complete/cacao_diseases/cacao_photos/healthy/healthy_3192.jpg,no_usada,0,3192,0.45537847
3682,dataset_complete/cacao_diseases/cacao_photos/healthy/healthy_3193.jpg,no_usada,0,3193,0.5226109
3683,dataset_complete/cacao_diseases/cacao_photos/healthy/healthy_3194.jpg,no_usada,0,3194,0.39021695
3684,dataset_complete/cacao_diseases/cacao_photos/healthy/healthy_3195.jpg,no_usada,0,3195,0.51848716
3685,dataset_complete/cacao_diseases/cacao_photos/healthy/healthy_3196.jpg,no_usada,0,3196,0.44719988
3686,dataset_complete/cacao_diseases/cacao_photos/healthy/healthy_3197.jpg,no_usada,0,3197,0.4977837
3687,dataset_complete/cacao_diseases/cacao_photos/healthy/healthy_3198.jpg,no_usada,0,3198,0.4667941
3688,dataset_complete/cacao_diseases/cacao_photos/healthy/healthy_3199.jpg,no_usada,0,3199,0.47311574
3689,dataset_complete/cacao_diseases/cacao_photos/healthy/healthy_320.jpg,no_usada,0,320,0.5199076
3690,dataset_complete/cacao_diseases/cacao_photos/healthy/healthy_3200.jpg,no_usada,0,3200,0.48818472
3691,dataset_complete/cacao_diseases/cacao_photos/healthy/healthy_3201.jpg,no_usada,0,3201,0.45012677
3692,dataset_complete/cacao_diseases/cacao_photos/healthy/healthy_3202.jpg,no_usada,0,3202,0.40709287
3693,dataset_complete/cacao_diseases/cacao_photos/healthy/healthy_3203.jpg,no_usada,0,3203,0.39422232
3694,dataset_complete/cacao_diseases/cacao_photos/healthy/healthy_3204.jpg,no_usada,0,3204,0.46954829
3695,dataset_complete/cacao_diseases/cacao_photos/healthy/healthy_3205.jpg,no_usada,0,3205,0.516942
3696,dataset_complete/cacao_diseases/cacao_photos/healthy/healthy_3206.jpg,no_usada,0,3206,0.35711098
3697,dataset_complete/cacao_diseases/cacao_photos/healthy/healthy_3207.jpg,no_usada,0,3207,0.44783127
3698,dataset_complete/cacao_diseases/cacao_photos/healthy/healthy_3208.jpg,no_usada,0,3208,0.5875672
3699,dataset_complete/cacao_diseases/cacao_photos/healthy/healthy_3209.jpg,no_usada,0,3209,0.3925416
3700,dataset_complete/cacao_diseases/cacao_photos/healthy/healthy_321.jpg,no_usada,0,321,0.493963
3701,dataset_complete/cacao_diseases/cacao_photos/healthy/healthy_3210.jpg,no_usada,0,3210,0.48102298
3702,dataset_complete/cacao_diseases/cacao_photos/healthy/healthy_3211.jpg,no_usada,0,3211,0.35666528
3703,dataset_complete/cacao_diseases/cacao_photos/healthy/healthy_3212.jpg,no_usada,0,3212,0.464635
3704,dataset_complete/cacao_diseases/cacao_photos/healthy/healthy_3213.jpg,no_usada,0,3213,0.42452884
3705,dataset_complete/cacao_diseases/cacao_photos/healthy/healthy_3214.jpg,no_usada,0,3214,0.39924252
3706,dataset_complete/cacao_diseases/cacao_photos/healthy/healthy_3215.jpg,no_usada,0,3215,0.3818994
3707,dataset_complete/cacao_diseases/cacao_photos/healthy/healthy_3216.jpg,no_usada,0,3216,0.46298963
3708,dataset_complete/cacao_diseases/cacao_photos/healthy/healthy_3217.jpg,no_usada,0,3217,0.46292067
3709,dataset_complete/cacao_diseases/cacao_photos/healthy/healthy_3218.jpg,no_usada,0,3218,0.38713807
3710,dataset_complete/cacao_diseases/cacao_photos/healthy/healthy_3219.jpg,no_usada,0,3219,0.48633593
3711,dataset_complete/cacao_diseases/cacao_photos/healthy/healthy_322.jpg,no_usada,0,322,0.37941992
3712,dataset_complete/cacao_diseases/cacao_photos/healthy/healthy_3220.jpg,no_usada,0,3220,0.40687996
3713,dataset_complete/cacao_diseases/cacao_photos/healthy/healthy_3221.jpg,no_usada,0,3221,0.45666373
3714,dataset_complete/cacao_diseases/cacao_photos/healthy/healthy_3222.jpg,no_usada,0,3222,0.43012387
3715,dataset_complete/cacao_diseases/cacao_photos/healthy/healthy_3223.jpg,no_usada,0,3223,0.51726574
3716,dataset_complete/cacao_diseases/cacao_photos/healthy/healthy_3224.jpg,no_usada,0,3224,0.40216312
3717,dataset_complete/cacao_diseases/cacao_photos/healthy/healthy_3225.jpg,no_usada,0,3225,0.4381066
3718,dataset_complete/cacao_diseases/cacao_photos/healthy/healthy_3226.jpg,no_usada,0,3226,0.52294886
3719,dataset_complete/cacao_diseases/cacao_photos/healthy/healthy_3227.jpg,no_usada,0,3227,0.43849367
3720,dataset_complete/cacao_diseases/cacao_photos/healthy/healthy_3228.jpg,no_usada,0,3228,0.4838489
3721,dataset_complete/cacao_diseases/cacao_photos/healthy/healthy_3229.jpg,no_usada,0,3229,0.4357494
3722,dataset_complete/cacao_diseases/cacao_photos/healthy/healthy_323.jpg,no_usada,0,323,0.5156724
3723,dataset_complete/cacao_diseases/cacao_photos/healthy/healthy_3230.jpg,no_usada,0,3230,0.4112516
3724,dataset_complete/cacao_diseases/cacao_photos/healthy/healthy_3231.jpg,no_usada,0,3231,0.38994986
3725,dataset_complete/cacao_diseases/cacao_photos/healthy/healthy_3232.jpg,no_usada,0,3232,0.3714924
3726,dataset_complete/cacao_diseases/cacao_photos/healthy/healthy_3233.jpg,no_usada,0,3233,0.5282918
3727,dataset_complete/cacao_diseases/cacao_photos/healthy/healthy_3234.jpg,no_usada,0,3234,0.41696143
3728,dataset_complete/cacao_diseases/cacao_photos/healthy/healthy_3235.jpg,no_usada,0,3235,0.4261221
3729,dataset_complete/cacao_diseases/cacao_photos/healthy/healthy_3236.jpg,no_usada,0,3236,0.48249057
3730,dataset_complete/cacao_diseases/cacao_photos/healthy/healthy_3237.jpg,no_usada,0,3237,0.46009853
3731,dataset_complete/cacao_diseases/cacao_photos/healthy/healthy_3238.jpg,no_usada,0,3238,0.47352475
3732,dataset_complete/cacao_diseases/cacao_photos/healthy/healthy_3239.jpg,no_usada,0,3239,0.43792284
3733,dataset_complete/cacao_diseases/cacao_photos/healthy/healthy_324.jpg,no_usada,0,324,0.50153303
3734,dataset_complete/cacao_diseases/cacao_photos/healthy/healthy_3240.jpg,no_usada,0,3240,0.49298123
3735,dataset_complete/cacao_diseases/cacao_photos/healthy/healthy_3241.jpg,no_usada,0,3241,0.5361568
3736,dataset_complete/cacao_diseases/cacao_photos/healthy/healthy_3242.jpg,no_usada,0,3242,0.48361135
3737,dataset_complete/cacao_diseases/cacao_photos/healthy/healthy_3243.jpg,no_usada,0,3243,0.51375484
3738,dataset_complete/cacao_diseases/cacao_photos/healthy/healthy_3244.jpg,no_usada,0,3244,0.53175247
3739,dataset_complete/cacao_diseases/cacao_photos/healthy/healthy_3245.jpg,no_usada,0,3245,0.5155815
3740,dataset_complete/cacao_diseases/cacao_photos/healthy/healthy_3246.jpg,no_usada,0,3246,0.5122993
3741,dataset_complete/cacao_diseases/cacao_photos/healthy/healthy_3247.jpg,no_usada,0,3247,0.44097775
3742,dataset_complete/cacao_diseases/cacao_photos/healthy/healthy_3248.jpg,no_usada,0,3248,0.39550325
3743,dataset_complete/cacao_diseases/cacao_photos/healthy/healthy_3249.jpg,no_usada,0,3249,0.50138897
3744,dataset_complete/cacao_diseases/cacao_photos/healthy/healthy_325.jpg,no_usada,0,325,0.50385547
3745,dataset_complete/cacao_diseases/cacao_photos/healthy/healthy_3250.jpg,no_usada,0,3250,0.45465228
3746,dataset_complete/cacao_diseases/cacao_photos/healthy/healthy_3251.jpg,no_usada,0,3251,0.5287961
3747,dataset_complete/cacao_diseases/cacao_photos/healthy/healthy_3252.jpg,no_usada,0,3252,0.5120777
3748,dataset_complete/cacao_diseases/cacao_photos/healthy/healthy_3253.jpg,no_usada,0,3253,0.45020586
3749,dataset_complete/cacao_diseases/cacao_photos/healthy/healthy_3254.jpg,no_usada,0,3254,0.36023167
3750,dataset_complete/cacao_diseases/cacao_photos/healthy/healthy_3255.jpg,no_usada,0,3255,0.44968066
3751,dataset_complete/cacao_diseases/cacao_photos/healthy/healthy_3256.jpg,no_usada,0,3256,0.50078005
3752,dataset_complete/cacao_diseases/cacao_photos/healthy/healthy_3257.jpg,no_usada,0,3257,0.43920344
3753,dataset_complete/cacao_diseases/cacao_photos/healthy/healthy_3258.jpg,no_usada,0,3258,0.45441443
3754,dataset_complete/cacao_diseases/cacao_photos/healthy/healthy_3259.jpg,no_usada,0,3259,0.37510753
3755,dataset_complete/cacao_diseases/cacao_photos/healthy/healthy_326.jpg,no_usada,0,326,0.41042018
3756,dataset_complete/cacao_diseases/cacao_photos/healthy/healthy_3260.jpg,no_usada,0,3260,0.42542434
3757,dataset_complete/cacao_diseases/cacao_photos/healthy/healthy_3261.jpg,no_usada,0,3261,0.4405216
3758,dataset_complete/cacao_diseases/cacao_photos/healthy/healthy_3262.jpg,no_usada,0,3262,0.48405337
3759,dataset_complete/cacao_diseases/cacao_photos/healthy/healthy_3263.jpg,no_usada,0,3263,0.47814578
3760,dataset_complete/cacao_diseases/cacao_photos/healthy/healthy_3264.jpg,no_usada,0,3264,0.44043317
3761,dataset_complete/cacao_diseases/cacao_photos/healthy/healthy_3265.jpg,no_usada,0,3265,0.41466427
3762,dataset_complete/cacao_diseases/cacao_photos/healthy/healthy_3266.jpg,no_usada,0,3266,0.43729737
3763,dataset_complete/cacao_diseases/cacao_photos/healthy/healthy_3267.jpg,no_usada,0,3267,0.5250963
3764,dataset_complete/cacao_diseases/cacao_photos/healthy/healthy_3268.jpg,no_usada,0,3268,0.4688056
3765,dataset_complete/cacao_diseases/cacao_photos/healthy/healthy_3269.jpg,no_usada,0,3269,0.4170952
3766,dataset_complete/cacao_diseases/cacao_photos/healthy/healthy_327.jpg,no_usada,0,327,0.3501907
3767,dataset_complete/cacao_diseases/cacao_photos/healthy/healthy_3270.jpg,no_usada,0,3270,0.3455627
3768,dataset_complete/cacao_diseases/cacao_photos/healthy/healthy_3271.jpg,no_usada,0,3271,0.51074016
3769,dataset_complete/cacao_diseases/cacao_photos/healthy/healthy_3272.jpg,no_usada,0,3272,0.51039445
3770,dataset_complete/cacao_diseases/cacao_photos/healthy/healthy_3273.jpg,no_usada,0,3273,0.3314724
3771,dataset_complete/cacao_diseases/cacao_photos/healthy/healthy_3274.jpg,no_usada,0,3274,0.44641495
3772,dataset_complete/cacao_diseases/cacao_photos/healthy/healthy_3275.jpg,no_usada,0,3275,0.40865675
3773,dataset_complete/cacao_diseases/cacao_photos/healthy/healthy_3276.jpg,no_usada,0,3276,0.45353928
3774,dataset_complete/cacao_diseases/cacao_photos/healthy/healthy_3277.jpg,no_usada,0,3277,0.5309934
3775,dataset_complete/cacao_diseases/cacao_photos/healthy/healthy_3278.jpg,no_usada,0,3278,0.52353966
3776,dataset_complete/cacao_diseases/cacao_photos/healthy/healthy_3279.jpg,no_usada,0,3279,0.48181152
3777,dataset_complete/cacao_diseases/cacao_photos/healthy/healthy_328.jpg,no_usada,0,328,0.41230166
3778,dataset_complete/cacao_diseases/cacao_photos/healthy/healthy_3280.jpg,no_usada,0,3280,0.43869576
3779,dataset_complete/cacao_diseases/cacao_photos/healthy/healthy_3281.jpg,no_usada,0,3281,0.42723688
3780,dataset_complete/cacao_diseases/cacao_photos/healthy/healthy_3282.jpg,no_usada,0,3282,0.33846366
3781,dataset_complete/cacao_diseases/cacao_photos/healthy/healthy_3283.jpg,no_usada,0,3283,0.36434793
3782,dataset_complete/cacao_diseases/cacao_photos/healthy/healthy_3284.jpg,no_usada,0,3284,0.5047498
3783,dataset_complete/cacao_diseases/cacao_photos/healthy/healthy_3285.jpg,no_usada,0,3285,0.46767563
3784,dataset_complete/cacao_diseases/cacao_photos/healthy/healthy_3286.jpg,no_usada,0,3286,0.4953863
3785,dataset_complete/cacao_diseases/cacao_photos/healthy/healthy_3287.jpg,no_usada,0,3287,0.4465524
3786,dataset_complete/cacao_diseases/cacao_photos/healthy/healthy_3288.jpg,no_usada,0,3288,0.46781456
3787,dataset_complete/cacao_diseases/cacao_photos/healthy/healthy_3289.jpg,no_usada,0,3289,0.43912074
3788,dataset_complete/cacao_diseases/cacao_photos/healthy/healthy_329.jpg,no_usada,0,329,0.4367382
3789,dataset_complete/cacao_diseases/cacao_photos/healthy/healthy_3290.jpg,no_usada,0,3290,0.47035116
3790,dataset_complete/cacao_diseases/cacao_photos/healthy/healthy_3291.jpg,no_usada,0,3291,0.58060575
3791,dataset_complete/cacao_diseases/cacao_photos/healthy/healthy_3292.jpg,no_usada,0,3292,0.4861403
3792,dataset_complete/cacao_diseases/cacao_photos/healthy/healthy_3293.jpg,no_usada,0,3293,0.5142491
3793,dataset_complete/cacao_diseases/cacao_photos/healthy/healthy_3294.jpg,no_usada,0,3294,0.52288187
3794,dataset_complete/cacao_diseases/cacao_photos/healthy/healthy_3295.jpg,no_usada,0,3295,0.3898926
3795,dataset_complete/cacao_diseases/cacao_photos/healthy/healthy_3296.jpg,no_usada,0,3296,0.56738317
3796,dataset_complete/cacao_diseases/cacao_photos/healthy/healthy_3297.jpg,no_usada,0,3297,0.44840646
3797,dataset_complete/cacao_diseases/cacao_photos/healthy/healthy_3298.jpg,no_usada,0,3298,0.8799952
3798,dataset_complete/cacao_diseases/cacao_photos/healthy/healthy_3299.jpg,no_usada,0,3299,0.39183813
3799,dataset_complete/cacao_diseases/cacao_photos/healthy/healthy_330.jpg,no_usada,0,330,0.32913846
3800,dataset_complete/cacao_diseases/cacao_photos/healthy/healthy_3300.jpg,no_usada,0,3300,0.91875374
3801,dataset_complete/cacao_diseases/cacao_photos/healthy/healthy_3301.jpg,no_usada,0,3301,0.4344852
3802,dataset_complete/cacao_diseases/cacao_photos/healthy/healthy_3302.jpg,no_usada,0,3302,0.46889722
3803,dataset_complete/cacao_diseases/cacao_photos/healthy/healthy_3303.jpg,no_usada,0,3303,0.52275974
3804,dataset_complete/cacao_diseases/cacao_photos/healthy/healthy_3304.jpg,no_usada,0,3304,0.44495213
3805,dataset_complete/cacao_diseases/cacao_photos/healthy/healthy_3305.jpg,no_usada,0,3305,0.83288974
3806,dataset_complete/cacao_diseases/cacao_photos/healthy/healthy_3306.jpg,no_usada,0,3306,0.9201071
3807,dataset_complete/cacao_diseases/cacao_photos/healthy/healthy_3307.jpg,no_usada,0,3307,0.8085842
3808,dataset_complete/cacao_diseases/cacao_photos/healthy/healthy_3308.jpg,no_usada,0,3308,0.8798353
3809,dataset_complete/cacao_diseases/cacao_photos/healthy/healthy_3309.jpg,no_usada,0,3309,0.45844913
3810,dataset_complete/cacao_diseases/cacao_photos/healthy/healthy_331.jpg,no_usada,0,331,0.2706774
3811,dataset_complete/cacao_diseases/cacao_photos/healthy/healthy_3310.jpg,no_usada,0,3310,0.44422203
3812,dataset_complete/cacao_diseases/cacao_photos/healthy/healthy_332.jpg,no_usada,0,332,0.44979423
3813,dataset_complete/cacao_diseases/cacao_photos/healthy/healthy_333.jpg,no_usada,0,333,0.40367395
3814,dataset_complete/cacao_diseases/cacao_photos/healthy/healthy_334.jpg,no_usada,0,334,0.35854793
3815,dataset_complete/cacao_diseases/cacao_photos/healthy/healthy_335.jpg,no_usada,0,335,0.3723775
3816,dataset_complete/cacao_diseases/cacao_photos/healthy/healthy_336.jpg,no_usada,0,336,0.4890356
3817,dataset_complete/cacao_diseases/cacao_photos/healthy/healthy_337.jpg,no_usada,0,337,0.5621965
3818,dataset_complete/cacao_diseases/cacao_photos/healthy/healthy_338.jpg,no_usada,0,338,0.42713627
3819,dataset_complete/cacao_diseases/cacao_photos/healthy/healthy_339.jpg,no_usada,0,339,0.42428088
3820,dataset_complete/cacao_diseases/cacao_photos/healthy/healthy_340.jpg,no_usada,0,340,0.4674337
3821,dataset_complete/cacao_diseases/cacao_photos/healthy/healthy_341.jpg,no_usada,0,341,0.4417659
3822,dataset_complete/cacao_diseases/cacao_photos/healthy/healthy_342.jpg,no_usada,0,342,0.47132516
3823,dataset_complete/cacao_diseases/cacao_photos/healthy/healthy_343.jpg,no_usada,0,343,0.41944313
3824,dataset_complete/cacao_diseases/cacao_photos/healthy/healthy_344.jpg,no_usada,0,344,0.30495203
3825,dataset_complete/cacao_diseases/cacao_photos/healthy/healthy_345.jpg,no_usada,0,345,0.3441701
3826,dataset_complete/cacao_diseases/cacao_photos/healthy/healthy_346.jpg,no_usada,0,346,0.3863994
3827,dataset_complete/cacao_diseases/cacao_photos/healthy/healthy_347.jpg,no_usada,0,347,0.41762894
3828,dataset_complete/cacao_diseases/cacao_photos/healthy/healthy_348.jpg,no_usada,0,348,0.52325803
3829,dataset_complete/cacao_diseases/cacao_photos/healthy/healthy_349.jpg,no_usada,0,349,0.41737682
3830,dataset_complete/cacao_diseases/cacao_photos/healthy/healthy_350.jpg,no_usada,0,350,0.39189237
3831,dataset_complete/cacao_diseases/cacao_photos/healthy/healthy_351.jpg,no_usada,0,351,0.4382426
3832,dataset_complete/cacao_diseases/cacao_photos/healthy/healthy_352.jpg,no_usada,0,352,0.4600571
3833,dataset_complete/cacao_diseases/cacao_photos/healthy/healthy_353.jpg,no_usada,0,353,0.36825675
3834,dataset_complete/cacao_diseases/cacao_photos/healthy/healthy_354.jpg,no_usada,0,354,0.36001402
3835,dataset_complete/cacao_diseases/cacao_photos/healthy/healthy_355.jpg,no_usada,0,355,0.4361185
3836,dataset_complete/cacao_diseases/cacao_photos/healthy/healthy_356.jpg,no_usada,0,356,0.40821564
3837,dataset_complete/cacao_diseases/cacao_photos/healthy/healthy_357.jpg,no_usada,0,357,0.4913646
3838,dataset_complete/cacao_diseases/cacao_photos/healthy/healthy_358.jpg,no_usada,0,358,0.48094308
3839,dataset_complete/cacao_diseases/cacao_photos/healthy/healthy_359.jpg,no_usada,0,359,0.5413125
3840,dataset_complete/cacao_diseases/cacao_photos/healthy/healthy_360.jpg,no_usada,0,360,0.5392704
3841,dataset_complete/cacao_diseases/cacao_photos/healthy/healthy_361.jpg,no_usada,0,361,0.40262482
3842,dataset_complete/cacao_diseases/cacao_photos/healthy/healthy_362.jpg,no_usada,0,362,0.40549785
3843,dataset_complete/cacao_diseases/cacao_photos/healthy/healthy_363.jpg,no_usada,0,363,0.4821726
3844,dataset_complete/cacao_diseases/cacao_photos/healthy/healthy_364.jpg,no_usada,0,364,0.43493366
3845,dataset_complete/cacao_diseases/cacao_photos/healthy/healthy_365.jpg,no_usada,0,365,0.42598882
3846,dataset_complete/cacao_diseases/cacao_photos/healthy/healthy_366.jpg,no_usada,0,366,0.39158893
3847,dataset_complete/cacao_diseases/cacao_photos/healthy/healthy_367.jpg,no_usada,0,367,0.37594444
3848,dataset_complete/cacao_diseases/cacao_photos/healthy/healthy_368.jpg,no_usada,0,368,0.39946473
3849,dataset_complete/cacao_diseases/cacao_photos/healthy/healthy_369.jpg,no_usada,0,369,0.35272083
3850,dataset_complete/cacao_diseases/cacao_photos/healthy/healthy_370.jpg,no_usada,0,370,0.47674176
3851,dataset_complete/cacao_diseases/cacao_photos/healthy/healthy_371.jpg,no_usada,0,371,0.47571728
3852,dataset_complete/cacao_diseases/cacao_photos/healthy/healthy_372.jpg,no_usada,0,372,0.4415034
3853,dataset_complete/cacao_diseases/cacao_photos/healthy/healthy_373.jpg,no_usada,0,373,0.44179377
3854,dataset_complete/cacao_diseases/cacao_photos/healthy/healthy_374.jpg,no_usada,0,374,0.41939738
3855,dataset_complete/cacao_diseases/cacao_photos/healthy/healthy_375.jpg,no_usada,0,375,0.5499881
3856,dataset_complete/cacao_diseases/cacao_photos/healthy/healthy_376.jpg,no_usada,0,376,0.4123543
3857,dataset_complete/cacao_diseases/cacao_photos/healthy/healthy_377.jpg,no_usada,0,377,0.43748853
3858,dataset_complete/cacao_diseases/cacao_photos/healthy/healthy_378.jpg,no_usada,0,378,0.41806602
3859,dataset_complete/cacao_diseases/cacao_photos/healthy/healthy_379.jpg,no_usada,0,379,0.5974171
3860,dataset_complete/cacao_diseases/cacao_photos/healthy/healthy_380.jpg,no_usada,0,380,0.38962966
3861,dataset_complete/cacao_diseases/cacao_photos/healthy/healthy_381.jpg,no_usada,0,381,0.48191595
3862,dataset_complete/cacao_diseases/cacao_photos/healthy/healthy_382.jpg,no_usada,0,382,0.5403766
3863,dataset_complete/cacao_diseases/cacao_photos/healthy/healthy_383.jpg,no_usada,0,383,0.49755308
3864,dataset_complete/cacao_diseases/cacao_photos/healthy/healthy_384.jpg,no_usada,0,384,0.5467423
3865,dataset_complete/cacao_diseases/cacao_photos/healthy/healthy_385.jpg,no_usada,0,385,0.49502796
3866,dataset_complete/cacao_diseases/cacao_photos/healthy/healthy_386.jpg,no_usada,0,386,0.48910725
3867,dataset_complete/cacao_diseases/cacao_photos/healthy/healthy_387.jpg,no_usada,0,387,0.5304763
3868,dataset_complete/cacao_diseases/cacao_photos/healthy/healthy_388.jpg,no_usada,0,388,0.45471764
3869,dataset_complete/cacao_diseases/cacao_photos/healthy/healthy_389.jpg,no_usada,0,389,0.42852038
3870,dataset_complete/cacao_diseases/cacao_photos/healthy/healthy_390.jpg,no_usada,0,390,0.4499262
3871,dataset_complete/cacao_diseases/cacao_photos/healthy/healthy_391.jpg,no_usada,0,391,0.44365817
3872,dataset_complete/cacao_diseases/cacao_photos/healthy/healthy_392.jpg,no_usada,0,392,0.50333506
3873,dataset_complete/cacao_diseases/cacao_photos/healthy/healthy_393.jpg,no_usada,0,393,0.4986659
3874,dataset_complete/cacao_diseases/cacao_photos/healthy/healthy_394.jpg,no_usada,0,394,0.46999863
3875,dataset_complete/cacao_diseases/cacao_photos/healthy/healthy_395.jpg,no_usada,0,395,0.45131066
3876,dataset_complete/cacao_diseases/cacao_photos/healthy/healthy_396.jpg,no_usada,0,396,0.45343953
3877,dataset_complete/cacao_diseases/cacao_photos/healthy/healthy_397.jpg,no_usada,0,397,0.45523626
3878,dataset_complete/cacao_diseases/cacao_photos/healthy/healthy_398.jpg,no_usada,0,398,0.4225333
3879,dataset_complete/cacao_diseases/cacao_photos/healthy/healthy_399.jpg,no_usada,0,399,0.34502822
3880,dataset_complete/cacao_diseases/cacao_photos/healthy/healthy_400.jpg,no_usada,0,400,0.29166007
3881,dataset_complete/cacao_diseases/cacao_photos/healthy/healthy_401.jpg,no_usada,0,401,0.44242862
3882,dataset_complete/cacao_diseases/cacao_photos/healthy/healthy_402.jpg,no_usada,0,402,0.49108294
3883,dataset_complete/cacao_diseases/cacao_photos/healthy/healthy_403.jpg,no_usada,0,403,0.5131681
3884,dataset_complete/cacao_diseases/cacao_photos/healthy/healthy_404.jpg,no_usada,0,404,0.41702104
3885,dataset_complete/cacao_diseases/cacao_photos/healthy/healthy_405.jpg,no_usada,0,405,0.46014202
3886,dataset_complete/cacao_diseases/cacao_photos/healthy/healthy_406.jpg,no_usada,0,406,0.39680296
3887,dataset_complete/cacao_diseases/cacao_photos/healthy/healthy_407.jpg,no_usada,0,407,0.47073397
3888,dataset_complete/cacao_diseases/cacao_photos/healthy/healthy_408.jpg,no_usada,0,408,0.41169345
3889,dataset_complete/cacao_diseases/cacao_photos/healthy/healthy_409.jpg,no_usada,0,409,0.5141899
3890,dataset_complete/cacao_diseases/cacao_photos/healthy/healthy_410.jpg,no_usada,0,410,0.5323936
3891,dataset_complete/cacao_diseases/cacao_photos/healthy/healthy_471.jpg,no_usada,0,471,0.49060428
3892,dataset_complete/cacao_diseases/cacao_photos/healthy/healthy_472.jpg,no_usada,0,472,0.40328708
3893,dataset_complete/cacao_diseases/cacao_photos/healthy/healthy_473.jpg,no_usada,0,473,0.48917344
3894,dataset_complete/cacao_diseases/cacao_photos/healthy/healthy_474.jpg,no_usada,0,474,0.46326828
3895,dataset_complete/cacao_diseases/cacao_photos/healthy/healthy_475.jpg,no_usada,0,475,0.38803625
3896,dataset_complete/cacao_diseases/cacao_photos/healthy/healthy_476.jpg,no_usada,0,476,0.33155638
3897,dataset_complete/cacao_diseases/cacao_photos/healthy/healthy_477.jpg,no_usada,0,477,0.44176817
3898,dataset_complete/cacao_diseases/cacao_photos/healthy/healthy_478.jpg,no_usada,0,478,0.38625532
3899,dataset_complete/cacao_diseases/cacao_photos/healthy/healthy_479.jpg,no_usada,0,479,0.5489302
3900,dataset_complete/cacao_diseases/cacao_photos/healthy/healthy_480.jpg,no_usada,0,480,0.35687166
3901,dataset_complete/cacao_diseases/cacao_photos/healthy/healthy_481.jpg,no_usada,0,481,0.55810314
3902,dataset_complete/cacao_diseases/cacao_photos/healthy/healthy_482.jpg,no_usada,0,482,0.48612332
3903,dataset_complete/cacao_diseases/cacao_photos/healthy/healthy_483.jpg,no_usada,0,483,0.47676575
3904,dataset_complete/cacao_diseases/cacao_photos/healthy/healthy_484.jpg,no_usada,0,484,0.44526666
3905,dataset_complete/cacao_diseases/cacao_photos/healthy/healthy_485.jpg,no_usada,0,485,0.52454937
3906,dataset_complete/cacao_diseases/cacao_photos/healthy/healthy_486.jpg,no_usada,0,486,0.38284054
3907,dataset_complete/cacao_diseases/cacao_photos/healthy/healthy_487.jpg,no_usada,0,487,0.53915685
3908,dataset_complete/cacao_diseases/cacao_photos/healthy/healthy_488.jpg,no_usada,0,488,0.46042466
3909,dataset_complete/cacao_diseases/cacao_photos/healthy/healthy_489.jpg,no_usada,0,489,0.4057594
3910,dataset_complete/cacao_diseases/cacao_photos/healthy/healthy_490.jpg,no_usada,0,490,0.386651
3911,dataset_complete/cacao_diseases/cacao_photos/healthy/healthy_491.jpg,no_usada,0,491,0.45925352
3912,dataset_complete/cacao_diseases/cacao_photos/healthy/healthy_492.jpg,no_usada,0,492,0.48882577
3913,dataset_complete/cacao_diseases/cacao_photos/healthy/healthy_493.jpg,no_usada,0,493,0.41165853
3914,dataset_complete/cacao_diseases/cacao_photos/healthy/healthy_494.jpg,no_usada,0,494,0.4247523
3915,dataset_complete/cacao_diseases/cacao_photos/healthy/healthy_495.jpg,no_usada,0,495,0.35350025
3916,dataset_complete/cacao_diseases/cacao_photos/healthy/healthy_496.jpg,no_usada,0,496,0.41507125
3917,dataset_complete/cacao_diseases/cacao_photos/healthy/healthy_497.jpg,no_usada,0,497,0.47268102
3918,dataset_complete/cacao_diseases/cacao_photos/healthy/healthy_498.jpg,no_usada,0,498,0.4509691
3919,dataset_complete/cacao_diseases/cacao_photos/healthy/healthy_499.jpg,no_usada,0,499,0.4960562
3920,dataset_complete/cacao_diseases/cacao_photos/healthy/healthy_500.jpg,no_usada,0,500,0.41151792
3921,dataset_complete/cacao_diseases/cacao_photos/healthy/healthy_501.jpg,no_usada,0,501,0.46589613
3922,dataset_complete/cacao_diseases/cacao_photos/healthy/healthy_502.jpg,no_usada,0,502,0.45122546
3923,dataset_complete/cacao_diseases/cacao_photos/healthy/healthy_503.jpg,no_usada,0,503,0.52193016
3924,dataset_complete/cacao_diseases/cacao_photos/healthy/healthy_504.jpg,no_usada,0,504,0.44504583
3925,dataset_complete/cacao_diseases/cacao_photos/healthy/healthy_505.jpg,no_usada,0,505,0.3850647
3926,dataset_complete/cacao_diseases/cacao_photos/healthy/healthy_506.jpg,no_usada,0,506,0.4223415
3927,dataset_complete/cacao_diseases/cacao_photos/healthy/healthy_507.jpg,no_usada,0,507,0.42778933
3928,dataset_complete/cacao_diseases/cacao_photos/healthy/healthy_508.jpg,no_usada,0,508,0.4237669
3929,dataset_complete/cacao_diseases/cacao_photos/healthy/healthy_509.jpg,no_usada,0,509,0.5030897
3930,dataset_complete/cacao_diseases/cacao_photos/healthy/healthy_510.jpg,no_usada,0,510,0.38893872
3931,dataset_complete/cacao_diseases/cacao_photos/healthy/healthy_511.jpg,no_usada,0,511,0.43804356
3932,dataset_complete/cacao_diseases/cacao_photos/healthy/healthy_512.jpg,no_usada,0,512,0.36743855
3933,dataset_complete/cacao_diseases/cacao_photos/healthy/healthy_513.jpg,no_usada,0,513,0.41258535
3934,dataset_complete/cacao_diseases/cacao_photos/healthy/healthy_514.jpg,no_usada,0,514,0.5246927
3935,dataset_complete/cacao_diseases/cacao_photos/healthy/healthy_515.jpg,no_usada,0,515,0.43048915
3936,dataset_complete/cacao_diseases/cacao_photos/healthy/healthy_516.jpg,no_usada,0,516,0.34420046
3937,dataset_complete/cacao_diseases/cacao_photos/healthy/healthy_517.jpg,no_usada,0,517,0.3712561
3938,dataset_complete/cacao_diseases/cacao_photos/healthy/healthy_518.jpg,no_usada,0,518,0.37279558
3939,dataset_complete/cacao_diseases/cacao_photos/healthy/healthy_519.jpg,no_usada,0,519,0.40484482
3940,dataset_complete/cacao_diseases/cacao_photos/healthy/healthy_520.jpg,no_usada,0,520,0.4966749
3941,dataset_complete/cacao_diseases/cacao_photos/healthy/healthy_521.jpg,no_usada,0,521,0.3783614
3942,dataset_complete/cacao_diseases/cacao_photos/healthy/healthy_522.jpg,no_usada,0,522,0.41295993
3943,dataset_complete/cacao_diseases/cacao_photos/healthy/healthy_523.jpg,no_usada,0,523,0.47893816
3944,dataset_complete/cacao_diseases/cacao_photos/healthy/healthy_524.jpg,no_usada,0,524,0.47171465
3945,dataset_complete/cacao_diseases/cacao_photos/healthy/healthy_525.jpg,no_usada,0,525,0.46010435
3946,dataset_complete/cacao_diseases/cacao_photos/healthy/healthy_526.jpg,no_usada,0,526,0.4455381
3947,dataset_complete/cacao_diseases/cacao_photos/healthy/healthy_527.jpg,no_usada,0,527,0.38735652
3948,dataset_complete/cacao_diseases/cacao_photos/healthy/healthy_528.jpg,no_usada,0,528,0.49399406
3949,dataset_complete/cacao_diseases/cacao_photos/healthy/healthy_529.jpg,no_usada,0,529,0.50888026
3950,dataset_complete/cacao_diseases/cacao_photos/healthy/healthy_530.jpg,no_usada,0,530,0.5359642
3951,dataset_complete/cacao_diseases/cacao_photos/healthy/healthy_531.jpg,no_usada,0,531,0.40679097
3952,dataset_complete/cacao_diseases/cacao_photos/healthy/healthy_532.jpg,no_usada,0,532,0.4046656
3953,dataset_complete/cacao_diseases/cacao_photos/healthy/healthy_533.jpg,no_usada,0,533,0.35373318
3954,dataset_complete/cacao_diseases/cacao_photos/healthy/healthy_534.jpg,no_usada,0,534,0.51831025
3955,dataset_complete/cacao_diseases/cacao_photos/healthy/healthy_535.jpg,no_usada,0,535,0.56641006
3956,dataset_complete/cacao_diseases/cacao_photos/healthy/healthy_536.jpg,no_usada,0,536,0.5289117
3957,dataset_complete/cacao_diseases/cacao_photos/healthy/healthy_537.jpg,no_usada,0,537,0.40667778
3958,dataset_complete/cacao_diseases/cacao_photos/healthy/healthy_538.jpg,no_usada,0,538,0.42483586
3959,dataset_complete/cacao_diseases/cacao_photos/healthy/healthy_539.jpg,no_usada,0,539,0.5336107
3960,dataset_complete/cacao_diseases/cacao_photos/healthy/healthy_540.jpg,no_usada,0,540,0.35152298
3961,dataset_complete/cacao_diseases/cacao_photos/healthy/healthy_541.jpg,no_usada,0,541,0.45021817
3962,dataset_complete/cacao_diseases/cacao_photos/healthy/healthy_542.jpg,no_usada,0,542,0.36907148
3963,dataset_complete/cacao_diseases/cacao_photos/healthy/healthy_543.jpg,no_usada,0,543,0.37921274
3964,dataset_complete/cacao_diseases/cacao_photos/healthy/healthy_544.jpg,no_usada,0,544,0.42790604
3965,dataset_complete/cacao_diseases/cacao_photos/healthy/healthy_545.jpg,no_usada,0,545,0.54273653
3966,dataset_complete/cacao_diseases/cacao_photos/healthy/healthy_546.jpg,no_usada,0,546,0.49565285
3967,dataset_complete/cacao_diseases/cacao_photos/healthy/healthy_547.jpg,no_usada,0,547,0.49708033
3968,dataset_complete/cacao_diseases/cacao_photos/healthy/healthy_548.jpg,no_usada,0,548,0.52266717
3969,dataset_complete/cacao_diseases/cacao_photos/healthy/healthy_549.jpg,no_usada,0,549,0.43188533
3970,dataset_complete/cacao_diseases/cacao_photos/healthy/healthy_550.jpg,no_usada,0,550,0.41039288
3971,dataset_complete/cacao_diseases/cacao_photos/healthy/healthy_551.jpg,no_usada,0,551,0.56394136
3972,dataset_complete/cacao_diseases/cacao_photos/healthy/healthy_552.jpg,no_usada,0,552,0.49695513
3973,dataset_complete/cacao_diseases/cacao_photos/healthy/healthy_553.jpg,no_usada,0,553,0.37685743
3974,dataset_complete/cacao_diseases/cacao_photos/healthy/healthy_554.jpg,no_usada,0,554,0.36171502
3975,dataset_complete/cacao_diseases/cacao_photos/healthy/healthy_555.jpg,no_usada,0,555,0.42361686
3976,dataset_complete/cacao_diseases/cacao_photos/healthy/healthy_556.jpg,no_usada,0,556,0.4112077
3977,dataset_complete/cacao_diseases/cacao_photos/healthy/healthy_557.jpg,no_usada,0,557,0.47431368
3978,dataset_complete/cacao_diseases/cacao_photos/healthy/healthy_558.jpg,no_usada,0,558,0.41690958
3979,dataset_complete/cacao_diseases/cacao_photos/healthy/healthy_559.jpg,no_usada,0,559,0.4709498
3980,dataset_complete/cacao_diseases/cacao_photos/healthy/healthy_560.jpg,no_usada,0,560,0.5009361
3981,dataset_complete/cacao_diseases/cacao_photos/healthy/healthy_561.jpg,no_usada,0,561,0.42476264
3982,dataset_complete/cacao_diseases/cacao_photos/healthy/healthy_562.jpg,no_usada,0,562,0.5141611
3983,dataset_complete/cacao_diseases/cacao_photos/healthy/healthy_563.jpg,no_usada,0,563,0.48708382
3984,dataset_complete/cacao_diseases/cacao_photos/healthy/healthy_564.jpg,no_usada,0,564,0.52728796
3985,dataset_complete/cacao_diseases/cacao_photos/healthy/healthy_698.jpg,no_usada,0,698,0.49358922
3986,dataset_complete/cacao_diseases/cacao_photos/healthy/healthy_699.jpg,no_usada,0,699,0.36421984
3987,dataset_complete/cacao_diseases/cacao_photos/healthy/healthy_700.jpg,no_usada,0,700,0.44174504
3988,dataset_complete/cacao_diseases/cacao_photos/healthy/healthy_701.jpg,no_usada,0,701,0.5112599
3989,dataset_complete/cacao_diseases/cacao_photos/healthy/healthy_702.jpg,no_usada,0,702,0.47433382
3990,dataset_complete/cacao_diseases/cacao_photos/healthy/healthy_703.jpg,no_usada,0,703,0.36412293
3991,dataset_complete/cacao_diseases/cacao_photos/healthy/healthy_704.jpg,no_usada,0,704,0.38081184
3992,dataset_complete/cacao_diseases/cacao_photos/healthy/healthy_705.jpg,no_usada,0,705,0.41675174
3993,dataset_complete/cacao_diseases/cacao_photos/healthy/healthy_706.jpg,no_usada,0,706,0.45020932
3994,dataset_complete/cacao_diseases/cacao_photos/healthy/healthy_707.jpg,no_usada,0,707,0.5003104
3995,dataset_complete/cacao_diseases/cacao_photos/healthy/healthy_708.jpg,no_usada,0,708,0.49274045
3996,dataset_complete/cacao_diseases/cacao_photos/healthy/healthy_709.jpg,no_usada,0,709,0.4340789
3997,dataset_complete/cacao_diseases/cacao_photos/healthy/healthy_710.jpg,no_usada,0,710,0.37553534
3998,dataset_complete/cacao_diseases/cacao_photos/healthy/healthy_711.jpg,no_usada,0,711,0.3795249
3999,dataset_complete/cacao_diseases/cacao_photos/healthy/healthy_712.jpg,no_usada,0,712,0.39049494
4000,dataset_complete/cacao_diseases/cacao_photos/healthy/healthy_713.jpg,no_usada,0,713,0.50092006
4001,dataset_complete/cacao_diseases/cacao_photos/healthy/healthy_714.jpg,no_usada,0,714,0.6109563
4002,dataset_complete/cacao_diseases/cacao_photos/healthy/healthy_715.jpg,no_usada,0,715,0.43822515
4003,dataset_complete/cacao_diseases/cacao_photos/healthy/healthy_716.jpg,no_usada,0,716,0.3937881
4004,dataset_complete/cacao_diseases/cacao_photos/healthy/healthy_717.jpg,no_usada,0,717,0.38610443
4005,dataset_complete/cacao_diseases/cacao_photos/healthy/healthy_718.jpg,no_usada,0,718,0.39300102
4006,dataset_complete/cacao_diseases/cacao_photos/healthy/healthy_719.jpg,no_usada,0,719,0.34294885
4007,dataset_complete/cacao_diseases/cacao_photos/healthy/healthy_720.jpg,no_usada,0,720,0.4750115
4008,dataset_complete/cacao_diseases/cacao_photos/healthy/healthy_721.jpg,no_usada,0,721,0.40896055
4009,dataset_complete/cacao_diseases/cacao_photos/healthy/healthy_722.jpg,no_usada,0,722,0.4607191
4010,dataset_complete/cacao_diseases/cacao_photos/healthy/healthy_723.jpg,no_usada,0,723,0.3865821
4011,dataset_complete/cacao_diseases/cacao_photos/healthy/healthy_724.jpg,no_usada,0,724,0.40122235
4012,dataset_complete/cacao_diseases/cacao_photos/healthy/healthy_725.jpg,no_usada,0,725,0.50977147
4013,dataset_complete/cacao_diseases/cacao_photos/healthy/healthy_726.jpg,no_usada,0,726,0.44193846
4014,dataset_complete/cacao_diseases/cacao_photos/healthy/healthy_727.jpg,no_usada,0,727,0.5052966
4015,dataset_complete/cacao_diseases/cacao_photos/healthy/healthy_728.jpg,no_usada,0,728,0.45069855
4016,dataset_complete/cacao_diseases/cacao_photos/healthy/healthy_729.jpg,no_usada,0,729,0.528553
4017,dataset_complete/cacao_diseases/cacao_photos/healthy/healthy_730.jpg,no_usada,0,730,0.43893093
4018,dataset_complete/cacao_diseases/cacao_photos/healthy/healthy_731.jpg,no_usada,0,731,0.36566225
4019,dataset_complete/cacao_diseases/cacao_photos/healthy/healthy_732.jpg,no_usada,0,732,0.41158006
4020,dataset_complete/cacao_diseases/cacao_photos/healthy/healthy_733.jpg,no_usada,0,733,0.46358258
4021,dataset_complete/cacao_diseases/cacao_photos/healthy/healthy_734.jpg,no_usada,0,734,0.41943708
4022,dataset_complete/cacao_diseases/cacao_photos/healthy/healthy_735.jpg,no_usada,0,735,0.42620224
4023,dataset_complete/cacao_diseases/cacao_photos/healthy/healthy_736.jpg,no_usada,0,736,0.45484397
4024,dataset_complete/cacao_diseases/cacao_photos/healthy/healthy_737.jpg,no_usada,0,737,0.515547
4025,dataset_complete/cacao_diseases/cacao_photos/healthy/healthy_738.jpg,no_usada,0,738,0.3855347
4026,dataset_complete/cacao_diseases/cacao_photos/healthy/healthy_739.jpg,no_usada,0,739,0.39090398
4027,dataset_complete/cacao_diseases/cacao_photos/healthy/healthy_740.jpg,no_usada,0,740,0.3336625
4028,dataset_complete/cacao_diseases/cacao_photos/healthy/healthy_741.jpg,no_usada,0,741,0.4540786
4029,dataset_complete/cacao_diseases/cacao_photos/healthy/healthy_742.jpg,no_usada,0,742,0.44120273
4030,dataset_complete/cacao_diseases/cacao_photos/healthy/healthy_743.jpg,no_usada,0,743,0.518824
4031,dataset_complete/cacao_diseases/cacao_photos/healthy/healthy_744.jpg,no_usada,0,744,0.43503836
4032,dataset_complete/cacao_diseases/cacao_photos/healthy/healthy_745.jpg,no_usada,0,745,0.44920307
4033,dataset_complete/cacao_diseases/cacao_photos/healthy/healthy_746.jpg,no_usada,0,746,0.48076788
4034,dataset_complete/cacao_diseases/cacao_photos/healthy/healthy_747.jpg,no_usada,0,747,0.39540988
4035,dataset_complete/cacao_diseases/cacao_photos/healthy/healthy_748.jpg,no_usada,0,748,0.30996245
4036,dataset_complete/cacao_diseases/cacao_photos/healthy/healthy_749.jpg,no_usada,0,749,0.48110148
4037,dataset_complete/cacao_diseases/cacao_photos/healthy/healthy_750.jpg,no_usada,0,750,0.56808573
4038,dataset_complete/cacao_diseases/cacao_photos/healthy/healthy_751.jpg,no_usada,0,751,0.47319233
4039,dataset_complete/cacao_diseases/cacao_photos/healthy/healthy_752.jpg,no_usada,0,752,0.5302654
4040,dataset_complete/cacao_diseases/cacao_photos/healthy/healthy_753.jpg,no_usada,0,753,0.51541626
4041,dataset_complete/cacao_diseases/cacao_photos/healthy/healthy_754.jpg,no_usada,0,754,0.5110065
4042,dataset_complete/cacao_diseases/cacao_photos/healthy/healthy_755.jpg,no_usada,0,755,0.5920007
4043,dataset_complete/cacao_diseases/cacao_photos/healthy/healthy_756.jpg,no_usada,0,756,0.53819144
4044,dataset_complete/cacao_diseases/cacao_photos/healthy/healthy_757.jpg,no_usada,0,757,0.4911877
4045,dataset_complete/cacao_diseases/cacao_photos/healthy/healthy_758.jpg,no_usada,0,758,0.38592225
4046,dataset_complete/cacao_diseases/cacao_photos/healthy/healthy_759.jpg,no_usada,0,759,0.53170574
4047,dataset_complete/cacao_diseases/cacao_photos/healthy/healthy_760.jpg,no_usada,0,760,0.451438
4048,dataset_complete/cacao_diseases/cacao_photos/healthy/healthy_761.jpg,no_usada,0,761,0.52021265
4049,dataset_complete/cacao_diseases/cacao_photos/healthy/healthy_762.jpg,no_usada,0,762,0.44871813
4050,dataset_complete/cacao_diseases/cacao_photos/healthy/healthy_763.jpg,no_usada,0,763,0.42444873
4051,dataset_complete/cacao_diseases/cacao_photos/healthy/healthy_764.jpg,no_usada,0,764,0.4118567
4052,dataset_complete/cacao_diseases/cacao_photos/healthy/healthy_765.jpg,no_usada,0,765,0.4047631
4053,dataset_complete/cacao_diseases/cacao_photos/healthy/healthy_766.jpg,no_usada,0,766,0.48826253
4054,dataset_complete/cacao_diseases/cacao_photos/healthy/healthy_767.jpg,no_usada,0,767,0.44441742
4055,dataset_complete/cacao_diseases/cacao_photos/healthy/healthy_768.jpg,no_usada,0,768,0.4011762
4056,dataset_complete/cacao_diseases/cacao_photos/healthy/healthy_769.jpg,no_usada,0,769,0.51594925
4057,dataset_complete/cacao_diseases/cacao_photos/healthy/healthy_770.jpg,no_usada,0,770,0.5095911
4058,dataset_complete/cacao_diseases/cacao_photos/healthy/healthy_771.jpg,no_usada,0,771,0.34753186
4059,dataset_complete/cacao_diseases/cacao_photos/healthy/healthy_772.jpg,no_usada,0,772,0.5603757
4060,dataset_complete/cacao_diseases/cacao_photos/healthy/healthy_773.jpg,no_usada,0,773,0.3835022
4061,dataset_complete/cacao_diseases/cacao_photos/healthy/healthy_774.jpg,no_usada,0,774,0.42514274
4062,dataset_complete/cacao_diseases/cacao_photos/healthy/healthy_775.jpg,no_usada,0,775,0.46408242
4063,dataset_complete/cacao_diseases/cacao_photos/healthy/healthy_776.jpg,no_usada,0,776,0.46487096
4064,dataset_complete/cacao_diseases/cacao_photos/healthy/healthy_777.jpg,no_usada,0,777,0.50630414
4065,dataset_complete/cacao_diseases/cacao_photos/healthy/healthy_778.jpg,no_usada,0,778,0.4533528
4066,dataset_complete/cacao_diseases/cacao_photos/healthy/healthy_779.jpg,no_usada,0,779,0.4281726
4067,dataset_complete/cacao_diseases/cacao_photos/healthy/healthy_780.jpg,no_usada,0,780,0.47984588
4068,dataset_complete/cacao_diseases/cacao_photos/healthy/healthy_781.jpg,no_usada,0,781,0.5746591
4069,dataset_complete/cacao_diseases/cacao_photos/healthy/healthy_782.jpg,no_usada,0,782,0.35954008
4070,dataset_complete/cacao_diseases/cacao_photos/healthy/healthy_783.jpg,no_usada,0,783,0.46446848
4071,dataset_complete/cacao_diseases/cacao_photos/healthy/healthy_784.jpg,no_usada,0,784,0.44412923
4072,dataset_complete/cacao_diseases/cacao_photos/healthy/healthy_785.jpg,no_usada,0,785,0.41973928
4073,dataset_complete/cacao_diseases/cacao_photos/healthy/healthy_786.jpg,no_usada,0,786,0.4592884
4074,dataset_complete/cacao_diseases/cacao_photos/healthy/healthy_787.jpg,no_usada,0,787,0.5713919
4075,dataset_complete/cacao_diseases/cacao_photos/healthy/healthy_788.jpg,no_usada,0,788,0.5014771
4076,dataset_complete/cacao_diseases/cacao_photos/healthy/healthy_789.jpg,no_usada,0,789,0.4688917
4077,dataset_complete/cacao_diseases/cacao_photos/healthy/healthy_790.jpg,no_usada,0,790,0.5041917
4078,dataset_complete/cacao_diseases/cacao_photos/healthy/healthy_791.jpg,no_usada,0,791,0.5283663
4079,dataset_complete/cacao_diseases/cacao_photos/healthy/healthy_792.jpg,no_usada,0,792,0.3628332
4080,dataset_complete/cacao_diseases/cacao_photos/healthy/healthy_793.jpg,no_usada,0,793,0.47319657
4081,dataset_complete/cacao_diseases/cacao_photos/healthy/healthy_794.jpg,no_usada,0,794,0.50341666
4082,dataset_complete/cacao_diseases/cacao_photos/healthy/healthy_795.jpg,no_usada,0,795,0.4344167
4083,dataset_complete/cacao_diseases/cacao_photos/healthy/healthy_796.jpg,no_usada,0,796,0.36228132
4084,dataset_complete/cacao_diseases/cacao_photos/healthy/healthy_797.jpg,no_usada,0,797,0.45085844
4085,dataset_complete/cacao_diseases/cacao_photos/healthy/healthy_798.jpg,no_usada,0,798,0.36608145
4086,dataset_complete/cacao_diseases/cacao_photos/healthy/healthy_799.jpg,no_usada,0,799,0.39169723
4087,dataset_complete/cacao_diseases/cacao_photos/healthy/healthy_800.jpg,no_usada,0,800,0.5143856
4088,dataset_complete/cacao_diseases/cacao_photos/healthy/healthy_801.jpg,no_usada,0,801,0.4533499
4089,dataset_complete/cacao_diseases/cacao_photos/healthy/healthy_802.jpg,no_usada,0,802,0.49153584
4090,dataset_complete/cacao_diseases/cacao_photos/healthy/healthy_803.jpg,no_usada,0,803,0.4505542
4091,dataset_complete/cacao_diseases/cacao_photos/healthy/healthy_804.jpg,no_usada,0,804,0.41676414
4092,dataset_complete/cacao_diseases/cacao_photos/healthy/healthy_805.jpg,no_usada,0,805,0.39491075
4093,dataset_complete/cacao_diseases/cacao_photos/healthy/healthy_806.jpg,no_usada,0,806,0.46116135
4094,dataset_complete/cacao_diseases/cacao_photos/healthy/healthy_807.jpg,no_usada,0,807,0.45305854
4095,dataset_complete/cacao_diseases/cacao_photos/healthy/healthy_808.jpg,no_usada,0,808,0.45777506
4096,dataset_complete/cacao_diseases/cacao_photos/healthy/healthy_809.jpg,no_usada,0,809,0.37073708
4097,dataset_complete/cacao_diseases/cacao_photos/healthy/healthy_810.jpg,no_usada,0,810,0.51797545
4098,dataset_complete/cacao_diseases/cacao_photos/healthy/healthy_811.jpg,no_usada,0,811,0.58431125
4099,dataset_complete/cacao_diseases/cacao_photos/healthy/healthy_812.jpg,no_usada,0,812,0.55196357
4100,dataset_complete/cacao_diseases/cacao_photos/healthy/healthy_813.jpg,no_usada,0,813,0.36407995
4101,dataset_complete/cacao_diseases/cacao_photos/healthy/healthy_814.jpg,no_usada,0,814,0.50547624
4102,dataset_complete/cacao_diseases/cacao_photos/healthy/healthy_815.jpg,no_usada,0,815,0.40589947
4103,dataset_complete/cacao_diseases/cacao_photos/healthy/healthy_816.jpg,no_usada,0,816,0.47089043
4104,dataset_complete/cacao_diseases/cacao_photos/healthy/healthy_817.jpg,no_usada,0,817,0.44377953
4105,dataset_complete/cacao_diseases/cacao_photos/healthy/healthy_818.jpg,no_usada,0,818,0.48490328
4106,dataset_complete/cacao_diseases/cacao_photos/healthy/healthy_819.jpg,no_usada,0,819,0.42656642
4107,dataset_complete/cacao_diseases/cacao_photos/healthy/healthy_820.jpg,no_usada,0,820,0.50813246
4108,dataset_complete/cacao_diseases/cacao_photos/healthy/healthy_821.jpg,no_usada,0,821,0.5189411
4109,dataset_complete/cacao_diseases/cacao_photos/healthy/healthy_822.jpg,no_usada,0,822,0.43736863
4110,dataset_complete/cacao_diseases/cacao_photos/healthy/healthy_823.jpg,no_usada,0,823,0.3986649
4111,dataset_complete/cacao_diseases/cacao_photos/healthy/healthy_824.jpg,no_usada,0,824,0.51846665
4112,dataset_complete/cacao_diseases/cacao_photos/healthy/healthy_825.jpg,no_usada,0,825,0.54145265
4113,dataset_complete/cacao_diseases/cacao_photos/healthy/healthy_826.jpg,no_usada,0,826,0.41688493
4114,dataset_complete/cacao_diseases/cacao_photos/healthy/healthy_827.jpg,no_usada,0,827,0.44649637
4115,dataset_complete/cacao_diseases/cacao_photos/healthy/healthy_828.jpg,no_usada,0,828,0.4803828
4116,dataset_complete/cacao_diseases/cacao_photos/healthy/healthy_829.jpg,no_usada,0,829,0.42267275
4117,dataset_complete/cacao_diseases/cacao_photos/healthy/healthy_830.jpg,no_usada,0,830,0.43059736
4118,dataset_complete/cacao_diseases/cacao_photos/healthy/healthy_831.jpg,no_usada,0,831,0.4712566
4119,dataset_complete/cacao_diseases/cacao_photos/healthy/healthy_832.jpg,no_usada,0,832,0.43246263
4120,dataset_complete/cacao_diseases/cacao_photos/healthy/healthy_833.jpg,no_usada,0,833,0.44685355
4121,dataset_complete/cacao_diseases/cacao_photos/healthy/healthy_834.jpg,no_usada,0,834,0.47440866
4122,dataset_complete/cacao_diseases/cacao_photos/healthy/healthy_835.jpg,no_usada,0,835,0.43489224
4123,dataset_complete/cacao_diseases/cacao_photos/healthy/healthy_836.jpg,no_usada,0,836,0.44843972
4124,dataset_complete/cacao_diseases/cacao_photos/healthy/healthy_837.jpg,no_usada,0,837,0.41389304
4125,dataset_complete/cacao_diseases/cacao_photos/healthy/healthy_838.jpg,no_usada,0,838,0.43950158
4126,dataset_complete/cacao_diseases/cacao_photos/healthy/healthy_839.jpg,no_usada,0,839,0.42774734
4127,dataset_complete/cacao_diseases/cacao_photos/healthy/healthy_840.jpg,no_usada,0,840,0.48072827
4128,dataset_complete/cacao_diseases/cacao_photos/healthy/healthy_841.jpg,no_usada,0,841,0.5440198
4129,dataset_complete/cacao_diseases/cacao_photos/healthy/healthy_842.jpg,no_usada,0,842,0.52489096
4130,dataset_complete/cacao_diseases/cacao_photos/healthy/healthy_843.jpg,no_usada,0,843,0.37363034
4131,dataset_complete/cacao_diseases/cacao_photos/healthy/healthy_844.jpg,no_usada,0,844,0.4891334
4132,dataset_complete/cacao_diseases/cacao_photos/healthy/healthy_845.jpg,no_usada,0,845,0.40208197
4133,dataset_complete/cacao_diseases/cacao_photos/healthy/healthy_846.jpg,no_usada,0,846,0.38905087
4134,dataset_complete/cacao_diseases/cacao_photos/healthy/healthy_847.jpg,no_usada,0,847,0.5427037
4135,dataset_complete/cacao_diseases/cacao_photos/healthy/healthy_848.jpg,no_usada,0,848,0.40530008
4136,dataset_complete/cacao_diseases/cacao_photos/healthy/healthy_849.jpg,no_usada,0,849,0.36353093
4137,dataset_complete/cacao_diseases/cacao_photos/healthy/healthy_850.jpg,no_usada,0,850,0.50023305
4138,dataset_complete/cacao_diseases/cacao_photos/healthy/healthy_851.jpg,no_usada,0,851,0.35292163
4139,dataset_complete/cacao_diseases/cacao_photos/healthy/healthy_852.jpg,no_usada,0,852,0.45015323
4140,dataset_complete/cacao_diseases/cacao_photos/healthy/healthy_853.jpg,no_usada,0,853,0.44724846
4141,dataset_complete/cacao_diseases/cacao_photos/healthy/healthy_854.jpg,no_usada,0,854,0.4149478
4142,dataset_complete/cacao_diseases/cacao_photos/healthy/healthy_855.jpg,no_usada,0,855,0.40135077
4143,dataset_complete/cacao_diseases/cacao_photos/healthy/healthy_856.jpg,no_usada,0,856,0.46826085
4144,dataset_complete/cacao_diseases/cacao_photos/healthy/healthy_857.jpg,no_usada,0,857,0.53201723
4145,dataset_complete/cacao_diseases/cacao_photos/healthy/healthy_858.jpg,no_usada,0,858,0.43022913
4146,dataset_complete/cacao_diseases/cacao_photos/healthy/healthy_859.jpg,no_usada,0,859,0.45134103
4147,dataset_complete/cacao_diseases/cacao_photos/healthy/healthy_860.jpg,no_usada,0,860,0.460423
4148,dataset_complete/cacao_diseases/cacao_photos/healthy/healthy_861.jpg,no_usada,0,861,0.3530811
4149,dataset_complete/cacao_diseases/cacao_photos/healthy/healthy_862.jpg,no_usada,0,862,0.46966422
4150,dataset_complete/cacao_diseases/cacao_photos/healthy/healthy_863.jpg,no_usada,0,863,0.44745305
4151,dataset_complete/cacao_diseases/cacao_photos/healthy/healthy_864.jpg,no_usada,0,864,0.43214804
4152,dataset_complete/cacao_diseases/cacao_photos/healthy/healthy_865.jpg,no_usada,0,865,0.3333584
4153,dataset_complete/cacao_diseases/cacao_photos/healthy/healthy_866.jpg,no_usada,0,866,0.36783487
4154,dataset_complete/cacao_diseases/cacao_photos/healthy/healthy_867.jpg,no_usada,0,867,0.4785925
4155,dataset_complete/cacao_diseases/cacao_photos/healthy/healthy_868.jpg,no_usada,0,868,0.3951155
4156,dataset_complete/cacao_diseases/cacao_photos/healthy/healthy_869.jpg,no_usada,0,869,0.539697
4157,dataset_complete/cacao_diseases/cacao_photos/healthy/healthy_870.jpg,no_usada,0,870,0.46509194
4158,dataset_complete/cacao_diseases/cacao_photos/healthy/healthy_871.jpg,no_usada,0,871,0.47851682
4159,dataset_complete/cacao_diseases/cacao_photos/healthy/healthy_872.jpg,no_usada,0,872,0.47728035
4160,dataset_complete/cacao_diseases/cacao_photos/healthy/healthy_873.jpg,no_usada,0,873,0.37957397
4161,dataset_complete/cacao_diseases/cacao_photos/healthy/healthy_874.jpg,no_usada,0,874,0.5386998
4162,dataset_complete/cacao_diseases/cacao_photos/healthy/healthy_875.jpg,no_usada,0,875,0.49208897
4163,dataset_complete/cacao_diseases/cacao_photos/healthy/healthy_876.jpg,no_usada,0,876,0.4865612
4164,dataset_complete/cacao_diseases/cacao_photos/healthy/healthy_877.jpg,no_usada,0,877,0.37656772
4165,dataset_complete/cacao_diseases/cacao_photos/healthy/healthy_878.jpg,no_usada,0,878,0.49291056
4166,dataset_complete/cacao_diseases/cacao_photos/healthy/healthy_879.jpg,no_usada,0,879,0.43269777
4167,dataset_complete/cacao_diseases/cacao_photos/healthy/healthy_880.jpg,no_usada,0,880,0.46561494
4168,dataset_complete/cacao_diseases/cacao_photos/healthy/healthy_881.jpg,no_usada,0,881,0.40147614
4169,dataset_complete/cacao_diseases/cacao_photos/healthy/healthy_882.jpg,no_usada,0,882,0.4343787
4170,dataset_complete/cacao_diseases/cacao_photos/healthy/healthy_883.jpg,no_usada,0,883,0.37080944
4171,dataset_complete/cacao_diseases/cacao_photos/healthy/healthy_884.jpg,no_usada,0,884,0.57256776
4172,dataset_complete/cacao_diseases/cacao_photos/healthy/healthy_885.jpg,no_usada,0,885,0.548572
4173,dataset_complete/cacao_diseases/cacao_photos/healthy/healthy_886.jpg,no_usada,0,886,0.47984153
4174,dataset_complete/cacao_diseases/cacao_photos/healthy/healthy_887.jpg,no_usada,0,887,0.51518536
4175,dataset_complete/cacao_diseases/cacao_photos/healthy/healthy_888.jpg,no_usada,0,888,0.4851709
4176,dataset_complete/cacao_diseases/cacao_photos/healthy/healthy_889.jpg,no_usada,0,889,0.45986181
4177,dataset_complete/cacao_diseases/cacao_photos/healthy/healthy_890.jpg,no_usada,0,890,0.4678499
4178,dataset_complete/cacao_diseases/cacao_photos/healthy/healthy_891.jpg,no_usada,0,891,0.52023816
4179,dataset_complete/cacao_diseases/cacao_photos/healthy/healthy_892.jpg,no_usada,0,892,0.47416356
4180,dataset_complete/cacao_diseases/cacao_photos/healthy/healthy_893.jpg,no_usada,0,893,0.5102567
4181,dataset_complete/cacao_diseases/cacao_photos/healthy/healthy_894.jpg,no_usada,0,894,0.47602177
4182,dataset_complete/cacao_diseases/cacao_photos/healthy/healthy_895.jpg,no_usada,0,895,0.52050775
4183,dataset_complete/cacao_diseases/cacao_photos/healthy/healthy_896.jpg,no_usada,0,896,0.45038682
4184,dataset_complete/cacao_diseases/cacao_photos/healthy/healthy_897.jpg,no_usada,0,897,0.5659274
4185,dataset_complete/cacao_diseases/cacao_photos/healthy/healthy_898.jpg,no_usada,0,898,0.5008244
4186,dataset_complete/cacao_diseases/cacao_photos/healthy/healthy_899.jpg,no_usada,0,899,0.4029966
4187,dataset_complete/cacao_diseases/cacao_photos/healthy/healthy_900.jpg,no_usada,0,900,0.4620263
4188,dataset_complete/cacao_diseases/cacao_photos/healthy/healthy_901.jpg,no_usada,0,901,0.535927
4189,dataset_complete/cacao_diseases/cacao_photos/healthy/healthy_902.jpg,no_usada,0,902,0.4377637
4190,dataset_complete/cacao_diseases/cacao_photos/healthy/healthy_903.jpg,no_usada,0,903,0.45390385
4191,dataset_complete/cacao_diseases/cacao_photos/healthy/healthy_904.jpg,no_usada,0,904,0.3693722
4192,dataset_complete/cacao_diseases/cacao_photos/healthy/healthy_905.jpg,no_usada,0,905,0.4322609
4193,dataset_complete/cacao_diseases/cacao_photos/healthy/healthy_906.jpg,no_usada,0,906,0.39674008
4194,dataset_complete/cacao_diseases/cacao_photos/healthy/healthy_907.jpg,no_usada,0,907,0.50046206
4195,dataset_complete/cacao_diseases/cacao_photos/healthy/healthy_908.jpg,no_usada,0,908,0.46454257
4196,dataset_complete/cacao_diseases/cacao_photos/healthy/healthy_909.jpg,no_usada,0,909,0.5026407
4197,dataset_complete/cacao_diseases/cacao_photos/healthy/healthy_910.jpg,no_usada,0,910,0.3865158
4198,dataset_complete/cacao_diseases/cacao_photos/healthy/healthy_911.jpg,no_usada,0,911,0.3863363
4199,dataset_complete/cacao_diseases/cacao_photos/healthy/healthy_912.jpg,no_usada,0,912,0.4018512
4200,dataset_complete/cacao_diseases/cacao_photos/healthy/healthy_913.jpg,no_usada,0,913,0.4851788
4201,dataset_complete/cacao_diseases/cacao_photos/healthy/healthy_914.jpg,no_usada,0,914,0.5195448
4202,dataset_complete/cacao_diseases/cacao_photos/healthy/healthy_915.jpg,no_usada,0,915,0.39225045
4203,dataset_complete/cacao_diseases/cacao_photos/healthy/healthy_916.jpg,no_usada,0,916,0.5132178
4204,dataset_complete/cacao_diseases/cacao_photos/healthy/healthy_917.jpg,no_usada,0,917,0.30113095
4205,dataset_complete/cacao_diseases/cacao_photos/healthy/healthy_918.jpg,no_usada,0,918,0.48046023
4206,dataset_complete/cacao_diseases/cacao_photos/healthy/healthy_919.jpg,no_usada,0,919,0.5272787
4207,dataset_complete/cacao_diseases/cacao_photos/healthy/healthy_920.jpg,no_usada,0,920,0.5001959
4208,dataset_complete/cacao_diseases/cacao_photos/healthy/healthy_921.jpg,no_usada,0,921,0.40529007
4209,dataset_complete/cacao_diseases/cacao_photos/healthy/healthy_922.jpg,no_usada,0,922,0.44450006
4210,dataset_complete/cacao_diseases/cacao_photos/healthy/healthy_923.jpg,no_usada,0,923,0.46103868
4211,dataset_complete/cacao_diseases/cacao_photos/healthy/healthy_924.jpg,no_usada,0,924,0.5302276
4212,dataset_complete/cacao_diseases/cacao_photos/healthy/healthy_925.jpg,no_usada,0,925,0.49240482
4213,dataset_complete/cacao_diseases/cacao_photos/healthy/healthy_926.jpg,no_usada,0,926,0.45256734
4214,dataset_complete/cacao_diseases/cacao_photos/healthy/healthy_927.jpg,no_usada,0,927,0.32398278
4215,dataset_complete/cacao_diseases/cacao_photos/healthy/healthy_928.jpg,no_usada,0,928,0.44769135
4216,dataset_complete/cacao_diseases/cacao_photos/healthy/healthy_929.jpg,no_usada,0,929,0.44725543
4217,dataset_complete/cacao_diseases/cacao_photos/healthy/healthy_930.jpg,no_usada,0,930,0.5454981
4218,dataset_complete/cacao_diseases/cacao_photos/healthy/healthy_931.jpg,no_usada,0,931,0.5158943
4219,dataset_complete/cacao_diseases/cacao_photos/healthy/healthy_932.jpg,no_usada,0,932,0.3907023
4220,dataset_complete/cacao_diseases/cacao_photos/healthy/healthy_933.jpg,no_usada,0,933,0.5136285
4221,dataset_complete/cacao_diseases/cacao_photos/healthy/healthy_934.jpg,no_usada,0,934,0.37650767
4222,dataset_complete/cacao_diseases/cacao_photos/healthy/healthy_935.jpg,no_usada,0,935,0.37793988
4223,dataset_complete/cacao_diseases/cacao_photos/healthy/healthy_936.jpg,no_usada,0,936,0.46521285
4224,dataset_complete/cacao_diseases/cacao_photos/healthy/healthy_937.jpg,no_usada,0,937,0.36904633
4225,dataset_complete/cacao_diseases/cacao_photos/healthy/healthy_938.jpg,no_usada,0,938,0.45735872
4226,dataset_complete/cacao_diseases/cacao_photos/healthy/healthy_939.jpg,no_usada,0,939,0.3903953
4227,dataset_complete/cacao_diseases/cacao_photos/healthy/healthy_940.jpg,no_usada,0,940,0.6160783
4228,dataset_complete/cacao_diseases/cacao_photos/healthy/healthy_941.jpg,no_usada,0,941,0.408467
4229,dataset_complete/cacao_diseases/cacao_photos/healthy/healthy_942.jpg,no_usada,0,942,0.38111305
4230,dataset_complete/cacao_diseases/cacao_photos/healthy/healthy_943.jpg,no_usada,0,943,0.4214688
4231,dataset_complete/cacao_diseases/cacao_photos/healthy/healthy_944.jpg,no_usada,0,944,0.49439973
4232,dataset_complete/cacao_diseases/cacao_photos/healthy/healthy_945.jpg,no_usada,0,945,0.47869948
4233,dataset_complete/cacao_diseases/cacao_photos/healthy/healthy_946.jpg,no_usada,0,946,0.41094732
4234,dataset_complete/cacao_diseases/cacao_photos/healthy/healthy_947.jpg,no_usada,0,947,0.3661641
4235,dataset_complete/cacao_diseases/cacao_photos/healthy/healthy_948.jpg,no_usada,0,948,0.5001544
4236,dataset_complete/cacao_diseases/cacao_photos/healthy/healthy_949.jpg,no_usada,0,949,0.57798976
4237,dataset_complete/cacao_diseases/cacao_photos/healthy/healthy_950.jpg,no_usada,0,950,0.46122837
4238,dataset_complete/cacao_diseases/cacao_photos/healthy/healthy_951.jpg,no_usada,0,951,0.52544534
4239,dataset_complete/cacao_diseases/cacao_photos/healthy/healthy_952.jpg,no_usada,0,952,0.45244896
4240,dataset_complete/cacao_diseases/cacao_photos/healthy/healthy_953.jpg,no_usada,0,953,0.5822146
4241,dataset_complete/cacao_diseases/cacao_photos/healthy/healthy_954.jpg,no_usada,0,954,0.4499605
4242,dataset_complete/cacao_diseases/cacao_photos/healthy/healthy_955.jpg,no_usada,0,955,0.55331385
4243,dataset_complete/cacao_diseases/cacao_photos/healthy/healthy_956.jpg,no_usada,0,956,0.5950829
4244,dataset_complete/cacao_diseases/cacao_photos/healthy/healthy_957.jpg,no_usada,0,957,0.3747915
4245,dataset_complete/cacao_diseases/cacao_photos/healthy/healthy_958.jpg,no_usada,0,958,0.38228935
4246,dataset_complete/cacao_diseases/cacao_photos/healthy/healthy_959.jpg,no_usada,0,959,0.4544704
4247,dataset_complete/cacao_diseases/cacao_photos/healthy/healthy_960.jpg,no_usada,0,960,0.50571793
4248,dataset_complete/cacao_diseases/cacao_photos/healthy/healthy_961.jpg,no_usada,0,961,0.5594328
4249,dataset_complete/cacao_diseases/cacao_photos/healthy/healthy_962.jpg,no_usada,0,962,0.51644945
4250,dataset_complete/cacao_diseases/cacao_photos/healthy/healthy_963.jpg,no_usada,0,963,0.53045285
4251,dataset_complete/cacao_diseases/cacao_photos/healthy/healthy_964.jpg,no_usada,0,964,0.550749
4252,dataset_complete/cacao_diseases/cacao_photos/healthy/healthy_965.jpg,no_usada,0,965,0.5265269
4253,dataset_complete/cacao_diseases/cacao_photos/healthy/healthy_966.jpg,no_usada,0,966,0.473932
4254,dataset_complete/cacao_diseases/cacao_photos/healthy/healthy_967.jpg,no_usada,0,967,0.5289893
4255,dataset_complete/cacao_diseases/cacao_photos/healthy/healthy_968.jpg,no_usada,0,968,0.41140747
4256,dataset_complete/cacao_diseases/cacao_photos/healthy/healthy_969.jpg,no_usada,0,969,0.37616962
4257,dataset_complete/cacao_diseases/cacao_photos/healthy/healthy_970.jpg,no_usada,0,970,0.5009892
4258,dataset_complete/cacao_diseases/cacao_photos/healthy/healthy_971.jpg,no_usada,0,971,0.4004998
4259,dataset_complete/cacao_diseases/cacao_photos/healthy/healthy_972.jpg,no_usada,0,972,0.4034115
4260,dataset_complete/cacao_diseases/cacao_photos/healthy/healthy_973.jpg,no_usada,0,973,0.4463155
4261,dataset_complete/cacao_diseases/cacao_photos/healthy/healthy_974.jpg,no_usada,0,974,0.42653534
4262,dataset_complete/cacao_diseases/cacao_photos/healthy/healthy_975.jpg,no_usada,0,975,0.36811477
4263,dataset_complete/cacao_diseases/cacao_photos/healthy/healthy_976.jpg,no_usada,0,976,0.47739434
4264,dataset_complete/cacao_diseases/cacao_photos/healthy/healthy_977.jpg,no_usada,0,977,0.50409955
4265,dataset_complete/cacao_diseases/cacao_photos/healthy/healthy_978.jpg,no_usada,0,978,0.3744369
4266,dataset_complete/cacao_diseases/cacao_photos/healthy/healthy_979.jpg,no_usada,0,979,0.48977944
4267,dataset_complete/cacao_diseases/cacao_photos/healthy/healthy_980.jpg,no_usada,0,980,0.39137483
4268,dataset_complete/cacao_diseases/cacao_photos/healthy/healthy_981.jpg,no_usada,0,981,0.39958572
4269,dataset_complete/cacao_diseases/cacao_photos/healthy/healthy_982.jpg,no_usada,0,982,0.33957124
4270,dataset_complete/cacao_diseases/cacao_photos/healthy/healthy_983.jpg,no_usada,0,983,0.47176814
4271,dataset_complete/cacao_diseases/cacao_photos/healthy/healthy_984.jpg,no_usada,0,984,0.46900487
4272,dataset_complete/cacao_diseases/cacao_photos/healthy/healthy_985.jpg,no_usada,0,985,0.39027184
4273,dataset_complete/cacao_diseases/cacao_photos/healthy/healthy_986.jpg,no_usada,0,986,0.5339602
4274,dataset_complete/cacao_diseases/cacao_photos/healthy/healthy_987.jpg,no_usada,0,987,0.46948755
4275,dataset_complete/cacao_diseases/cacao_photos/healthy/healthy_988.jpg,no_usada,0,988,0.44327304
4276,dataset_complete/cacao_diseases/cacao_photos/healthy/healthy_989.jpg,no_usada,0,989,0.4210281
4277,dataset_complete/cacao_diseases/cacao_photos/healthy/healthy_990.jpg,no_usada,0,990,0.3899154
4278,dataset_complete/cacao_diseases/cacao_photos/healthy/healthy_991.jpg,no_usada,0,991,0.4508779
4279,dataset_complete/cacao_diseases/cacao_photos/healthy/healthy_992.jpg,no_usada,0,992,0.5366832
4280,dataset_complete/cacao_diseases/cacao_photos/healthy/healthy_993.jpg,no_usada,0,993,0.4294545
4281,dataset_complete/cacao_diseases/cacao_photos/healthy/healthy_994.jpg,no_usada,0,994,0.41835624
4282,dataset_complete/cacao_diseases/cacao_photos/healthy/healthy_995.jpg,no_usada,0,995,0.41958892
4283,dataset_complete/cacao_diseases/cacao_photos/healthy/healthy_996.jpg,no_usada,0,996,0.39940748
4284,dataset_complete/cacao_diseases/cacao_photos/healthy/healthy_997.jpg,no_usada,0,997,0.52122396
4285,dataset_complete/cacao_diseases/cacao_photos/healthy/healthy_998.jpg,no_usada,0,998,0.46687552
4286,dataset_complete/cacao_diseases/cacao_photos/healthy/healthy_999.jpg,no_usada,0,999,0.4435731
