id,image_path,label,md5,phash,cache_path,fuente,conjunto,carpeta,num
0,dataT/healthy/healthy_1.jpg,0,ed029bfa42c87c8e67911080ae9901f2,b7e0456f60d8e919,cache_256/dataT/healthy/healthy_1.png,A,principal,sana,1
1,dataT/healthy/healthy_10.jpg,0,73a9fcc003b3dc438138db8ced1918da,db80c56e0c0e2f7d,cache_256/dataT/healthy/healthy_10.png,A,principal,sana,10
2,dataT/healthy/healthy_100.jpg,0,0fe50610137b32fc2c6eec1eeb6ef972,c36c8d6d94365ce2,cache_256/dataT/healthy/healthy_100.png,A,principal,sana,100
3,dataT/healthy/healthy_1009.jpg,0,8ff98e9fe5725d2c17b3086c94067f6d,cdcc3ca1019ff398,cache_256/dataT/healthy/healthy_1009.png,B,principal,sana,1009
4,dataT/healthy/healthy_101.jpg,0,312333a48ae8d67682fefafc6aac74c9,8491833faba7f6a0,cache_256/dataT/healthy/healthy_101.png,A,principal,sana,101
5,dataT/healthy/healthy_1010.jpg,0,314972232b89f3d071e7504c8631b5a1,c7bcc3c63d879205,cache_256/dataT/healthy/healthy_1010.png,B,principal,sana,1010
6,dataT/healthy/healthy_1011.jpg,0,4434b67c5b93bba4ad4982d8387b486c,c6a4c99749dbca19,cache_256/dataT/healthy/healthy_1011.png,B,principal,sana,1011
7,dataT/healthy/healthy_1012.jpg,0,0601cb7cfe72a74d7f4cc914b132f14b,d2f2f962e1c286c6,cache_256/dataT/healthy/healthy_1012.png,B,principal,sana,1012
8,dataT/healthy/healthy_1013.jpg,0,b62ba84180e19f9242ac85dea70ce9c4,c603386b3e343ef4,cache_256/dataT/healthy/healthy_1013.png,B,principal,sana,1013
9,dataT/healthy/healthy_1014.jpg,0,ae0a5a5288e4067afac56c7c0eb68c98,e32dc3062cbe79c1,cache_256/dataT/healthy/healthy_1014.png,A,principal,sana,1014
10,dataT/healthy/healthy_1015.jpg,0,b8aa3457f0d9710b322a72c06f047f41,d6c9b9f063e10c99,cache_256/dataT/healthy/healthy_1015.png,B,principal,sana,1015
11,dataT/healthy/healthy_1016.jpg,0,2f91755a2c1f107f266d5d7c8e465626,cc3639237e40bfd0,cache_256/dataT/healthy/healthy_1016.png,B,principal,sana,1016
12,dataT/healthy/healthy_1017.jpg,0,b3a60dc51fdf1ce8a720e8feebedcac4,ec3b4f3ca40f03b1,cache_256/dataT/healthy/healthy_1017.png,B,principal,sana,1017
13,dataT/healthy/healthy_1018.jpg,0,1040ec024078f3e8e9764e819038a2c6,de64316b399bac18,cache_256/dataT/healthy/healthy_1018.png,B,principal,sana,1018
14,dataT/healthy/healthy_1019.jpg,0,ef19b2aecb862900120f16d75eb96e2f,d8be7633990c88b9,cache_256/dataT/healthy/healthy_1019.png,B,principal,sana,1019
15,dataT/healthy/healthy_102.jpg,0,fd61c55ab1e4092cd94f1205d9e3d5a4,f31a1a033aeb6b0d,cache_256/dataT/healthy/healthy_102.png,A,principal,sana,102
16,dataT/healthy/healthy_1020.jpg,0,a02411fafb8fc4f5e3b7651e11239455,cccae460f45a383f,cache_256/dataT/healthy/healthy_1020.png,B,principal,sana,1020
17,dataT/healthy/healthy_1021.jpg,0,bace1be31d791ab33c0e4e89535331ee,d9c966364b98b4e1,cache_256/dataT/healthy/healthy_1021.png,B,principal,sana,1021
18,dataT/healthy/healthy_1022.jpg,0,b919f53862af596f8e79096c633f7ce9,9c131b4354e2fd17,cache_256/dataT/healthy/healthy_1022.png,B,principal,sana,1022
19,dataT/healthy/healthy_1023.jpg,0,5bdf27f08292d14c0c24c1d741f8e498,9bc666b81c1935f1,cache_256/dataT/healthy/healthy_1023.png,B,principal,sana,1023
20,dataT/healthy/healthy_1024.jpg,0,baf028e8ffb19df6b58f318765a5bed1,dcf408222b29b7b7,cache_256/dataT/healthy/healthy_1024.png,B,principal,sana,1024
21,dataT/healthy/healthy_1025.jpg,0,d60a20bbdc20649ea4938850ebe6c201,9e986121b366a74f,cache_256/dataT/healthy/healthy_1025.png,A,principal,sana,1025
22,dataT/healthy/healthy_1026.jpg,0,05c9ade49c91d57e966dc71695e746eb,a7e3cd246196b5b0,cache_256/dataT/healthy/healthy_1026.png,B,principal,sana,1026
23,dataT/healthy/healthy_1027.jpg,0,ef449471d3bace3875afafae780b801b,9528583ee2636677,cache_256/dataT/healthy/healthy_1027.png,B,principal,sana,1027
24,dataT/healthy/healthy_1028.jpg,0,dc89b53fc1870fe13daf226f8044ae77,e3852debb11c32c5,cache_256/dataT/healthy/healthy_1028.png,B,principal,sana,1028
25,dataT/healthy/healthy_1029.jpg,0,c6fdc52bd0f5515d99be3a9b9bf5eb98,dae091134e5e6c4f,cache_256/dataT/healthy/healthy_1029.png,B,principal,sana,1029
26,dataT/healthy/healthy_103.jpg,0,6b7980da0a0a14b560addb086ef24d92,f2788f610da705b5,cache_256/dataT/healthy/healthy_103.png,A,principal,sana,103
27,dataT/healthy/healthy_1030.jpg,0,3b2c37c2fdec2f9e1e7bd5ce18ca4268,e03c08737fc3aac9,cache_256/dataT/healthy/healthy_1030.png,B,principal,sana,1030
28,dataT/healthy/healthy_1031.jpg,0,dd61b3d81dc7efb33b764dfd46209ac8,ce3d6063264dfd88,cache_256/dataT/healthy/healthy_1031.png,B,principal,sana,1031
29,dataT/healthy/healthy_1032.jpg,0,3b8e3cc5301844f6c3830a997b173028,c86699b1e618aee3,cache_256/dataT/healthy/healthy_1032.png,B,principal,sana,1032
30,dataT/healthy/healthy_1033.jpg,0,f3db8c426a99f172c6f282f1bc560eac,996e881f765ba511,cache_256/dataT/healthy/healthy_1033.png,B,principal,sana,1033
31,dataT/healthy/healthy_1034.jpg,0,70920bc6aad4aacc4a996b92ca0f8a83,cccb2645327cb2d5,cache_256/dataT/healthy/healthy_1034.png,B,principal,sana,1034
32,dataT/healthy/healthy_1035.jpg,0,3277a41ea1cd6e547a8b6d1359ed129f,99e26e3b2f1d32c0,cache_256/dataT/healthy/healthy_1035.png,B,principal,sana,1035
33,dataT/healthy/healthy_1036.jpg,0,178741b5b318f29eee7214d2fdfef6e5,d9626399cc01f62f,cache_256/dataT/healthy/healthy_1036.png,A,principal,sana,1036
34,dataT/healthy/healthy_1037.jpg,0,76c1d418b9b011a2f1052d76fccfdccc,eba634dab89826cc,cache_256/dataT/healthy/healthy_1037.png,B,principal,sana,1037
35,dataT/healthy/healthy_1038.jpg,0,d120a705f19481d23885452abb97f1bc,c9c73b3711b4139c,cache_256/dataT/healthy/healthy_1038.png,B,principal,sana,1038
36,dataT/healthy/healthy_1039.jpg,0,bdbab27fc2f2bb6affa771476d3826f6,ca3328e5e34c0f9b,cache_256/dataT/healthy/healthy_1039.png,B,principal,sana,1039
37,dataT/healthy/healthy_104.jpg,0,8ee07ce1d11ef9dc372daec85ceac746,b498e02b2d9793b5,cache_256/dataT/healthy/healthy_104.png,A,principal,sana,104
38,dataT/healthy/healthy_1040.jpg,0,065a8d52b4b44146c5c8791fe11ba9db,9992929dfd9c9415,cache_256/dataT/healthy/healthy_1040.png,B,principal,sana,1040
39,dataT/healthy/healthy_1041.jpg,0,33c1bfecf309947a61b7d7ce4bbcaa84,8d3b4a62b719e0ad,cache_256/dataT/healthy/healthy_1041.png,B,principal,sana,1041
40,dataT/healthy/healthy_1042.jpg,0,ca675a2a520e75ee280fa5e9e82fbade,89f7368c7ab5a051,cache_256/dataT/healthy/healthy_1042.png,B,principal,sana,1042
41,dataT/healthy/healthy_1043.jpg,0,12878845e10a2627a3fe362ef440b3c3,ce4e39f82080fd8f,cache_256/dataT/healthy/healthy_1043.png,B,principal,sana,1043
42,dataT/healthy/healthy_1044.jpg,0,056e73435568e5e2b613b8a7f6295f0e,8e28b9a3356529dd,cache_256/dataT/healthy/healthy_1044.png,B,principal,sana,1044
43,dataT/healthy/healthy_1045.jpg,0,b3134cbbb87839edc7d2501f3f32b5f1,e2663512293d6cbe,cache_256/dataT/healthy/healthy_1045.png,B,principal,sana,1045
44,dataT/healthy/healthy_1046.jpg,0,0697fb5e0286849c7e662c276e82d9f3,88fbf8e95326a02e,cache_256/dataT/healthy/healthy_1046.png,B,principal,sana,1046
45,dataT/healthy/healthy_1047.jpg,0,dc40afe2d9507552b8cca425988bc347,b47ac51229b5396e,cache_256/dataT/healthy/healthy_1047.png,A,principal,sana,1047
46,dataT/healthy/healthy_1048.jpg,0,6ba95006eb9f9f4d7979a6ac59f3ad5b,9fb01911f04676de,cache_256/dataT/healthy/healthy_1048.png,B,principal,sana,1048
47,dataT/healthy/healthy_1049.jpg,0,619b42fd33b869540938bf64e308fdc8,d7ef0e36f0c10319,cache_256/dataT/healthy/healthy_1049.png,B,principal,sana,1049
48,dataT/healthy/healthy_105.jpg,0,7223d6dcebc73bf0de1405f9d311f21e,b41fb9f013a296aa,cache_256/dataT/healthy/healthy_105.png,A,principal,sana,105
49,dataT/healthy/healthy_1050.jpg,0,372a5a58b5d0c4f0b276ecdec3c04f26,d0ec3c32f073323e,cache_256/dataT/healthy/healthy_1050.png,B,principal,sana,1050
50,dataT/healthy/healthy_1051.jpg,0,b475f51ef62603290053ef74c2dc3f39,ccd672233bc9e80d,cache_256/dataT/healthy/healthy_1051.png,B,principal,sana,1051
51,dataT/healthy/healthy_1052.jpg,0,bdf5aae3fa364a734b50e2a8774b1e51,98b211fb73812bf1,cache_256/dataT/healthy/healthy_1052.png,B,principal,sana,1052
52,dataT/healthy/healthy_1053.jpg,0,1ea5f9a4d0f9ea64b5520d95ecb8b0af,cd8288afdd508d97,cache_256/dataT/healthy/healthy_1053.png,B,principal,sana,1053
53,dataT/healthy/healthy_1054.jpg,0,65deeb6a024cfa1f14080ae8aa22193b,ccedb43854c6c0ee,cache_256/dataT/healthy/healthy_1054.png,B,principal,sana,1054
54,dataT/healthy/healthy_1055.jpg,0,37d3eb6c6480eb716340e5a977cc7c76,cce067dce27b160a,cache_256/dataT/healthy/healthy_1055.png,B,principal,sana,1055
55,dataT/healthy/healthy_1056.jpg,0,78796f3469260ae707e36fbdbe9a8ae1,8d4ab1367363746a,cache_256/dataT/healthy/healthy_1056.png,B,principal,sana,1056
56,dataT/healthy/healthy_1057.jpg,0,d5486ff9fc9b1859f54638df050fc4ec,c222e5d832db3997,cache_256/dataT/healthy/healthy_1057.png,B,principal,sana,1057
57,dataT/healthy/healthy_1058.jpg,0,41b84746480baafa4e77bece7bfeedc7,f34cceb14c7a98a1,cache_256/dataT/healthy/healthy_1058.png,A,principal,sana,1058
58,dataT/healthy/healthy_1059.jpg,0,efe7c651ece7a7ff42c9efe6483745b4,9639d927a99255c9,cache_256/dataT/healthy/healthy_1059.png,B,principal,sana,1059
59,dataT/healthy/healthy_106.jpg,0,d551ea94ea49d230684a111a094defa9,e6c8be86045ee0f6,cache_256/dataT/healthy/healthy_106.png,A,principal,sana,106
60,dataT/healthy/healthy_1060.jpg,0,f7ba9acf08de387be186608a0c135fe9,ceb1230639ccb4e7,cache_256/dataT/healthy/healthy_1060.png,B,principal,sana,1060
61,dataT/healthy/healthy_1061.jpg,0,0de013aa57fc513528adfe9ffb2ec105,db893c60e182bf96,cache_256/dataT/healthy/healthy_1061.png,B,principal,sana,1061
62,dataT/healthy/healthy_1062.jpg,0,324989120042c8bd21a1ca416104d451,c5e2f0677a0c8d8d,cache_256/dataT/healthy/healthy_1062.png,B,principal,sana,1062
63,dataT/healthy/healthy_1063.jpg,0,498eebd006282c2c3f803d3226dab084,93a4d07a767c324b,cache_256/dataT/healthy/healthy_1063.png,B,principal,sana,1063
64,dataT/healthy/healthy_1064.jpg,0,2c63d7025fdc2531f7e63622fec119e0,94cbc5607234cd9f,cache_256/dataT/healthy/healthy_1064.png,B,principal,sana,1064
65,dataT/healthy/healthy_1065.jpg,0,b1e651e88dfb3a1349fe3d2f4017210b,902e39f467e604fc,cache_256/dataT/healthy/healthy_1065.png,B,principal,sana,1065
66,dataT/healthy/healthy_1066.jpg,0,b691b8bf1a4c3949ae5fb170194fed7c,99d962b3d05a9999,cache_256/dataT/healthy/healthy_1066.png,B,principal,sana,1066
67,dataT/healthy/healthy_1067.jpg,0,56890c28b13b917fe9476b26e7b1ffc6,cc734abbef402233,cache_256/dataT/healthy/healthy_1067.png,B,principal,sana,1067
68,dataT/healthy/healthy_1068.jpg,0,ec1ea3da992fd293f2ddcde84090188e,c99b4466a238d377,cache_256/dataT/healthy/healthy_1068.png,B,principal,sana,1068
69,dataT/healthy/healthy_1069.jpg,0,6752669b6cb40760b3ee734ea5a26c69,bf2f5a2405655963,cache_256/dataT/healthy/healthy_1069.png,A,principal,sana,1069
70,dataT/healthy/healthy_107.jpg,0,e623b4d59eb4d1b4e0743280c6a2f3f2,96e8b10697acc9ad,cache_256/dataT/healthy/healthy_107.png,A,principal,sana,107
71,dataT/healthy/healthy_1070.jpg,0,1cc1a46ad34f5b1d361ee8fee0c7e12a,db40b553e3083acf,cache_256/dataT/healthy/healthy_1070.png,B,principal,sana,1070
72,dataT/healthy/healthy_1071.jpg,0,ee02686db6259d933a38f3a111cab0dd,915ea3d46af14ea2,cache_256/dataT/healthy/healthy_1071.png,B,principal,sana,1071
73,dataT/healthy/healthy_1072.jpg,0,c3ae2b6d39253ed048ca11070a137824,c39c36f143770d49,cache_256/dataT/healthy/healthy_1072.png,B,principal,sana,1072
74,dataT/healthy/healthy_1073.jpg,0,62d508c425d5dae732bcc0bd3a418eec,d861bc69f68f01d4,cache_256/dataT/healthy/healthy_1073.png,B,principal,sana,1073
75,dataT/healthy/healthy_1074.jpg,0,ae81b4ac642dc85ff0d66bf031716171,cf3b9cc31c656168,cache_256/dataT/healthy/healthy_1074.png,B,principal,sana,1074
76,dataT/healthy/healthy_1075.jpg,0,6274dd9850fff1f8c75509314c5c3fb6,8fe72c303034baeb,cache_256/dataT/healthy/healthy_1075.png,B,principal,sana,1075
77,dataT/healthy/healthy_1076.jpg,0,2e1c37ee2e54d69142ffefa7369e87c3,9a47b3e3b35108dc,cache_256/dataT/healthy/healthy_1076.png,B,principal,sana,1076
78,dataT/healthy/healthy_1077.jpg,0,573cdbbd3c3ec6100c62e0c894e40f59,a5fd5e26c183c84d,cache_256/dataT/healthy/healthy_1077.png,B,principal,sana,1077
79,dataT/healthy/healthy_1078.jpg,0,f35ba510e8a7bf4c64003f97898c8e05,dcdef842421636b5,cache_256/dataT/healthy/healthy_1078.png,B,principal,sana,1078
80,dataT/healthy/healthy_1079.jpg,0,2dfa08d043ee3b516b91b36125771701,9d6cb661b599a4b0,cache_256/dataT/healthy/healthy_1079.png,B,principal,sana,1079
81,dataT/healthy/healthy_108.jpg,0,00ed577fd1f6cf2118e1f6cd97812ad4,ca3d687cf0e0370b,cache_256/dataT/healthy/healthy_108.png,A,principal,sana,108
82,dataT/healthy/healthy_1080.jpg,0,99f2f1deaa32b8425138ecac21201be1,a74906235df3f0c3,cache_256/dataT/healthy/healthy_1080.png,A,principal,sana,1080
83,dataT/healthy/healthy_1081.jpg,0,990ef8ac8dcd73547dfcaa7fc2d2e94e,cb65cd6e701a3919,cache_256/dataT/healthy/healthy_1081.png,B,principal,sana,1081
84,dataT/healthy/healthy_1082.jpg,0,71ce1cca8c87baa440a1b974c92a945a,c5f884c9af6199f0,cache_256/dataT/healthy/healthy_1082.png,B,principal,sana,1082
85,dataT/healthy/healthy_1083.jpg,0,c09773f6d4ebf008368dfef7183db40e,9773087e39a43e31,cache_256/dataT/healthy/healthy_1083.png,B,principal,sana,1083
86,dataT/healthy/healthy_1084.jpg,0,bffb512dab35094be214fa95dd98e27d,b8ec766a62cac991,cache_256/dataT/healthy/healthy_1084.png,B,principal,sana,1084
87,dataT/healthy/healthy_1085.jpg,0,02d4955adc5b40276bf3a805f073a6d6,9f80239f86cb06bd,cache_256/dataT/healthy/healthy_1085.png,B,principal,sana,1085
88,dataT/healthy/healthy_1086.jpg,0,59b94989e32f97f49f97623b917db05a,9db6494073b3b11b,cache_256/dataT/healthy/healthy_1086.png,B,principal,sana,1086
89,dataT/healthy/healthy_1087.jpg,0,f9b1b63f3d6b54151be330f68f7a83f9,d9ad26e2cb1ac8d2,cache_256/dataT/healthy/healthy_1087.png,B,principal,sana,1087
90,dataT/healthy/healthy_1088.jpg,0,ba46a9f40c6087435be348675071038f,9cf13723698c6b1c,cache_256/dataT/healthy/healthy_1088.png,B,principal,sana,1088
91,dataT/healthy/healthy_1089.jpg,0,781945557ac1a2b59ecbe4a1ded17fd8,d3ec25762661a517,cache_256/dataT/healthy/healthy_1089.png,B,principal,sana,1089
92,dataT/healthy/healthy_1090.jpg,0,834a32eded20366c9baf8e8a3f9c0a59,9a6856b4a32bb5e8,cache_256/dataT/healthy/healthy_1090.png,B,principal,sana,1090
93,dataT/healthy/healthy_1091.jpg,0,9f960bdbff00619a621af07ddcdc957b,ae481a606376b47f,cache_256/dataT/healthy/healthy_1091.png,A,principal,sana,1091
94,dataT/healthy/healthy_11.jpg,0,abd3ac31ac1b51de9f2ffd4ab9c4bc45,f34908aa3da55575,cache_256/dataT/healthy/healthy_11.png,A,principal,sana,11
95,dataT/healthy/healthy_1140.jpg,0,2310b82964d86f832274416bef6c3b21,cd69547e6aa22696,cache_256/dataT/healthy/healthy_1140.png,B,principal,sana,1140
96,dataT/healthy/healthy_1141.jpg,0,8c2f7f8256f9c1fdad9622109ca04b3b,cb4ca0f2ed2aa1cb,cache_256/dataT/healthy/healthy_1141.png,B,principal,sana,1141
97,dataT/healthy/healthy_1142.jpg,0,ff2b9a1eeba62f2a7687f022e7d26d46,d2945d4babc35703,cache_256/dataT/healthy/healthy_1142.png,B,principal,sana,1142
98,dataT/healthy/healthy_1143.jpg,0,788a3642274a262c49beadcc1839dcbc,dc9e139585c494de,cache_256/dataT/healthy/healthy_1143.png,B,principal,sana,1143
99,dataT/healthy/healthy_1144.jpg,0,4ea162594ab9b399eacffe5dd5526064,d0b929b2339a5ccd,cache_256/dataT/healthy/healthy_1144.png,B,principal,sana,1144
100,dataT/healthy/healthy_1145.jpg,0,b93ae3939a7e60397e7e88e5094c09b3,b99873f324ca6c2c,cache_256/dataT/healthy/healthy_1145.png,B,principal,sana,1145
101,dataT/healthy/healthy_1146.jpg,0,8d908537829d205e8cd78234b43f86a2,9936e82903e1eafc,cache_256/dataT/healthy/healthy_1146.png,B,principal,sana,1146
102,dataT/healthy/healthy_1147.jpg,0,db9490c1164e8ea8a58e9eae1bbb2502,d2e42934b0b2bece,cache_256/dataT/healthy/healthy_1147.png,B,principal,sana,1147
103,dataT/healthy/healthy_1148.jpg,0,39415ac8400fec41e1a968aba122b692,adc14b22133ed3cb,cache_256/dataT/healthy/healthy_1148.png,A,principal,sana,1148
104,dataT/healthy/healthy_1149.jpg,0,f1123cfd75cf627141a6d7b9b943d29f,ef31e96153c3426c,cache_256/dataT/healthy/healthy_1149.png,B,principal,sana,1149
105,dataT/healthy/healthy_1150.jpg,0,6e3e111029d86cc81fa1efa68be1f5c4,e5e5841586f37c1a,cache_256/dataT/healthy/healthy_1150.png,B,principal,sana,1150
106,dataT/healthy/healthy_1151.jpg,0,1d6c156856cbcfb45f03a9d8e9d93712,9cb666699996806f,cache_256/dataT/healthy/healthy_1151.png,B,principal,sana,1151
107,dataT/healthy/healthy_1152.jpg,0,35bbc59f034f5b8fdbfbc4dcc11a49b4,dbe4661a4cd864b6,cache_256/dataT/healthy/healthy_1152.png,B,principal,sana,1152
108,dataT/healthy/healthy_1153.jpg,0,db9a3a3b978f0128578c92ef50b17c28,a74c5c71b03d28fa,cache_256/dataT/healthy/healthy_1153.png,B,principal,sana,1153
109,dataT/healthy/healthy_1154.jpg,0,0145efc9d8be02e66fed6c83c78eea66,dc933c797c70e4a0,cache_256/dataT/healthy/healthy_1154.png,B,principal,sana,1154
110,dataT/healthy/healthy_1155.jpg,0,2e43e4d8d03ef2018b0c59b12869a122,9e9c8230b87eed4c,cache_256/dataT/healthy/healthy_1155.png,B,principal,sana,1155
111,dataT/healthy/healthy_1156.jpg,0,18e0ebbcd25c2bf081daa35920c5b774,96093836b3f399a9,cache_256/dataT/healthy/healthy_1156.png,B,principal,sana,1156
112,dataT/healthy/healthy_1157.jpg,0,6ec8a034c86161595860327573440bab,f96f07669e492518,cache_256/dataT/healthy/healthy_1157.png,B,principal,sana,1157
113,dataT/healthy/healthy_1158.jpg,0,0cf17811253f47e543b1ab29d675be8d,dcdc9d66f381c520,cache_256/dataT/healthy/healthy_1158.png,B,principal,sana,1158
114,dataT/healthy/healthy_1159.jpg,0,321c5a524315f7a755e925dc2daa005b,cee0a0233a237f5e,cache_256/dataT/healthy/healthy_1159.png,A,principal,sana,1159
115,dataT/healthy/healthy_1160.jpg,0,4b4054f8d2a6025520142e475f9afb9c,cecc177841b9471d,cache_256/dataT/healthy/healthy_1160.png,B,principal,sana,1160
116,dataT/healthy/healthy_1161.jpg,0,4c9d79bd47e2d191574ce0fc61ae30c0,dc639366a158fa16,cache_256/dataT/healthy/healthy_1161.png,B,principal,sana,1161
117,dataT/healthy/healthy_1162.jpg,0,08b2f213b2638e7087e7f0896c4670c1,9c6961366b9aa58d,cache_256/dataT/healthy/healthy_1162.png,B,principal,sana,1162
118,dataT/healthy/healthy_1163.jpg,0,3d1ab2a59f417ef50f7d646fdeb5a833,d227192cc3cb5d1b,cache_256/dataT/healthy/healthy_1163.png,B,principal,sana,1163
119,dataT/healthy/healthy_1164.jpg,0,e78606a171e437cd42dacf68af649aec,cfec1a73c3183c89,cache_256/dataT/healthy/healthy_1164.png,B,principal,sana,1164
120,dataT/healthy/healthy_1165.jpg,0,326cdd2627dc0861fe267612e95e0a43,db6f8dc8f04d3601,cache_256/dataT/healthy/healthy_1165.png,B,principal,sana,1165
121,dataT/healthy/healthy_1166.jpg,0,d3dec813fe28e4d6f6b7906fa1bfd332,f049d8a4a17e31f5,cache_256/dataT/healthy/healthy_1166.png,B,principal,sana,1166
122,dataT/healthy/healthy_1167.jpg,0,149d8e439067a0dca57e9aa8e825f3c6,c3c7313826ce24fb,cache_256/dataT/healthy/healthy_1167.png,B,principal,sana,1167
123,dataT/healthy/healthy_1168.jpg,0,84273e1b8fa44a64bad07e13472eba3d,cc25b38e548b37c9,cache_256/dataT/healthy/healthy_1168.png,B,principal,sana,1168
124,dataT/healthy/healthy_1169.jpg,0,3f66f8644ca2bf54bfc343d0364fb399,8c8c73a3bd494b3c,cache_256/dataT/healthy/healthy_1169.png,B,principal,sana,1169
125,dataT/healthy/healthy_1170.jpg,0,9ce27c9d43543243d5ccf60c52663359,bf78d1b3ea209648,cache_256/dataT/healthy/healthy_1170.png,A,principal,sana,1170
126,dataT/healthy/healthy_1171.jpg,0,50a9347a79da30347884f8afec1c3112,deb24832230f3f2e,cache_256/dataT/healthy/healthy_1171.png,B,principal,sana,1171
127,dataT/healthy/healthy_1172.jpg,0,698c6f2ccc922935adea4ba69483dd41,ca7d98c3907f23a2,cache_256/dataT/healthy/healthy_1172.png,B,principal,sana,1172
128,dataT/healthy/healthy_1173.jpg,0,387f536d28f989a88782b445213a7fbe,9b032de42ce663e9,cache_256/dataT/healthy/healthy_1173.png,B,principal,sana,1173
129,dataT/healthy/healthy_1174.jpg,0,a507ee9a81e1303f7f0d2dfa4fafbc03,a38dc5774b7a5250,cache_256/dataT/healthy/healthy_1174.png,B,principal,sana,1174
130,dataT/healthy/healthy_1175.jpg,0,cf2d530027fbde69a905f372b2ce70e0,937658a0e1ba7671,cache_256/dataT/healthy/healthy_1175.png,B,principal,sana,1175
131,dataT/healthy/healthy_1176.jpg,0,6e079ec6b8530d94f1cfaa57825a820c,a1a51f4a4ee9e01f,cache_256/dataT/healthy/healthy_1176.png,B,principal,sana,1176
132,dataT/healthy/healthy_1177.jpg,0,fea92da48a7b22b7dc0c9c41dd628282,f1620ced321b3679,cache_256/dataT/healthy/healthy_1177.png,B,principal,sana,1177
133,dataT/healthy/healthy_1178.jpg,0,36bdf93eccbe93c8469a77d9fa799407,f1b583910399fc78,cache_256/dataT/healthy/healthy_1178.png,B,principal,sana,1178
134,dataT/healthy/healthy_1179.jpg,0,1f483f8423f14cbbf685db6d167bc787,dac1083674776d74,cache_256/dataT/healthy/healthy_1179.png,B,principal,sana,1179
135,dataT/healthy/healthy_1180.jpg,0,1a052384e045a6ba6d4eed2e42658251,dce65921a7949a69,cache_256/dataT/healthy/healthy_1180.png,B,principal,sana,1180
136,dataT/healthy/healthy_1181.jpg,0,5fa9caf061fe667f1a09ef0fee21805b,ced89b3b93d2101e,cache_256/dataT/healthy/healthy_1181.png,A,principal,sana,1181
137,dataT/healthy/healthy_1182.jpg,0,5db1754b860a269b45a69bcd5b175bf7,c731313b12c7b69c,cache_256/dataT/healthy/healthy_1182.png,B,principal,sana,1182
138,dataT/healthy/healthy_1183.jpg,0,43491703583ee8afc89ad5cc24b7df35,e687602562d686fe,cache_256/dataT/healthy/healthy_1183.png,B,principal,sana,1183
139,dataT/healthy/healthy_1184.jpg,0,82ea2a299f531b5d6e175a05c30561bb,e3864e6d664d9592,cache_256/dataT/healthy/healthy_1184.png,B,principal,sana,1184
140,dataT/healthy/healthy_1185.jpg,0,68a2085c10a2895a1cdff9fb03ff3934,ae211cb263bbe2c3,cache_256/dataT/healthy/healthy_1185.png,B,principal,sana,1185
141,dataT/healthy/healthy_1186.jpg,0,afc35d46404552764794dea29a47262c,cdb5a41216d21fd3,cache_256/dataT/healthy/healthy_1186.png,B,principal,sana,1186
142,dataT/healthy/healthy_1187.jpg,0,9c56c815081954375d36cb46dc343ac1,8de4b86eba859358,cache_256/dataT/healthy/healthy_1187.png,B,principal,sana,1187
143,dataT/healthy/healthy_1188.jpg,0,7182a0e7fec9bb5702135d89739b2ae9,db1c1e21b15ab33a,cache_256/dataT/healthy/healthy_1188.png,B,principal,sana,1188
144,dataT/healthy/healthy_1189.jpg,0,6b920587bb79d8749095b91dd0490d95,abac7020f17de392,cache_256/dataT/healthy/healthy_1189.png,B,principal,sana,1189
145,dataT/healthy/healthy_1190.jpg,0,293efc669fa3a36a3db6d39c59b2ed1a,d3e79b4c2e0f4305,cache_256/dataT/healthy/healthy_1190.png,B,principal,sana,1190
146,dataT/healthy/healthy_1191.jpg,0,9cad75b467752c8622a4942327b67a28,9cc48deaab68a5a5,cache_256/dataT/healthy/healthy_1191.png,B,principal,sana,1191
147,dataT/healthy/healthy_1192.jpg,0,2b4955b12a5231867840c8103984e247,b7fb7938406240e7,cache_256/dataT/healthy/healthy_1192.png,A,principal,sana,1192
148,dataT/healthy/healthy_1193.jpg,0,e8d80a609c827ac7c95c3e8e4c73240e,99ea6130f4bc9d0d,cache_256/dataT/healthy/healthy_1193.png,B,principal,sana,1193
149,dataT/healthy/healthy_1194.jpg,0,daa75bbb74b594dd753ceb95f951301c,a45958277d69c2cb,cache_256/dataT/healthy/healthy_1194.png,B,principal,sana,1194
150,dataT/healthy/healthy_1195.jpg,0,6c92d58eecad1f6b8f545720fb0e8221,89aceda23391b54b,cache_256/dataT/healthy/healthy_1195.png,B,principal,sana,1195
151,dataT/healthy/healthy_1196.jpg,0,080323439c6b3b7bc889a2916e342751,dcd3c3e400f8ba5a,cache_256/dataT/healthy/healthy_1196.png,B,principal,sana,1196
152,dataT/healthy/healthy_1197.jpg,0,f3427f00717783e762150d78ff2184a5,ddf9e5e696850888,cache_256/dataT/healthy/healthy_1197.png,B,principal,sana,1197
153,dataT/healthy/healthy_1198.jpg,0,a9f16a9cb53293307d91ddc23edab22b,dc620db07cced668,cache_256/dataT/healthy/healthy_1198.png,B,principal,sana,1198
154,dataT/healthy/healthy_1199.jpg,0,1eeecac1b4e1988e5adfef89c8e0c308,c4e1e039376db3e0,cache_256/dataT/healthy/healthy_1199.png,B,principal,sana,1199
155,dataT/healthy/healthy_12.jpg,0,34aa9e61917af2ee8cfc1b8afdcaa280,b2fbf1282126a6b6,cache_256/dataT/healthy/healthy_12.png,A,principal,sana,12
156,dataT/healthy/healthy_1200.jpg,0,31b34c3dd8fcc0641f67c1b66ec8a446,ccb1f5b390e56c88,cache_256/dataT/healthy/healthy_1200.png,B,principal,sana,1200
157,dataT/healthy/healthy_1201.jpg,0,b5ac30724e3586df4bbd09b5e887ad3a,cca659486b23acbe,cache_256/dataT/healthy/healthy_1201.png,B,principal,sana,1201
158,dataT/healthy/healthy_1202.jpg,0,a188d2da6da3230194e674ca25ebcc72,ccc73431738d27cc,cache_256/dataT/healthy/healthy_1202.png,B,principal,sana,1202
159,dataT/healthy/healthy_1203.jpg,0,9070b347b25d5c92a48fe6d60bc8e2f6,b10f5c65352379b2,cache_256/dataT/healthy/healthy_1203.png,A,principal,sana,1203
160,dataT/healthy/healthy_1204.jpg,0,94049c66b20464b66a6960a23033048a,c618690eb36c97b6,cache_256/dataT/healthy/healthy_1204.png,B,principal,sana,1204
161,dataT/healthy/healthy_1205.jpg,0,f0095e45ee9e193369890acdaed7baf1,cc3e0526a783c7f4,cache_256/dataT/healthy/healthy_1205.png,B,principal,sana,1205
162,dataT/healthy/healthy_1206.jpg,0,d6ed5b7743924976856d39dcd48873cf,99d35d660e89a69c,cache_256/dataT/healthy/healthy_1206.png,B,principal,sana,1206
163,dataT/healthy/healthy_1207.jpg,0,7c5594414cccf571ad805a2413fdbc5a,c8c291563f57252f,cache_256/dataT/healthy/healthy_1207.png,B,principal,sana,1207
164,dataT/healthy/healthy_1208.jpg,0,8bae3238e7a5bb77b38a21811187def7,b66c17732601bcd6,cache_256/dataT/healthy/healthy_1208.png,B,principal,sana,1208
165,dataT/healthy/healthy_1209.jpg,0,b9859bf152d52120c43f23b040e6d3a1,daedf022221237f9,cache_256/dataT/healthy/healthy_1209.png,B,principal,sana,1209
166,dataT/healthy/healthy_1210.jpg,0,211ce6fc1ac59ed64cf8510beeb70d29,991c763784df08d5,cache_256/dataT/healthy/healthy_1210.png,B,principal,sana,1210
167,dataT/healthy/healthy_1211.jpg,0,1a7871de6fdac0befce6f1aac893f359,9b643662b8e1d2d3,cache_256/dataT/healthy/healthy_1211.png,B,principal,sana,1211
168,dataT/healthy/healthy_1212.jpg,0,c6f63fce9403ec6b5338055ebec5b695,c9b822616726bef2,cache_256/dataT/healthy/healthy_1212.png,B,principal,sana,1212
169,dataT/healthy/healthy_1213.jpg,0,1ef0d6e538b3cb7fae1c78af5c6809a8,8bbebe9340a34d2c,cache_256/dataT/healthy/healthy_1213.png,B,principal,sana,1213
170,dataT/healthy/healthy_1214.jpg,0,d5f62aeb70bd23b4c98cc1216cdf22f3,9339e866ac7485ad,cache_256/dataT/healthy/healthy_1214.png,A,principal,sana,1214
171,dataT/healthy/healthy_1215.jpg,0,9c1dd425b3bf05b9fb83f2e1b2b4b12d,98f060b2e69c36dd,cache_256/dataT/healthy/healthy_1215.png,B,principal,sana,1215
172,dataT/healthy/healthy_1216.jpg,0,1914fb2e38a6e22e5fc953237a334668,c7b19d2e682ea742,cache_256/dataT/healthy/healthy_1216.png,B,principal,sana,1216
173,dataT/healthy/healthy_1217.jpg,0,635d8f05acf8cd3aabdd05717d4263fc,aa65adaa256a6a4d,cache_256/dataT/healthy/healthy_1217.png,B,principal,sana,1217
174,dataT/healthy/healthy_1218.jpg,0,1b4e33e5c6c42199a474cafb16d2367a,cc0931636b769799,cache_256/dataT/healthy/healthy_1218.png,B,principal,sana,1218
175,dataT/healthy/healthy_1219.jpg,0,2cfe8d8e9f31897f5c256ddf7afd5b86,9c953024a36f4b7d,cache_256/dataT/healthy/healthy_1219.png,B,principal,sana,1219
176,dataT/healthy/healthy_1220.jpg,0,f7c164f79018e1e51b452c509fc8a9df,cc1fc0f7a396498a,cache_256/dataT/healthy/healthy_1220.png,B,principal,sana,1220
177,dataT/healthy/healthy_1221.jpg,0,f5ea3e24ff8783dfd4804b45b8e1e2c0,8443b31ebc5e4b35,cache_256/dataT/healthy/healthy_1221.png,B,principal,sana,1221
178,dataT/healthy/healthy_1222.jpg,0,26c5cc9cfcfb311be2923f64e9ad87eb,eae572e58594383a,cache_256/dataT/healthy/healthy_1222.png,B,principal,sana,1222
179,dataT/healthy/healthy_1223.jpg,0,ec07d48fbf3b39e309a9104cf39ddb8e,99e464a2f6c9788d,cache_256/dataT/healthy/healthy_1223.png,B,principal,sana,1223
180,dataT/healthy/healthy_1224.jpg,0,07a7d4fa0b906c44767e8628a674fec5,99b36664c4e2a2af,cache_256/dataT/healthy/healthy_1224.png,B,principal,sana,1224
181,dataT/healthy/healthy_1225.jpg,0,739692d010d4c3893d2c4ff4bddd5d50,dbc75916283b50f1,cache_256/dataT/healthy/healthy_1225.png,A,principal,sana,1225
182,dataT/healthy/healthy_1226.jpg,0,3f37e161e9b0376dc8ecac347c957447,828baf36960ac97e,cache_256/dataT/healthy/healthy_1226.png,A,principal,sana,1226
183,dataT/healthy/healthy_1227.jpg,0,236c0871b314d06d7a2c3f15110bdaf5,999734202ed1a7ed,cache_256/dataT/healthy/healthy_1227.png,B,principal,sana,1227
184,dataT/healthy/healthy_1228.jpg,0,d503357bc5316973037c22871a5a4f40,baec16ab6793068a,cache_256/dataT/healthy/healthy_1228.png,B,principal,sana,1228
185,dataT/healthy/healthy_1229.jpg,0,8b3c8cadac1dce41968b08666895c92a,cfb5b83233928b8c,cache_256/dataT/healthy/healthy_1229.png,B,principal,sana,1229
186,dataT/healthy/healthy_1230.jpg,0,e74ae9c716e97796f1cf2a9672aae801,89cb6836a3889fce,cache_256/dataT/healthy/healthy_1230.png,B,principal,sana,1230
187,dataT/healthy/healthy_1231.jpg,0,d3723b42cdd4247d8f925f32b2d6feee,a6fd6460e54d1a9a,cache_256/dataT/healthy/healthy_1231.png,B,principal,sana,1231
188,dataT/healthy/healthy_1232.jpg,0,6639323dfd425379256f4bbc081f5db2,de97981393834dcc,cache_256/dataT/healthy/healthy_1232.png,B,principal,sana,1232
189,dataT/healthy/healthy_1233.jpg,0,e461ca0c32aa6798eaa58d5adeeff634,865f09c6a75726b4,cache_256/dataT/healthy/healthy_1233.png,B,principal,sana,1233
190,dataT/healthy/healthy_1234.jpg,0,b66cbb021cfc73c354f43fed1a2f6d5c,9cef43327352a685,cache_256/dataT/healthy/healthy_1234.png,B,principal,sana,1234
191,dataT/healthy/healthy_1235.jpg,0,33a761c9074689bf1aa89ff76d458dcd,d637917262c4664f,cache_256/dataT/healthy/healthy_1235.png,B,principal,sana,1235
192,dataT/healthy/healthy_1236.jpg,0,7d43c2a4ddf580168db23142d3afd647,d905279986c972d7,cache_256/dataT/healthy/healthy_1236.png,B,principal,sana,1236
193,dataT/healthy/healthy_1237.jpg,0,2d07c5fbad02147a25c19915175ab94a,ba6b2d274e9ee082,cache_256/dataT/healthy/healthy_1237.png,A,principal,sana,1237
194,dataT/healthy/healthy_1238.jpg,0,66b26664325b26eb1908a1d30d1230e8,b2c53367206e6667,cache_256/dataT/healthy/healthy_1238.png,B,principal,sana,1238
195,dataT/healthy/healthy_1239.jpg,0,b414a105679fec9ccae26a6f5f0a6f67,dc3531e78f9c80f0,cache_256/dataT/healthy/healthy_1239.png,B,principal,sana,1239
196,dataT/healthy/healthy_1240.jpg,0,b0fdefa8b8ba65e48b46013af20074df,8ea631cc279bae13,cache_256/dataT/healthy/healthy_1240.png,B,principal,sana,1240
197,dataT/healthy/healthy_1241.jpg,0,3a232e3b280b9cd2a90c5d381c060030,cc2b72cc317556d8,cache_256/dataT/healthy/healthy_1241.png,B,principal,sana,1241
198,dataT/healthy/healthy_1242.jpg,0,5db3a0f184a6b369f2eb6c9a20b784fd,8ca6a6b6383b4be1,cache_256/dataT/healthy/healthy_1242.png,B,principal,sana,1242
199,dataT/healthy/healthy_1243.jpg,0,6d9cfd13b437e2596fd577367cb9c1bb,cda3363313b3d191,cache_256/dataT/healthy/healthy_1243.png,B,principal,sana,1243
200,dataT/healthy/healthy_1244.jpg,0,df220302dcae191b766178c4603cb915,c6e5e34369f39418,cache_256/dataT/healthy/healthy_1244.png,B,principal,sana,1244
201,dataT/healthy/healthy_1245.jpg,0,037b08c50fd065e7c0ccf507ec97b163,9c3672634ac9cb99,cache_256/dataT/healthy/healthy_1245.png,B,principal,sana,1245
202,dataT/healthy/healthy_1246.jpg,0,0184c8ea804c88a85604d975cd8e858c,dc0d253241abe3d7,cache_256/dataT/healthy/healthy_1246.png,B,principal,sana,1246
203,dataT/healthy/healthy_1247.jpg,0,3e16d28c3d138d85037a847fb091882f,d6b25423296c73d5,cache_256/dataT/healthy/healthy_1247.png,B,principal,sana,1247
204,dataT/healthy/healthy_1248.jpg,0,8e3debba17d044d1f0556bc9fcd86ff8,f214bbf2b018e58e,cache_256/dataT/healthy/healthy_1248.png,A,principal,sana,1248
205,dataT/healthy/healthy_1249.jpg,0,3e5a84bbe85cbc5bf90630673d30678b,d3ad381677d23641,cache_256/dataT/healthy/healthy_1249.png,B,principal,sana,1249
206,dataT/healthy/healthy_1250.jpg,0,b7b96214e0f5c75daacef0edf8998cb3,cfe45c42e3273744,cache_256/dataT/healthy/healthy_1250.png,B,principal,sana,1250
207,dataT/healthy/healthy_1251.jpg,0,c3156343d989c4344e8fd6b71b571cb9,ebcc9c691456dac4,cache_256/dataT/healthy/healthy_1251.png,B,principal,sana,1251
208,dataT/healthy/healthy_1252.jpg,0,6b06ef1d53e8e4012c61010dadea1547,ceb15263f4291957,cache_256/dataT/healthy/healthy_1252.png,B,principal,sana,1252
209,dataT/healthy/healthy_1253.jpg,0,8a33e9276409d3c18e18b933c56f6323,f97c1824351595db,cache_256/dataT/healthy/healthy_1253.png,B,principal,sana,1253
210,dataT/healthy/healthy_1254.jpg,0,039cf2f6ec98dc161a0d3f6dfe52f4e3,894e5c74d2d0d2eb,cache_256/dataT/healthy/healthy_1254.png,B,principal,sana,1254
211,dataT/healthy/healthy_1255.jpg,0,271ae22921b1bdf7c894ae04c370e4e9,cbe3143a395551f8,cache_256/dataT/healthy/healthy_1255.png,B,principal,sana,1255
212,dataT/healthy/healthy_1256.jpg,0,33b7360b3b8c3129d4d874dcca3cc694,8dc7336bb4850cb5,cache_256/dataT/healthy/healthy_1256.png,B,principal,sana,1256
213,dataT/healthy/healthy_1257.jpg,0,71cb44b10cac2dfe943f79d006aeb2b8,d9ec75270222f5e1,cache_256/dataT/healthy/healthy_1257.png,B,principal,sana,1257
214,dataT/healthy/healthy_1258.jpg,0,36f9f6e546b231ef0ed87a46bc68d8ce,cce6486232b1f1f9,cache_256/dataT/healthy/healthy_1258.png,B,principal,sana,1258
215,dataT/healthy/healthy_1259.jpg,0,0031f4f65b7c5e1de3fbff4c11cfaa59,c6b0b0f339e234c7,cache_256/dataT/healthy/healthy_1259.png,A,principal,sana,1259
216,dataT/healthy/healthy_1260.jpg,0,0bb35e3eebe5c6462c5188c3506324c3,cd89f3569c8d0723,cache_256/dataT/healthy/healthy_1260.png,B,principal,sana,1260
217,dataT/healthy/healthy_1261.jpg,0,a2fb4e073415328c9673b6f4b5e412b3,cef8b82b278b8788,cache_256/dataT/healthy/healthy_1261.png,B,principal,sana,1261
218,dataT/healthy/healthy_1262.jpg,0,50a6688bef41113ce091c8c417143dc7,924821b71e59edcd,cache_256/dataT/healthy/healthy_1262.png,B,principal,sana,1262
219,dataT/healthy/healthy_1263.jpg,0,3f42584292ef58bff86d1e7c4ff4bbbb,d6954963a1b0f93c,cache_256/dataT/healthy/healthy_1263.png,B,principal,sana,1263
220,dataT/healthy/healthy_1264.jpg,0,5503dbcf62f2dcfa2f49ecd9b2c3b49e,d1e44a03b5317adb,cache_256/dataT/healthy/healthy_1264.png,B,principal,sana,1264
221,dataT/healthy/healthy_1265.jpg,0,eea69a1ced92e9144e28dccbac902b62,e3e938343c1c9e9a,cache_256/dataT/healthy/healthy_1265.png,B,principal,sana,1265
222,dataT/healthy/healthy_1266.jpg,0,34535be27c5a829b212640c8bd7efc10,e3f2e0e2a70ea4ac,cache_256/dataT/healthy/healthy_1266.png,B,principal,sana,1266
223,dataT/healthy/healthy_1267.jpg,0,26cb8b2778d7c3763b0e610a1b118f9d,cae22f7b30123c9b,cache_256/dataT/healthy/healthy_1267.png,B,principal,sana,1267
224,dataT/healthy/healthy_1268.jpg,0,cbc5810ab563dfdf18444f616436a655,ede13937528a0dca,cache_256/dataT/healthy/healthy_1268.png,B,principal,sana,1268
225,dataT/healthy/healthy_1269.jpg,0,543a973c8b705c3c9edb5724b64af57c,cc83676560e1f11f,cache_256/dataT/healthy/healthy_1269.png,B,principal,sana,1269
226,dataT/healthy/healthy_1270.jpg,0,19532a70d3bee8081d4a78894c189725,a623956227e3e3c3,cache_256/dataT/healthy/healthy_1270.png,A,principal,sana,1270
227,dataT/healthy/healthy_1271.jpg,0,f7f2de59a220c36de0a213744c7d1234,9cb6247e565559c8,cache_256/dataT/healthy/healthy_1271.png,B,principal,sana,1271
228,dataT/healthy/healthy_1272.jpg,0,3d47f27101890d286e6fe7fcf41db532,9dbc7232c2b4cd4c,cache_256/dataT/healthy/healthy_1272.png,B,principal,sana,1272
229,dataT/healthy/healthy_13.jpg,0,b182621c581109184a89f15adede9361,f2e50c347472721f,cache_256/dataT/healthy/healthy_13.png,A,principal,sana,13
230,dataT/healthy/healthy_14.jpg,0,840e78b6b9382b15be188e4b750b3600,ba78d861b662a31d,cache_256/dataT/healthy/healthy_14.png,A,principal,sana,14
231,dataT/healthy/healthy_1404.jpg,0,7c0d5fdca7b416cab01290c8462517fa,97b91c07a3c869ea,cache_256/dataT/healthy/healthy_1404.png,A,principal,sana,1404
232,dataT/healthy/healthy_1405.jpg,0,7d8d5758a8cafd03ec43eb7041570c6e,d927e66676d98822,cache_256/dataT/healthy/healthy_1405.png,A,principal,sana,1405
233,dataT/healthy/healthy_1406.jpg,0,90eb4e67cae2451f28497614c450ac27,8c4c3137db6bcc89,cache_256/dataT/healthy/healthy_1406.png,A,principal,sana,1406
234,dataT/healthy/healthy_1407.jpg,0,7710086a51539c74f1d8b50c9db70f09,eb693c2a42b75f01,cache_256/dataT/healthy/healthy_1407.png,A,principal,sana,1407
235,dataT/healthy/healthy_1408.jpg,0,a7077bdecfe2b557f8ee67efd2b55fba,f8782e42c41d732f,cache_256/dataT/healthy/healthy_1408.png,A,principal,sana,1408
236,dataT/healthy/healthy_1409.jpg,0,a4a0e5c2941f57cf6b0d50655b90bb15,daea19126fbc9704,cache_256/dataT/healthy/healthy_1409.png,A,principal,sana,1409
237,dataT/healthy/healthy_1410.jpg,0,80668513fe1e2b599e893d47d7e03792,f8e8062f2b1b515e,cache_256/dataT/healthy/healthy_1410.png,A,principal,sana,1410
238,dataT/healthy/healthy_1411.jpg,0,b788f9483bb73eca6f79e80fafb7f6c7,ce99a46722e672b4,cache_256/dataT/healthy/healthy_1411.png,A,principal,sana,1411
239,dataT/healthy/healthy_1412.jpg,0,26875d3afaad383a3c5f817dab5a4327,c840a777b341f8cd,cache_256/dataT/healthy/healthy_1412.png,A,principal,sana,1412
240,dataT/healthy/healthy_1413.jpg,0,4a5d9e2d1b5ac978ce3f1a86b68b35b8,c8d91646d28dcbbc,cache_256/dataT/healthy/healthy_1413.png,A,principal,sana,1413
241,dataT/healthy/healthy_1414.jpg,0,acf6053506013bc74066743b5639c767,f66c19b7975248c8,cache_256/dataT/healthy/healthy_1414.png,A,principal,sana,1414
242,dataT/healthy/healthy_1415.jpg,0,c1f134839a5204e5a7824f0b5bf80c86,cc610237b589afae,cache_256/dataT/healthy/healthy_1415.png,A,principal,sana,1415
243,dataT/healthy/healthy_1416.jpg,0,d5b7d7e91e737b38d41cba87ab1aca36,b8ccc33329e305fc,cache_256/dataT/healthy/healthy_1416.png,A,principal,sana,1416
244,dataT/healthy/healthy_1417.jpg,0,3f187900561a4d4f2fc3318936819f73,9e1c1c7721e827b9,cache_256/dataT/healthy/healthy_1417.png,A,principal,sana,1417
245,dataT/healthy/healthy_1418.jpg,0,85f94413701570660856d249a60640f5,e51637e349c131d9,cache_256/dataT/healthy/healthy_1418.png,A,principal,sana,1418
246,dataT/healthy/healthy_1419.jpg,0,8d96237aedc42ce61a2337620edaa2a6,b07147e37389c64e,cache_256/dataT/healthy/healthy_1419.png,A,principal,sana,1419
247,dataT/healthy/healthy_1420.jpg,0,43e7e5ce6ae042a09d6b61cb718ae924,dcbe313332206bab,cache_256/dataT/healthy/healthy_1420.png,A,principal,sana,1420
248,dataT/healthy/healthy_1421.jpg,0,5ff9399f26f443594b883b2aa5a4bec2,cdb43d85f31886c3,cache_256/dataT/healthy/healthy_1421.png,A,principal,sana,1421
249,dataT/healthy/healthy_1422.jpg,0,2ff547949d6976ab3dda457a280521f0,98b10d6bfa5231b6,cache_256/dataT/healthy/healthy_1422.png,A,principal,sana,1422
250,dataT/healthy/healthy_1423.jpg,0,226fcb261c51c0dca7e444acbbbbd0c4,dd5a33a525a2cad8,cache_256/dataT/healthy/healthy_1423.png,A,principal,sana,1423
251,dataT/healthy/healthy_1424.jpg,0,7e454d994c8f3779c654f676e40fb7f4,dd1a334e9ad4b960,cache_256/dataT/healthy/healthy_1424.png,A,principal,sana,1424
252,dataT/healthy/healthy_1425.jpg,0,b16c8d232c7b93502f36f68ab23d82ba,dc9032723763eb92,cache_256/dataT/healthy/healthy_1425.png,A,principal,sana,1425
253,dataT/healthy/healthy_1426.jpg,0,1cf1c2247bd00d3cff473daf5b642a33,cc3cf063a44aef49,cache_256/dataT/healthy/healthy_1426.png,A,principal,sana,1426
254,dataT/healthy/healthy_1427.jpg,0,3dd9280b12f323e53291f152c65621de,c9401c1f35ab375b,cache_256/dataT/healthy/healthy_1427.png,A,principal,sana,1427
255,dataT/healthy/healthy_1428.jpg,0,9b9bfce1001ec7d31063453edc4b8b95,dc2f253613457794,cache_256/dataT/healthy/healthy_1428.png,A,principal,sana,1428
256,dataT/healthy/healthy_1429.jpg,0,601ee7517f318cd48534b2a0bbf71c97,ae0c4cf9f0336363,cache_256/dataT/healthy/healthy_1429.png,A,principal,sana,1429
257,dataT/healthy/healthy_1430.jpg,0,47cf864b2080d86bed05d12688634268,a6c65b6c297d033c,cache_256/dataT/healthy/healthy_1430.png,A,principal,sana,1430
258,dataT/healthy/healthy_1431.jpg,0,2b56778319db35578f2861962e09fb77,8f0eafa42c7c2732,cache_256/dataT/healthy/healthy_1431.png,A,principal,sana,1431
259,dataT/healthy/healthy_1432.jpg,0,cb7e61f75047bd0f9dec6f45fa9376d3,c934b613ab31732e,cache_256/dataT/healthy/healthy_1432.png,A,principal,sana,1432
260,dataT/healthy/healthy_1433.jpg,0,d30c781c7f46a0d662936e293168a8d7,cbe670e6e3c60d0c,cache_256/dataT/healthy/healthy_1433.png,A,principal,sana,1433
261,dataT/healthy/healthy_1434.jpg,0,19bcfd965ec1a8c07cac4eb8cf69e8d5,d3390e7bb0777102,cache_256/dataT/healthy/healthy_1434.png,A,principal,sana,1434
262,dataT/healthy/healthy_1435.jpg,0,fa34b34ff97b1db57f9b9b55b5c67333,d3698ce40a77e343,cache_256/dataT/healthy/healthy_1435.png,A,principal,sana,1435
263,dataT/healthy/healthy_1436.jpg,0,38ac61bbab8c1b34e94e8b1d679ce67d,c8c7333ef033c287,cache_256/dataT/healthy/healthy_1436.png,A,principal,sana,1436
264,dataT/healthy/healthy_1437.jpg,0,82860abb61d1c0a2a135d937eca9d939,8a4d7126eacea599,cache_256/dataT/healthy/healthy_1437.png,A,principal,sana,1437
265,dataT/healthy/healthy_1438.jpg,0,70971092d9bc6828c011ebb6513c8a0e,84a55c66ab2be927,cache_256/dataT/healthy/healthy_1438.png,A,principal,sana,1438
266,dataT/healthy/healthy_1439.jpg,0,589d6ffff1be301b28602dea8a5d21bf,a4b688f471a0b65f,cache_256/dataT/healthy/healthy_1439.png,A,principal,sana,1439
267,dataT/healthy/healthy_1440.jpg,0,d0f7657b4b7fe53748bb0474ed4dd792,cdecec24123b837a,cache_256/dataT/healthy/healthy_1440.png,A,principal,sana,1440
268,dataT/healthy/healthy_1441.jpg,0,8621a6e34861e5f37b44e353011d11ec,99243a67b67cc453,cache_256/dataT/healthy/healthy_1441.png,A,principal,sana,1441
269,dataT/healthy/healthy_1442.jpg,0,9092103ba51fc7493c17f63b35c8a19d,9b664ba4a5398756,cache_256/dataT/healthy/healthy_1442.png,A,principal,sana,1442
270,dataT/healthy/healthy_1443.jpg,0,6357ec7e6b85c6dd17f553a1d82dd18b,9b6c146fe54a0a5b,cache_256/dataT/healthy/healthy_1443.png,A,principal,sana,1443
271,dataT/healthy/healthy_1445.jpg,0,66420319fd54d4f3ec61715e37db64b6,8c1eb170b73ae227,cache_256/dataT/healthy/healthy_1445.png,A,principal,sana,1445
272,dataT/healthy/healthy_1446.jpg,0,31f3c55bba63930b5be7b2cedf63e6c1,93f99d4638865ad2,cache_256/dataT/healthy/healthy_1446.png,A,principal,sana,1446
273,dataT/healthy/healthy_1447.jpg,0,e664f142104bde894bef86083202d992,a4855b538d9d1e3c,cache_256/dataT/healthy/healthy_1447.png,A,principal,sana,1447
274,dataT/healthy/healthy_1448.jpg,0,6dbb0a385c32820c9f331155a1a8a6fd,c8d9992271e535e3,cache_256/dataT/healthy/healthy_1448.png,A,principal,sana,1448
275,dataT/healthy/healthy_1449.jpg,0,b105b04aed8bcd09b04c7567b9591c0b,98a81f75c26d0fb4,cache_256/dataT/healthy/healthy_1449.png,A,principal,sana,1449
276,dataT/healthy/healthy_1450.jpg,0,5fb87b2cd4868aef6e0f8fe13969da14,db85656be435d910,cache_256/dataT/healthy/healthy_1450.png,A,principal,sana,1450
277,dataT/healthy/healthy_1451.jpg,0,c268ddc2b8faba57977a5497463a6c46,c94d363790c8ccbe,cache_256/dataT/healthy/healthy_1451.png,A,principal,sana,1451
278,dataT/healthy/healthy_1452.jpg,0,2e7da1cc3292649eedf8a9cd205abcbf,9bd930e11e5cd329,cache_256/dataT/healthy/healthy_1452.png,A,principal,sana,1452
279,dataT/healthy/healthy_1453.jpg,0,c734559c68352b6b1e42bdde883737ee,ee30d9625554a92f,cache_256/dataT/healthy/healthy_1453.png,A,principal,sana,1453
280,dataT/healthy/healthy_1454.jpg,0,fc2af7a0af9060ad0497283d914bd8a2,b3119b7290f1d2ab,cache_256/dataT/healthy/healthy_1454.png,A,principal,sana,1454
281,dataT/healthy/healthy_1455.jpg,0,a7bfd068a2c9e524f78addfaff789b1b,d0f359d3a126cb8c,cache_256/dataT/healthy/healthy_1455.png,A,principal,sana,1455
282,dataT/healthy/healthy_1456.jpg,0,4d04ffdda74796bf37ec0449b95d8e1b,d648c9b6c94b6dc8,cache_256/dataT/healthy/healthy_1456.png,A,principal,sana,1456
283,dataT/healthy/healthy_1457.jpg,0,b396b2e9a4d259f107d61538553d64f3,b1bd8123edf8003f,cache_256/dataT/healthy/healthy_1457.png,A,principal,sana,1457
284,dataT/healthy/healthy_1458.jpg,0,218c09a53e19260558646ef98227c100,dacff5ec6a066060,cache_256/dataT/healthy/healthy_1458.png,A,principal,sana,1458
285,dataT/healthy/healthy_1459.jpg,0,3f0bc4f931b7260b563566b4cffa089d,a26ce86ea2d7d41a,cache_256/dataT/healthy/healthy_1459.png,A,principal,sana,1459
286,dataT/healthy/healthy_1460.jpg,0,1ecd657729661bc0bd675cb0e853aa39,c41733507b695f1c,cache_256/dataT/healthy/healthy_1460.png,A,principal,sana,1460
287,dataT/healthy/healthy_1461.jpg,0,47c4b1831af87497aab5f521c08389b0,e2cccd67288a72da,cache_256/dataT/healthy/healthy_1461.png,A,principal,sana,1461
288,dataT/healthy/healthy_1462.jpg,0,cb7109388f1c88cc2c5c79bc365c9a1a,8cadf5626b4f1858,cache_256/dataT/healthy/healthy_1462.png,A,principal,sana,1462
289,dataT/healthy/healthy_1463.jpg,0,554e536ea8074a4eb40bbf00cc142a47,cfbe8e46e1872832,cache_256/dataT/healthy/healthy_1463.png,A,principal,sana,1463
290,dataT/healthy/healthy_1464.jpg,0,082e87967ec14bb9fc2e1d81a4b84df3,c8991fb2973eb881,cache_256/dataT/healthy/healthy_1464.png,A,principal,sana,1464
291,dataT/healthy/healthy_1465.jpg,0,b13880c5e3536dcf4af9704daa15e7bf,d9d52407639ec38e,cache_256/dataT/healthy/healthy_1465.png,A,principal,sana,1465
292,dataT/healthy/healthy_1466.jpg,0,f6895a6fdfa06e2e09c7c5eddc28abd1,dbb1eb660d296416,cache_256/dataT/healthy/healthy_1466.png,A,principal,sana,1466
293,dataT/healthy/healthy_1467.jpg,0,540c9442a154bb776300754ac081aa25,c8eaa227c9f57911,cache_256/dataT/healthy/healthy_1467.png,A,principal,sana,1467
294,dataT/healthy/healthy_1468.jpg,0,84da162eeacbfca8660c3877aaedc547,e3ba0d5b2d229359,cache_256/dataT/healthy/healthy_1468.png,A,principal,sana,1468
295,dataT/healthy/healthy_1469.jpg,0,80ab53402e26729ba5b4a299069aba6a,8639d2361b56b84f,cache_256/dataT/healthy/healthy_1469.png,A,principal,sana,1469
296,dataT/healthy/healthy_1470.jpg,0,b9ddeb0e56c325705a2be1b4ac93d12b,d2489ce2f8e6c39c,cache_256/dataT/healthy/healthy_1470.png,A,principal,sana,1470
297,dataT/healthy/healthy_1471.jpg,0,7aecd1adadca7846d2dbb6c9ce0c73fc,d63bc825dd64287c,cache_256/dataT/healthy/healthy_1471.png,A,principal,sana,1471
298,dataT/healthy/healthy_1472.jpg,0,2856bc411e21abe65bc77d1c4d4ce344,9b3d017037b6a1ad,cache_256/dataT/healthy/healthy_1472.png,A,principal,sana,1472
299,dataT/healthy/healthy_1473.jpg,0,dba0c8a2efba3b91d23c7686c44a05bb,8f23f8b66912b44b,cache_256/dataT/healthy/healthy_1473.png,A,principal,sana,1473
300,dataT/healthy/healthy_1474.jpg,0,0d6dc2ce11254ce0c8f1f197a4b21241,97dab57429823a8d,cache_256/dataT/healthy/healthy_1474.png,A,principal,sana,1474
301,dataT/healthy/healthy_1475.jpg,0,d162a5df94f370f919f6c47b7d7f0d87,a266a93572b46735,cache_256/dataT/healthy/healthy_1475.png,A,principal,sana,1475
302,dataT/healthy/healthy_1476.jpg,0,413a75caebc7fb15dac47f8f951a8301,d9a6ea3656559382,cache_256/dataT/healthy/healthy_1476.png,A,principal,sana,1476
303,dataT/healthy/healthy_1477.jpg,0,fe9bf659634cdb0c5493fef2f7c83b81,c42f70e30be007fd,cache_256/dataT/healthy/healthy_1477.png,A,principal,sana,1477
304,dataT/healthy/healthy_1478.jpg,0,b6ad1bb708f311efb5b9e2e9d10c267e,c3e0ec0236f772b2,cache_256/dataT/healthy/healthy_1478.png,A,principal,sana,1478
305,dataT/healthy/healthy_1479.jpg,0,7ef2a3a448a6b1928375d5d01940dbbc,a66b4923b59256b9,cache_256/dataT/healthy/healthy_1479.png,A,principal,sana,1479
306,dataT/healthy/healthy_1480.jpg,0,24a9e27bbdb46e639874e1da795408e3,c3e6c6363275a18d,cache_256/dataT/healthy/healthy_1480.png,A,principal,sana,1480
307,dataT/healthy/healthy_1481.jpg,0,df32de58f0468c2cdbffd5061d050c1e,e50c1d76667666c4,cache_256/dataT/healthy/healthy_1481.png,A,principal,sana,1481
308,dataT/healthy/healthy_1482.jpg,0,538c951d8cb40c6f1839c246cdfcfe5d,dce6131d0a752db2,cache_256/dataT/healthy/healthy_1482.png,A,principal,sana,1482
309,dataT/healthy/healthy_1483.jpg,0,8b7c64a3d3ca97bd74b27f5efe1f5c48,8ecee6e9ac345292,cache_256/dataT/healthy/healthy_1483.png,A,principal,sana,1483
310,dataT/healthy/healthy_1484.jpg,0,581ac61e5166c23581e63dcfc7300580,8d5b1c39f342a66c,cache_256/dataT/healthy/healthy_1484.png,A,principal,sana,1484
311,dataT/healthy/healthy_1485.jpg,0,c3d8b51438f0ad548ab5f092fb164f8c,b2c95834e1e6b3aa,cache_256/dataT/healthy/healthy_1485.png,A,principal,sana,1485
312,dataT/healthy/healthy_1486.jpg,0,8594dd30fd3079105404a3ba54be8ebf,8ac4c527b53732b3,cache_256/dataT/healthy/healthy_1486.png,A,principal,sana,1486
313,dataT/healthy/healthy_1487.jpg,0,0123b5878f824476745fa08158c27367,9675e96e430a7293,cache_256/dataT/healthy/healthy_1487.png,A,principal,sana,1487
314,dataT/healthy/healthy_1488.jpg,0,9f8639ddadbeb5da68b17ff170483861,a6f350bb215c62f8,cache_256/dataT/healthy/healthy_1488.png,A,principal,sana,1488
315,dataT/healthy/healthy_1489.jpg,0,271155b33a75568ceb7149fed7f4d0ba,9b2748ae264d6f32,cache_256/dataT/healthy/healthy_1489.png,A,principal,sana,1489
316,dataT/healthy/healthy_1490.jpg,0,03b58dc16f157969a96cb8502429fc93,fd9fcb2236415d80,cache_256/dataT/healthy/healthy_1490.png,A,principal,sana,1490
317,dataT/healthy/healthy_1491.jpg,0,40c17b01506a63b74585f5cd928b04c9,de6d057375c70cc0,cache_256/dataT/healthy/healthy_1491.png,A,principal,sana,1491
318,dataT/healthy/healthy_1492.jpg,0,be4dd97bd21b0a836b7acc00078786a2,911999af79f8a0a3,cache_256/dataT/healthy/healthy_1492.png,A,principal,sana,1492
319,dataT/healthy/healthy_1493.jpg,0,db606e32ed9c14e5ebd78b364dca2304,86b8dc63dd6a9429,cache_256/dataT/healthy/healthy_1493.png,A,principal,sana,1493
320,dataT/healthy/healthy_1494.jpg,0,76974d87a5f7cc9f0794414ac763c541,b6cba04bed041ef4,cache_256/dataT/healthy/healthy_1494.png,A,principal,sana,1494
321,dataT/healthy/healthy_1495.jpg,0,44a3a7e8eeca32b0a7738eeb9493bd56,d3b9689024f1b2f6,cache_256/dataT/healthy/healthy_1495.png,A,principal,sana,1495
322,dataT/healthy/healthy_1496.jpg,0,2e847f3be19b8a98b38f0e4b9fa9ec48,de414868c7f70cda,cache_256/dataT/healthy/healthy_1496.png,A,principal,sana,1496
323,dataT/healthy/healthy_1497.jpg,0,9ac1eaf372b5964482ff62d7fc7b6175,d9f40d1a652476b6,cache_256/dataT/healthy/healthy_1497.png,A,principal,sana,1497
324,dataT/healthy/healthy_1498.jpg,0,70a380d993a6410627633c86d07a7e3c,ccd0365fdb0d0d25,cache_256/dataT/healthy/healthy_1498.png,A,principal,sana,1498
325,dataT/healthy/healthy_1499.jpg,0,ce8889672fe7889bc6adf397851c5b53,d66c09d1336b2937,cache_256/dataT/healthy/healthy_1499.png,A,principal,sana,1499
326,dataT/healthy/healthy_15.jpg,0,2dc7484ac0df4b109a85b256de0c9cd5,c366c806ee2f3e23,cache_256/dataT/healthy/healthy_15.png,A,principal,sana,15
327,dataT/healthy/healthy_1500.jpg,0,ea94ff0e700a5fc7d3d8bc05bf168b9d,ce219c76037f706c,cache_256/dataT/healthy/healthy_1500.png,A,principal,sana,1500
328,dataT/healthy/healthy_1501.jpg,0,db26889db4520ebf423494a62cd6b7d5,da8931b107d7067b,cache_256/dataT/healthy/healthy_1501.png,A,principal,sana,1501
329,dataT/healthy/healthy_1502.jpg,0,cd2c0940eb8be8b270ba1caa0e0a9e39,b41578e63143eb8e,cache_256/dataT/healthy/healthy_1502.png,A,principal,sana,1502
330,dataT/healthy/healthy_1503.jpg,0,d835b28d27166f152f415d906fe61d1d,9991c666666c66dc,cache_256/dataT/healthy/healthy_1503.png,A,principal,sana,1503
331,dataT/healthy/healthy_1504.jpg,0,31c2c6438359b8f32a20ad2ad1288c46,d306ce0a8cc2f5ed,cache_256/dataT/healthy/healthy_1504.png,A,principal,sana,1504
332,dataT/healthy/healthy_1505.jpg,0,fe16dff5b22e81e7557ee1b2edabaf3f,93b98d3eb43662a1,cache_256/dataT/healthy/healthy_1505.png,A,principal,sana,1505
333,dataT/healthy/healthy_1506.jpg,0,1b4619bdb6661b084d74173198aa302b,d1326c6f641f6661,cache_256/dataT/healthy/healthy_1506.png,A,principal,sana,1506
334,dataT/healthy/healthy_1507.jpg,0,5751648ede76d042b24474aeab1b5afa,81928cbe0eaf653d,cache_256/dataT/healthy/healthy_1507.png,A,principal,sana,1507
335,dataT/healthy/healthy_1508.jpg,0,80ce728ef8c8517a619a5980f2f87513,a947e93330276747,cache_256/dataT/healthy/healthy_1508.png,A,principal,sana,1508
336,dataT/healthy/healthy_1509.jpg,0,42f83886597f85d07a501beb09a99573,b3db6d262365870a,cache_256/dataT/healthy/healthy_1509.png,A,principal,sana,1509
337,dataT/healthy/healthy_1510.jpg,0,ce9d514bcac5b20dd1040af014233955,8d9cac6406f6a769,cache_256/dataT/healthy/healthy_1510.png,A,principal,sana,1510
338,dataT/healthy/healthy_1511.jpg,0,3e2331cf0e314e9374ed37cb5355c1c8,c6c60c6a2b2d3bb5,cache_256/dataT/healthy/healthy_1511.png,A,principal,sana,1511
339,dataT/healthy/healthy_1512.jpg,0,288d8da0f1aa16d6d17ad89d696773dc,cecc1d46832fd583,cache_256/dataT/healthy/healthy_1512.png,A,principal,sana,1512
340,dataT/healthy/healthy_1513.jpg,0,1d20c88a002b58457ab3f989fc682ac5,acad7d3571742126,cache_256/dataT/healthy/healthy_1513.png,A,principal,sana,1513
341,dataT/healthy/healthy_1514.jpg,0,41329668d6ccd8dc55b6aaea9205c253,dc0a22f15de56d25,cache_256/dataT/healthy/healthy_1514.png,A,principal,sana,1514
342,dataT/healthy/healthy_1515.jpg,0,1caffa4880b4d05cf5594b27098aff56,cec8746726361f83,cache_256/dataT/healthy/healthy_1515.png,A,principal,sana,1515
343,dataT/healthy/healthy_1516.jpg,0,6f5282cd8fa3f8b4cdd70efb541b452d,db8a20e77e3c3033,cache_256/dataT/healthy/healthy_1516.png,A,principal,sana,1516
344,dataT/healthy/healthy_1517.jpg,0,0623c60c8ccf66f43abb167948c3db3d,d1fb3e60f4e061c2,cache_256/dataT/healthy/healthy_1517.png,A,principal,sana,1517
345,dataT/healthy/healthy_1518.jpg,0,75455cb91f1625f2b160f56909a49f6d,8e5c493770ab57a8,cache_256/dataT/healthy/healthy_1518.png,A,principal,sana,1518
346,dataT/healthy/healthy_1519.jpg,0,7d70236fe66ea84fba8a2f81c640926c,8c4ed87b311e235d,cache_256/dataT/healthy/healthy_1519.png,A,principal,sana,1519
347,dataT/healthy/healthy_1520.jpg,0,57636055ba142c4eba8a8366a0034f8a,9e9871944bb4b36a,cache_256/dataT/healthy/healthy_1520.png,A,principal,sana,1520
348,dataT/healthy/healthy_1521.jpg,0,9c33e11ff04f7a8b516e5072af2f2552,cb5b35e1d284c999,cache_256/dataT/healthy/healthy_1521.png,A,principal,sana,1521
349,dataT/healthy/healthy_1522.jpg,0,71e69207e17f6d82f3557ff91bd3e95f,c5d4067fa126de98,cache_256/dataT/healthy/healthy_1522.png,A,principal,sana,1522
350,dataT/healthy/healthy_1523.jpg,0,784e4b1e6b9701cb2a522899442bd359,dece5a724b25a0e4,cache_256/dataT/healthy/healthy_1523.png,A,principal,sana,1523
351,dataT/healthy/healthy_1524.jpg,0,7cf1853d98b2eca784a02deea5a3bd1a,e64ad4f01ebe8c0d,cache_256/dataT/healthy/healthy_1524.png,A,principal,sana,1524
352,dataT/healthy/healthy_1525.jpg,0,f94109f374b1e202d05df54d723df4c1,9b19686062e7deac,cache_256/dataT/healthy/healthy_1525.png,A,principal,sana,1525
353,dataT/healthy/healthy_1526.jpg,0,a0093e7c137be946e613fdd4d07680f3,9e1cc33a25f572c2,cache_256/dataT/healthy/healthy_1526.png,A,principal,sana,1526
354,dataT/healthy/healthy_1527.jpg,0,f0aadefb8263e644415b692d485481e3,d5461a69781f313e,cache_256/dataT/healthy/healthy_1527.png,A,principal,sana,1527
355,dataT/healthy/healthy_1528.jpg,0,6537452ded45d701e70db9a9c97ea771,93704c2367e2a63f,cache_256/dataT/healthy/healthy_1528.png,A,principal,sana,1528
356,dataT/healthy/healthy_1529.jpg,0,d0ffe33fbf4c8a256f951e6230851892,cc86243192fbf9e1,cache_256/dataT/healthy/healthy_1529.png,A,principal,sana,1529
357,dataT/healthy/healthy_1530.jpg,0,91a16b2f3b389ff29a9a93ab90f66c93,a64d69b23685b5a9,cache_256/dataT/healthy/healthy_1530.png,A,principal,sana,1530
358,dataT/healthy/healthy_1531.jpg,0,ae7a398c321ef5dffe4d207484250b66,f660692ebc1173b2,cache_256/dataT/healthy/healthy_1531.png,A,principal,sana,1531
359,dataT/healthy/healthy_1532.jpg,0,119b54088bcd401d81f4bbe379a9eea5,ab1af322f65cc438,cache_256/dataT/healthy/healthy_1532.png,A,principal,sana,1532
360,dataT/healthy/healthy_1533.jpg,0,954221b5680b7b8f3ffbeeb7691dc2a4,9964cecac68655b9,cache_256/dataT/healthy/healthy_1533.png,A,principal,sana,1533
361,dataT/healthy/healthy_1534.jpg,0,cb3a669c096509fe016c2f677aa00300,d644d17697a4e961,cache_256/dataT/healthy/healthy_1534.png,A,principal,sana,1534
362,dataT/healthy/healthy_1535.jpg,0,f87b9f7c4bf12f78615a7fd01d959846,8fe60863d6a7a10f,cache_256/dataT/healthy/healthy_1535.png,A,principal,sana,1535
363,dataT/healthy/healthy_1536.jpg,0,8c84cdacc2147bb93b23ffd62c23dfbc,b8bd80a6978a39cb,cache_256/dataT/healthy/healthy_1536.png,A,principal,sana,1536
364,dataT/healthy/healthy_1537.jpg,0,427dd73eb671ddb2cc6f010413ea83de,8cb7b5993a210b6b,cache_256/dataT/healthy/healthy_1537.png,A,principal,sana,1537
365,dataT/healthy/healthy_1538.jpg,0,62bf9ed24c7f14d9276c68ef5435b08e,8bb9a2b5e86da11a,cache_256/dataT/healthy/healthy_1538.png,A,principal,sana,1538
366,dataT/healthy/healthy_1539.jpg,0,7176f14eee58d46bcfe1e26ce9e50980,dc0e09b2f2b60f36,cache_256/dataT/healthy/healthy_1539.png,A,principal,sana,1539
367,dataT/healthy/healthy_1540.jpg,0,c6375b57ce89ddaf7a06d2cdd616958d,c2e85079bd332da3,cache_256/dataT/healthy/healthy_1540.png,A,principal,sana,1540
368,dataT/healthy/healthy_1541.jpg,0,2c4bed3f6c5407a5dc49c6033743f59f,bcb3f3616e44624a,cache_256/dataT/healthy/healthy_1541.png,A,principal,sana,1541
369,dataT/healthy/healthy_1542.jpg,0,eecade1837ed74a9be48e445c09ddad8,ecfe3df2a051a218,cache_256/dataT/healthy/healthy_1542.png,A,principal,sana,1542
370,dataT/healthy/healthy_1543.jpg,0,8ade02c31e6c997d14c0675bd992a35e,d3eaed3606711239,cache_256/dataT/healthy/healthy_1543.png,A,principal,sana,1543
371,dataT/healthy/healthy_1544.jpg,0,b85d815d8e18dde8b58faddaa024bef1,ede6a0f2531d15a1,cache_256/dataT/healthy/healthy_1544.png,A,principal,sana,1544
372,dataT/healthy/healthy_1545.jpg,0,71d277efe5754bb59ea3faa98bde20af,ea0a1c25f5736333,cache_256/dataT/healthy/healthy_1545.png,A,principal,sana,1545
373,dataT/healthy/healthy_1546.jpg,0,ae5eb17c04ae66ef8c7f9f732fedbe40,8da66d607229d3d3,cache_256/dataT/healthy/healthy_1546.png,A,principal,sana,1546
374,dataT/healthy/healthy_1547.jpg,0,8e71554649ff903c4c211f184191941e,eaeab373510d3d40,cache_256/dataT/healthy/healthy_1547.png,A,principal,sana,1547
375,dataT/healthy/healthy_1548.jpg,0,b105c870f7a62ffe9934e5866e41159d,e269a9a7170237b3,cache_256/dataT/healthy/healthy_1548.png,A,principal,sana,1548
376,dataT/healthy/healthy_1549.jpg,0,2b9661ece7e499cb002e34a0ee4cc96d,cacd993c1d8292f6,cache_256/dataT/healthy/healthy_1549.png,A,principal,sana,1549
377,dataT/healthy/healthy_1550.jpg,0,da5ab99bef5df69c99b1b0e1dde5ec26,edc49373725204ed,cache_256/dataT/healthy/healthy_1550.png,A,principal,sana,1550
378,dataT/healthy/healthy_1551.jpg,0,9dd34f1dd46cc63bac2f57b5c818cb2b,c9ce06326ca4a7bb,cache_256/dataT/healthy/healthy_1551.png,A,principal,sana,1551
379,dataT/healthy/healthy_1552.jpg,0,cc2c6b593bcd502f0747a5608eea9f0e,dcf13139a8ed12ca,cache_256/dataT/healthy/healthy_1552.png,A,principal,sana,1552
380,dataT/healthy/healthy_1553.jpg,0,1d24c52d3b128c4709ed0b960d937c3b,efb058774b465458,cache_256/dataT/healthy/healthy_1553.png,A,principal,sana,1553
381,dataT/healthy/healthy_1554.jpg,0,82d4fa7382e55753f5087460898ec915,f24d1f6200b3be72,cache_256/dataT/healthy/healthy_1554.png,A,principal,sana,1554
382,dataT/healthy/healthy_1555.jpg,0,c8ed3194b5144b7734beb5a4b714a951,df5ab01cc4232d6b,cache_256/dataT/healthy/healthy_1555.png,A,principal,sana,1555
383,dataT/healthy/healthy_1556.jpg,0,8fbc45dbff497d084b6d51d207d2fd4b,8aaa356c63621ef9,cache_256/dataT/healthy/healthy_1556.png,A,principal,sana,1556
384,dataT/healthy/healthy_1557.jpg,0,45d9947ab8ffec942f94a2daf5de57f9,9b29246cb676931d,cache_256/dataT/healthy/healthy_1557.png,A,principal,sana,1557
385,dataT/healthy/healthy_1558.jpg,0,772f8ee5105561365572a6471338e7b0,eb9f543562e1c306,cache_256/dataT/healthy/healthy_1558.png,A,principal,sana,1558
386,dataT/healthy/healthy_1559.jpg,0,2948a382c57725e7ae545b0135916faf,b78e4d6b64aa904b,cache_256/dataT/healthy/healthy_1559.png,A,principal,sana,1559
387,dataT/healthy/healthy_1560.jpg,0,f6350ef8f4189b8dfb6fef697385627d,9ec96576669d181a,cache_256/dataT/healthy/healthy_1560.png,A,principal,sana,1560
388,dataT/healthy/healthy_1561.jpg,0,9452f69ebf94503f4ad360667d8b1f6e,b3bddc849c4a1cac,cache_256/dataT/healthy/healthy_1561.png,A,principal,sana,1561
389,dataT/healthy/healthy_1562.jpg,0,9fa71a3e2c87f72d33dd4bdc4d687490,92bddc644d68872e,cache_256/dataT/healthy/healthy_1562.png,A,principal,sana,1562
390,dataT/healthy/healthy_1563.jpg,0,23307679d5fea84e46cf5d6b33f8a762,f790bd701867e960,cache_256/dataT/healthy/healthy_1563.png,A,principal,sana,1563
391,dataT/healthy/healthy_1564.jpg,0,84c7fdf5f65ff504bd619962ca582ccc,ca3755255c306d7a,cache_256/dataT/healthy/healthy_1564.png,A,principal,sana,1564
392,dataT/healthy/healthy_1565.jpg,0,14ecd0af3269375648fecf5ab8558a3f,f6604ca7b4a2f38a,cache_256/dataT/healthy/healthy_1565.png,A,principal,sana,1565
393,dataT/healthy/healthy_1566.jpg,0,854f0190a3f16f1452441e7c508204b8,8bf1465b465627ac,cache_256/dataT/healthy/healthy_1566.png,A,principal,sana,1566
394,dataT/healthy/healthy_1567.jpg,0,a6c49227513cbd8bf1bcdcf5eaef0bc6,ff1218f66bec0740,cache_256/dataT/healthy/healthy_1567.png,A,principal,sana,1567
395,dataT/healthy/healthy_1568.jpg,0,624519b182dce005c09f02b3b1078fc2,b9b88c074ac8fa3d,cache_256/dataT/healthy/healthy_1568.png,A,principal,sana,1568
396,dataT/healthy/healthy_1569.jpg,0,4708c8a1963f5dc42e97281abc312174,cc811232ed7f522f,cache_256/dataT/healthy/healthy_1569.png,A,principal,sana,1569
397,dataT/healthy/healthy_1570.jpg,0,2e2103ae0556278eb3ac5dfba0788b98,e61c9871134b5eea,cache_256/dataT/healthy/healthy_1570.png,A,principal,sana,1570
398,dataT/healthy/healthy_1571.jpg,0,f41fbe835f5275aaa1f7c23795915347,f36e4d7078142f16,cache_256/dataT/healthy/healthy_1571.png,A,principal,sana,1571
399,dataT/healthy/healthy_1572.jpg,0,d96e6164101c7ba264da56e22b85ae82,cc4f3b303337f0e0,cache_256/dataT/healthy/healthy_1572.png,A,principal,sana,1572
400,dataT/healthy/healthy_1573.jpg,0,ab9f37d66b597a72ff31637d74629f42,d12cd93a706567e4,cache_256/dataT/healthy/healthy_1573.png,A,principal,sana,1573
401,dataT/healthy/healthy_1574.jpg,0,7beb4e41c096b5a3d69a5959a9495b97,dbed2663649898e1,cache_256/dataT/healthy/healthy_1574.png,A,principal,sana,1574
402,dataT/healthy/healthy_1575.jpg,0,b962a45c433cf4ccf90e17bb2e9c6f62,ccf81a663706133f,cache_256/dataT/healthy/healthy_1575.png,A,principal,sana,1575
403,dataT/healthy/healthy_1576.jpg,0,c47558134c27582bbdf62b88c21d56d3,f8f8b43496a6a82e,cache_256/dataT/healthy/healthy_1576.png,A,principal,sana,1576
404,dataT/healthy/healthy_1577.jpg,0,fbc329cc8308292a552b96d1175ba9b8,96da397525167474,cache_256/dataT/healthy/healthy_1577.png,A,principal,sana,1577
405,dataT/healthy/healthy_1578.jpg,0,555728891cc6e2b6b68288fdef1a4324,cedd1c0c3c3263e3,cache_256/dataT/healthy/healthy_1578.png,A,principal,sana,1578
406,dataT/healthy/healthy_1579.jpg,0,9ce81d998fe281f82676057ba78d5c63,9b6d65e26499087b,cache_256/dataT/healthy/healthy_1579.png,A,principal,sana,1579
407,dataT/healthy/healthy_1580.jpg,0,4ccdaf81b4879a30ad4cb9cbcae43064,cd063a7252f49dcc,cache_256/dataT/healthy/healthy_1580.png,A,principal,sana,1580
408,dataT/healthy/healthy_1581.jpg,0,64b6e509a16bd83207752d3f1d2efb2d,e9ed9373248c1c5a,cache_256/dataT/healthy/healthy_1581.png,A,principal,sana,1581
409,dataT/healthy/healthy_1582.jpg,0,89641c64f20a8ac680ff636973109925,e96a3cf7930441f2,cache_256/dataT/healthy/healthy_1582.png,A,principal,sana,1582
410,dataT/healthy/healthy_16.jpg,0,520ba493faa0d8da73e20e83507f228b,96fbd970e0a1c343,cache_256/dataT/healthy/healthy_16.png,A,principal,sana,16
411,dataT/healthy/healthy_1631.jpg,0,332062b31cdbef6b1f4500eeb80426d7,99a4725b14dbfa14,cache_256/dataT/healthy/healthy_1631.png,A,principal,sana,1631
412,dataT/healthy/healthy_1632.jpg,0,56561761df76ec325099978022cea8a7,cdd330001ecfba76,cache_256/dataT/healthy/healthy_1632.png,A,principal,sana,1632
413,dataT/healthy/healthy_1633.jpg,0,dd44e17aaef3fa9072ecb4468003b83a,ddd831666c85983b,cache_256/dataT/healthy/healthy_1633.png,A,principal,sana,1633
414,dataT/healthy/healthy_1634.jpg,0,9e1fa3eefa17cc399ae31e311cb0b80c,fe3241635d44a8bd,cache_256/dataT/healthy/healthy_1634.png,A,principal,sana,1634
415,dataT/healthy/healthy_1635.jpg,0,aba010a06f20805ec9150c2321e356ac,c5739c181b955b87,cache_256/dataT/healthy/healthy_1635.png,A,principal,sana,1635
416,dataT/healthy/healthy_1636.jpg,0,69b98c9312786d527665c2b28fb79705,d62d086374f2fd88,cache_256/dataT/healthy/healthy_1636.png,A,principal,sana,1636
417,dataT/healthy/healthy_1637.jpg,0,df5a299af641d53ded22ee7419388acc,f35ec9e50662c8c5,cache_256/dataT/healthy/healthy_1637.png,A,principal,sana,1637
418,dataT/healthy/healthy_1638.jpg,0,57b77d7b41d228a091b5d43c534c6d09,963adc436ee40ee4,cache_256/dataT/healthy/healthy_1638.png,A,principal,sana,1638
419,dataT/healthy/healthy_1639.jpg,0,4faa6fa7f4bb5276bef2d1bfbb5c8eaf,dcd298b25aff2901,cache_256/dataT/healthy/healthy_1639.png,A,principal,sana,1639
420,dataT/healthy/healthy_1640.jpg,0,9df54c0b490950d6a134e579f8730fac,999f96320dd8e50e,cache_256/dataT/healthy/healthy_1640.png,A,principal,sana,1640
421,dataT/healthy/healthy_1641.jpg,0,4dff53a7565e645c8ddab7a7da491938,e539dab099ab8199,cache_256/dataT/healthy/healthy_1641.png,A,principal,sana,1641
422,dataT/healthy/healthy_1642.jpg,0,6fbf8d2d6dd9c50f9a84008a0a940c1e,dcac3422cd9a3f07,cache_256/dataT/healthy/healthy_1642.png,A,principal,sana,1642
423,dataT/healthy/healthy_1643.jpg,0,6b1f328dac9dc32a3d63567302cdb2d5,d4c7242626426fef,cache_256/dataT/healthy/healthy_1643.png,A,principal,sana,1643
424,dataT/healthy/healthy_1644.jpg,0,c106edd1fed4b469cc0dba443c0b77f8,9cb1d722caa61b96,cache_256/dataT/healthy/healthy_1644.png,A,principal,sana,1644
425,dataT/healthy/healthy_1645.jpg,0,6c8f146d0c3c82db982fee3043883f62,88f973670d0c1cdd,cache_256/dataT/healthy/healthy_1645.png,A,principal,sana,1645
426,dataT/healthy/healthy_1646.jpg,0,b5a5af81db4ef496681cfea20388714c,8e61b53315d1d74a,cache_256/dataT/healthy/healthy_1646.png,A,principal,sana,1646
427,dataT/healthy/healthy_1647.jpg,0,8c022b9e0d2a1fd0beab94f11f97a86d,b613993f1d8f3091,cache_256/dataT/healthy/healthy_1647.png,A,principal,sana,1647
428,dataT/healthy/healthy_1648.jpg,0,e922707bdcb2870a44a869cdec1728e9,ce1c98e6731af2c8,cache_256/dataT/healthy/healthy_1648.png,A,principal,sana,1648
429,dataT/healthy/healthy_1649.jpg,0,863af25064236b360562f918ab77bff4,ad4878f63363a3a8,cache_256/dataT/healthy/healthy_1649.png,A,principal,sana,1649
430,dataT/healthy/healthy_1650.jpg,0,3fad01e9ad5341c5f9cdf46ffb30d6cd,a4a39c3df3393950,cache_256/dataT/healthy/healthy_1650.png,A,principal,sana,1650
431,dataT/healthy/healthy_1651.jpg,0,2353bb02b53789f402fc64dca534e0c1,9b935953a8bb8b90,cache_256/dataT/healthy/healthy_1651.png,A,principal,sana,1651
432,dataT/healthy/healthy_1652.jpg,0,e228abf76ae96adb21bb2ab828108c24,c5e41cc3a741d0bf,cache_256/dataT/healthy/healthy_1652.png,A,principal,sana,1652
433,dataT/healthy/healthy_1653.jpg,0,097766168b2a4a4d55b84e665a617d57,fdf20d11a5a0d785,cache_256/dataT/healthy/healthy_1653.png,A,principal,sana,1653
434,dataT/healthy/healthy_1654.jpg,0,848335a3e1e5eb4d40338a6a10f5a1e2,826f99a1371b52b9,cache_256/dataT/healthy/healthy_1654.png,A,principal,sana,1654
435,dataT/healthy/healthy_1655.jpg,0,e3a88c07d05f9a4ff770fea6ecb03dfa,c4f01d7d6d090f47,cache_256/dataT/healthy/healthy_1655.png,A,principal,sana,1655
436,dataT/healthy/healthy_1656.jpg,0,1931ee1880761cc7ef12e0809e863094,de91c17f602333a3,cache_256/dataT/healthy/healthy_1656.png,A,principal,sana,1656
437,dataT/healthy/healthy_1657.jpg,0,ff020a8c11df85575da82d564ff22183,c4dc6e6c3c9b1865,cache_256/dataT/healthy/healthy_1657.png,A,principal,sana,1657
438,dataT/healthy/healthy_1658.jpg,0,598077106419e349b4562c056810b824,ca1c49e3bc9e9899,cache_256/dataT/healthy/healthy_1658.png,A,principal,sana,1658
439,dataT/healthy/healthy_1659.jpg,0,3749d0256804a165b7297a7a25186795,f4dd3b2504e01ade,cache_256/dataT/healthy/healthy_1659.png,A,principal,sana,1659
440,dataT/healthy/healthy_1660.jpg,0,5859603975c3177673b9ae68306bc100,e9da1cb2700cbace,cache_256/dataT/healthy/healthy_1660.png,A,principal,sana,1660
441,dataT/healthy/healthy_1661.jpg,0,90204a34bf8a18c0fbe59ceb64cfa4f5,9abb595cb4fc4806,cache_256/dataT/healthy/healthy_1661.png,A,principal,sana,1661
442,dataT/healthy/healthy_1662.jpg,0,9096f709d0fc9775e2dd984733680bea,922de924a4737771,cache_256/dataT/healthy/healthy_1662.png,A,principal,sana,1662
443,dataT/healthy/healthy_1663.jpg,0,f6d6c6a4d391c8d494a8dbb7def5a0d0,a48b9c39713472e7,cache_256/dataT/healthy/healthy_1663.png,A,principal,sana,1663
444,dataT/healthy/healthy_1664.jpg,0,166401705bfc557ceb1c3f5bbb231930,f631b9b2e08d95a8,cache_256/dataT/healthy/healthy_1664.png,A,principal,sana,1664
445,dataT/healthy/healthy_1665.jpg,0,8f4dd146960f82d3eb757767213f0680,c9cdf93050762a3e,cache_256/dataT/healthy/healthy_1665.png,A,principal,sana,1665
446,dataT/healthy/healthy_1666.jpg,0,92c96584d2d79cf1af81829087d38033,cdf39c961f08580f,cache_256/dataT/healthy/healthy_1666.png,A,principal,sana,1666
447,dataT/healthy/healthy_1667.jpg,0,03e536b8ebcc3a32429913d2444e4c12,f3f40e7d2927a0e0,cache_256/dataT/healthy/healthy_1667.png,A,principal,sana,1667
448,dataT/healthy/healthy_1668.jpg,0,b3f9414d95c3765248e6b868ecd88d1a,b35995001eba5b7c,cache_256/dataT/healthy/healthy_1668.png,A,principal,sana,1668
449,dataT/healthy/healthy_1669.jpg,0,f9b5d6b1ac3d699527904d095de01eb5,bf9bc92651167c42,cache_256/dataT/healthy/healthy_1669.png,A,principal,sana,1669
450,dataT/healthy/healthy_1670.jpg,0,3782a9563e9707002410e07f3501c20e,b40d01323ff36ae6,cache_256/dataT/healthy/healthy_1670.png,A,principal,sana,1670
451,dataT/healthy/healthy_1671.jpg,0,b8d477ead1d35226de0fde38871c8008,ddf12689e0ee6606,cache_256/dataT/healthy/healthy_1671.png,A,principal,sana,1671
452,dataT/healthy/healthy_1672.jpg,0,89a791ade1c5f946ec9b41b41b1f0b32,b23ec96b2d75041e,cache_256/dataT/healthy/healthy_1672.png,A,principal,sana,1672
453,dataT/healthy/healthy_1673.jpg,0,ca48f88ca217b2c1278d6bc2c48a08e4,c9cc006f7f15c35a,cache_256/dataT/healthy/healthy_1673.png,A,principal,sana,1673
454,dataT/healthy/healthy_1674.jpg,0,701234db47483259636fc6ac6cb385e3,df2149f3721b5650,cache_256/dataT/healthy/healthy_1674.png,A,principal,sana,1674
455,dataT/healthy/healthy_1675.jpg,0,75933a8d4b505fa0be3fff69e7edb844,ce8304f3f6135e58,cache_256/dataT/healthy/healthy_1675.png,A,principal,sana,1675
456,dataT/healthy/healthy_1676.jpg,0,e0c65b6c4fd6442582e8dd0061c0b9b0,9d62e929a632fa1a,cache_256/dataT/healthy/healthy_1676.png,A,principal,sana,1676
457,dataT/healthy/healthy_1677.jpg,0,20e2ea4c4188b4b9cc5f3966b9932807,a490b8f2f2e360e7,cache_256/dataT/healthy/healthy_1677.png,A,principal,sana,1677
458,dataT/healthy/healthy_1678.jpg,0,2f0ac369f92f26ca744ca9083a43b205,8e6d714316e6d748,cache_256/dataT/healthy/healthy_1678.png,A,principal,sana,1678
459,dataT/healthy/healthy_1679.jpg,0,a6030855e60a2fba213419422c839e70,92354d6af4274b6a,cache_256/dataT/healthy/healthy_1679.png,A,principal,sana,1679
460,dataT/healthy/healthy_17.jpg,0,997f4c2d783b6192682c587f287a15af,a69c8c656a6f44ec,cache_256/dataT/healthy/healthy_17.png,A,principal,sana,17
461,dataT/healthy/healthy_18.jpg,0,18e24557aa23f7c07927ce6b9abb22fd,f697383e35320617,cache_256/dataT/healthy/healthy_18.png,A,principal,sana,18
462,dataT/healthy/healthy_19.jpg,0,903ba83a7337347cd9f48e1a0272a1f8,a7bb582234615f78,cache_256/dataT/healthy/healthy_19.png,A,principal,sana,19
463,dataT/healthy/healthy_197.jpg,0,4cdca233d1f76000cd243c745e532f32,988c6764dc93db61,cache_256/dataT/healthy/healthy_197.png,A,principal,sana,197
464,dataT/healthy/healthy_198.jpg,0,2edb67ec5ba4a4e7344ae272cfe0168c,d982e3661e34b9b8,cache_256/dataT/healthy/healthy_198.png,A,principal,sana,198
465,dataT/healthy/healthy_199.jpg,0,f8aafa483451365de62ee169aebda403,ce8cb832718edac5,cache_256/dataT/healthy/healthy_199.png,A,principal,sana,199
466,dataT/healthy/healthy_2.jpg,0,d03dd2a907979014a10edcbb9adc1fc4,9cb8937361ce3247,cache_256/dataT/healthy/healthy_2.png,A,principal,sana,2
467,dataT/healthy/healthy_20.jpg,0,8005e5e561c5ce9657d647dbeed60f1e,f348caefcd8b2403,cache_256/dataT/healthy/healthy_20.png,A,principal,sana,20
468,dataT/healthy/healthy_200.jpg,0,29a38720689c3acca6de159cd0660646,9b48366259a6bf94,cache_256/dataT/healthy/healthy_200.png,A,principal,sana,200
469,dataT/healthy/healthy_201.jpg,0,a36780d023490a94acd9b80245761692,d6cc8d0b019db2bb,cache_256/dataT/healthy/healthy_201.png,A,principal,sana,201
470,dataT/healthy/healthy_202.jpg,0,08c5ace3cd399544c9da915d0d90a8c6,8bd863136b898fa5,cache_256/dataT/healthy/healthy_202.png,A,principal,sana,202
471,dataT/healthy/healthy_203.jpg,0,ee9ef219feff852083c1bec0a763090b,b673dbe3e1072604,cache_256/dataT/healthy/healthy_203.png,A,principal,sana,203
472,dataT/healthy/healthy_204.jpg,0,417fdaf1cd47992fcc52c5066c5283da,895a7976a44da5b2,cache_256/dataT/healthy/healthy_204.png,A,principal,sana,204
473,dataT/healthy/healthy_205.jpg,0,5b86eb9f57829f6ea4c95f9343551387,9da7323437694b15,cache_256/dataT/healthy/healthy_205.png,A,principal,sana,205
474,dataT/healthy/healthy_2052.jpg,0,dc5d95332d5a4eb4e2f66306f9c07264,a99c27321f69e9c1,cache_256/dataT/healthy/healthy_2052.png,A,principal,sana,2052
475,dataT/healthy/healthy_2053.jpg,0,cba40a8ea46ed2a07d5fe9a564f9dc74,9c192377e6d036aa,cache_256/dataT/healthy/healthy_2053.png,A,principal,sana,2053
476,dataT/healthy/healthy_2054.jpg,0,e306759af7691edf01cbe448048a1512,cadbd03539c0c3e3,cache_256/dataT/healthy/healthy_2054.png,A,principal,sana,2054
477,dataT/healthy/healthy_2055.jpg,0,136d4f72cb490a913052381af031226f,9f89703e32727b03,cache_256/dataT/healthy/healthy_2055.png,A,principal,sana,2055
478,dataT/healthy/healthy_2056.jpg,0,e1df56bc84374a114ebeec79413133f4,f8f0e566063eec50,cache_256/dataT/healthy/healthy_2056.png,A,principal,sana,2056
479,dataT/healthy/healthy_2057.jpg,0,8dd9a9298971337f791432a1699ca7b8,98cd65767396cc90,cache_256/dataT/healthy/healthy_2057.png,A,principal,sana,2057
480,dataT/healthy/healthy_2058.jpg,0,61c287e299981fcaa201d98a09b29021,e0bcf1e2da010ef9,cache_256/dataT/healthy/healthy_2058.png,A,principal,sana,2058
481,dataT/healthy/healthy_2059.jpg,0,b109faf051bc8977418ba3022760dc94,999f4670676dd444,cache_256/dataT/healthy/healthy_2059.png,A,principal,sana,2059
482,dataT/healthy/healthy_206.jpg,0,7478d23bd0e8b4203c418d8cb8a606ee,919d4c703ef730d2,cache_256/dataT/healthy/healthy_206.png,A,principal,sana,206
483,dataT/healthy/healthy_2060.jpg,0,9de53940a656221933484a313ce930ab,8dda797872242f25,cache_256/dataT/healthy/healthy_2060.png,A,principal,sana,2060
484,dataT/healthy/healthy_2061.jpg,0,f7c847e35fc911731e6a99f90e84d651,fdc9582b69242774,cache_256/dataT/healthy/healthy_2061.png,A,principal,sana,2061
485,dataT/healthy/healthy_2062.jpg,0,81b6de49b8ebf284f8b1b0ca5ec2aba1,f8b9e13255d59505,cache_256/dataT/healthy/healthy_2062.png,A,principal,sana,2062
486,dataT/healthy/healthy_2063.jpg,0,1277238ae1796d454ef4ead9083a657c,9a1bda6207fa2d58,cache_256/dataT/healthy/healthy_2063.png,A,principal,sana,2063
487,dataT/healthy/healthy_2064.jpg,0,7f8b792fed33ce94a871f68837992aab,d61a5afae9e1090d,cache_256/dataT/healthy/healthy_2064.png,A,principal,sana,2064
488,dataT/healthy/healthy_2065.jpg,0,848b5369ddc21a9eb1e2e6d47175ab01,ec49993cc31a791b,cache_256/dataT/healthy/healthy_2065.png,A,principal,sana,2065
489,dataT/healthy/healthy_2066.jpg,0,d19304f0247f0218459a2020a164711d,bb110ba5766d2671,cache_256/dataT/healthy/healthy_2066.png,A,principal,sana,2066
490,dataT/healthy/healthy_2067.jpg,0,7c93f4f8edd7026e7608d64a6cf609f3,e20e5c4565dae3e1,cache_256/dataT/healthy/healthy_2067.png,A,principal,sana,2067
491,dataT/healthy/healthy_2068.jpg,0,746032a5d49f70dfd672f76a560925ba,ac62d874590327bf,cache_256/dataT/healthy/healthy_2068.png,A,principal,sana,2068
492,dataT/healthy/healthy_2069.jpg,0,61bd1c817bbae469dc4aca03110f052a,e7daad72a070a12b,cache_256/dataT/healthy/healthy_2069.png,A,principal,sana,2069
493,dataT/healthy/healthy_207.jpg,0,dce638883a476f52c248a59d2d0ac913,99b4b3173e42accc,cache_256/dataT/healthy/healthy_207.png,A,principal,sana,207
494,dataT/healthy/healthy_2070.jpg,0,7829f64596bd174e15bc301b9a9e5df5,8e5af064a1764ae7,cache_256/dataT/healthy/healthy_2070.png,A,principal,sana,2070
495,dataT/healthy/healthy_2071.jpg,0,f22b1612fda5d91bc02428063e51ef49,9fbdc8a7b0912338,cache_256/dataT/healthy/healthy_2071.png,A,principal,sana,2071
496,dataT/healthy/healthy_2072.jpg,0,2293469ea81bd257897bb8246d91828d,dbe69376c8d4c809,cache_256/dataT/healthy/healthy_2072.png,A,principal,sana,2072
497,dataT/healthy/healthy_2073.jpg,0,b53f89260e699a47ca4e15bf28e75e4f,c6e4b5624e8998bd,cache_256/dataT/healthy/healthy_2073.png,A,principal,sana,2073
498,dataT/healthy/healthy_2074.jpg,0,cd550a149c46000fa814ba5c1dbac05e,e6d249303da33f38,cache_256/dataT/healthy/healthy_2074.png,A,principal,sana,2074
499,dataT/healthy/healthy_2075.jpg,0,ad5f75ca1bf984957a2d7cd54d7c946c,fab8b137d1c080bb,cache_256/dataT/healthy/healthy_2075.png,A,principal,sana,2075
500,dataT/healthy/healthy_2076.jpg,0,592b3f44fca89102f4fe9a6d972cd8ff,e3a1d863357033d9,cache_256/dataT/healthy/healthy_2076.png,A,principal,sana,2076
501,dataT/healthy/healthy_2077.jpg,0,edbe5d08bd1f8cbf33f4636b2f4ed282,a9982437765663ec,cache_256/dataT/healthy/healthy_2077.png,A,principal,sana,2077
502,dataT/healthy/healthy_2078.jpg,0,c3b64ed20389c802c43f9f28b7036762,f8f00c7f547e8a42,cache_256/dataT/healthy/healthy_2078.png,A,principal,sana,2078
503,dataT/healthy/healthy_2079.jpg,0,d3a4b8b4dee053ae5dd6337944786328,ec994926c3ee8da8,cache_256/dataT/healthy/healthy_2079.png,A,principal,sana,2079
504,dataT/healthy/healthy_208.jpg,0,631dcffeedf9c79fb1c3cbb30254b6d6,b24c4c7e5d350c79,cache_256/dataT/healthy/healthy_208.png,A,principal,sana,208
505,dataT/healthy/healthy_2080.jpg,0,5d7789ad84bb6f7506490f2c1eb6aab0,a21d9c3253c3d9bc,cache_256/dataT/healthy/healthy_2080.png,A,principal,sana,2080
506,dataT/healthy/healthy_2081.jpg,0,e29f71b54ebd241e3067fffb01593ccb,cac981e2fd9e0dc1,cache_256/dataT/healthy/healthy_2081.png,A,principal,sana,2081
507,dataT/healthy/healthy_2082.jpg,0,8d98be887279518150b6c2e09af61d7f,b2d8d9a53cae620e,cache_256/dataT/healthy/healthy_2082.png,A,principal,sana,2082
508,dataT/healthy/healthy_2083.jpg,0,91bd224be1d3810812878f038be95aa8,8119c127dad7dc5a,cache_256/dataT/healthy/healthy_2083.png,A,principal,sana,2083
509,dataT/healthy/healthy_2084.jpg,0,19657a7c23564b3e5067e54cad86aeba,ccab63277e44945c,cache_256/dataT/healthy/healthy_2084.png,A,principal,sana,2084
510,dataT/healthy/healthy_2085.jpg,0,509787a707e41a6df6cef86f34882f0a,b38fc7288d11b479,cache_256/dataT/healthy/healthy_2085.png,A,principal,sana,2085
511,dataT/healthy/healthy_2086.jpg,0,355befd19ad7c7a541dc81437c259bb3,a8cc0f2747732753,cache_256/dataT/healthy/healthy_2086.png,A,principal,sana,2086
512,dataT/healthy/healthy_2087.jpg,0,d50f669b98ff3ee2216c4a4126ec0d5d,9b1dc8b3387163b4,cache_256/dataT/healthy/healthy_2087.png,A,principal,sana,2087
513,dataT/healthy/healthy_2088.jpg,0,6dce614973ea17eef7ee591911ea1a89,f2d98cf05962f868,cache_256/dataT/healthy/healthy_2088.png,A,principal,sana,2088
514,dataT/healthy/healthy_2089.jpg,0,25dd6aa46f41f84d186b9205fe6ca58c,d80d2626ff504b9b,cache_256/dataT/healthy/healthy_2089.png,A,principal,sana,2089
515,dataT/healthy/healthy_209.jpg,0,541466d84646f5084e3afde63fae7c59,e2d723185e1a94fc,cache_256/dataT/healthy/healthy_209.png,A,principal,sana,209
516,dataT/healthy/healthy_2090.jpg,0,223ffea29287b14d9c8618bd964c2066,e9cc847693f38b0a,cache_256/dataT/healthy/healthy_2090.png,A,principal,sana,2090
517,dataT/healthy/healthy_2091.jpg,0,a538720e0d330e53d2054dd545275376,9e88d95a59b1a789,cache_256/dataT/healthy/healthy_2091.png,A,principal,sana,2091
518,dataT/healthy/healthy_2092.jpg,0,c5a2d112f7ebd5a0539259c692755d62,9e8c91264dd76955,cache_256/dataT/healthy/healthy_2092.png,A,principal,sana,2092
519,dataT/healthy/healthy_2093.jpg,0,36e1187fb36d503d23ee25792241bc57,efccfd2532530311,cache_256/dataT/healthy/healthy_2093.png,A,principal,sana,2093
520,dataT/healthy/healthy_2094.jpg,0,321d386d54e39924befb8f9860f611cb,860e9363bcd46aad,cache_256/dataT/healthy/healthy_2094.png,A,principal,sana,2094
521,dataT/healthy/healthy_2095.jpg,0,cbd7046c58a05a311812d083ac9524c6,b09d26269ff083f4,cache_256/dataT/healthy/healthy_2095.png,A,principal,sana,2095
522,dataT/healthy/healthy_2096.jpg,0,9c977308ae66c8181b5e9db34c961711,cc982373a7c81dd9,cache_256/dataT/healthy/healthy_2096.png,A,principal,sana,2096
523,dataT/healthy/healthy_2097.jpg,0,745571ebe49ed37d760f0da3f3320258,a7055d731391963b,cache_256/dataT/healthy/healthy_2097.png,A,principal,sana,2097
524,dataT/healthy/healthy_2098.jpg,0,8e168fd5957ca50c13633dee406e6877,ceedd172174c828b,cache_256/dataT/healthy/healthy_2098.png,A,principal,sana,2098
525,dataT/healthy/healthy_2099.jpg,0,6b466b8900c90ddfdad147646f7dfa01,daed6665c8413d13,cache_256/dataT/healthy/healthy_2099.png,A,principal,sana,2099
526,dataT/healthy/healthy_21.jpg,0,b460f94052dafc54270c76c7de6f3318,fcac06061ed14b9f,cache_256/dataT/healthy/healthy_21.png,A,principal,sana,21
527,dataT/healthy/healthy_210.jpg,0,02344aefef27d427ea2cd93cbb82e9cb,cedc1de229472725,cache_256/dataT/healthy/healthy_210.png,A,principal,sana,210
528,dataT/healthy/healthy_2100.jpg,0,7064caf7be09280f491b167a1db3b8ce,dc981366b3cad88e,cache_256/dataT/healthy/healthy_2100.png,A,principal,sana,2100
529,dataT/healthy/healthy_2101.jpg,0,acf04f5990ed0b91202db3ba084688b6,c74ccc4979a3a3a6,cache_256/dataT/healthy/healthy_2101.png,A,principal,sana,2101
530,dataT/healthy/healthy_2102.jpg,0,d9ce98ce3dbdcaf2cc7e8397110f465c,c2c4c87c1c2e9f1f,cache_256/dataT/healthy/healthy_2102.png,A,principal,sana,2102
531,dataT/healthy/healthy_2103.jpg,0,2efceb58ea617350143d2cc00bbac6be,e9fce42623053fc8,cache_256/dataT/healthy/healthy_2103.png,A,principal,sana,2103
532,dataT/healthy/healthy_2104.jpg,0,434be7a56a2067ec4126a7cd7f817f5e,9b589c22417667d7,cache_256/dataT/healthy/healthy_2104.png,A,principal,sana,2104
533,dataT/healthy/healthy_2105.jpg,0,7381e046d9977f2060d3ff9d2c1baa2c,bf4edcb6130223c5,cache_256/dataT/healthy/healthy_2105.png,A,principal,sana,2105
534,dataT/healthy/healthy_2106.jpg,0,13146e4cde1762e870a7a67f420ed2b7,be28893054d7799b,cache_256/dataT/healthy/healthy_2106.png,A,principal,sana,2106
535,dataT/healthy/healthy_2107.jpg,0,32670064aa66544a3a74c79588d0340f,d33c8e03bcbd29c1,cache_256/dataT/healthy/healthy_2107.png,A,principal,sana,2107
536,dataT/healthy/healthy_2108.jpg,0,2bbe335633b3fbcd7fb58ce14b7abff1,a6b8dde07103a337,cache_256/dataT/healthy/healthy_2108.png,A,principal,sana,2108
537,dataT/healthy/healthy_2109.jpg,0,0a8e72ab67b3905cac08d92fd720133c,cecc3133078b99ce,cache_256/dataT/healthy/healthy_2109.png,A,principal,sana,2109
538,dataT/healthy/healthy_211.jpg,0,2e9f1f44936c38be0324de0e2d33759c,db1a69e416bec01b,cache_256/dataT/healthy/healthy_211.png,A,principal,sana,211
539,dataT/healthy/healthy_2110.jpg,0,9a7428a28e206ff413096d1201ef2d60,939316363c727e94,cache_256/dataT/healthy/healthy_2110.png,A,principal,sana,2110
540,dataT/healthy/healthy_2111.jpg,0,db61e60df27f2d8763ec2fe0bae33e55,cdc8ca22fafaf201,cache_256/dataT/healthy/healthy_2111.png,A,principal,sana,2111
541,dataT/healthy/healthy_2112.jpg,0,9b48c0bb04bcb14cabce2d2427d4f9e4,9f38d8217b02b64f,cache_256/dataT/healthy/healthy_2112.png,A,principal,sana,2112
542,dataT/healthy/healthy_2113.jpg,0,63124d221ed3639274fc819c301a545c,8e191df0a80da7be,cache_256/dataT/healthy/healthy_2113.png,A,principal,sana,2113
543,dataT/healthy/healthy_2114.jpg,0,08ea9bb554ab61c8ee04bd5777f6e27a,eccc0d7ac3139ad1,cache_256/dataT/healthy/healthy_2114.png,A,principal,sana,2114
544,dataT/healthy/healthy_2115.jpg,0,8f70491774fea22b071dde36a4dc1ca8,ec9c543943f1d88d,cache_256/dataT/healthy/healthy_2115.png,A,principal,sana,2115
545,dataT/healthy/healthy_2116.jpg,0,0ab18edf0035d86df08579c1526e4968,c36dc5a6e30ff280,cache_256/dataT/healthy/healthy_2116.png,A,principal,sana,2116
546,dataT/healthy/healthy_2117.jpg,0,e5b9ca15f7b5fac7dc725c3b9b6295da,a4c9c836b63665ae,cache_256/dataT/healthy/healthy_2117.png,A,principal,sana,2117
547,dataT/healthy/healthy_2118.jpg,0,c31be453b490b46b2cbe3f5b2a00b048,9468999b521bfc5c,cache_256/dataT/healthy/healthy_2118.png,A,principal,sana,2118
548,dataT/healthy/healthy_2119.jpg,0,9c4a79d81e86c5bcca0ef4ef5bcf8ef7,c8ccb23333071fdc,cache_256/dataT/healthy/healthy_2119.png,A,principal,sana,2119
549,dataT/healthy/healthy_212.jpg,0,586fcbf0627ef26407f16db76f527590,9f5c5da13c9332a8,cache_256/dataT/healthy/healthy_212.png,A,principal,sana,212
550,dataT/healthy/healthy_2120.jpg,0,ba02140ea1bca88f5de71300346d7789,cd9b4ca7f3042273,cache_256/dataT/healthy/healthy_2120.png,A,principal,sana,2120
551,dataT/healthy/healthy_2121.jpg,0,819b8c78081999d8398426c6bea9be18,a6c58b0b087e3f36,cache_256/dataT/healthy/healthy_2121.png,A,principal,sana,2121
552,dataT/healthy/healthy_2122.jpg,0,a619e40ce342033b197bf2b29d023c66,9c1e7aa270b5f258,cache_256/dataT/healthy/healthy_2122.png,A,principal,sana,2122
553,dataT/healthy/healthy_2123.jpg,0,9077e884065d8ba503424dec7eb13345,e1de94663aa57223,cache_256/dataT/healthy/healthy_2123.png,A,principal,sana,2123
554,dataT/healthy/healthy_2124.jpg,0,bc3ce68da356cb1f5c158ce4eb8e8e09,a60b9e78f9f1112a,cache_256/dataT/healthy/healthy_2124.png,A,principal,sana,2124
555,dataT/healthy/healthy_2125.jpg,0,eb063a539c63e367f04baae291ca8936,e79b1c34e864b2b4,cache_256/dataT/healthy/healthy_2125.png,A,principal,sana,2125
556,dataT/healthy/healthy_2126.jpg,0,ef3bc4f36f495781d98bf19212b6c08c,f2a38f034c4f7a54,cache_256/dataT/healthy/healthy_2126.png,A,principal,sana,2126
557,dataT/healthy/healthy_2127.jpg,0,d42b52eb9c6a1f83bd3d82df139c807d,eecad63680eaf0c4,cache_256/dataT/healthy/healthy_2127.png,A,principal,sana,2127
558,dataT/healthy/healthy_2128.jpg,0,d2cc7cde78306e0dabf3c6a4e5c2fc69,d6e99770a143e865,cache_256/dataT/healthy/healthy_2128.png,A,principal,sana,2128
559,dataT/healthy/healthy_2129.jpg,0,5e7228f341e4e16821a763307436418d,f8b990723762a32e,cache_256/dataT/healthy/healthy_2129.png,A,principal,sana,2129
560,dataT/healthy/healthy_213.jpg,0,98e04e20aab932277cd9e746400680a0,9dec73624a86d496,cache_256/dataT/healthy/healthy_213.png,A,principal,sana,213
561,dataT/healthy/healthy_2130.jpg,0,5b0c38fbbbef19524a73135e4b811efa,b94e96674ba6cc03,cache_256/dataT/healthy/healthy_2130.png,A,principal,sana,2130
562,dataT/healthy/healthy_2131.jpg,0,7c25ad9af7bf8fa51a8a36033c13e1e0,9dc9c3f25207d2c3,cache_256/dataT/healthy/healthy_2131.png,A,principal,sana,2131
563,dataT/healthy/healthy_2132.jpg,0,3dd5421e2cddce725447f24f014536da,b9272d7a268cd8b8,cache_256/dataT/healthy/healthy_2132.png,A,principal,sana,2132
564,dataT/healthy/healthy_2133.jpg,0,31651ed9ef3ee492d272c347b6ef6463,8f8cbc13e1bf0326,cache_256/dataT/healthy/healthy_2133.png,A,principal,sana,2133
565,dataT/healthy/healthy_2134.jpg,0,c8a4859eccd1cadea4c72914ebec76a6,9dc17732760e0cf8,cache_256/dataT/healthy/healthy_2134.png,A,principal,sana,2134
566,dataT/healthy/healthy_2135.jpg,0,ec75bf204b89c0f3dba210bcf05cf180,db98edc902d9583a,cache_256/dataT/healthy/healthy_2135.png,A,principal,sana,2135
567,dataT/healthy/healthy_2136.jpg,0,a74e394df37ed8dfed0019d70486f0aa,a1b8d9e2cd62287d,cache_256/dataT/healthy/healthy_2136.png,A,principal,sana,2136
568,dataT/healthy/healthy_2137.jpg,0,3848e7880a67d0ce86cfa190d1ebceff,b09edb684e71c82b,cache_256/dataT/healthy/healthy_2137.png,A,principal,sana,2137
569,dataT/healthy/healthy_2138.jpg,0,3964920af3275ba98b17847e0331165b,ef1e0c603c623c77,cache_256/dataT/healthy/healthy_2138.png,A,principal,sana,2138
570,dataT/healthy/healthy_2139.jpg,0,ca80f7cd201168e090a68c1a2137f356,f29f8d2cadea140a,cache_256/dataT/healthy/healthy_2139.png,A,principal,sana,2139
571,dataT/healthy/healthy_214.jpg,0,4fcea8ddab6cce55d5ae76d259561e9b,8dc0193b3b717333,cache_256/dataT/healthy/healthy_214.png,A,principal,sana,214
572,dataT/healthy/healthy_2140.jpg,0,6e1effa84245ba0e6f6dcf617f1be74c,eb8d14e0e79636b0,cache_256/dataT/healthy/healthy_2140.png,A,principal,sana,2140
573,dataT/healthy/healthy_2141.jpg,0,833b69258c44b9f2ca3d519e47343cf8,de92b16b29323996,cache_256/dataT/healthy/healthy_2141.png,A,principal,sana,2141
574,dataT/healthy/healthy_2142.jpg,0,fe92e311310145c02c60d81c4718c56b,c687cb70ab8b9ac1,cache_256/dataT/healthy/healthy_2142.png,A,principal,sana,2142
575,dataT/healthy/healthy_2143.jpg,0,d5d7ba44fca38dc626699f22d8e03049,e1b91ea89c549d35,cache_256/dataT/healthy/healthy_2143.png,A,principal,sana,2143
576,dataT/healthy/healthy_2144.jpg,0,9a8843118774d4dbcdde6418d7b65d53,d0023f317e6a6e4d,cache_256/dataT/healthy/healthy_2144.png,A,principal,sana,2144
577,dataT/healthy/healthy_2145.jpg,0,6712a09672d73da734e233da37cc367a,e3590e7f7062a127,cache_256/dataT/healthy/healthy_2145.png,A,principal,sana,2145
578,dataT/healthy/healthy_2146.jpg,0,c4afc323f9e4ffa524e3134051b10681,9a8df125632de570,cache_256/dataT/healthy/healthy_2146.png,A,principal,sana,2146
579,dataT/healthy/healthy_2147.jpg,0,83f24f9034211b2cddd6ed2931a37f8e,ecf839274322c3e3,cache_256/dataT/healthy/healthy_2147.png,A,principal,sana,2147
580,dataT/healthy/healthy_2148.jpg,0,762609d74996452c8c0c58a12b002833,b6c9b3625172f81a,cache_256/dataT/healthy/healthy_2148.png,A,principal,sana,2148
581,dataT/healthy/healthy_2149.jpg,0,e67df11a9cf7e75a80db087f5b04dae8,e948f6f129367d01,cache_256/dataT/healthy/healthy_2149.png,A,principal,sana,2149
582,dataT/healthy/healthy_215.jpg,0,b0474dd7db84de43908ac940ac215919,9e5f63b004c94f8d,cache_256/dataT/healthy/healthy_215.png,A,principal,sana,215
583,dataT/healthy/healthy_2150.jpg,0,873fe91948312658c7e26900f351dc19,c44e1fb5f0aa0b35,cache_256/dataT/healthy/healthy_2150.png,A,principal,sana,2150
584,dataT/healthy/healthy_2151.jpg,0,75e58446a38fd4df0f743f006f99e315,a84f21735b5a5e52,cache_256/dataT/healthy/healthy_2151.png,A,principal,sana,2151
585,dataT/healthy/healthy_2152.jpg,0,ccc57f3878e9cf0dbd3b822b58125e4f,bc90f33383d34cca,cache_256/dataT/healthy/healthy_2152.png,A,principal,sana,2152
586,dataT/healthy/healthy_2153.jpg,0,c3a6fe48e20c7ac7fde17def46f107db,e10c0b2775f09a9f,cache_256/dataT/healthy/healthy_2153.png,A,principal,sana,2153
587,dataT/healthy/healthy_2154.jpg,0,090a650ee95c2728f0c6339ccd0385c1,98990537d2e5c1dd,cache_256/dataT/healthy/healthy_2154.png,A,principal,sana,2154
588,dataT/healthy/healthy_2155.jpg,0,c6c66d54056d48f29b91138238492d5f,a36b3c7e4acd0a8c,cache_256/dataT/healthy/healthy_2155.png,A,principal,sana,2155
589,dataT/healthy/healthy_2156.jpg,0,c365bc825458b47bf7de51c1f320de7f,919db0303062dff7,cache_256/dataT/healthy/healthy_2156.png,A,principal,sana,2156
590,dataT/healthy/healthy_2157.jpg,0,fcf323c399024dfb74c3df31a08333cb,99d5e027164bd9c9,cache_256/dataT/healthy/healthy_2157.png,A,principal,sana,2157
591,dataT/healthy/healthy_2158.jpg,0,e4efa702348a48e0071b745b634d0919,a4f15a6bede8cc40,cache_256/dataT/healthy/healthy_2158.png,A,principal,sana,2158
592,dataT/healthy/healthy_216.jpg,0,2ee03f68e190521b1b5e34074a2cc03f,cccf3418e211de8f,cache_256/dataT/healthy/healthy_216.png,A,principal,sana,216
593,dataT/healthy/healthy_217.jpg,0,80a70bd9f686f83882a4afb40b9df45a,cbcf65262f317222,cache_256/dataT/healthy/healthy_217.png,A,principal,sana,217
594,dataT/healthy/healthy_218.jpg,0,c0ff652757858f204781252dca3f8d5a,f0e7a52697130b6a,cache_256/dataT/healthy/healthy_218.png,A,principal,sana,218
595,dataT/healthy/healthy_219.jpg,0,4c4771a415e306e7733f1cbd71b85aae,eeec303423374aa7,cache_256/dataT/healthy/healthy_219.png,A,principal,sana,219
596,dataT/healthy/healthy_22.jpg,0,5f754f6d0a4d931b0f66d637df77447b,f35a406f4dc5c8d8,cache_256/dataT/healthy/healthy_22.png,A,principal,sana,22
597,dataT/healthy/healthy_220.jpg,0,d4e6da6199514bb034310d31ba003403,8e8d707f63676406,cache_256/dataT/healthy/healthy_220.png,A,principal,sana,220
598,dataT/healthy/healthy_221.jpg,0,a475466445489232488b8caad34504cb,c6f991239227a66d,cache_256/dataT/healthy/healthy_221.png,A,principal,sana,221
599,dataT/healthy/healthy_222.jpg,0,6095d10216e491c8378e3b97399afaca,c8f1233eecccc8e8,cache_256/dataT/healthy/healthy_222.png,A,principal,sana,222
600,dataT/healthy/healthy_223.jpg,0,390ab5c46c1e8b4892e538347b8e3887,8dc8e8344b37e2b3,cache_256/dataT/healthy/healthy_223.png,A,principal,sana,223
601,dataT/healthy/healthy_224.jpg,0,3a89f0301c194c4cfe45e2efd33061db,d8db5be0a516e056,cache_256/dataT/healthy/healthy_224.png,A,principal,sana,224
602,dataT/healthy/healthy_225.jpg,0,cc3aa699271e6f6dce13f0e303c866aa,936b9d7462d2929a,cache_256/dataT/healthy/healthy_225.png,A,principal,sana,225
603,dataT/healthy/healthy_226.jpg,0,1134315fecb9c19cd355408c73a62642,c16a6d2325b7b38a,cache_256/dataT/healthy/healthy_226.png,A,principal,sana,226
604,dataT/healthy/healthy_227.jpg,0,f654b0fbaa91e351036452f9ef07ef31,9f9845463a2e67e1,cache_256/dataT/healthy/healthy_227.png,A,principal,sana,227
605,dataT/healthy/healthy_2279.jpg,0,41503f51e226ca1993b79e32e8eb3c62,e32668f1c5c6c656,cache_256/dataT/healthy/healthy_2279.png,A,principal,sana,2279
606,dataT/healthy/healthy_228.jpg,0,cd09df952a9664fdce6de758370e4a73,cbb971375c05981e,cache_256/dataT/healthy/healthy_228.png,A,principal,sana,228
607,dataT/healthy/healthy_2280.jpg,0,f6435d9afc317b515d57e6e393807b52,bb984978b24b7351,cache_256/dataT/healthy/healthy_2280.png,A,principal,sana,2280
608,dataT/healthy/healthy_2281.jpg,0,740a60e989f026b33051f260b379d079,96872c303e7e426f,cache_256/dataT/healthy/healthy_2281.png,A,principal,sana,2281
609,dataT/healthy/healthy_2282.jpg,0,7cd7c2679016d3dbbb82d5d1297202f1,966d4c92e4f85956,cache_256/dataT/healthy/healthy_2282.png,A,principal,sana,2282
610,dataT/healthy/healthy_2283.jpg,0,733701187a81ac41ca7ee40aa053ae3e,952d49c33794d663,cache_256/dataT/healthy/healthy_2283.png,A,principal,sana,2283
611,dataT/healthy/healthy_2284.jpg,0,ceb6feb445c848a73a0ea112acc83afe,9c4999fe50b53f40,cache_256/dataT/healthy/healthy_2284.png,A,principal,sana,2284
612,dataT/healthy/healthy_2285.jpg,0,56d915fade05cbe54810394b3ff2b990,b6999964a0bc5a8f,cache_256/dataT/healthy/healthy_2285.png,A,principal,sana,2285
613,dataT/healthy/healthy_2286.jpg,0,f5fdf40bb92e0e94adf39b1c50887fc3,bff1c3e624e4a0c8,cache_256/dataT/healthy/healthy_2286.png,A,principal,sana,2286
614,dataT/healthy/healthy_2287.jpg,0,d8ef11706107626dd8a7ef8b6102845f,eaed8827a762c2e2,cache_256/dataT/healthy/healthy_2287.png,A,principal,sana,2287
615,dataT/healthy/healthy_2288.jpg,0,08218aa9e3f63cbf7a4ad879c49544bd,ce7a9ce687640339,cache_256/dataT/healthy/healthy_2288.png,A,principal,sana,2288
616,dataT/healthy/healthy_2289.jpg,0,1e66e9a2fd27994611f1ea9bebc75832,838dde7c1f790c03,cache_256/dataT/healthy/healthy_2289.png,A,principal,sana,2289
617,dataT/healthy/healthy_229.jpg,0,765b0b255a7881fb793c415c70d01dfe,99fd724fca0c1265,cache_256/dataT/healthy/healthy_229.png,A,principal,sana,229
618,dataT/healthy/healthy_2290.jpg,0,ff8c248e62131c65a46fdea15b6f13b1,986cf39896a9e34a,cache_256/dataT/healthy/healthy_2290.png,A,principal,sana,2290
619,dataT/healthy/healthy_23.jpg,0,df5f910a3e0db02f94c0e754591e0700,c6ac9c1cf8fb2129,cache_256/dataT/healthy/healthy_23.png,A,principal,sana,23
620,dataT/healthy/healthy_230.jpg,0,90cc50d5f0406f402377814f612b29b5,eae3f43272519349,cache_256/dataT/healthy/healthy_230.png,A,principal,sana,230
621,dataT/healthy/healthy_231.jpg,0,a817741d5987ab5f02d4b5a4ce45bf80,e8b9d868a97e5ac0,cache_256/dataT/healthy/healthy_231.png,A,principal,sana,231
622,dataT/healthy/healthy_232.jpg,0,ad4c304220d056d6a3e296ea8e3762f8,cecbd0336d86495a,cache_256/dataT/healthy/healthy_232.png,A,principal,sana,232
623,dataT/healthy/healthy_233.jpg,0,d12907b10c13c405162fd2fb8ba1f906,cce2210297b64fd7,cache_256/dataT/healthy/healthy_233.png,A,principal,sana,233
624,dataT/healthy/healthy_234.jpg,0,72feda5b504ab6fcf6f651ef2cbe86f9,91f27a09dc58be07,cache_256/dataT/healthy/healthy_234.png,A,principal,sana,234
625,dataT/healthy/healthy_235.jpg,0,820a0d0b3daddff900041161fc7cb978,d4c5e477b63212a3,cache_256/dataT/healthy/healthy_235.png,A,principal,sana,235
626,dataT/healthy/healthy_236.jpg,0,401818912a17972eddcf0cf4de2956b9,edce1622f0138b8f,cache_256/dataT/healthy/healthy_236.png,A,principal,sana,236
627,dataT/healthy/healthy_237.jpg,0,b4a00a4f94af6a2b43c1e9854319843c,fc9c7c2733020b1f,cache_256/dataT/healthy/healthy_237.png,A,principal,sana,237
628,dataT/healthy/healthy_238.jpg,0,de7e0ae29e5575a8c4b54adbfd841998,ccd234297b785e52,cache_256/dataT/healthy/healthy_238.png,A,principal,sana,238
629,dataT/healthy/healthy_239.jpg,0,555450dfa05d90b1ec16290dd2a07c5f,c38dadec60da5c98,cache_256/dataT/healthy/healthy_239.png,A,principal,sana,239
630,dataT/healthy/healthy_24.jpg,0,72a72a4df40d2d6728161f11f9f881fd,a26d25a57a38f951,cache_256/dataT/healthy/healthy_24.png,A,principal,sana,24
631,dataT/healthy/healthy_240.jpg,0,ce2ed265041438d94b6825d465167d92,f7eacc606ca16895,cache_256/dataT/healthy/healthy_240.png,A,principal,sana,240
632,dataT/healthy/healthy_241.jpg,0,1518d1b930bf0777f9d7de5db0c35ad3,d1cc6eb4f61241d9,cache_256/dataT/healthy/healthy_241.png,A,principal,sana,241
633,dataT/healthy/healthy_242.jpg,0,0ca15ac2fa347aff6ebce3af2464aedc,a5c1e2a794abc42f,cache_256/dataT/healthy/healthy_242.png,A,principal,sana,242
634,dataT/healthy/healthy_243.jpg,0,b2e8017ed7156601c2dcac5463b459f0,f2311b3e38434ef4,cache_256/dataT/healthy/healthy_243.png,A,principal,sana,243
635,dataT/healthy/healthy_244.jpg,0,66ea9ecd955192d0ac5a6cadfe9a260c,8a596d74ca0e9d9c,cache_256/dataT/healthy/healthy_244.png,A,principal,sana,244
636,dataT/healthy/healthy_245.jpg,0,9b709e9955b57554f3391ffea053c1f4,85947e2bb5ca839c,cache_256/dataT/healthy/healthy_245.png,A,principal,sana,245
637,dataT/healthy/healthy_246.jpg,0,b975fa95e00c28aaa242a6f317d1ea2d,f01c81f3066b0dfd,cache_256/dataT/healthy/healthy_246.png,A,principal,sana,246
638,dataT/healthy/healthy_247.jpg,0,32f2b15da9a314ba0c04cddeea166faa,d212087347aff754,cache_256/dataT/healthy/healthy_247.png,A,principal,sana,247
639,dataT/healthy/healthy_248.jpg,0,bff2e9c5fe221adcc419300cf53f2848,c83a24339399fcc7,cache_256/dataT/healthy/healthy_248.png,A,principal,sana,248
640,dataT/healthy/healthy_249.jpg,0,26b7faffc25fd72687b47149db66f8d2,c071bf34f01cac1f,cache_256/dataT/healthy/healthy_249.png,A,principal,sana,249
641,dataT/healthy/healthy_2495.jpg,0,88b3ef3107c7b09041a506fdeb13a85d,cad5352217e13f1c,cache_256/dataT/healthy/healthy_2495.png,A,principal,sana,2495
642,dataT/healthy/healthy_2496.jpg,0,92db12f5c77a27d13e0ced8ee68f809e,e1e94aaaa53515da,cache_256/dataT/healthy/healthy_2496.png,A,principal,sana,2496
643,dataT/healthy/healthy_2497.jpg,0,74f1ec0f7c84ad5f91d6555ff320eccb,e6319942419ebdea,cache_256/dataT/healthy/healthy_2497.png,A,principal,sana,2497
644,dataT/healthy/healthy_2498.jpg,0,94a9a4372bfb23cad19f9c741711bbb6,cfccc874f4221637,cache_256/dataT/healthy/healthy_2498.png,A,principal,sana,2498
645,dataT/healthy/healthy_2499.jpg,0,5c280b18b73960d253730360690b0cb4,e7540c2d5d5d0d0f,cache_256/dataT/healthy/healthy_2499.png,A,principal,sana,2499
646,dataT/healthy/healthy_25.jpg,0,6cdbdcf4734a45466196d1742c9312dd,a73368781d2c2f4e,cache_256/dataT/healthy/healthy_25.png,A,principal,sana,25
647,dataT/healthy/healthy_250.jpg,0,617d027db2f070376be3d259b2190b5a,899833279bb7c94c,cache_256/dataT/healthy/healthy_250.png,A,principal,sana,250
648,dataT/healthy/healthy_2500.jpg,0,058b2c33bfd575ebe4df101894749e9f,aca93574223697da,cache_256/dataT/healthy/healthy_2500.png,A,principal,sana,2500
649,dataT/healthy/healthy_2501.jpg,0,b7a8975c6fb7d70bf006f186368a168c,e9ad63e38318d8c9,cache_256/dataT/healthy/healthy_2501.png,A,principal,sana,2501
650,dataT/healthy/healthy_2502.jpg,0,5f7a742dd1b3e91b8704e4f47645d2df,afba63b3bad81204,cache_256/dataT/healthy/healthy_2502.png,A,principal,sana,2502
651,dataT/healthy/healthy_2503.jpg,0,3c81cf757362b7bd525ea3e2f1e0766a,f797183b91fd004a,cache_256/dataT/healthy/healthy_2503.png,A,principal,sana,2503
652,dataT/healthy/healthy_2504.jpg,0,ed6f0b9dd6be5fc58c9a88745275087e,fe91913a8a11d763,cache_256/dataT/healthy/healthy_2504.png,A,principal,sana,2504
653,dataT/healthy/healthy_2505.jpg,0,f37c5aa7850f40dc0a7a0f83844fdc93,e25dae316b13dcc0,cache_256/dataT/healthy/healthy_2505.png,A,principal,sana,2505
654,dataT/healthy/healthy_2506.jpg,0,f349a983f6d0cfedb90539723c74af74,a9cc6ae62332d1b3,cache_256/dataT/healthy/healthy_2506.png,A,principal,sana,2506
655,dataT/healthy/healthy_2507.jpg,0,2abdc15ecdd723850f43e963dcf1dea7,834ca5235b7636ea,cache_256/dataT/healthy/healthy_2507.png,A,principal,sana,2507
656,dataT/healthy/healthy_2508.jpg,0,57b044dea8be514c2179cc8ea011fce1,9e8c1850575b7733,cache_256/dataT/healthy/healthy_2508.png,A,principal,sana,2508
657,dataT/healthy/healthy_2509.jpg,0,d1259307722ec4bea16e96bad349f5ae,b4c94ba526636f32,cache_256/dataT/healthy/healthy_2509.png,A,principal,sana,2509
658,dataT/healthy/healthy_251.jpg,0,95781f12ff9daccf48a8d4d09d66ec25,e1c91e2677333631,cache_256/dataT/healthy/healthy_251.png,A,principal,sana,251
659,dataT/healthy/healthy_2510.jpg,0,fd488c42a632490eae670070a5494f70,b24f0744ecfdbc10,cache_256/dataT/healthy/healthy_2510.png,A,principal,sana,2510
660,dataT/healthy/healthy_2511.jpg,0,f48790729ab095feffd5620cde5129e6,98d89177f2334b45,cache_256/dataT/healthy/healthy_2511.png,A,principal,sana,2511
661,dataT/healthy/healthy_2512.jpg,0,ed206130169b0c06129ec983961d87aa,d109e632f895c2ed,cache_256/dataT/healthy/healthy_2512.png,A,principal,sana,2512
662,dataT/healthy/healthy_2513.jpg,0,2023a5c5ba83191ae306b0e954552268,c5d4947262624b7f,cache_256/dataT/healthy/healthy_2513.png,A,principal,sana,2513
663,dataT/healthy/healthy_2514.jpg,0,bb1e61392ca44e43c4df604631dea1f9,eee5b4f1c143ca88,cache_256/dataT/healthy/healthy_2514.png,A,principal,sana,2514
664,dataT/healthy/healthy_2515.jpg,0,bedbb23aae1d261a28365850139b4799,c4acb43ca0b62fe6,cache_256/dataT/healthy/healthy_2515.png,A,principal,sana,2515
665,dataT/healthy/healthy_2516.jpg,0,158a684f226920abd1550afa99ede3a5,b699d8e55d266384,cache_256/dataT/healthy/healthy_2516.png,A,principal,sana,2516
666,dataT/healthy/healthy_2517.jpg,0,30e6059bb5659e3feb709eea41391a9f,cd08b2745269ded6,cache_256/dataT/healthy/healthy_2517.png,A,principal,sana,2517
667,dataT/healthy/healthy_2518.jpg,0,3cbf0aade4cc5ed0d388dc5c7e2141ce,8d5cd727a18e7c41,cache_256/dataT/healthy/healthy_2518.png,A,principal,sana,2518
668,dataT/healthy/healthy_2519.jpg,0,def0c207e1efb8e7fa486f6dab3636ab,e44ccb61c517b497,cache_256/dataT/healthy/healthy_2519.png,A,principal,sana,2519
669,dataT/healthy/healthy_252.jpg,0,f5377161dbf331d6dc65e6a9a0c54b73,b199f12ba790a5b4,cache_256/dataT/healthy/healthy_252.png,A,principal,sana,252
670,dataT/healthy/healthy_253.jpg,0,cf7df03e42158638386e0152510aa6cb,eb668c5222cef1a6,cache_256/dataT/healthy/healthy_253.png,A,principal,sana,253
671,dataT/healthy/healthy_254.jpg,0,424bc0cbbb059bdcf7498b8f5ee54538,9f8d682baa159595,cache_256/dataT/healthy/healthy_254.png,A,principal,sana,254
672,dataT/healthy/healthy_255.jpg,0,5330d92d9515a8e6749078f005b8a76c,db9d8dcbc10ba286,cache_256/dataT/healthy/healthy_255.png,A,principal,sana,255
673,dataT/healthy/healthy_2556.jpg,0,ce3b1a4c7a7473a861a5602c4e11a536,cbc03131b31f99f8,cache_256/dataT/healthy/healthy_2556.png,A,principal,sana,2556
674,dataT/healthy/healthy_2557.jpg,0,39bcd880521460d003bef59fe6123971,84c064623e3fff0b,cache_256/dataT/healthy/healthy_2557.png,A,principal,sana,2557
675,dataT/healthy/healthy_2558.jpg,0,fa1f12e5af8859e7d239abe957291ab0,dcc1e3e226466a3b,cache_256/dataT/healthy/healthy_2558.png,A,principal,sana,2558
676,dataT/healthy/healthy_2559.jpg,0,43d0328b6f8dc4e381978810ad2de0b0,8db73546cacc98d8,cache_256/dataT/healthy/healthy_2559.png,A,principal,sana,2559
677,dataT/healthy/healthy_256.jpg,0,3c5eeadc30ff5edd16e6bb91271db528,da8b0cb7e561a3a1,cache_256/dataT/healthy/healthy_256.png,A,principal,sana,256
678,dataT/healthy/healthy_2560.jpg,0,e9d88a866408b85d76d0e57983231f8e,984e8f60bb9571d4,cache_256/dataT/healthy/healthy_2560.png,A,principal,sana,2560
679,dataT/healthy/healthy_2561.jpg,0,1eddf83a32845e3f21bedad124b3ec40,dbca6d0504b7f223,cache_256/dataT/healthy/healthy_2561.png,A,principal,sana,2561
680,dataT/healthy/healthy_2562.jpg,0,fd5a7d4c9eda4ad05119c2f190e94cf5,d84d3763a723c61a,cache_256/dataT/healthy/healthy_2562.png,A,principal,sana,2562
681,dataT/healthy/healthy_2563.jpg,0,e1fcfbb9cecf5a2c1b54bc798927186f,be1671264376355c,cache_256/dataT/healthy/healthy_2563.png,A,principal,sana,2563
682,dataT/healthy/healthy_2564.jpg,0,73f469f0bc437fb254c349cec10e730f,c358dc762c27456d,cache_256/dataT/healthy/healthy_2564.png,A,principal,sana,2564
683,dataT/healthy/healthy_2565.jpg,0,a5d912dcbe1532afb5da115f70ec7658,df0f916700e6c83d,cache_256/dataT/healthy/healthy_2565.png,A,principal,sana,2565
684,dataT/healthy/healthy_2566.jpg,0,7f23ef1fe280c39faad16a5bdf6e9b8e,c6ec31339b83496e,cache_256/dataT/healthy/healthy_2566.png,A,principal,sana,2566
685,dataT/healthy/healthy_2567.jpg,0,5c54484fa89282eca5e93b5a14146b74,ec8d27f0f1f24303,cache_256/dataT/healthy/healthy_2567.png,A,principal,sana,2567
686,dataT/healthy/healthy_2568.jpg,0,81fd0885b88444ed6d05dfef3c4c52a9,d2bdbc30a8371517,cache_256/dataT/healthy/healthy_2568.png,A,principal,sana,2568
687,dataT/healthy/healthy_2569.jpg,0,a0aac5dad46b0ecf0728659fc55cf326,db0c7a74133ad195,cache_256/dataT/healthy/healthy_2569.png,A,principal,sana,2569
688,dataT/healthy/healthy_257.jpg,0,d7a77d36c5c40026fd765be849148c1d,c7b260e56dae5894,cache_256/dataT/healthy/healthy_257.png,A,principal,sana,257
689,dataT/healthy/healthy_2570.jpg,0,2ca1ff77215d1508b678665386397a42,caed8c3e1a272927,cache_256/dataT/healthy/healthy_2570.png,A,principal,sana,2570
690,dataT/healthy/healthy_2571.jpg,0,d01bfc78c6a56d0f643d19eba2d5a9e2,e1b30fe6329ab129,cache_256/dataT/healthy/healthy_2571.png,A,principal,sana,2571
691,dataT/healthy/healthy_2572.jpg,0,8f250f915ffb2aca1a260ff8d2907165,991d6ae39ccbc988,cache_256/dataT/healthy/healthy_2572.png,A,principal,sana,2572
692,dataT/healthy/healthy_2573.jpg,0,ee4fdf94cc3296bf5834ff09045a6fc7,d8a8e87a323f12a7,cache_256/dataT/healthy/healthy_2573.png,A,principal,sana,2573
693,dataT/healthy/healthy_2574.jpg,0,8a280dfb4a7c4c63ba3f965b6b10a435,d44831a743dfbcd0,cache_256/dataT/healthy/healthy_2574.png,A,principal,sana,2574
694,dataT/healthy/healthy_2575.jpg,0,29a21698f6c73fa861d96b249675a4b3,c4ecb16772254dc9,cache_256/dataT/healthy/healthy_2575.png,A,principal,sana,2575
695,dataT/healthy/healthy_2576.jpg,0,09f8b92999b4e42863e04fbeb7b4bfcf,cba89870f0f3f303,cache_256/dataT/healthy/healthy_2576.png,A,principal,sana,2576
696,dataT/healthy/healthy_2577.jpg,0,8815b873028d814b7c0da524bc7e1f0d,86163b2359748dee,cache_256/dataT/healthy/healthy_2577.png,A,principal,sana,2577
697,dataT/healthy/healthy_2578.jpg,0,7cfcdf22d5ac830ec243944460515814,95186b2ee525fd18,cache_256/dataT/healthy/healthy_2578.png,A,principal,sana,2578
698,dataT/healthy/healthy_2579.jpg,0,6e128730b8431bc732a5e82c8e86d148,c3e72d2f2c62e415,cache_256/dataT/healthy/healthy_2579.png,A,principal,sana,2579
699,dataT/healthy/healthy_258.jpg,0,899181850eccd9f630f49aa560525d3d,dbd71d226049c3d3,cache_256/dataT/healthy/healthy_258.png,A,principal,sana,258
700,dataT/healthy/healthy_2580.jpg,0,cf7ade56df154d4a90c7998f19749d40,a4c0f8274fc5cc9d,cache_256/dataT/healthy/healthy_2580.png,A,principal,sana,2580
701,dataT/healthy/healthy_2581.jpg,0,11f8060c1bc4a5ce980fe9f3272b75c7,ca2f0c29d3f183c7,cache_256/dataT/healthy/healthy_2581.png,A,principal,sana,2581
702,dataT/healthy/healthy_2582.jpg,0,36cf299a5a03f4f77c4ecbffc2d69550,e6e39753091321dd,cache_256/dataT/healthy/healthy_2582.png,A,principal,sana,2582
703,dataT/healthy/healthy_2583.jpg,0,1e9566e5f8aef2fb3deef9450202c492,8e3cb24333cd279c,cache_256/dataT/healthy/healthy_2583.png,A,principal,sana,2583
704,dataT/healthy/healthy_2584.jpg,0,9dcbc8d5e2eb584f6c428d901db71abe,9cf3170e57c620b3,cache_256/dataT/healthy/healthy_2584.png,A,principal,sana,2584
705,dataT/healthy/healthy_2585.jpg,0,9feb57a85139ca6486493564216a68d4,e9cb6230720e97bc,cache_256/dataT/healthy/healthy_2585.png,A,principal,sana,2585
706,dataT/healthy/healthy_2586.jpg,0,45cc183d6a04b076cc22b646a43a33ef,9a5e6126b29e9a99,cache_256/dataT/healthy/healthy_2586.png,A,principal,sana,2586
707,dataT/healthy/healthy_2587.jpg,0,919cf56640790207a04549ce636e296d,ecb30c71f9ea1e02,cache_256/dataT/healthy/healthy_2587.png,A,principal,sana,2587
708,dataT/healthy/healthy_2588.jpg,0,189b6665419faaafbadef064058ded60,8c8d3e7f50ea4a86,cache_256/dataT/healthy/healthy_2588.png,A,principal,sana,2588
709,dataT/healthy/healthy_2589.jpg,0,eb6827f454196cf7511c9c5c9eaed59a,a3e99d6114360e7e,cache_256/dataT/healthy/healthy_2589.png,A,principal,sana,2589
710,dataT/healthy/healthy_259.jpg,0,5bb40d37e5687e9b74184c176baf0dfc,c641cae6e9e0cd2d,cache_256/dataT/healthy/healthy_259.png,A,principal,sana,259
711,dataT/healthy/healthy_2590.jpg,0,b820c21df01c2c3bf7a67c44b47173fa,86e3f8ac8b945917,cache_256/dataT/healthy/healthy_2590.png,A,principal,sana,2590
712,dataT/healthy/healthy_2591.jpg,0,411625158a09451df254f8eb167a469f,c24b1d3778e2f107,cache_256/dataT/healthy/healthy_2591.png,A,principal,sana,2591
713,dataT/healthy/healthy_2592.jpg,0,a64148cf35062c9744e3024bf142a1b5,f71e7827bc6d4900,cache_256/dataT/healthy/healthy_2592.png,A,principal,sana,2592
714,dataT/healthy/healthy_2593.jpg,0,fb6cf90fc5df8ed28bd95d9b3bcfe2e9,86e370a5abaf103d,cache_256/dataT/healthy/healthy_2593.png,A,principal,sana,2593
715,dataT/healthy/healthy_2594.jpg,0,4b2822968f2f7a6872d91f95634e879d,caea6c377061b856,cache_256/dataT/healthy/healthy_2594.png,A,principal,sana,2594
716,dataT/healthy/healthy_2595.jpg,0,3fb9b7d1b33b12988b251897c1a1cf34,ca67c8a63292db33,cache_256/dataT/healthy/healthy_2595.png,A,principal,sana,2595
717,dataT/healthy/healthy_2596.jpg,0,19b826c3d9dd412931f2feca32a9758c,ad50df4aaa245667,cache_256/dataT/healthy/healthy_2596.png,A,principal,sana,2596
718,dataT/healthy/healthy_2597.jpg,0,db1c7f49dd05fe90df8dca642bfbf1bb,f050426dbcb6d6d2,cache_256/dataT/healthy/healthy_2597.png,A,principal,sana,2597
719,dataT/healthy/healthy_2598.jpg,0,226205f078920c875eaf65d5b5c2d155,8ca973b5859dda03,cache_256/dataT/healthy/healthy_2598.png,A,principal,sana,2598
720,dataT/healthy/healthy_2599.jpg,0,c1665116ac61371985a3e428500901df,cc65180ef17e07f8,cache_256/dataT/healthy/healthy_2599.png,A,principal,sana,2599
721,dataT/healthy/healthy_26.jpg,0,b6e99ec3ba08a698c43175975389d4db,a287c0a75e79299d,cache_256/dataT/healthy/healthy_26.png,A,principal,sana,26
722,dataT/healthy/healthy_260.jpg,0,155f61b0e4cc4a3c7c220a9448b03a13,c8d53078fdbd580a,cache_256/dataT/healthy/healthy_260.png,A,principal,sana,260
723,dataT/healthy/healthy_2600.jpg,0,77d3e90d3af06413a66c17ca5fb84e12,b248ab680d7fa4d6,cache_256/dataT/healthy/healthy_2600.png,A,principal,sana,2600
724,dataT/healthy/healthy_2601.jpg,0,91eb0417cde3483fa24584ca44e1bb40,f2151dc6782c6d69,cache_256/dataT/healthy/healthy_2601.png,A,principal,sana,2601
725,dataT/healthy/healthy_2602.jpg,0,143e0fdf8b0d1c5484790c98b9d063d6,dee49575f022b20d,cache_256/dataT/healthy/healthy_2602.png,A,principal,sana,2602
726,dataT/healthy/healthy_2603.jpg,0,08335778216fede4c1bb698b1aa68945,a1189ff1b02753a7,cache_256/dataT/healthy/healthy_2603.png,A,principal,sana,2603
727,dataT/healthy/healthy_2604.jpg,0,37cd5d133a31e8eb6b8dbb8dff56532f,f6ff48148e1cc50d,cache_256/dataT/healthy/healthy_2604.png,A,principal,sana,2604
728,dataT/healthy/healthy_2605.jpg,0,32884979cc6d762865ca45071f843e7f,c83b98e013e13ff4,cache_256/dataT/healthy/healthy_2605.png,A,principal,sana,2605
729,dataT/healthy/healthy_2606.jpg,0,e33ec0aff90d0c79710d147201c039a9,fb09852fc4a495e5,cache_256/dataT/healthy/healthy_2606.png,A,principal,sana,2606
730,dataT/healthy/healthy_2607.jpg,0,c4daaa761b325aef3f6e7b8586be8358,a2951ca7ad27b626,cache_256/dataT/healthy/healthy_2607.png,A,principal,sana,2607
731,dataT/healthy/healthy_2608.jpg,0,c498a21f0cfbb52fdf27d2623d60a9f5,f2b2484f546c674b,cache_256/dataT/healthy/healthy_2608.png,A,principal,sana,2608
732,dataT/healthy/healthy_2609.jpg,0,3e7dadcc4775332fff934d7498e0c894,c70f06b43ac3d16b,cache_256/dataT/healthy/healthy_2609.png,A,principal,sana,2609
733,dataT/healthy/healthy_261.jpg,0,c0308afe6780386b48118e15f527bd4c,c6b8407bb0b0bfb8,cache_256/dataT/healthy/healthy_261.png,A,principal,sana,261
734,dataT/healthy/healthy_2610.jpg,0,92ecb16b22fea7454d8e104bb5494513,f64c0d64fa369233,cache_256/dataT/healthy/healthy_2610.png,A,principal,sana,2610
735,dataT/healthy/healthy_2611.jpg,0,7eef6fa6aa97314baf8e69950316abf5,f12dc9bb11913a39,cache_256/dataT/healthy/healthy_2611.png,A,principal,sana,2611
736,dataT/healthy/healthy_2612.jpg,0,242c6be54a80a79616619a2500078220,ccb4383eb2f0b0b3,cache_256/dataT/healthy/healthy_2612.png,A,principal,sana,2612
737,dataT/healthy/healthy_2613.jpg,0,314636ee7a237729b23986636536150a,e41918377b6163ea,cache_256/dataT/healthy/healthy_2613.png,A,principal,sana,2613
738,dataT/healthy/healthy_2614.jpg,0,2500fbf13f5dadf7cfca96ad89e7dd7c,c94d3f367643270c,cache_256/dataT/healthy/healthy_2614.png,A,principal,sana,2614
739,dataT/healthy/healthy_2615.jpg,0,625d82918ba964c78351ba5ae6e2fa52,c55949c53debb023,cache_256/dataT/healthy/healthy_2615.png,A,principal,sana,2615
740,dataT/healthy/healthy_2616.jpg,0,750d99edda538ff6d92a67f2cf862c1b,e10cdf6b79a4e1a0,cache_256/dataT/healthy/healthy_2616.png,A,principal,sana,2616
741,dataT/healthy/healthy_2617.jpg,0,d8fc94ca79f6e45dbfcf66b5e85cd4a0,bcce506317233675,cache_256/dataT/healthy/healthy_2617.png,A,principal,sana,2617
742,dataT/healthy/healthy_2618.jpg,0,de47b2d6eed6aa265aea60e1b0bf8b99,e25f9dfaf8c92080,cache_256/dataT/healthy/healthy_2618.png,A,principal,sana,2618
743,dataT/healthy/healthy_2619.jpg,0,99d5f55b6f4432231e1e63de8c2c1d75,b45a5f39e9555c80,cache_256/dataT/healthy/healthy_2619.png,A,principal,sana,2619
744,dataT/healthy/healthy_262.jpg,0,257f66135d1b624abdd54d5783d42caf,93e90d243e3a393b,cache_256/dataT/healthy/healthy_262.png,A,principal,sana,262
745,dataT/healthy/healthy_2620.jpg,0,112c255aaeae3b4db5a78a026bf34a84,c19a8c1b1c79fa1d,cache_256/dataT/healthy/healthy_2620.png,A,principal,sana,2620
746,dataT/healthy/healthy_2621.jpg,0,d97cc500e27a84b4f42f3f3efca185b9,a78d5877eae38380,cache_256/dataT/healthy/healthy_2621.png,A,principal,sana,2621
747,dataT/healthy/healthy_2622.jpg,0,a193a989a67ab683c960904599f58164,cccb6820323f535f,cache_256/dataT/healthy/healthy_2622.png,A,principal,sana,2622
748,dataT/healthy/healthy_2623.jpg,0,511f82b0a21b00d3c3b2303325f8aeb4,fe7f0902b391169c,cache_256/dataT/healthy/healthy_2623.png,A,principal,sana,2623
749,dataT/healthy/healthy_2624.jpg,0,dfc81507e07ccac9191c8984745cf1b8,8e1e5730e2339ee8,cache_256/dataT/healthy/healthy_2624.png,A,principal,sana,2624
750,dataT/healthy/healthy_2625.jpg,0,8ba72ae6869f7733bdd18fcb0958e81b,d8444e669325dbae,cache_256/dataT/healthy/healthy_2625.png,A,principal,sana,2625
751,dataT/healthy/healthy_2626.jpg,0,b20a31bf91833ce29df0b2ac8ddf4fc7,a1571956b6faa50a,cache_256/dataT/healthy/healthy_2626.png,A,principal,sana,2626
752,dataT/healthy/healthy_2627.jpg,0,b778494b466c2e1dc47abdf4af1ca082,b3c9c1d0f4eca86a,cache_256/dataT/healthy/healthy_2627.png,A,principal,sana,2627
753,dataT/healthy/healthy_2628.jpg,0,feb19891d89f3ad329e0ed9e49cce894,f4209b2cf2bd5a43,cache_256/dataT/healthy/healthy_2628.png,A,principal,sana,2628
754,dataT/healthy/healthy_2629.jpg,0,23e1b629c0b3cc7704fd8f3d736f9639,d2d84f15a10b1f1f,cache_256/dataT/healthy/healthy_2629.png,A,principal,sana,2629
755,dataT/healthy/healthy_263.jpg,0,22c390ddd8ce9804f3f80097dee74273,dc9cb1686666a553,cache_256/dataT/healthy/healthy_263.png,A,principal,sana,263
756,dataT/healthy/healthy_2630.jpg,0,0cebc8c46af608e49f0042c46056ed35,a6a81f7687b6c185,cache_256/dataT/healthy/healthy_2630.png,A,principal,sana,2630
757,dataT/healthy/healthy_2631.jpg,0,2f3798baf7f724fe9c5b0de65b354f89,f558d8656fe6500a,cache_256/dataT/healthy/healthy_2631.png,A,principal,sana,2631
758,dataT/healthy/healthy_2632.jpg,0,b66a97bede5e8df0ffa8a3084be31780,cac6cd74485a7d1c,cache_256/dataT/healthy/healthy_2632.png,A,principal,sana,2632
759,dataT/healthy/healthy_2633.jpg,0,b926618f3b28c3cde44f052a1bea45b9,ccc4d9a2b13632f3,cache_256/dataT/healthy/healthy_2633.png,A,principal,sana,2633
760,dataT/healthy/healthy_2634.jpg,0,002a6e873480320905bc7f60af6e5b9c,c3433c60f76e032f,cache_256/dataT/healthy/healthy_2634.png,A,principal,sana,2634
761,dataT/healthy/healthy_2635.jpg,0,6070c8463e89831d776e3697503ff89a,b4dd1c63e0b4e5b0,cache_256/dataT/healthy/healthy_2635.png,A,principal,sana,2635
762,dataT/healthy/healthy_2636.jpg,0,7c71932ad6dbbae62a51eb61fe0fc39b,f936bc834ac06aea,cache_256/dataT/healthy/healthy_2636.png,A,principal,sana,2636
763,dataT/healthy/healthy_2637.jpg,0,f731714c52024e39852cd407df05bb76,bcb4506117dea4bc,cache_256/dataT/healthy/healthy_2637.png,A,principal,sana,2637
764,dataT/healthy/healthy_2638.jpg,0,c19da272aefc6448420263fc8d17f7ad,95f2b8637b0f2582,cache_256/dataT/healthy/healthy_2638.png,A,principal,sana,2638
765,dataT/healthy/healthy_2639.jpg,0,4c2f81f532e21b3b4a355f5c0ffb4d20,e8aad4383d708bae,cache_256/dataT/healthy/healthy_2639.png,A,principal,sana,2639
766,dataT/healthy/healthy_264.jpg,0,a0c4a3c14ce5c517b53790ba29d99edc,a2a89c331077be7c,cache_256/dataT/healthy/healthy_264.png,A,principal,sana,264
767,dataT/healthy/healthy_2640.jpg,0,81cc4be2d3c1d0bab7a95e8e1c74eb5e,efcf781151301f23,cache_256/dataT/healthy/healthy_2640.png,A,principal,sana,2640
768,dataT/healthy/healthy_2641.jpg,0,03c5bc6a3fa25f54dc4ea2c74248cd8c,ddfc70b17270830d,cache_256/dataT/healthy/healthy_2641.png,A,principal,sana,2641
769,dataT/healthy/healthy_2642.jpg,0,6194cabc7f76bd318cc832a178c417eb,9ccc6a6b2df4d206,cache_256/dataT/healthy/healthy_2642.png,A,principal,sana,2642
770,dataT/healthy/healthy_2643.jpg,0,ae6a5adddf5ea819a13cfbe7620bccbe,97b98df1f1c103c1,cache_256/dataT/healthy/healthy_2643.png,A,principal,sana,2643
771,dataT/healthy/healthy_2644.jpg,0,a03f425eee21ef66d961ec307213d0ed,b5351a30a5bda65a,cache_256/dataT/healthy/healthy_2644.png,A,principal,sana,2644
772,dataT/healthy/healthy_2645.jpg,0,bdcc69f362c437b5909946c5fd4bc29a,831ff9602f4527c5,cache_256/dataT/healthy/healthy_2645.png,A,principal,sana,2645
773,dataT/healthy/healthy_2646.jpg,0,db022618e2d841c22ea1cf4bd8e940c6,8cb16133cdea9ca5,cache_256/dataT/healthy/healthy_2646.png,A,principal,sana,2646
774,dataT/healthy/healthy_2647.jpg,0,5a3a9bd93df544eaff0fbddf2902f029,8cbc786fb56a8cc0,cache_256/dataT/healthy/healthy_2647.png,A,principal,sana,2647
775,dataT/healthy/healthy_2648.jpg,0,c1933e4faa63bba5d681f4572d982afb,f2411db2f1c243de,cache_256/dataT/healthy/healthy_2648.png,A,principal,sana,2648
776,dataT/healthy/healthy_2649.jpg,0,82e973579733c2bb9960e20786792eb2,def32c3a3825e0f0,cache_256/dataT/healthy/healthy_2649.png,A,principal,sana,2649
777,dataT/healthy/healthy_265.jpg,0,d3ff095b74b8f5ee0e039b86a55c268a,cadcd42fad2aa849,cache_256/dataT/healthy/healthy_265.png,A,principal,sana,265
778,dataT/healthy/healthy_2650.jpg,0,611e72d830e74fdc7df8932eaa94e2ad,ad15742f292ab517,cache_256/dataT/healthy/healthy_2650.png,A,principal,sana,2650
779,dataT/healthy/healthy_2651.jpg,0,99709f93ee23a04cfd52128dbd5aa176,8e4c5cf6f0e103ab,cache_256/dataT/healthy/healthy_2651.png,A,principal,sana,2651
780,dataT/healthy/healthy_266.jpg,0,a7fca1bc4bcdfc0c29387c42533c0cd2,de06435d69ed30d2,cache_256/dataT/healthy/healthy_266.png,A,principal,sana,266
781,dataT/healthy/healthy_267.jpg,0,8d3a85866b44c47417f27297c3c2ec96,81a163e7e58cdd0d,cache_256/dataT/healthy/healthy_267.png,A,principal,sana,267
782,dataT/healthy/healthy_268.jpg,0,6e5a2f094a92276c6095aeea8ed85aae,cfa948605cb4e86f,cache_256/dataT/healthy/healthy_268.png,A,principal,sana,268
783,dataT/healthy/healthy_269.jpg,0,d13f7d38d63a83da6202deec98dff30d,e85c1cf4d4ea8457,cache_256/dataT/healthy/healthy_269.png,A,principal,sana,269
784,dataT/healthy/healthy_27.jpg,0,6e67c3aed02db8aa5262ada8952de0b2,d7f3296222762b0d,cache_256/dataT/healthy/healthy_27.png,A,principal,sana,27
785,dataT/healthy/healthy_270.jpg,0,3a90bf00b57ec0b3428c07159bbe1fe9,9cd84622d387d1bb,cache_256/dataT/healthy/healthy_270.png,A,principal,sana,270
786,dataT/healthy/healthy_271.jpg,0,49f000ce3526f5ebd8abd6b6e271ab3a,edbb3c3622099d58,cache_256/dataT/healthy/healthy_271.png,A,principal,sana,271
787,dataT/healthy/healthy_272.jpg,0,9035cf945491eb39a53c086cfaedb3d2,ad8687363d4358cd,cache_256/dataT/healthy/healthy_272.png,A,principal,sana,272
788,dataT/healthy/healthy_273.jpg,0,611c644fab5c85b8a7fab8759fc16601,d663796931029d9e,cache_256/dataT/healthy/healthy_273.png,A,principal,sana,273
789,dataT/healthy/healthy_274.jpg,0,23954d62656cf1d5fed48f787d8028ff,b313d5f35de0e840,cache_256/dataT/healthy/healthy_274.png,A,principal,sana,274
790,dataT/healthy/healthy_2748.jpg,0,dc7a39dd4602e0a25afb241146eccaab,f0c2d82b4d6978ec,cache_256/dataT/healthy/healthy_2748.png,A,principal,sana,2748
791,dataT/healthy/healthy_2749.jpg,0,6434279fff950de8e22e3005b7daf040,eb4d5e7613e0e0c1,cache_256/dataT/healthy/healthy_2749.png,A,principal,sana,2749
792,dataT/healthy/healthy_275.jpg,0,58fda0e5e32db2da9cad7eeda74759d8,d20d9c484d47676f,cache_256/dataT/healthy/healthy_275.png,A,principal,sana,275
793,dataT/healthy/healthy_2750.jpg,0,aa055e88e926a78412132844894a6b99,926a4de5ae2e9a1c,cache_256/dataT/healthy/healthy_2750.png,A,principal,sana,2750
794,dataT/healthy/healthy_2751.jpg,0,40e3dfb057da33d18def153a679d87aa,a25ce6762c169e8e,cache_256/dataT/healthy/healthy_2751.png,A,principal,sana,2751
795,dataT/healthy/healthy_2752.jpg,0,b55b95b22e10fd350a377d59ed123a2b,e24c9c13813fce7c,cache_256/dataT/healthy/healthy_2752.png,A,principal,sana,2752
796,dataT/healthy/healthy_2753.jpg,0,4f8446246f672e776614dc5bf775c0c4,f6594c6d1c283bd2,cache_256/dataT/healthy/healthy_2753.png,A,principal,sana,2753
797,dataT/healthy/healthy_2754.jpg,0,d3deb5e91cd370b90b37cedd1166b697,a6484c24f97b7b19,cache_256/dataT/healthy/healthy_2754.png,A,principal,sana,2754
798,dataT/healthy/healthy_2755.jpg,0,64e7247025630bed99359d209b89bd1a,cc4739303735f0e3,cache_256/dataT/healthy/healthy_2755.png,A,principal,sana,2755
799,dataT/healthy/healthy_2756.jpg,0,2a419f10180f6374fd88b58ed2e9d3ba,eeeff13736809410,cache_256/dataT/healthy/healthy_2756.png,A,principal,sana,2756
800,dataT/healthy/healthy_2757.jpg,0,559cb7e65f892ec780f837602a431485,8658c07d49ee7da2,cache_256/dataT/healthy/healthy_2757.png,A,principal,sana,2757
801,dataT/healthy/healthy_2758.jpg,0,63bc6d5a097ba60ac90efd4f8c531e62,975a9b55140615fd,cache_256/dataT/healthy/healthy_2758.png,A,principal,sana,2758
802,dataT/healthy/healthy_2759.jpg,0,6af64026ee64c0785f8dcab5fb53bd0b,eea7b927412a4b46,cache_256/dataT/healthy/healthy_2759.png,A,principal,sana,2759
803,dataT/healthy/healthy_276.jpg,0,906b768d80b9996295d06697bfbd6f6d,9cc65933f0d1978c,cache_256/dataT/healthy/healthy_276.png,A,principal,sana,276
804,dataT/healthy/healthy_2760.jpg,0,0baf13538e48a48153fcd9ac419fef84,d0f72c08102f7f73,cache_256/dataT/healthy/healthy_2760.png,A,principal,sana,2760
805,dataT/healthy/healthy_2761.jpg,0,4fcbea729e2719fb67766c06490c67b0,8d775922b46a69a5,cache_256/dataT/healthy/healthy_2761.png,A,principal,sana,2761
806,dataT/healthy/healthy_2762.jpg,0,ec57ed439a8036cd864c2377877bab2e,dee683323c5569a8,cache_256/dataT/healthy/healthy_2762.png,A,principal,sana,2762
807,dataT/healthy/healthy_2763.jpg,0,ec536f1f38173a99ceb0829bb433c9da,9f488c64f6a235b5,cache_256/dataT/healthy/healthy_2763.png,A,principal,sana,2763
808,dataT/healthy/healthy_2764.jpg,0,cabf73b03bed52a05a310df4944622be,96903baf8916dae2,cache_256/dataT/healthy/healthy_2764.png,A,principal,sana,2764
809,dataT/healthy/healthy_2765.jpg,0,5c1aec160ea88a658640ca26c1df2f63,8fa774f40616aec8,cache_256/dataT/healthy/healthy_2765.png,A,principal,sana,2765
810,dataT/healthy/healthy_2766.jpg,0,284e911ea6e89dc2c4154f330413792a,b3e7dcda220ce264,cache_256/dataT/healthy/healthy_2766.png,A,principal,sana,2766
811,dataT/healthy/healthy_2767.jpg,0,50eaa0530f5351c3f29fdbc8f29132a6,b393f3416d762483,cache_256/dataT/healthy/healthy_2767.png,A,principal,sana,2767
812,dataT/healthy/healthy_2768.jpg,0,8f374513b2b28d14ecbc1ad18b9392ed,e2df1f270426e436,cache_256/dataT/healthy/healthy_2768.png,A,principal,sana,2768
813,dataT/healthy/healthy_2769.jpg,0,e43948ba8e71059e5b4b3cf935a6be15,d08df8519331ff0a,cache_256/dataT/healthy/healthy_2769.png,A,principal,sana,2769
814,dataT/healthy/healthy_277.jpg,0,51c9e4254aaf8d2471dda21855a99690,f210c9f3b341e31d,cache_256/dataT/healthy/healthy_277.png,A,principal,sana,277
815,dataT/healthy/healthy_2770.jpg,0,ab04f159335ccd39ff0c900e08202d56,8da53136dfc4c70c,cache_256/dataT/healthy/healthy_2770.png,A,principal,sana,2770
816,dataT/healthy/healthy_2771.jpg,0,da6a42e68c98aab77d1ed4032b91b6e8,fead1572bc9e8082,cache_256/dataT/healthy/healthy_2771.png,A,principal,sana,2771
817,dataT/healthy/healthy_2772.jpg,0,608cd6fb4f2a3ebe2da41949aece2369,951b7c332e0ed0cd,cache_256/dataT/healthy/healthy_2772.png,A,principal,sana,2772
818,dataT/healthy/healthy_2773.jpg,0,b12a0626f4b4ee963d872380d9f46aa8,9d8c6c625e562ea5,cache_256/dataT/healthy/healthy_2773.png,A,principal,sana,2773
819,dataT/healthy/healthy_2774.jpg,0,b714cb39937fee53156c9f395222f405,b6b519a4329b8ada,cache_256/dataT/healthy/healthy_2774.png,A,principal,sana,2774
820,dataT/healthy/healthy_2775.jpg,0,ad2f3772293e43d3ffd04a0a8fb7f0af,b71e08487fbc02db,cache_256/dataT/healthy/healthy_2775.png,A,principal,sana,2775
821,dataT/healthy/healthy_2776.jpg,0,d8d599fe95f97b939a250ce09f47064e,d8dea06227e1674d,cache_256/dataT/healthy/healthy_2776.png,A,principal,sana,2776
822,dataT/healthy/healthy_2777.jpg,0,1cafe34bdef0eaa516f5900c3f8cbfc5,e60cf8a15bf240af,cache_256/dataT/healthy/healthy_2777.png,A,principal,sana,2777
823,dataT/healthy/healthy_2778.jpg,0,388b9bf303eae689df37dc0cb906933f,ecc0637a2197ea87,cache_256/dataT/healthy/healthy_2778.png,A,principal,sana,2778
824,dataT/healthy/healthy_2779.jpg,0,d1ac4d336774775e4d702239f65d0ac4,dee0b76285329cb2,cache_256/dataT/healthy/healthy_2779.png,A,principal,sana,2779
825,dataT/healthy/healthy_278.jpg,0,b62c1c85d60acb7bffe14ee11ffd6175,d6389d510d1e3be8,cache_256/dataT/healthy/healthy_278.png,A,principal,sana,278
826,dataT/healthy/healthy_2780.jpg,0,1dec9526a485de3b97d3675a84934a26,96510723a4e7e747,cache_256/dataT/healthy/healthy_2780.png,A,principal,sana,2780
827,dataT/healthy/healthy_2781.jpg,0,14b9103464d29cda443425e0d9898aa2,9293d4572c1366dd,cache_256/dataT/healthy/healthy_2781.png,A,principal,sana,2781
828,dataT/healthy/healthy_2782.jpg,0,12e3a93affb304cf7e2e769c7d822f33,fea38d4244d572b8,cache_256/dataT/healthy/healthy_2782.png,A,principal,sana,2782
829,dataT/healthy/healthy_2783.jpg,0,4dc5a36d0455dfd8d33b37069e9c89ef,e8f4b0e7a6a2a3c1,cache_256/dataT/healthy/healthy_2783.png,A,principal,sana,2783
830,dataT/healthy/healthy_2784.jpg,0,7ef026af0e2a02f5dc469d2ccd6c91ef,a7e5b8b2e2430d9a,cache_256/dataT/healthy/healthy_2784.png,A,principal,sana,2784
831,dataT/healthy/healthy_2785.jpg,0,c4bec6bd01e9c189925b122b34a7eac7,cffca8ab29b12522,cache_256/dataT/healthy/healthy_2785.png,A,principal,sana,2785
832,dataT/healthy/healthy_2786.jpg,0,e594e41f6fd757152fc6fdc20afd2a22,e5ac0c49dcf4d5c4,cache_256/dataT/healthy/healthy_2786.png,A,principal,sana,2786
833,dataT/healthy/healthy_2787.jpg,0,a6ca821b99794a518204548961b64c3f,92a74ce3ad96525a,cache_256/dataT/healthy/healthy_2787.png,A,principal,sana,2787
834,dataT/healthy/healthy_2788.jpg,0,aacc352bda2fd75879fc769a412fe0a6,db4f25b1b43e9b00,cache_256/dataT/healthy/healthy_2788.png,A,principal,sana,2788
835,dataT/healthy/healthy_2789.jpg,0,0a31d56d89fe92b1bb4d0395c4d94e27,96e58cf0f5b422f0,cache_256/dataT/healthy/healthy_2789.png,A,principal,sana,2789
836,dataT/healthy/healthy_279.jpg,0,a448d8fe4b8f9e262d4415b4a8afda86,df4b21e0e73620f1,cache_256/dataT/healthy/healthy_279.png,A,principal,sana,279
837,dataT/healthy/healthy_2790.jpg,0,3c15f6204c222cf11aed69337dbd0810,9d2512c077478fe5,cache_256/dataT/healthy/healthy_2790.png,A,principal,sana,2790
838,dataT/healthy/healthy_2791.jpg,0,43028d4f216ebd05b30974b736cb42d2,9ab7fd50508ca5c5,cache_256/dataT/healthy/healthy_2791.png,A,principal,sana,2791
839,dataT/healthy/healthy_2792.jpg,0,bf77ac86b6d5a7cee9bded008b229cb6,ea27ade29105fb06,cache_256/dataT/healthy/healthy_2792.png,A,principal,sana,2792
840,dataT/healthy/healthy_2793.jpg,0,e9f46ab9ff52faf9ff39cbf842b1017b,8668cf76f0063fc4,cache_256/dataT/healthy/healthy_2793.png,A,principal,sana,2793
841,dataT/healthy/healthy_2794.jpg,0,94a2352553c88b50f6936456df35577a,b2c96536349179ab,cache_256/dataT/healthy/healthy_2794.png,A,principal,sana,2794
842,dataT/healthy/healthy_2795.jpg,0,1c12f1c6e2339496cee0d75c483fe45e,a7f1bd370b8cc80a,cache_256/dataT/healthy/healthy_2795.png,A,principal,sana,2795
843,dataT/healthy/healthy_2796.jpg,0,a6f5e7dd4177cca68414e25481ef7468,a3b75f521c88a95c,cache_256/dataT/healthy/healthy_2796.png,A,principal,sana,2796
844,dataT/healthy/healthy_2797.jpg,0,5c3ae5b74d0e706d4556a93dd920e640,91bc999d39d1a691,cache_256/dataT/healthy/healthy_2797.png,A,principal,sana,2797
845,dataT/healthy/healthy_2798.jpg,0,e85ba56259643dcda38791fc35415124,8dc327d722666927,cache_256/dataT/healthy/healthy_2798.png,A,principal,sana,2798
846,dataT/healthy/healthy_2799.jpg,0,ecf2cf9d0e4ab64225452057b6f126ef,932d96f74bc11896,cache_256/dataT/healthy/healthy_2799.png,A,principal,sana,2799
847,dataT/healthy/healthy_28.jpg,0,5256da35c289fccafe23b04bb5f87445,a7e349070f3a28f3,cache_256/dataT/healthy/healthy_28.png,A,principal,sana,28
848,dataT/healthy/healthy_280.jpg,0,a841abce757f2fca55b97ab2be8b51c5,cdf376d2d8780624,cache_256/dataT/healthy/healthy_280.png,A,principal,sana,280
849,dataT/healthy/healthy_2800.jpg,0,b07be3efe083a50244cb029a4f55d929,ceda336760ec2e0c,cache_256/dataT/healthy/healthy_2800.png,A,principal,sana,2800
850,dataT/healthy/healthy_2801.jpg,0,ba2db5d783dcd8d03391e6c9e534297e,9666c96680565bcf,cache_256/dataT/healthy/healthy_2801.png,A,principal,sana,2801
851,dataT/healthy/healthy_2802.jpg,0,ddbd5979be03cabbd28d5f27b14cfa38,a3b1993b3923a5d2,cache_256/dataT/healthy/healthy_2802.png,A,principal,sana,2802
852,dataT/healthy/healthy_2803.jpg,0,b66394dd2ed913e460615f8831bbd07d,e2b18b7985b5a730,cache_256/dataT/healthy/healthy_2803.png,A,principal,sana,2803
853,dataT/healthy/healthy_2804.jpg,0,dce55998ffb93feb2b2f3f31ceb64b79,ca145cf84df82b95,cache_256/dataT/healthy/healthy_2804.png,A,principal,sana,2804
854,dataT/healthy/healthy_2805.jpg,0,c5ab9eaf653dcf539061151ce2def006,a5b98987ae00177f,cache_256/dataT/healthy/healthy_2805.png,A,principal,sana,2805
855,dataT/healthy/healthy_2806.jpg,0,528c79c311ce1875939b0ab36d60fe06,b98d3c1c51e96b51,cache_256/dataT/healthy/healthy_2806.png,A,principal,sana,2806
856,dataT/healthy/healthy_2807.jpg,0,81e3be664a4658dd4ddcc2554fab9c8b,e984fca723b006bd,cache_256/dataT/healthy/healthy_2807.png,A,principal,sana,2807
857,dataT/healthy/healthy_2808.jpg,0,3a2b1af83a4f31145d76c948d2b9b147,dc3fb0374b068f90,cache_256/dataT/healthy/healthy_2808.png,A,principal,sana,2808
858,dataT/healthy/healthy_2809.jpg,0,67f36a84c44b5d235d77a64e4807c9b4,cfc180081dfdf0f9,cache_256/dataT/healthy/healthy_2809.png,A,principal,sana,2809
859,dataT/healthy/healthy_281.jpg,0,6070a1461bc28665289959cdcdd37bc4,9c9a0e3177636a66,cache_256/dataT/healthy/healthy_281.png,A,principal,sana,281
860,dataT/healthy/healthy_2810.jpg,0,bc7a3fa9bc75fb485b34a74b8a2b1032,889dbcb1b6d7d014,cache_256/dataT/healthy/healthy_2810.png,A,principal,sana,2810
861,dataT/healthy/healthy_2811.jpg,0,5c1e34e538f02234b33554efc24b2f2f,9b8edb26076153e2,cache_256/dataT/healthy/healthy_2811.png,A,principal,sana,2811
862,dataT/healthy/healthy_2812.jpg,0,b48da73bd7a5fdd83bf33410b52becb3,ef64eca3395a010f,cache_256/dataT/healthy/healthy_2812.png,A,principal,sana,2812
863,dataT/healthy/healthy_2813.jpg,0,b79e85a5b697eb1f9c8d83bad3dadd5d,b4a1dc2379076676,cache_256/dataT/healthy/healthy_2813.png,A,principal,sana,2813
864,dataT/healthy/healthy_2814.jpg,0,f0e331ad1cb861ade5c4fe6df1ede6b9,ff900c6d7d0f0385,cache_256/dataT/healthy/healthy_2814.png,A,principal,sana,2814
865,dataT/healthy/healthy_2815.jpg,0,ee10572cf47e8784a66060baac969347,c9cb8d7864f27183,cache_256/dataT/healthy/healthy_2815.png,A,principal,sana,2815
866,dataT/healthy/healthy_2816.jpg,0,b54860aa917387ebc79c6e2d2f5b58e8,c4bd9821c1633fe5,cache_256/dataT/healthy/healthy_2816.png,A,principal,sana,2816
867,dataT/healthy/healthy_2817.jpg,0,644253576d79ca5a0966cbaac567bd48,e498dc94f1230777,cache_256/dataT/healthy/healthy_2817.png,A,principal,sana,2817
868,dataT/healthy/healthy_2818.jpg,0,f27ac8b4678ae8fd5c2aae1d178bb513,c7b30d0da0c73d3c,cache_256/dataT/healthy/healthy_2818.png,A,principal,sana,2818
869,dataT/healthy/healthy_282.jpg,0,841a64ec848d28b0bbdd0dba3d2b1e27,ca901f3f7f9492c0,cache_256/dataT/healthy/healthy_282.png,A,principal,sana,282
870,dataT/healthy/healthy_283.jpg,0,ec371e3e57c6b2b1a0ec38a1463427ca,ebed8432f542988b,cache_256/dataT/healthy/healthy_283.png,A,principal,sana,283
871,dataT/healthy/healthy_284.jpg,0,606f56ed5f86a5a652de7ab8315ee538,e6a6d4724b39b119,cache_256/dataT/healthy/healthy_284.png,A,principal,sana,284
872,dataT/healthy/healthy_285.jpg,0,042d432674e44fc07408ca1e2a48cd3a,b19dd87d4e80a4ec,cache_256/dataT/healthy/healthy_285.png,A,principal,sana,285
873,dataT/healthy/healthy_286.jpg,0,5bdec1aab39f066342daef950520d85c,e765ecb514d0531a,cache_256/dataT/healthy/healthy_286.png,A,principal,sana,286
874,dataT/healthy/healthy_287.jpg,0,ed5bf5a7cbc3f811709497db1f8e38e1,f9f618d0a5e4cd48,cache_256/dataT/healthy/healthy_287.png,A,principal,sana,287
875,dataT/healthy/healthy_288.jpg,0,986586de1b845b3cd11e244139747d99,dbe21c3cb030b537,cache_256/dataT/healthy/healthy_288.png,A,principal,sana,288
876,dataT/healthy/healthy_289.jpg,0,a0c7b2cb9d3dba2a95a359afb5818c1f,c6e9a937323a591a,cache_256/dataT/healthy/healthy_289.png,A,principal,sana,289
877,dataT/healthy/healthy_29.jpg,0,3b0999896160b24fb65e3b2d6ad49a09,c64266b2f0b4559f,cache_256/dataT/healthy/healthy_29.png,A,principal,sana,29
878,dataT/healthy/healthy_290.jpg,0,aa7f3c349c0b22ddf51b81d0d9c86740,c3ebccb6a8e081ae,cache_256/dataT/healthy/healthy_290.png,A,principal,sana,290
879,dataT/healthy/healthy_291.jpg,0,db76fa0fbff91af9e8d4c7a2d8c4a323,878e1967d45c1fd0,cache_256/dataT/healthy/healthy_291.png,A,principal,sana,291
880,dataT/healthy/healthy_3.jpg,0,0526104111abba282e6ad64d89f944a4,855a7a362757ac68,cache_256/dataT/healthy/healthy_3.png,A,principal,sana,3
881,dataT/healthy/healthy_30.jpg,0,3459192390e90643cf75655226f596f3,864f69abeb60b415,cache_256/dataT/healthy/healthy_30.png,A,principal,sana,30
882,dataT/healthy/healthy_3083.jpg,0,64bf825f2ce5adc8b877de26a23af7b2,d93c66728a321de9,cache_256/dataT/healthy/healthy_3083.png,A,principal,sana,3083
883,dataT/healthy/healthy_3084.jpg,0,8456295219a28dd46dd676e430eb26b0,99a29defb26ce180,cache_256/dataT/healthy/healthy_3084.png,A,principal,sana,3084
884,dataT/healthy/healthy_3085.jpg,0,764205d24cd3f6c729904c82aa6d7b7e,b9ec2e25920b0fce,cache_256/dataT/healthy/healthy_3085.png,A,principal,sana,3085
885,dataT/healthy/healthy_3086.jpg,0,591fe609b06923df8d5c0d7621d6c756,b1938f741c5c1e2e,cache_256/dataT/healthy/healthy_3086.png,A,principal,sana,3086
886,dataT/healthy/healthy_3087.jpg,0,56e780ec7d896fc2d1fd057cd3a3e343,cfa2bc33b0f3e404,cache_256/dataT/healthy/healthy_3087.png,A,principal,sana,3087
887,dataT/healthy/healthy_3088.jpg,0,f41257ce2d6647e7f7d6dac641f04343,93bba246b6426ada,cache_256/dataT/healthy/healthy_3088.png,A,principal,sana,3088
888,dataT/healthy/healthy_3089.jpg,0,b46188b5c64e4747bc8058d95fc6ef50,87bc9c3629f269e0,cache_256/dataT/healthy/healthy_3089.png,A,principal,sana,3089
889,dataT/healthy/healthy_3090.jpg,0,a3abb094e23b7fa900cec00862f7ceb8,f3cf4c626424ac67,cache_256/dataT/healthy/healthy_3090.png,A,principal,sana,3090
890,dataT/healthy/healthy_3091.jpg,0,8ec270b72c690f0323ffa9ca9f931453,861bb1230de0e9fe,cache_256/dataT/healthy/healthy_3091.png,A,principal,sana,3091
891,dataT/healthy/healthy_3092.jpg,0,8a0ba0f32c0149b4bbca2143f16e39a5,cb571f7a708045cd,cache_256/dataT/healthy/healthy_3092.png,A,principal,sana,3092
892,dataT/healthy/healthy_3093.jpg,0,92b9adc144c67bbed70b9150aafdc9e9,eb66d04d33981f38,cache_256/dataT/healthy/healthy_3093.png,A,principal,sana,3093
893,dataT/healthy/healthy_3094.jpg,0,42324498921ac02edb15e1b646f769e9,e6e5ca4b4b4c8d29,cache_256/dataT/healthy/healthy_3094.png,A,principal,sana,3094
894,dataT/healthy/healthy_3095.jpg,0,89339b5d7c217de0f3a809a45db73a34,de8ce7361339921a,cache_256/dataT/healthy/healthy_3095.png,A,principal,sana,3095
895,dataT/healthy/healthy_3096.jpg,0,9d743f5143c3acd67fe779147fdb9abf,fe1db1a101f03bb2,cache_256/dataT/healthy/healthy_3096.png,A,principal,sana,3096
896,dataT/healthy/healthy_3097.jpg,0,a5a242c14cda0be7bcf9e62b0c093174,cecabb0505d478f8,cache_256/dataT/healthy/healthy_3097.png,A,principal,sana,3097
897,dataT/healthy/healthy_3098.jpg,0,ec14c62e6a628ef6181898b19a2c00a0,ecec395116f53609,cache_256/dataT/healthy/healthy_3098.png,A,principal,sana,3098
898,dataT/healthy/healthy_3099.jpg,0,0b6273b8ebf2b8c88927fbb3c56c6f8f,f7b10c37140f6e2a,cache_256/dataT/healthy/healthy_3099.png,A,principal,sana,3099
899,dataT/healthy/healthy_31.jpg,0,6a714fe8647cd354ecbfb64537eda30f,b51153241d7ef4e4,cache_256/dataT/healthy/healthy_31.png,A,principal,sana,31
900,dataT/healthy/healthy_3100.jpg,0,8daabf57cb8395e9499e2634f18d58a6,dfd8243d3734031e,cache_256/dataT/healthy/healthy_3100.png,A,principal,sana,3100
901,dataT/healthy/healthy_3101.jpg,0,f9796c2f5d897f401bb07e0a8dfab0db,c0312463b7d9dfc8,cache_256/dataT/healthy/healthy_3101.png,A,principal,sana,3101
902,dataT/healthy/healthy_3102.jpg,0,592c4e36c20ccb1d7a6f6c64d201df15,bbb9f8e18128416f,cache_256/dataT/healthy/healthy_3102.png,A,principal,sana,3102
903,dataT/healthy/healthy_3103.jpg,0,90a0e477b69ea238ba4d69e356fd5fb1,daa76c6064b84fd8,cache_256/dataT/healthy/healthy_3103.png,A,principal,sana,3103
904,dataT/healthy/healthy_3104.jpg,0,32e79b4eeb75f95c6ecc220a89f594be,96311b2aa77c6a4e,cache_256/dataT/healthy/healthy_3104.png,A,principal,sana,3104
905,dataT/healthy/healthy_3105.jpg,0,077873c8832e3f1b70e839592f6cfa28,d972ada0f4023ceb,cache_256/dataT/healthy/healthy_3105.png,A,principal,sana,3105
906,dataT/healthy/healthy_3106.jpg,0,effa716bcd89bb77eeda8e3ffe44e67b,f64e4d0fa4d149b1,cache_256/dataT/healthy/healthy_3106.png,A,principal,sana,3106
907,dataT/healthy/healthy_3107.jpg,0,5f4f0f9e79216bd6211cd1010d8799ea,c3cd9d9b90526aaa,cache_256/dataT/healthy/healthy_3107.png,A,principal,sana,3107
908,dataT/healthy/healthy_3108.jpg,0,1710dcd91d121dbaf3660c1f25f939ca,de0cddb5492822f6,cache_256/dataT/healthy/healthy_3108.png,A,principal,sana,3108
909,dataT/healthy/healthy_3109.jpg,0,b5a7b30cedc6c99a12ff53c5faed20b2,f4985bb61d0425d7,cache_256/dataT/healthy/healthy_3109.png,A,principal,sana,3109
910,dataT/healthy/healthy_3110.jpg,0,d667ea5ab1820c4138ec5d1dfb8b10ac,e7cc5fa3307a30a2,cache_256/dataT/healthy/healthy_3110.png,A,principal,sana,3110
911,dataT/healthy/healthy_3111.jpg,0,fad235fd1a0f6ea0fdec8c475f5a121f,d8addbe04187e742,cache_256/dataT/healthy/healthy_3111.png,A,principal,sana,3111
912,dataT/healthy/healthy_3112.jpg,0,395787b6ff9b491c8f9341c7587f655c,e43b992a59767185,cache_256/dataT/healthy/healthy_3112.png,A,principal,sana,3112
913,dataT/healthy/healthy_3113.jpg,0,5acbe00442b3ba97fd977a820020fa50,9ddde00b67978485,cache_256/dataT/healthy/healthy_3113.png,A,principal,sana,3113
914,dataT/healthy/healthy_3114.jpg,0,17774012afe49ac0f694b04ee9e210bb,bf78802659f2538d,cache_256/dataT/healthy/healthy_3114.png,A,principal,sana,3114
915,dataT/healthy/healthy_3115.jpg,0,b7eb37fa20c62daefb72bbb9f9e08234,9b43a4426ee2475f,cache_256/dataT/healthy/healthy_3115.png,A,principal,sana,3115
916,dataT/healthy/healthy_3116.jpg,0,40302eabc0eca9b6c2cf079d5b269f7f,834dc84f4ddf582c,cache_256/dataT/healthy/healthy_3116.png,A,principal,sana,3116
917,dataT/healthy/healthy_3117.jpg,0,8360f1c97306419d9a6f01f852cfbd1b,cf7c14233301faf8,cache_256/dataT/healthy/healthy_3117.png,A,principal,sana,3117
918,dataT/healthy/healthy_3118.jpg,0,bc181679d58806f3a7b0025151decd5a,cb8865d7765a9494,cache_256/dataT/healthy/healthy_3118.png,A,principal,sana,3118
919,dataT/healthy/healthy_3119.jpg,0,79fdd9bc6ea6c70d0801c9949b3af8a0,8cd31cf840e0767f,cache_256/dataT/healthy/healthy_3119.png,A,principal,sana,3119
920,dataT/healthy/healthy_3120.jpg,0,37cb78eb984b0c17b56fdf21d987f72b,df4d8cf8d0b66242,cache_256/dataT/healthy/healthy_3120.png,A,principal,sana,3120
921,dataT/healthy/healthy_3121.jpg,0,4ec05652d9178cb24beb54791c925bac,d9f49432107a3aeb,cache_256/dataT/healthy/healthy_3121.png,A,principal,sana,3121
922,dataT/healthy/healthy_3122.jpg,0,f4c5c6eead36af7667395a7bed2d8cbe,b5e11f28a62ce666,cache_256/dataT/healthy/healthy_3122.png,A,principal,sana,3122
923,dataT/healthy/healthy_3123.jpg,0,8b5e625d2c51188af9a8a1c435960020,fdfc1412123a2b57,cache_256/dataT/healthy/healthy_3123.png,A,principal,sana,3123
924,dataT/healthy/healthy_3124.jpg,0,816a8801d94498e1e4940ac730d01e75,9c1a89a05a2e77b7,cache_256/dataT/healthy/healthy_3124.png,A,principal,sana,3124
925,dataT/healthy/healthy_3125.jpg,0,14f051d83f0ffdef70aa3e57a0a0edfb,c4c89134f2b6cdc7,cache_256/dataT/healthy/healthy_3125.png,A,principal,sana,3125
926,dataT/healthy/healthy_3126.jpg,0,c55da2fedab8a2e19a722e9432e26d69,b3f00bd1e43836e9,cache_256/dataT/healthy/healthy_3126.png,A,principal,sana,3126
927,dataT/healthy/healthy_3127.jpg,0,6af946a2eeba525486791ce759d1723a,cece217d061116df,cache_256/dataT/healthy/healthy_3127.png,A,principal,sana,3127
928,dataT/healthy/healthy_3128.jpg,0,c29d82f99d3d9e2585d4e5731928e35e,c6f64958635d7107,cache_256/dataT/healthy/healthy_3128.png,A,principal,sana,3128
929,dataT/healthy/healthy_3129.jpg,0,e1c3ed339a4697e948a9ba46fb098260,c07248a745bff0bc,cache_256/dataT/healthy/healthy_3129.png,A,principal,sana,3129
930,dataT/healthy/healthy_3130.jpg,0,e17fbd66c8d7b67deba061497f2729ab,bcdc7a32370f2641,cache_256/dataT/healthy/healthy_3130.png,A,principal,sana,3130
931,dataT/healthy/healthy_3131.jpg,0,110272e31122dd90addcf15f81bfe8e2,dcbbb3662e946406,cache_256/dataT/healthy/healthy_3131.png,A,principal,sana,3131
932,dataT/healthy/healthy_3132.jpg,0,8d057f29699f8dd4f5a1b619df8a45c9,fb6629a57636120b,cache_256/dataT/healthy/healthy_3132.png,A,principal,sana,3132
933,dataT/healthy/healthy_3133.jpg,0,d5a2a8829b6518307fb7ea7709354ad3,ced064a1b1eaf296,cache_256/dataT/healthy/healthy_3133.png,A,principal,sana,3133
934,dataT/healthy/healthy_3134.jpg,0,fcacb6b06630e35ea820071f500be8a7,d6062b3672d2eb19,cache_256/dataT/healthy/healthy_3134.png,A,principal,sana,3134
935,dataT/healthy/healthy_3135.jpg,0,fb6d709c125f30eb9d8bc9bc7a74fbd0,e6e7bc16bb1c6110,cache_256/dataT/healthy/healthy_3135.png,A,principal,sana,3135
936,dataT/healthy/healthy_3136.jpg,0,42c1cd3ba148928a3c39d44d9f6fbcdd,da1dd831f1a217f0,cache_256/dataT/healthy/healthy_3136.png,A,principal,sana,3136
937,dataT/healthy/healthy_3137.jpg,0,1659bd004468cdd704d652c72163afa1,bc981976b1e66923,cache_256/dataT/healthy/healthy_3137.png,A,principal,sana,3137
938,dataT/healthy/healthy_3138.jpg,0,a469e567ba4ea7b91d7acd540776110b,cc9f33723636a4a4,cache_256/dataT/healthy/healthy_3138.png,A,principal,sana,3138
939,dataT/healthy/healthy_3139.jpg,0,6d4df5bdc18dcf10466f46369c9b01da,e68e9d595999220f,cache_256/dataT/healthy/healthy_3139.png,A,principal,sana,3139
940,dataT/healthy/healthy_3140.jpg,0,f7cc63ab64f7b098e1bc589ee291d369,afba892d0da73416,cache_256/dataT/healthy/healthy_3140.png,A,principal,sana,3140
941,dataT/healthy/healthy_3141.jpg,0,f0287d2e9176aa07324a5e73fed56044,96dc8d78682b7e22,cache_256/dataT/healthy/healthy_3141.png,A,principal,sana,3141
942,dataT/healthy/healthy_3142.jpg,0,7f8afeaf0a0e3fe245ea2bb1c3749e30,d64acdf54de56140,cache_256/dataT/healthy/healthy_3142.png,A,principal,sana,3142
943,dataT/healthy/healthy_3143.jpg,0,1a0022dca1bfe5ed446b5936ebc8e7d8,c21a1d7f3ca9f340,cache_256/dataT/healthy/healthy_3143.png,A,principal,sana,3143
944,dataT/healthy/healthy_3144.jpg,0,d6f12a3223270c0668eb308678171af8,93948b0b4419fef3,cache_256/dataT/healthy/healthy_3144.png,A,principal,sana,3144
945,dataT/healthy/healthy_3145.jpg,0,82a32dac7e441a89216fd91372cfa87a,ee5c5d311a32270f,cache_256/dataT/healthy/healthy_3145.png,A,principal,sana,3145
946,dataT/healthy/healthy_3146.jpg,0,619a362a06c450f3891d1f089fce9df4,e43c1c17d785a5b1,cache_256/dataT/healthy/healthy_3146.png,A,principal,sana,3146
947,dataT/healthy/healthy_3147.jpg,0,1b60af1f82a0b8da223da9e3571eaf40,f4a9b1369a599cc2,cache_256/dataT/healthy/healthy_3147.png,A,principal,sana,3147
948,dataT/healthy/healthy_3148.jpg,0,bb609b36fd333dfa9f8ad3900d391fe5,ce697a36b3111d98,cache_256/dataT/healthy/healthy_3148.png,A,principal,sana,3148
949,dataT/healthy/healthy_3149.jpg,0,09a3b2481117e03151b4023018f5bfd6,a7a09b1b6a0d2e67,cache_256/dataT/healthy/healthy_3149.png,A,principal,sana,3149
950,dataT/healthy/healthy_3150.jpg,0,61af08d0a959e98e2675509cbc0ef002,f332790a9495d353,cache_256/dataT/healthy/healthy_3150.png,A,principal,sana,3150
951,dataT/healthy/healthy_3151.jpg,0,831c208a70637c13a3b062799ac4261d,9c1705637fea5215,cache_256/dataT/healthy/healthy_3151.png,A,principal,sana,3151
952,dataT/healthy/healthy_3152.jpg,0,7adfe0f2edb4edae472de141bb5073ab,894dccb27f5229a9,cache_256/dataT/healthy/healthy_3152.png,A,principal,sana,3152
953,dataT/healthy/healthy_3153.jpg,0,f0422c0267a4935eb286bdb928bc53d3,b0088b2b8f72ad3f,cache_256/dataT/healthy/healthy_3153.png,A,principal,sana,3153
954,dataT/healthy/healthy_3154.jpg,0,f236d829c5878255482972680b1a5b8a,e30c49e07c5c5e97,cache_256/dataT/healthy/healthy_3154.png,A,principal,sana,3154
955,dataT/healthy/healthy_3155.jpg,0,aecf27e9255e003ca907f0b1b7cfd288,c8cbe3a2875ef8a0,cache_256/dataT/healthy/healthy_3155.png,A,principal,sana,3155
956,dataT/healthy/healthy_3156.jpg,0,7892326b8f3ac8ced9a53316ce7730ad,f74f0fa094729a29,cache_256/dataT/healthy/healthy_3156.png,A,principal,sana,3156
957,dataT/healthy/healthy_3157.jpg,0,fa7afdf5150f1be6d1705cab3a33b866,b31d4db54c160f56,cache_256/dataT/healthy/healthy_3157.png,A,principal,sana,3157
958,dataT/healthy/healthy_3158.jpg,0,4589d0dc073a031c56df414f96a32c9d,bf98483733726266,cache_256/dataT/healthy/healthy_3158.png,A,principal,sana,3158
959,dataT/healthy/healthy_3159.jpg,0,8b0e306b6c0a37e81721bbbe6089c1b5,92889b7f1f3c3930,cache_256/dataT/healthy/healthy_3159.png,A,principal,sana,3159
960,dataT/healthy/healthy_3160.jpg,0,a627bced0b86a09ed91606ce66c8884b,c6eedc3cb40d9249,cache_256/dataT/healthy/healthy_3160.png,A,principal,sana,3160
961,dataT/healthy/healthy_3161.jpg,0,653033317e187a0f93756591341e569d,cec690b2b10e7a7a,cache_256/dataT/healthy/healthy_3161.png,A,principal,sana,3161
962,dataT/healthy/healthy_3162.jpg,0,33ca52e0eb4d54d326d7f129d5d9e254,e849bcf6c3e4e184,cache_256/dataT/healthy/healthy_3162.png,A,principal,sana,3162
963,dataT/healthy/healthy_3163.jpg,0,9aac0210b79327e5baf0aa66100a7164,f1d9cf614ca560ac,cache_256/dataT/healthy/healthy_3163.png,A,principal,sana,3163
964,dataT/healthy/healthy_3164.jpg,0,72683e377321af72f68a48f33a691e2f,fa692d2e0752b711,cache_256/dataT/healthy/healthy_3164.png,A,principal,sana,3164
965,dataT/healthy/healthy_3165.jpg,0,cfbfc7fce762c51f35b844001377d681,939699e7113352b3,cache_256/dataT/healthy/healthy_3165.png,A,principal,sana,3165
966,dataT/healthy/healthy_3166.jpg,0,5951fa1b110821a27efb1dffb8772d73,8633193ef2f07607,cache_256/dataT/healthy/healthy_3166.png,A,principal,sana,3166
967,dataT/healthy/healthy_32.jpg,0,1fbee58bb342c0f4e8e32f35e5dd8d8d,f3d9cc6ae9262c24,cache_256/dataT/healthy/healthy_32.png,A,principal,sana,32
968,dataT/healthy/healthy_33.jpg,0,b2b5a5612a2b853381b81fcb9882352d,b760393c761b8e98,cache_256/dataT/healthy/healthy_33.png,A,principal,sana,33
969,dataT/healthy/healthy_3311.jpg,0,6936fd5fecc207cbfd152c03dcbf72b6,a2dc5f39182f1db0,cache_256/dataT/healthy/healthy_3311.png,A,principal,sana,3311
970,dataT/healthy/healthy_3312.jpg,0,b97d1b458342ee7b24aaffc5a61cb238,cdccad7383c181da,cache_256/dataT/healthy/healthy_3312.png,A,principal,sana,3312
971,dataT/healthy/healthy_3313.jpg,0,2041e44d242b07fbd3cdb3a3b00d00d6,a5494ea7a796127a,cache_256/dataT/healthy/healthy_3313.png,A,principal,sana,3313
972,dataT/healthy/healthy_3314.jpg,0,7dfd433447747c124a8211cb6025b5e4,a671597e6024c6cf,cache_256/dataT/healthy/healthy_3314.png,A,principal,sana,3314
973,dataT/healthy/healthy_3315.jpg,0,2046b07d92da0c3c6062e04d15469171,f30ccc61b23379d1,cache_256/dataT/healthy/healthy_3315.png,A,principal,sana,3315
974,dataT/healthy/healthy_3316.jpg,0,798cbf12b85661aae314cb9b587adac1,877f4ce0664f6161,cache_256/dataT/healthy/healthy_3316.png,A,principal,sana,3316
975,dataT/healthy/healthy_3317.jpg,0,1f778225691871c58e2b2fcfd1831572,e6e68c89b1d9a199,cache_256/dataT/healthy/healthy_3317.png,A,principal,sana,3317
976,dataT/healthy/healthy_3318.jpg,0,f9303055a2e7839d12514603829629d7,d8b43733d683c8aa,cache_256/dataT/healthy/healthy_3318.png,A,principal,sana,3318
977,dataT/healthy/healthy_3319.jpg,0,510e514e12c8a064d20e586e175150a8,dbacb9f5e26e2080,cache_256/dataT/healthy/healthy_3319.png,A,principal,sana,3319
978,dataT/healthy/healthy_3320.jpg,0,2ec28ccda6a17aa9736f913dfd063f52,c1c0ccae97747587,cache_256/dataT/healthy/healthy_3320.png,A,principal,sana,3320
979,dataT/healthy/healthy_3321.jpg,0,ba9331c605d22705a4f9591b3861527b,d2fe82f2bc774801,cache_256/dataT/healthy/healthy_3321.png,A,principal,sana,3321
980,dataT/healthy/healthy_3322.jpg,0,ea54726721c291492bb16bc066b38b2b,d0632cf7239ea338,cache_256/dataT/healthy/healthy_3322.png,A,principal,sana,3322
981,dataT/healthy/healthy_3323.jpg,0,1c13320ddfed6e725d57176bbfe81393,eb21ccf2a4d576a0,cache_256/dataT/healthy/healthy_3323.png,A,principal,sana,3323
982,dataT/healthy/healthy_3324.jpg,0,359ad1fe39775f89777f7133294eeb6a,8ece602eb55a6729,cache_256/dataT/healthy/healthy_3324.png,A,principal,sana,3324
983,dataT/healthy/healthy_3325.jpg,0,848d1976acaaa453309d9e78284999f8,9f9c1e212ca711fc,cache_256/dataT/healthy/healthy_3325.png,A,principal,sana,3325
984,dataT/healthy/healthy_3326.jpg,0,82c5d4e875961e0feeb5517904d2d2e9,c3c086a74ed7388f,cache_256/dataT/healthy/healthy_3326.png,A,principal,sana,3326
985,dataT/healthy/healthy_3327.jpg,0,090109564df5d94c98ea5a6820951e2d,99d9ecf4624d5223,cache_256/dataT/healthy/healthy_3327.png,A,principal,sana,3327
986,dataT/healthy/healthy_3328.jpg,0,75555090d31689556483270c11fae57b,fe3886669ed6c40c,cache_256/dataT/healthy/healthy_3328.png,A,principal,sana,3328
987,dataT/healthy/healthy_3329.jpg,0,2adf101150af4239e394b21daa785c78,8ecc534bee2446d6,cache_256/dataT/healthy/healthy_3329.png,A,principal,sana,3329
988,dataT/healthy/healthy_3330.jpg,0,1b1fbc9fa96bec0303322cf0ead1734f,8d4fcf762083571a,cache_256/dataT/healthy/healthy_3330.png,A,principal,sana,3330
989,dataT/healthy/healthy_3331.jpg,0,8fa0aea3614a9bc71665ba3f161c35b5,dbc12627a7875343,cache_256/dataT/healthy/healthy_3331.png,A,principal,sana,3331
990,dataT/healthy/healthy_3332.jpg,0,01cd6af8815b97417994be3e26f57eaa,d6e6c0c9271b3e13,cache_256/dataT/healthy/healthy_3332.png,A,principal,sana,3332
991,dataT/healthy/healthy_3333.jpg,0,7e5a78e285f09866af3364ecf109f7cf,f72659e834bd8492,cache_256/dataT/healthy/healthy_3333.png,A,principal,sana,3333
992,dataT/healthy/healthy_3334.jpg,0,cd4d5ef100023e6259c323b90250a23e,b3300f1b96a16afa,cache_256/dataT/healthy/healthy_3334.png,A,principal,sana,3334
993,dataT/healthy/healthy_3335.jpg,0,18a05ca219645a28b979a2f47ea26c7d,86ee98a27b192ab9,cache_256/dataT/healthy/healthy_3335.png,A,principal,sana,3335
994,dataT/healthy/healthy_3336.jpg,0,58c92ec63439bbea4d287f24b0e442b9,c7c8cda73a1c718a,cache_256/dataT/healthy/healthy_3336.png,A,principal,sana,3336
995,dataT/healthy/healthy_3337.jpg,0,b2ebb6bdb28c61ae9fdc7d8a6bfd853e,c891e962de9fd510,cache_256/dataT/healthy/healthy_3337.png,A,principal,sana,3337
996,dataT/healthy/healthy_3338.jpg,0,bbb4b18111faabeab886868d3fe912cf,c629b5364be4689d,cache_256/dataT/healthy/healthy_3338.png,A,principal,sana,3338
997,dataT/healthy/healthy_3339.jpg,0,1a2a4b607b826ecaa2a0cf01a5b5ec0d,b997c8fc42696b14,cache_256/dataT/healthy/healthy_3339.png,A,principal,sana,3339
998,dataT/healthy/healthy_3340.jpg,0,b0b546138e9ea2339b9b24da7a9fbb55,b331184aa9be6796,cache_256/dataT/healthy/healthy_3340.png,A,principal,sana,3340
999,dataT/healthy/healthy_3341.jpg,0,26fb5d75ba9d0ae57a7f512e61afb205,92c9ac2062f7f6c6,cache_256/dataT/healthy/healthy_3341.png,A,principal,sana,3341
1000,dataT/healthy/healthy_3342.jpg,0,22d2ae358005f852ff1d90745e011236,9f9c9dac486b8073,cache_256/dataT/healthy/healthy_3342.png,A,principal,sana,3342
1001,dataT/healthy/healthy_3343.jpg,0,f7ae30052b301f61b05696acb611a77a,9998fe739d0394c2,cache_256/dataT/healthy/healthy_3343.png,A,principal,sana,3343
1002,dataT/healthy/healthy_3344.jpg,0,350f4512c6a7d6f913c2a6edb8183fd3,965ccc2a48efa569,cache_256/dataT/healthy/healthy_3344.png,A,principal,sana,3344
1003,dataT/healthy/healthy_34.jpg,0,76c59e3c3a0a525be283c9dbf279641f,9eaf636323a5a642,cache_256/dataT/healthy/healthy_34.png,A,principal,sana,34
1004,dataT/healthy/healthy_35.jpg,0,859fee1821d562356ad4ce57ff08f0fe,d8ed127a52dac28b,cache_256/dataT/healthy/healthy_35.png,A,principal,sana,35
1005,dataT/healthy/healthy_36.jpg,0,364240ae697d5ee2479fba6c11cc4a4e,d8b92e154f55e2c8,cache_256/dataT/healthy/healthy_36.png,A,principal,sana,36
1006,dataT/healthy/healthy_37.jpg,0,fae089a71dbbae780d43ccd20e6cd638,d44c2ce575724397,cache_256/dataT/healthy/healthy_37.png,A,principal,sana,37
1007,dataT/healthy/healthy_38.jpg,0,c39b18174bdfe873b11f0ac10f9ea90a,86dc59637716909e,cache_256/dataT/healthy/healthy_38.png,A,principal,sana,38
1008,dataT/healthy/healthy_39.jpg,0,f571eccfc9fb76690bdce3f33218db85,cbac1c763c83515b,cache_256/dataT/healthy/healthy_39.png,A,principal,sana,39
1009,dataT/healthy/healthy_4.jpg,0,855c77388a47f85b339b7958054fd3d9,e6f31d3505013c3f,cache_256/dataT/healthy/healthy_4.png,A,principal,sana,4
1010,dataT/healthy/healthy_40.jpg,0,4d734e6338f732eb72ca115ee1bef1b2,b435f0a3472fa60e,cache_256/dataT/healthy/healthy_40.png,A,principal,sana,40
1011,dataT/healthy/healthy_41.jpg,0,7abd8232f1c09fb3befca4e730fe92b9,ee9c98b33112734b,cache_256/dataT/healthy/healthy_41.png,A,principal,sana,41
1012,dataT/healthy/healthy_411.jpg,0,49589292994b648be3796cb58e675bf7,c22c507e1d8ebe6c,cache_256/dataT/healthy/healthy_411.png,B,principal,sana,411
1013,dataT/healthy/healthy_412.jpg,0,c5a48409c528a917e02dd5805cbb10f6,8aa49f6662cb528f,cache_256/dataT/healthy/healthy_412.png,B,principal,sana,412
1014,dataT/healthy/healthy_413.jpg,0,3019a7f4cefc55e501cf036a0aa542a3,d86d0ce63f4389a9,cache_256/dataT/healthy/healthy_413.png,B,principal,sana,413
1015,dataT/healthy/healthy_414.jpg,0,433e5e75c5f4633fa8dafb54327d4f1f,d84a6ce4e6478f89,cache_256/dataT/healthy/healthy_414.png,A,principal,sana,414
1016,dataT/healthy/healthy_415.jpg,0,947db846cd3d3feb6ba0ad4bbccaf420,a679da7e41250d4b,cache_256/dataT/healthy/healthy_415.png,B,principal,sana,415
1017,dataT/healthy/healthy_416.jpg,0,377a38bb3b4d6e7af34658ef8a5d69f0,e6219c2f335a525b,cache_256/dataT/healthy/healthy_416.png,B,principal,sana,416
1018,dataT/healthy/healthy_417.jpg,0,cce87b2838fca4bd1154821bd271bd69,cce40956fbb0a317,cache_256/dataT/healthy/healthy_417.png,B,principal,sana,417
1019,dataT/healthy/healthy_418.jpg,0,fa83f12ed4221c6957b1cff62493b2c4,b2b2852ffd422a55,cache_256/dataT/healthy/healthy_418.png,B,principal,sana,418
1020,dataT/healthy/healthy_419.jpg,0,ecbb96f60af73f35840fb96385be85be,dc0371a6b75d40ec,cache_256/dataT/healthy/healthy_419.png,B,principal,sana,419
1021,dataT/healthy/healthy_42.jpg,0,63f6cf0f06bc3f1cfc9f01602cef7a7f,c9e974a53c0aba3c,cache_256/dataT/healthy/healthy_42.png,A,principal,sana,42
1022,dataT/healthy/healthy_420.jpg,0,6406dee6183fd62b8f403c45f115d94c,e6d04d293ab5f0e1,cache_256/dataT/healthy/healthy_420.png,B,principal,sana,420
1023,dataT/healthy/healthy_421.jpg,0,90a61376e0c217d2d223381af9b672ae,a6358db4d11c49cf,cache_256/dataT/healthy/healthy_421.png,B,principal,sana,421
1024,dataT/healthy/healthy_422.jpg,0,4dfcedd0bf2b12f9d8f21fef9dac653a,946349f1e107fc65,cache_256/dataT/healthy/healthy_422.png,B,principal,sana,422
1025,dataT/healthy/healthy_423.jpg,0,8ccf09b916c4bb1f27ccfa88e783c5cb,8ba7b3584cc9c6a9,cache_256/dataT/healthy/healthy_423.png,B,principal,sana,423
1026,dataT/healthy/healthy_424.jpg,0,9c9ce7b4e771b20f50575616112d8b07,99a72c6a4e17e649,cache_256/dataT/healthy/healthy_424.png,B,principal,sana,424
1027,dataT/healthy/healthy_425.jpg,0,48ebe17b8f3938f8b19f38ff966a88c4,c8cc3266b6e35ca6,cache_256/dataT/healthy/healthy_425.png,A,principal,sana,425
1028,dataT/healthy/healthy_426.jpg,0,ec3c516a493dee7d23ac41b174b58150,c93c08b35579b257,cache_256/dataT/healthy/healthy_426.png,B,principal,sana,426
1029,dataT/healthy/healthy_427.jpg,0,feae7484f3e709d0b2860c512bef7c75,8cf36a4bcc58545b,cache_256/dataT/healthy/healthy_427.png,B,principal,sana,427
1030,dataT/healthy/healthy_428.jpg,0,d03e13e076d47b42bb3cfabeec8beab0,9b4134bc815baaf9,cache_256/dataT/healthy/healthy_428.png,B,principal,sana,428
1031,dataT/healthy/healthy_429.jpg,0,8fb569a787094bae57bcf56b5bf229a7,8dc4726366c3d5d4,cache_256/dataT/healthy/healthy_429.png,B,principal,sana,429
1032,dataT/healthy/healthy_43.jpg,0,2f5b5ef9bffd7f5ba2fa4a1ad6498cc7,ce5f3968a702b496,cache_256/dataT/healthy/healthy_43.png,A,principal,sana,43
1033,dataT/healthy/healthy_430.jpg,0,d62b4eb51ded24209c64bfd819e047f7,d31cc7a940d7ac1d,cache_256/dataT/healthy/healthy_430.png,B,principal,sana,430
1034,dataT/healthy/healthy_431.jpg,0,c6bef02ac98aaef2e83244f27d8a60a3,f206383e7f70e161,cache_256/dataT/healthy/healthy_431.png,B,principal,sana,431
1035,dataT/healthy/healthy_432.jpg,0,c0e7a66b4dbc98d02b689df392d3026e,995cf219f483fca0,cache_256/dataT/healthy/healthy_432.png,B,principal,sana,432
1036,dataT/healthy/healthy_433.jpg,0,dc046061ff5e7dbf70b917b6f8c5a20b,c73ad88a7c1097d9,cache_256/dataT/healthy/healthy_433.png,B,principal,sana,433
1037,dataT/healthy/healthy_434.jpg,0,f3b636ef39b2041c5458ab8dea02b09b,c0bec2f6f3f8e040,cache_256/dataT/healthy/healthy_434.png,B,principal,sana,434
1038,dataT/healthy/healthy_435.jpg,0,49e92dfe40b02886356d521ee4605192,9a057961758edec4,cache_256/dataT/healthy/healthy_435.png,B,principal,sana,435
1039,dataT/healthy/healthy_436.jpg,0,37ad2253c3790cb17563a795afc44d31,99d9652157267372,cache_256/dataT/healthy/healthy_436.png,A,principal,sana,436
1040,dataT/healthy/healthy_437.jpg,0,ac9c347f5078d117f9aa5b14951f8c53,dc9722b00fc0d7e5,cache_256/dataT/healthy/healthy_437.png,B,principal,sana,437
1041,dataT/healthy/healthy_438.jpg,0,7613b02a0260fdd86ac5756a3790c131,cf23067334ea9ccc,cache_256/dataT/healthy/healthy_438.png,B,principal,sana,438
1042,dataT/healthy/healthy_439.jpg,0,993ccd7e8e8d6c4eb89c4e7742a96dfc,cb3466217759a3d8,cache_256/dataT/healthy/healthy_439.png,B,principal,sana,439
1043,dataT/healthy/healthy_44.jpg,0,1308ed442686928f243e605d04cb63d7,a3ed29257574323a,cache_256/dataT/healthy/healthy_44.png,A,principal,sana,44
1044,dataT/healthy/healthy_440.jpg,0,1ddea6f5d04e0a01fd0c483f204900ba,f6f6a1540b79291c,cache_256/dataT/healthy/healthy_440.png,B,principal,sana,440
1045,dataT/healthy/healthy_441.jpg,0,ba8e70c1e57ef06266e9629533401536,85eeae436fca448c,cache_256/dataT/healthy/healthy_441.png,B,principal,sana,441
1046,dataT/healthy/healthy_442.jpg,0,4da832528ee4305eef012bd78a745780,cecc1da1e09dd1c9,cache_256/dataT/healthy/healthy_442.png,B,principal,sana,442
1047,dataT/healthy/healthy_443.jpg,0,1caba4b851e130d7533d312a305beb77,ee1f98f01d9168a9,cache_256/dataT/healthy/healthy_443.png,B,principal,sana,443
1048,dataT/healthy/healthy_444.jpg,0,7980afd7eb0dcb8bdb056f8bc5c9aa6a,92ddc807996c566e,cache_256/dataT/healthy/healthy_444.png,B,principal,sana,444
1049,dataT/healthy/healthy_445.jpg,0,c712e758076ea8c26cdabe584d4e4858,ad21d94e39939395,cache_256/dataT/healthy/healthy_445.png,B,principal,sana,445
1050,dataT/healthy/healthy_446.jpg,0,84a9cdf5875055c6f39cff66106e0c31,f029b1722db62f4c,cache_256/dataT/healthy/healthy_446.png,B,principal,sana,446
1051,dataT/healthy/healthy_447.jpg,0,8cee615c9ca8b91e7e185733fddb53cb,c70f2d3350616f6a,cache_256/dataT/healthy/healthy_447.png,A,principal,sana,447
1052,dataT/healthy/healthy_448.jpg,0,09deb05c3a9862952b26c23f62194d0f,da6c643f3d983191,cache_256/dataT/healthy/healthy_448.png,A,principal,sana,448
1053,dataT/healthy/healthy_449.jpg,0,b2169f808c9af6014cdd3a4f9ba7e58a,e31fcefc062f0950,cache_256/dataT/healthy/healthy_449.png,B,principal,sana,449
1054,dataT/healthy/healthy_45.jpg,0,edcf92b4a78dcb126f954a7b86805e62,9ff2231c465861f6,cache_256/dataT/healthy/healthy_45.png,A,principal,sana,45
1055,dataT/healthy/healthy_450.jpg,0,329017692d352a289c7622aaa8380419,862c9cb6b4e23769,cache_256/dataT/healthy/healthy_450.png,B,principal,sana,450
1056,dataT/healthy/healthy_451.jpg,0,c3f402c6c13332b6b37466554e004ff4,d9e64de7f6583080,cache_256/dataT/healthy/healthy_451.png,B,principal,sana,451
1057,dataT/healthy/healthy_452.jpg,0,356063a0e663a45f79231bdc2474154a,92535c8b2d1d5b36,cache_256/dataT/healthy/healthy_452.png,B,principal,sana,452
1058,dataT/healthy/healthy_453.jpg,0,0f627935f623d736a6ab5a0c3ab6771c,8cb731286f75cc07,cache_256/dataT/healthy/healthy_453.png,B,principal,sana,453
1059,dataT/healthy/healthy_454.jpg,0,0f3f9d1560df21d166f81f311f3f9ac4,ccf63e1fd30001ed,cache_256/dataT/healthy/healthy_454.png,B,principal,sana,454
1060,dataT/healthy/healthy_455.jpg,0,d315e5f4203419d49182e98107a8416b,ea8e701e83f1d0ab,cache_256/dataT/healthy/healthy_455.png,B,principal,sana,455
1061,dataT/healthy/healthy_456.jpg,0,c20befe659d77c161ae2981527c8c708,bebc169307a8a91e,cache_256/dataT/healthy/healthy_456.png,B,principal,sana,456
1062,dataT/healthy/healthy_457.jpg,0,c41a851f33556c3ec7a376a5f9cc8049,fc9b59e122a52b92,cache_256/dataT/healthy/healthy_457.png,B,principal,sana,457
1063,dataT/healthy/healthy_458.jpg,0,5dfbb98d9f47a7791c8c0bf741d77d6b,c639636df818da1a,cache_256/dataT/healthy/healthy_458.png,B,principal,sana,458
1064,dataT/healthy/healthy_459.jpg,0,e9a526ab3526824b60b67e3115ed02e0,a7494a2230f676db,cache_256/dataT/healthy/healthy_459.png,A,principal,sana,459
1065,dataT/healthy/healthy_46.jpg,0,21928281aedb05dbc6627c6b63e4a408,9ff001b9a1f5d494,cache_256/dataT/healthy/healthy_46.png,A,principal,sana,46
1066,dataT/healthy/healthy_460.jpg,0,53bc2dc0ee7d9c02c805981cd7fe3ea4,df0eb96218c5e549,cache_256/dataT/healthy/healthy_460.png,B,principal,sana,460
1067,dataT/healthy/healthy_461.jpg,0,17c3d259a9c489187ed6f2d0128f523f,db710cb7f45aa1c0,cache_256/dataT/healthy/healthy_461.png,B,principal,sana,461
1068,dataT/healthy/healthy_462.jpg,0,9d8c5ad6f6aa319c2602b56965fb90f8,88b463e6beb9b884,cache_256/dataT/healthy/healthy_462.png,B,principal,sana,462
1069,dataT/healthy/healthy_463.jpg,0,8de7c98b9235cc526c10253f14a05f15,f315c8624977af60,cache_256/dataT/healthy/healthy_463.png,B,principal,sana,463
1070,dataT/healthy/healthy_464.jpg,0,d54579b8a2de35392165c7524c3f9cf8,a46bcb56a790e499,cache_256/dataT/healthy/healthy_464.png,B,principal,sana,464
1071,dataT/healthy/healthy_465.jpg,0,7d949f1da00df9324855335c35c62bdf,fc861960e0a4ed6f,cache_256/dataT/healthy/healthy_465.png,B,principal,sana,465
1072,dataT/healthy/healthy_466.jpg,0,cc34a5afee31b3c1de55ec406e3125a9,a30f95b358b278c3,cache_256/dataT/healthy/healthy_466.png,B,principal,sana,466
1073,dataT/healthy/healthy_467.jpg,0,1fce5d7c545a296072cf699548a7ee5d,f0bf91603aa76370,cache_256/dataT/healthy/healthy_467.png,B,principal,sana,467
1074,dataT/healthy/healthy_468.jpg,0,015d1943fc2dc1978ec86d6b0fef90b3,cc4ca67207bba9e2,cache_256/dataT/healthy/healthy_468.png,B,principal,sana,468
1075,dataT/healthy/healthy_469.jpg,0,ce95298ec44997f3b0f2eadb45faa2c8,d9c8b462b3931d8d,cache_256/dataT/healthy/healthy_469.png,B,principal,sana,469
1076,dataT/healthy/healthy_47.jpg,0,abca8191d4a42fa6c005d14811db82ab,98390d71371e76b8,cache_256/dataT/healthy/healthy_47.png,A,principal,sana,47
1077,dataT/healthy/healthy_470.jpg,0,2774bad1d5fa59752c25c96f7f865f50,df2fef6620951218,cache_256/dataT/healthy/healthy_470.png,A,principal,sana,470
1078,dataT/healthy/healthy_48.jpg,0,6d273367e91c43d7c8d2d4d0a9ee8010,b77cfc2278437290,cache_256/dataT/healthy/healthy_48.png,A,principal,sana,48
1079,dataT/healthy/healthy_49.jpg,0,36a5f8d3af95e957c7da4eadd15b4c72,999901634ccede5b,cache_256/dataT/healthy/healthy_49.png,A,principal,sana,49
1080,dataT/healthy/healthy_5.jpg,0,bcf0ed171c37f316a5c551fde96fcd18,e61c7e29a344a9ae,cache_256/dataT/healthy/healthy_5.png,A,principal,sana,5
1081,dataT/healthy/healthy_50.jpg,0,757c67558fd6aea34814d79d788c63af,b0cfc1c266f045cf,cache_256/dataT/healthy/healthy_50.png,A,principal,sana,50
1082,dataT/healthy/healthy_51.jpg,0,11b173fe4205735def8b3d05d420bd9c,f36a0dbe2a89d20e,cache_256/dataT/healthy/healthy_51.png,A,principal,sana,51
1083,dataT/healthy/healthy_52.jpg,0,dfaddcfb28f851dfc8245e9c5b0c7de3,e54e9ff041ac6097,cache_256/dataT/healthy/healthy_52.png,A,principal,sana,52
1084,dataT/healthy/healthy_53.jpg,0,e38c6465325e818ec792d08fb65af2e2,9198d8ae1e8e17b5,cache_256/dataT/healthy/healthy_53.png,A,principal,sana,53
1085,dataT/healthy/healthy_54.jpg,0,b9418bb3fabf44cdfa004ba5d4ed831c,cb6c5833235ae2bc,cache_256/dataT/healthy/healthy_54.png,A,principal,sana,54
1086,dataT/healthy/healthy_55.jpg,0,ea7676c49bfb1a9566fb97240e24ac92,b5e93c4d46222f96,cache_256/dataT/healthy/healthy_55.png,A,principal,sana,55
1087,dataT/healthy/healthy_56.jpg,0,e2a8c8e11c27ea7c09465c47aa865abf,a03d3da0eeed484e,cache_256/dataT/healthy/healthy_56.png,A,principal,sana,56
1088,dataT/healthy/healthy_565.jpg,0,56aa45a1768905cd79235ff41999a289,c666cce40c1af2f9,cache_256/dataT/healthy/healthy_565.png,B,principal,sana,565
1089,dataT/healthy/healthy_566.jpg,0,831edb5518f435f090bef71a6c067ec0,d9720c2243f1ee8f,cache_256/dataT/healthy/healthy_566.png,B,principal,sana,566
1090,dataT/healthy/healthy_567.jpg,0,e015c833caed40e235ba220269444711,c1e3fc1e860379b4,cache_256/dataT/healthy/healthy_567.png,B,principal,sana,567
1091,dataT/healthy/healthy_568.jpg,0,24efae45e6ddb19c0bc722b3beb60156,8764ef26eacd882c,cache_256/dataT/healthy/healthy_568.png,B,principal,sana,568
1092,dataT/healthy/healthy_569.jpg,0,b04908f62130e01ca557daac34c3dcd3,d3e9041a7ee7e089,cache_256/dataT/healthy/healthy_569.png,B,principal,sana,569
1093,dataT/healthy/healthy_57.jpg,0,ee6af2e342ccc356ece915944b723608,cbe22961373d3319,cache_256/dataT/healthy/healthy_57.png,A,principal,sana,57
1094,dataT/healthy/healthy_570.jpg,0,2cc0f8eaedb8916aa4973ae2ff5610b8,bc89387079e027f5,cache_256/dataT/healthy/healthy_570.png,A,principal,sana,570
1095,dataT/healthy/healthy_571.jpg,0,3a09f7e5eda2b28315634e03d5298f73,d7e9bc3433c4223c,cache_256/dataT/healthy/healthy_571.png,B,principal,sana,571
1096,dataT/healthy/healthy_572.jpg,0,ea1ccb5a9b2be815eaf62f0fafb7ff1f,e8e43510483b4bff,cache_256/dataT/healthy/healthy_572.png,B,principal,sana,572
1097,dataT/healthy/healthy_573.jpg,0,56ef2369427a7c633802e054971fafc7,964949b53e5e35c4,cache_256/dataT/healthy/healthy_573.png,B,principal,sana,573
1098,dataT/healthy/healthy_574.jpg,0,960e7cfcaf48401a9747b716dbf67e46,89bbf021b32077e6,cache_256/dataT/healthy/healthy_574.png,B,principal,sana,574
1099,dataT/healthy/healthy_575.jpg,0,e6cdcc2204022db2d7af1fb7a32fb48b,e68615fa03bbe0d1,cache_256/dataT/healthy/healthy_575.png,B,principal,sana,575
1100,dataT/healthy/healthy_576.jpg,0,9605a8ee698024a391fe7e67d741e935,c2e4194b6655f66a,cache_256/dataT/healthy/healthy_576.png,B,principal,sana,576
1101,dataT/healthy/healthy_577.jpg,0,a1ab591ba0a6af34e649e6272319d281,d4c61e237b0bcdc1,cache_256/dataT/healthy/healthy_577.png,B,principal,sana,577
1102,dataT/healthy/healthy_578.jpg,0,d3e68040f7a62d43987abe25af13c7d1,ccc1763e3383a38b,cache_256/dataT/healthy/healthy_578.png,B,principal,sana,578
1103,dataT/healthy/healthy_579.jpg,0,f88fc58c55f9f31ec1ea891d5b40a998,dc7e63379ccc0960,cache_256/dataT/healthy/healthy_579.png,B,principal,sana,579
1104,dataT/healthy/healthy_58.jpg,0,69f0a01636d680eaa9ae8041a32787e5,8f3dca2325a966d2,cache_256/dataT/healthy/healthy_58.png,A,principal,sana,58
1105,dataT/healthy/healthy_580.jpg,0,c7c3c29bd206f6ff37a8a2c0b86024e1,9ff92048766a3655,cache_256/dataT/healthy/healthy_580.png,B,principal,sana,580
1106,dataT/healthy/healthy_581.jpg,0,d8d963ce3241478e0251e3e7cedae7df,b1196cf220e3f725,cache_256/dataT/healthy/healthy_581.png,A,principal,sana,581
1107,dataT/healthy/healthy_582.jpg,0,5b2457125e03e18d8c7c9ab1c84a7401,ab32c823774f4e0e,cache_256/dataT/healthy/healthy_582.png,B,principal,sana,582
1108,dataT/healthy/healthy_583.jpg,0,01267b0a5128c92d339a5d9b1f2690b9,8d42d1a3fbc75426,cache_256/dataT/healthy/healthy_583.png,B,principal,sana,583
1109,dataT/healthy/healthy_584.jpg,0,bdd97f2784bea99a7c157bbe16865932,ee1e582052eb2f9a,cache_256/dataT/healthy/healthy_584.png,B,principal,sana,584
1110,dataT/healthy/healthy_585.jpg,0,b80ed190d7157eaaa9de871ed62605c0,f117581f60fdb051,cache_256/dataT/healthy/healthy_585.png,B,principal,sana,585
1111,dataT/healthy/healthy_586.jpg,0,ff6a287f62fdd28835f5adb8c92a62e3,db983d66308f1dc1,cache_256/dataT/healthy/healthy_586.png,B,principal,sana,586
1112,dataT/healthy/healthy_587.jpg,0,8406923de8adf9f2d18e52f902cd8ee8,811b98f03bf7622e,cache_256/dataT/healthy/healthy_587.png,B,principal,sana,587
1113,dataT/healthy/healthy_588.jpg,0,6b417666ef7eb21d22df3e8b3e8a5448,b3b43c633c13685b,cache_256/dataT/healthy/healthy_588.png,B,principal,sana,588
1114,dataT/healthy/healthy_589.jpg,0,e87b1ca078bef6a5230ed03fe03e39fc,8c8db3363c2c63e3,cache_256/dataT/healthy/healthy_589.png,B,principal,sana,589
1115,dataT/healthy/healthy_59.jpg,0,04da6f73f371e5b121a51d9704e4fe72,ce7c397279694e04,cache_256/dataT/healthy/healthy_59.png,A,principal,sana,59
1116,dataT/healthy/healthy_590.jpg,0,f4fc3475708e713197eca720c920e8bc,efd7c42312171a1e,cache_256/dataT/healthy/healthy_590.png,B,principal,sana,590
1117,dataT/healthy/healthy_591.jpg,0,dee2f2e1cdc30a4ebf84609a710b35ee,9d35b54c6e46b251,cache_256/dataT/healthy/healthy_591.png,B,principal,sana,591
1118,dataT/healthy/healthy_592.jpg,0,a56a8c345215e9d20e6f26bfa9ed1985,b9097f7b2441f80b,cache_256/dataT/healthy/healthy_592.png,A,principal,sana,592
1119,dataT/healthy/healthy_593.jpg,0,21093ab0d5418d9c22a3c069c47daa6f,e6191a21bdb55752,cache_256/dataT/healthy/healthy_593.png,B,principal,sana,593
1120,dataT/healthy/healthy_594.jpg,0,39a0fd695d39b5bdb3d58be5cf4ba481,f68f9867e1242978,cache_256/dataT/healthy/healthy_594.png,B,principal,sana,594
1121,dataT/healthy/healthy_595.jpg,0,5b1f52551dd3a7c085706a7cd63bf575,d6f03827f1c4dc0d,cache_256/dataT/healthy/healthy_595.png,B,principal,sana,595
1122,dataT/healthy/healthy_596.jpg,0,3af2f207116a254c749113125d83539a,da70b4f33503646d,cache_256/dataT/healthy/healthy_596.png,B,principal,sana,596
1123,dataT/healthy/healthy_597.jpg,0,509f7ff860effea3754ebe10d0cf1cfa,b2ba79a4e432e631,cache_256/dataT/healthy/healthy_597.png,B,principal,sana,597
1124,dataT/healthy/healthy_598.jpg,0,4bf37e685741664f66126abd7b10a577,e3230c3ff0f40367,cache_256/dataT/healthy/healthy_598.png,B,principal,sana,598
1125,dataT/healthy/healthy_599.jpg,0,c501e74b876ac2c0a766ee7d22e4c896,cb0c1d2665e2e1e7,cache_256/dataT/healthy/healthy_599.png,B,principal,sana,599
1126,dataT/healthy/healthy_6.jpg,0,2fb4cf9ba8472c490063ddbcf59e6216,cd392633a6445edc,cache_256/dataT/healthy/healthy_6.png,A,principal,sana,6
1127,dataT/healthy/healthy_60.jpg,0,6aee36ef32da146e40ee583f1adf36fa,c8cc3331741b5f8e,cache_256/dataT/healthy/healthy_60.png,A,principal,sana,60
1128,dataT/healthy/healthy_600.jpg,0,9f4c47bb45c6e019536f5e2bf7099e6c,cecdc96e78837882,cache_256/dataT/healthy/healthy_600.png,B,principal,sana,600
1129,dataT/healthy/healthy_601.jpg,0,edfab6e19547315e177598ceb17a1dc8,91bc65522da9ba59,cache_256/dataT/healthy/healthy_601.png,B,principal,sana,601
1130,dataT/healthy/healthy_602.jpg,0,b9db5f341505947151219ae1200bed74,941a7bfd5083f5c0,cache_256/dataT/healthy/healthy_602.png,B,principal,sana,602
1131,dataT/healthy/healthy_603.jpg,0,3161102b8c1ca74ed1d8b0ff38568976,9c996697239db0d1,cache_256/dataT/healthy/healthy_603.png,A,principal,sana,603
1132,dataT/healthy/healthy_604.jpg,0,28ffd9a679b231a400f8433619f8620f,99f8f37232c438c6,cache_256/dataT/healthy/healthy_604.png,B,principal,sana,604
1133,dataT/healthy/healthy_605.jpg,0,eb5325bcc90776a17b51556385966eac,8dc370ec66897276,cache_256/dataT/healthy/healthy_605.png,B,principal,sana,605
1134,dataT/healthy/healthy_606.jpg,0,2ecaf91d6b37eb2b8d00b9ac16a74c55,d979612679e454e4,cache_256/dataT/healthy/healthy_606.png,B,principal,sana,606
1135,dataT/healthy/healthy_607.jpg,0,16debc7fb26fcfadba0d288365008480,adcc995662a442ef,cache_256/dataT/healthy/healthy_607.png,B,principal,sana,607
1136,dataT/healthy/healthy_608.jpg,0,c853b4ddd5795f305067898f2cc17df6,d4cbd4207ceb2746,cache_256/dataT/healthy/healthy_608.png,B,principal,sana,608
1137,dataT/healthy/healthy_609.jpg,0,063120201e0ba46444682270a56cf207,dc589fc10fd9c0a3,cache_256/dataT/healthy/healthy_609.png,B,principal,sana,609
1138,dataT/healthy/healthy_61.jpg,0,b75947ece4f25a65196d5c06bae5e85c,f78ac02424f5c7d3,cache_256/dataT/healthy/healthy_61.png,A,principal,sana,61
1139,dataT/healthy/healthy_610.jpg,0,b85c462d82025febc5c7a4cd159db00a,a04f68b6f282adda,cache_256/dataT/healthy/healthy_610.png,B,principal,sana,610
1140,dataT/healthy/healthy_611.jpg,0,f012be7725730361643b0e208a1f8f83,fcda42b6a1d8d1b0,cache_256/dataT/healthy/healthy_611.png,B,principal,sana,611
1141,dataT/healthy/healthy_612.jpg,0,2a400bec4eec466122392b1a5e58640b,8db135a6bb188e8b,cache_256/dataT/healthy/healthy_612.png,B,principal,sana,612
1142,dataT/healthy/healthy_613.jpg,0,68909372ce2705c1d4ec62d3664a2754,902efdb4a32f444e,cache_256/dataT/healthy/healthy_613.png,B,principal,sana,613
1143,dataT/healthy/healthy_614.jpg,0,d787643c53f2a1a2ec55dd6813a04cef,f60e4923b17b38b8,cache_256/dataT/healthy/healthy_614.png,A,principal,sana,614
1144,dataT/healthy/healthy_615.jpg,0,9298e82c0c2d25eafc6dc487cdc85aa7,a03f8d975ba191e4,cache_256/dataT/healthy/healthy_615.png,B,principal,sana,615
1145,dataT/healthy/healthy_616.jpg,0,c9fd37fa1f29a820b1d7f6cda8ea7307,d436d028e3691fe6,cache_256/dataT/healthy/healthy_616.png,B,principal,sana,616
1146,dataT/healthy/healthy_617.jpg,0,510034e221589af484898941ec332b1e,d8e40d0dd2f4fc1a,cache_256/dataT/healthy/healthy_617.png,B,principal,sana,617
1147,dataT/healthy/healthy_618.jpg,0,589ac062574bbde4eb022817656fdaea,cda461e3d2c8cd6c,cache_256/dataT/healthy/healthy_618.png,B,principal,sana,618
1148,dataT/healthy/healthy_619.jpg,0,7d215cd0db2fac2272c5f81c9d894f7d,c32df4755075e107,cache_256/dataT/healthy/healthy_619.png,B,principal,sana,619
1149,dataT/healthy/healthy_62.jpg,0,e1359f21d82b8dcced87edcd9addfed7,a4c2f0756c4f84de,cache_256/dataT/healthy/healthy_62.png,A,principal,sana,62
1150,dataT/healthy/healthy_620.jpg,0,47baa3b2a4180ca7a2d27cfe41cbb280,ccd173338dcc8ccc,cache_256/dataT/healthy/healthy_620.png,B,principal,sana,620
1151,dataT/healthy/healthy_621.jpg,0,f4c2ba756425fbc7cb0edbc1241c1d59,96936c6474a49f5c,cache_256/dataT/healthy/healthy_621.png,B,principal,sana,621
1152,dataT/healthy/healthy_622.jpg,0,2e847c2261354798443c243728ce5201,cdcc33337e0c1c9c,cache_256/dataT/healthy/healthy_622.png,B,principal,sana,622
1153,dataT/healthy/healthy_623.jpg,0,9f8c4d75805fa3af9a273177074e8210,f942397b02951eba,cache_256/dataT/healthy/healthy_623.png,B,principal,sana,623
1154,dataT/healthy/healthy_624.jpg,0,bf256d208ac2079e858ff24d8f3d9ce3,8c966f675c8dcc44,cache_256/dataT/healthy/healthy_624.png,B,principal,sana,624
1155,dataT/healthy/healthy_625.jpg,0,a99650d2c87925c8086ff09e270a113d,f6688da130fa236b,cache_256/dataT/healthy/healthy_625.png,A,principal,sana,625
1156,dataT/healthy/healthy_626.jpg,0,91e28884f4b066a933bafd0ee8e42ec2,c95a11e2374fe48d,cache_256/dataT/healthy/healthy_626.png,B,principal,sana,626
1157,dataT/healthy/healthy_627.jpg,0,8563f925f47142728cd5156ae680c7f0,98bfa93272d8a649,cache_256/dataT/healthy/healthy_627.png,B,principal,sana,627
1158,dataT/healthy/healthy_628.jpg,0,3505ce93818ae74810f214ce159f674b,992ef332e49c4578,cache_256/dataT/healthy/healthy_628.png,B,principal,sana,628
1159,dataT/healthy/healthy_629.jpg,0,0f28c864cfebdbd08f3e3f84ed84885b,e75b0d39e6141719,cache_256/dataT/healthy/healthy_629.png,B,principal,sana,629
1160,dataT/healthy/healthy_63.jpg,0,9d7d3176917b7b171d7f515ec560635a,ad84c4e3f92a54e6,cache_256/dataT/healthy/healthy_63.png,A,principal,sana,63
1161,dataT/healthy/healthy_630.jpg,0,1b695d2b30f047b68636311e56fc1b12,f287d0e03ff03e28,cache_256/dataT/healthy/healthy_630.png,B,principal,sana,630
1162,dataT/healthy/healthy_631.jpg,0,0a2509723ca01306526b9753d1920738,f1b95b4873d0838d,cache_256/dataT/healthy/healthy_631.png,B,principal,sana,631
1163,dataT/healthy/healthy_632.jpg,0,70850f5eba9163952f8e2a0f489a2f48,df6699732827302e,cache_256/dataT/healthy/healthy_632.png,B,principal,sana,632
1164,dataT/healthy/healthy_633.jpg,0,006a5d8c27b4379dd2c6d1eaf25b92f4,9ce97573a6d9c024,cache_256/dataT/healthy/healthy_633.png,B,principal,sana,633
1165,dataT/healthy/healthy_634.jpg,0,bf9f974fa443dec28b2c21c9ae22f9a2,c218bff0a1e70cec,cache_256/dataT/healthy/healthy_634.png,B,principal,sana,634
1166,dataT/healthy/healthy_635.jpg,0,d53f031745c1872ed95af28debe53aac,905c5371bb839bc3,cache_256/dataT/healthy/healthy_635.png,B,principal,sana,635
1167,dataT/healthy/healthy_636.jpg,0,bd6860ff6d7bc860633803705854af65,cc4b9a251376e7c2,cache_256/dataT/healthy/healthy_636.png,A,principal,sana,636
1168,dataT/healthy/healthy_637.jpg,0,1091534683a4e40b26adc3f76ff615fe,c9eda93c56f1c604,cache_256/dataT/healthy/healthy_637.png,B,principal,sana,637
1169,dataT/healthy/healthy_638.jpg,0,02cf4db1850e8a5c62551d700c74547d,8e4a9326cbdc163d,cache_256/dataT/healthy/healthy_638.png,B,principal,sana,638
1170,dataT/healthy/healthy_639.jpg,0,45488cfceca18b23b1aed122e51d173b,d80ca66e33b9db30,cache_256/dataT/healthy/healthy_639.png,B,principal,sana,639
1171,dataT/healthy/healthy_64.jpg,0,90d64c0eb2c476c7836ae16ddccc2aa7,dbe4e1772221b01f,cache_256/dataT/healthy/healthy_64.png,A,principal,sana,64
1172,dataT/healthy/healthy_640.jpg,0,723a2151b7fd172f59c4eb217a4b29c1,dddaa833532321cd,cache_256/dataT/healthy/healthy_640.png,B,principal,sana,640
1173,dataT/healthy/healthy_641.jpg,0,3b1ef0fee7a60452c6ed3f4dffe46a2d,cd730c6f71848eca,cache_256/dataT/healthy/healthy_641.png,B,principal,sana,641
1174,dataT/healthy/healthy_642.jpg,0,9c267021a6045e330d5ecc703d11e621,ddb224907798b29b,cache_256/dataT/healthy/healthy_642.png,B,principal,sana,642
1175,dataT/healthy/healthy_643.jpg,0,07de4116d2086802548aec14d45fe3f2,d85b6126e5bc625a,cache_256/dataT/healthy/healthy_643.png,B,principal,sana,643
1176,dataT/healthy/healthy_644.jpg,0,2ff761e0e82f28a2cd1b85a4be413a68,86b0c96725163fbc,cache_256/dataT/healthy/healthy_644.png,B,principal,sana,644
1177,dataT/healthy/healthy_645.jpg,0,da122b61889913e5578947af30ea8b7c,e5861b3da5c59694,cache_256/dataT/healthy/healthy_645.png,B,principal,sana,645
1178,dataT/healthy/healthy_646.jpg,0,73d3549b004fc3ddd234988d781bae7c,e28c1c27bb63f087,cache_256/dataT/healthy/healthy_646.png,B,principal,sana,646
1179,dataT/healthy/healthy_647.jpg,0,f128d9601825d121813678b66fa927ae,930b8df6d6930535,cache_256/dataT/healthy/healthy_647.png,A,principal,sana,647
1180,dataT/healthy/healthy_648.jpg,0,3a7fa731ce928faf31a3c1f2230c80b9,b0b8b5eab44f9648,cache_256/dataT/healthy/healthy_648.png,B,principal,sana,648
1181,dataT/healthy/healthy_649.jpg,0,3e66d8050d950baec6ed098df7df866a,cc5fac36241a37e1,cache_256/dataT/healthy/healthy_649.png,B,principal,sana,649
1182,dataT/healthy/healthy_65.jpg,0,af5ee9120613c03cf8031e2b8b3b20cd,88991f2f0f2f65a4,cache_256/dataT/healthy/healthy_65.png,A,principal,sana,65
1183,dataT/healthy/healthy_650.jpg,0,c99655f0cf05bad820c4ffc7e2ecc3f4,a0a59e47586977b2,cache_256/dataT/healthy/healthy_650.png,B,principal,sana,650
1184,dataT/healthy/healthy_651.jpg,0,61ae1a32c58a3c42c372454f51386671,803f69c36d8dc45b,cache_256/dataT/healthy/healthy_651.png,B,principal,sana,651
1185,dataT/healthy/healthy_652.jpg,0,eeffc49b94663a39acc63734c8642034,8fb9ed36426b02a9,cache_256/dataT/healthy/healthy_652.png,B,principal,sana,652
1186,dataT/healthy/healthy_653.jpg,0,9855035a0e5078273fd9da01b0b82f37,e08c5ba6af58e2ca,cache_256/dataT/healthy/healthy_653.png,B,principal,sana,653
1187,dataT/healthy/healthy_654.jpg,0,f050b4cf3ef7e818c96f4656966c230a,f5b02de05668ea56,cache_256/dataT/healthy/healthy_654.png,B,principal,sana,654
1188,dataT/healthy/healthy_655.jpg,0,3f48a1663a262e7b6b0d5a4a97a3f52c,e6dceb0bd0a247e0,cache_256/dataT/healthy/healthy_655.png,B,principal,sana,655
1189,dataT/healthy/healthy_656.jpg,0,64c72c417eda8542bbff229683fed2f5,db7a9132aa059e8b,cache_256/dataT/healthy/healthy_656.png,B,principal,sana,656
1190,dataT/healthy/healthy_657.jpg,0,e621bc5ecbfa9d0e88bdbb386a662095,cfcf037235363c05,cache_256/dataT/healthy/healthy_657.png,B,principal,sana,657
1191,dataT/healthy/healthy_658.jpg,0,6f13e64e9a08a3fbed7b4b26b1a56a64,8e94d9555ab532a9,cache_256/dataT/healthy/healthy_658.png,A,principal,sana,658
1192,dataT/healthy/healthy_659.jpg,0,bb321ac322ef3fff2e294b0e9e49d133,c6e59f6c5d451942,cache_256/dataT/healthy/healthy_659.png,B,principal,sana,659
1193,dataT/healthy/healthy_66.jpg,0,693c11589209b9aff4935dbf132b289c,8e0d38726ea6c5e6,cache_256/dataT/healthy/healthy_66.png,A,principal,sana,66
1194,dataT/healthy/healthy_660.jpg,0,9da9f9336c60384cabc52eb9bdf958f8,fd0f607007d332d6,cache_256/dataT/healthy/healthy_660.png,B,principal,sana,660
1195,dataT/healthy/healthy_661.jpg,0,f6f74bf537722ac51e5b2865f2702cc8,d6480f16e93518ef,cache_256/dataT/healthy/healthy_661.png,B,principal,sana,661
1196,dataT/healthy/healthy_662.jpg,0,333435790e28852df29dacbdc56f5af7,b3a2a4e74dad424b,cache_256/dataT/healthy/healthy_662.png,B,principal,sana,662
1197,dataT/healthy/healthy_663.jpg,0,53cc4813a1af990670054cb08fb5aba9,e8cdd8b80f173e03,cache_256/dataT/healthy/healthy_663.png,B,principal,sana,663
1198,dataT/healthy/healthy_664.jpg,0,80fdde495746c77da998d23d9555e66d,ec78473de771c00c,cache_256/dataT/healthy/healthy_664.png,B,principal,sana,664
1199,dataT/healthy/healthy_665.jpg,0,319bb3aa3222f1a9f2d98df59933bbf7,be5ca13701e21f0f,cache_256/dataT/healthy/healthy_665.png,B,principal,sana,665
1200,dataT/healthy/healthy_666.jpg,0,e102d2559759c5ffb6d8468f16162835,e2556ce30fbe8a14,cache_256/dataT/healthy/healthy_666.png,B,principal,sana,666
1201,dataT/healthy/healthy_667.jpg,0,9719c2a4420db2c330b3c3ecd60bd94e,a8ace64f1bd2621b,cache_256/dataT/healthy/healthy_667.png,B,principal,sana,667
1202,dataT/healthy/healthy_668.jpg,0,40e909bf02739b59bf47f9ddda63e591,b3f0716690d8d9f0,cache_256/dataT/healthy/healthy_668.png,B,principal,sana,668
1203,dataT/healthy/healthy_669.jpg,0,8c49262cb01f9702a8a37abccde6fe3a,dc349037d73f0073,cache_256/dataT/healthy/healthy_669.png,A,principal,sana,669
1204,dataT/healthy/healthy_67.jpg,0,1e5a17668071ea33193cc57e6b1093da,9a687167b3a88ec9,cache_256/dataT/healthy/healthy_67.png,A,principal,sana,67
1205,dataT/healthy/healthy_670.jpg,0,fca3a922ce1c7f7b6c6e5f8a96e926eb,e3d391b0fd63804e,cache_256/dataT/healthy/healthy_670.png,A,principal,sana,670
1206,dataT/healthy/healthy_671.jpg,0,11538781a9c244158195eb7b9d567d86,c1e83836e1aae6da,cache_256/dataT/healthy/healthy_671.png,B,principal,sana,671
1207,dataT/healthy/healthy_672.jpg,0,b36c2bec0197886766393ab08c9f96b0,c2af1ec79a9011fc,cache_256/dataT/healthy/healthy_672.png,B,principal,sana,672
1208,dataT/healthy/healthy_673.jpg,0,99b3439121fb3246076d7476f2234a41,c70599f5b50a5a8b,cache_256/dataT/healthy/healthy_673.png,B,principal,sana,673
1209,dataT/healthy/healthy_674.jpg,0,82691d7cf98c6237adf5724ac37d82c0,9f188953b3a3546d,cache_256/dataT/healthy/healthy_674.png,B,principal,sana,674
1210,dataT/healthy/healthy_675.jpg,0,e1aa44c08f58d5f387fbdfbd6f9192b0,d23cb85393399396,cache_256/dataT/healthy/healthy_675.png,B,principal,sana,675
1211,dataT/healthy/healthy_676.jpg,0,0780aee0749981be49a588ff05d76567,84ea1d63d4969735,cache_256/dataT/healthy/healthy_676.png,B,principal,sana,676
1212,dataT/healthy/healthy_677.jpg,0,255c7dea17cb5149eed67e85450d02b3,9c961bf3c2de1630,cache_256/dataT/healthy/healthy_677.png,B,principal,sana,677
1213,dataT/healthy/healthy_678.jpg,0,bacd4ad751cbf6e04cf99801f31ec110,996e6fe24e480d59,cache_256/dataT/healthy/healthy_678.png,B,principal,sana,678
1214,dataT/healthy/healthy_679.jpg,0,ad1c41c0fd17b1e9e348138abdec6792,c2e199ad91d24bcb,cache_256/dataT/healthy/healthy_679.png,B,principal,sana,679
1215,dataT/healthy/healthy_68.jpg,0,97305438a729de39a0ed5cb2f722d9f3,f7d398ba0f041be0,cache_256/dataT/healthy/healthy_68.png,A,principal,sana,68
1216,dataT/healthy/healthy_680.jpg,0,f5187ba6423d33f3b00cea2523a49e2c,99b2cb49c952da5a,cache_256/dataT/healthy/healthy_680.png,B,principal,sana,680
1217,dataT/healthy/healthy_681.jpg,0,43b4563e1ea2721193c7b72ebc3ab6e2,91988f3e2c2aba79,cache_256/dataT/healthy/healthy_681.png,A,principal,sana,681
1218,dataT/healthy/healthy_682.jpg,0,5cfc2e97b1be8bc257e144a45541a281,c2c61d6e676d0b0b,cache_256/dataT/healthy/healthy_682.png,B,principal,sana,682
1219,dataT/healthy/healthy_683.jpg,0,e520c7b828963d9e10e40075dd46245c,9e44d2ac59d5a94d,cache_256/dataT/healthy/healthy_683.png,B,principal,sana,683
1220,dataT/healthy/healthy_684.jpg,0,92a7cac34e5834d87bc439822b1711ed,c9c0c05c7f0fecd1,cache_256/dataT/healthy/healthy_684.png,B,principal,sana,684
1221,dataT/healthy/healthy_685.jpg,0,75337c941cb76525e46283a4aa65f33b,99d19290a39cbb75,cache_256/dataT/healthy/healthy_685.png,B,principal,sana,685
1222,dataT/healthy/healthy_686.jpg,0,15fb631c060df43a019b84bd28f27b53,99a61a95e70d646e,cache_256/dataT/healthy/healthy_686.png,B,principal,sana,686
1223,dataT/healthy/healthy_687.jpg,0,1065d77c1a7214fdc1f24076984e111f,d3cef8f2b6e00c0c,cache_256/dataT/healthy/healthy_687.png,B,principal,sana,687
1224,dataT/healthy/healthy_688.jpg,0,bade2411d75e27941b6ac50087c69899,9be6253cb0cdc5c2,cache_256/dataT/healthy/healthy_688.png,B,principal,sana,688
1225,dataT/healthy/healthy_689.jpg,0,b6f5d6cf6ee1e0ed32f41fb565fd9dd4,debeb880fa9d0612,cache_256/dataT/healthy/healthy_689.png,B,principal,sana,689
1226,dataT/healthy/healthy_69.jpg,0,58035ebd7103e9e293035373d7e7ece9,97318637b9b5294a,cache_256/dataT/healthy/healthy_69.png,A,principal,sana,69
1227,dataT/healthy/healthy_690.jpg,0,2a5c0af92d6fed35131a107d731189bf,e7a31c78389515cd,cache_256/dataT/healthy/healthy_690.png,B,principal,sana,690
1228,dataT/healthy/healthy_691.jpg,0,68808772eff05cb830d9730d8eed9afc,8d21a8a73b1b2b76,cache_256/dataT/healthy/healthy_691.png,B,principal,sana,691
1229,dataT/healthy/healthy_692.jpg,0,7ca298f8ac826d52be2392678bd9ae59,989c2f7262616ccf,cache_256/dataT/healthy/healthy_692.png,A,principal,sana,692
1230,dataT/healthy/healthy_693.jpg,0,f4b2ad1f602b95f9c56ad08376775a7d,e2069df29a2b7155,cache_256/dataT/healthy/healthy_693.png,B,principal,sana,693
1231,dataT/healthy/healthy_694.jpg,0,042ad51128fa449539330dad7289e7d7,cc0718b753ae87c6,cache_256/dataT/healthy/healthy_694.png,B,principal,sana,694
1232,dataT/healthy/healthy_695.jpg,0,a83130a236f51e4574ef911501702acf,b0bed85eac124f94,cache_256/dataT/healthy/healthy_695.png,B,principal,sana,695
1233,dataT/healthy/healthy_696.jpg,0,f492dd09c1436ff87e4408f80aa0d2b2,c8d02ec7d3ab62b8,cache_256/dataT/healthy/healthy_696.png,B,principal,sana,696
1234,dataT/healthy/healthy_697.jpg,0,6289ce52a02ea0bca095eebadcd1fa2e,874e0eb4a8ab7786,cache_256/dataT/healthy/healthy_697.png,B,principal,sana,697
1235,dataT/healthy/healthy_7.jpg,0,606ba11c6e751e6cc058ad97ef2e76e2,f6a419090979f87b,cache_256/dataT/healthy/healthy_7.png,A,principal,sana,7
1236,dataT/healthy/healthy_70.jpg,0,3fee98c4f27ee3ae5019f495006f92f8,dc5cbc70b3b18187,cache_256/dataT/healthy/healthy_70.png,A,principal,sana,70
1237,dataT/healthy/healthy_71.jpg,0,8aab0fd613dbae14187b16ba36ea0fe3,9c99416ded714953,cache_256/dataT/healthy/healthy_71.png,A,principal,sana,71
1238,dataT/healthy/healthy_72.jpg,0,52e2eeff38e18ba6dcee0684b526a9b9,ccc6733c33382f83,cache_256/dataT/healthy/healthy_72.png,A,principal,sana,72
1239,dataT/healthy/healthy_73.jpg,0,f7eda4128ad6229f0855382cfea899ca,8e9b32344ca4ee8f,cache_256/dataT/healthy/healthy_73.png,A,principal,sana,73
1240,dataT/healthy/healthy_74.jpg,0,89ba5294eb7ad78684e59220e585ded6,c585da23b722ecc9,cache_256/dataT/healthy/healthy_74.png,A,principal,sana,74
1241,dataT/healthy/healthy_75.jpg,0,f8be2a54bf02aa74b36108731859c65e,848fbc707927614f,cache_256/dataT/healthy/healthy_75.png,A,principal,sana,75
1242,dataT/healthy/healthy_76.jpg,0,b3947ee2f9bfac12997e09e2ce8811d7,f1664cb27a5ba609,cache_256/dataT/healthy/healthy_76.png,A,principal,sana,76
1243,dataT/healthy/healthy_77.jpg,0,18acf0b1ea7e9d5ba038ec779cede606,e871382657257277,cache_256/dataT/healthy/healthy_77.png,A,principal,sana,77
1244,dataT/healthy/healthy_78.jpg,0,f13e319587e03337e6e2be0eec7e32a4,c92a1f774c70465d,cache_256/dataT/healthy/healthy_78.png,A,principal,sana,78
1245,dataT/healthy/healthy_79.jpg,0,b000b6f364d1b4867c8a8399532d3ae3,c9eca974b0b5ea12,cache_256/dataT/healthy/healthy_79.png,A,principal,sana,79
1246,dataT/healthy/healthy_8.jpg,0,e9a8ec39aea57970a5f928c56d9b5627,f3199a38984a1baf,cache_256/dataT/healthy/healthy_8.png,A,principal,sana,8
1247,dataT/healthy/healthy_80.jpg,0,dd022915d1f79482ee70be35a5545c40,cc9ed870e93a1ec2,cache_256/dataT/healthy/healthy_80.png,A,principal,sana,80
1248,dataT/healthy/healthy_81.jpg,0,c06248b2da9b2fa324e5ffc187a060db,d6a829f5e0e6ca4c,cache_256/dataT/healthy/healthy_81.png,A,principal,sana,81
1249,dataT/healthy/healthy_82.jpg,0,515cd2f66a0761eba6f5e1f95aec86c8,9aecdb48609c67cc,cache_256/dataT/healthy/healthy_82.png,A,principal,sana,82
1250,dataT/healthy/healthy_83.jpg,0,a7ca4f095a3a6db981b588a69b904c69,dbcf1312a0d21e5d,cache_256/dataT/healthy/healthy_83.png,A,principal,sana,83
1251,dataT/healthy/healthy_84.jpg,0,759490b992c58c8382cf2f159592dbef,cbcc3666c787e640,cache_256/dataT/healthy/healthy_84.png,A,principal,sana,84
1252,dataT/healthy/healthy_85.jpg,0,1ec7cc10c38982dae14ad6871d88b673,f335b63239a22d0d,cache_256/dataT/healthy/healthy_85.png,A,principal,sana,85
1253,dataT/healthy/healthy_86.jpg,0,b1e64af092adcb83e041948e3a193323,e7498ca4b1a6b556,cache_256/dataT/healthy/healthy_86.png,A,principal,sana,86
1254,dataT/healthy/healthy_87.jpg,0,2152738fc4cb59dd4978f391ff54252e,f80c7af192038efc,cache_256/dataT/healthy/healthy_87.png,A,principal,sana,87
1255,dataT/healthy/healthy_88.jpg,0,43a8474f76c01e5a77ad112c7162774d,d20e5c75e2e3c3c4,cache_256/dataT/healthy/healthy_88.png,A,principal,sana,88
1256,dataT/healthy/healthy_89.jpg,0,1f6554ad48b4fef41c9c82c6494ebd56,c7a86837b7139592,cache_256/dataT/healthy/healthy_89.png,A,principal,sana,89
1257,dataT/healthy/healthy_9.jpg,0,fe3d92d37a98d0ad4d07721f44470a9d,cce2e97649c0f2c9,cache_256/dataT/healthy/healthy_9.png,A,principal,sana,9
1258,dataT/healthy/healthy_90.jpg,0,4769dc9696fbe8588d7160a4bafaaca3,a55c4a24e8a56f2f,cache_256/dataT/healthy/healthy_90.png,A,principal,sana,90
1259,dataT/healthy/healthy_91.jpg,0,991114f44008f4cac6711bb35f70e88b,e3585824be5356ab,cache_256/dataT/healthy/healthy_91.png,A,principal,sana,91
1260,dataT/healthy/healthy_92.jpg,0,d157cfadc2b55a6facc779198cae8ac4,b35d052c2672fb91,cache_256/dataT/healthy/healthy_92.png,A,principal,sana,92
1261,dataT/healthy/healthy_93.jpg,0,079ba284a28c64755509f904ec347aa1,a4497e73a358f360,cache_256/dataT/healthy/healthy_93.png,A,principal,sana,93
1262,dataT/healthy/healthy_94.jpg,0,ebc4bae32ed1d9eb5ecd2f6b1391c88e,c9dd8c2c3032b2fd,cache_256/dataT/healthy/healthy_94.png,A,principal,sana,94
1263,dataT/healthy/healthy_95.jpg,0,f6a9f04c055d71b7e44dd23adadb989d,a49d4d41435f63e3,cache_256/dataT/healthy/healthy_95.png,A,principal,sana,95
1264,dataT/healthy/healthy_96.jpg,0,318c1750b8c60defe5b98440d53b23b4,c68d782c4127b776,cache_256/dataT/healthy/healthy_96.png,A,principal,sana,96
1265,dataT/healthy/healthy_97.jpg,0,7ab1a80c8ef202c91d28b3aa2b4edc86,b8984da7a3845a9f,cache_256/dataT/healthy/healthy_97.png,A,principal,sana,97
1266,dataT/healthy/healthy_98.jpg,0,cb839044081b99c34ba5f0502ff8d924,8c1c99314377d69e,cache_256/dataT/healthy/healthy_98.png,A,principal,sana,98
1267,dataT/healthy/healthy_99.jpg,0,00229daa17013ea1d8a2dcff2f9d321c,8cb9f92353a716c8,cache_256/dataT/healthy/healthy_99.png,A,principal,sana,99
1268,dataT/pod_rot_black/black_pod_rot_1.jpg,1,3cf3901bd20e3910ce2bd2a34285e151,da95a424acb2f2d3,cache_256/dataT/pod_rot_black/black_pod_rot_1.png,A,principal,bpr,1
1269,dataT/pod_rot_black/black_pod_rot_10.jpg,1,2473be012438c8db2a0c1f454c226928,eef242f7a310b18a,cache_256/dataT/pod_rot_black/black_pod_rot_10.png,A,principal,bpr,10
1270,dataT/pod_rot_black/black_pod_rot_100.jpg,1,af88d5ff63102933d009e06602aa9aa8,d1f58ff12f01ba04,cache_256/dataT/pod_rot_black/black_pod_rot_100.png,A,principal,bpr,100
1271,dataT/pod_rot_black/black_pod_rot_101.jpg,1,d33754ff3dc4621047583561bc442850,a116ee225d6a496f,cache_256/dataT/pod_rot_black/black_pod_rot_101.png,A,principal,bpr,101
1272,dataT/pod_rot_black/black_pod_rot_102.jpg,1,d7b2a39d2eac0a869f5510581943bed2,eeec88a22f1db215,cache_256/dataT/pod_rot_black/black_pod_rot_102.png,A,principal,bpr,102
1273,dataT/pod_rot_black/black_pod_rot_103.jpg,1,05f5aaf3c69b1dd072b59cab43e3f7d4,e46cb5b6e19116b2,cache_256/dataT/pod_rot_black/black_pod_rot_103.png,A,principal,bpr,103
1274,dataT/pod_rot_black/black_pod_rot_104.jpg,1,bb466be701fbc085c160249f86a42f2c,e64a9a6f19823be8,cache_256/dataT/pod_rot_black/black_pod_rot_104.png,A,principal,bpr,104
1275,dataT/pod_rot_black/black_pod_rot_105.jpg,1,500e0af3e47e2cfe2805630a802a2939,a6d8c67dc966a826,cache_256/dataT/pod_rot_black/black_pod_rot_105.png,A,principal,bpr,105
1276,dataT/pod_rot_black/black_pod_rot_106.jpg,1,5ba2093e2b703447b1b39ffbc00e6226,a3d9c374a427b263,cache_256/dataT/pod_rot_black/black_pod_rot_106.png,A,principal,bpr,106
1277,dataT/pod_rot_black/black_pod_rot_107.jpg,1,d95b2e72fbae94de674a93576e8af1a1,bf7841b30a8d0f9c,cache_256/dataT/pod_rot_black/black_pod_rot_107.png,A,principal,bpr,107
1278,dataT/pod_rot_black/black_pod_rot_108.jpg,1,97f66c3dce26423c187a66b7a891227b,deb8593327a3e290,cache_256/dataT/pod_rot_black/black_pod_rot_108.png,A,principal,bpr,108
1279,dataT/pod_rot_black/black_pod_rot_109.jpg,1,4ebcb744989928d74f6385dc2e8d1567,cc913161f1cedfa0,cache_256/dataT/pod_rot_black/black_pod_rot_109.png,A,principal,bpr,109
1280,dataT/pod_rot_black/black_pod_rot_11.jpg,1,de66d7e8893094a2b4d336bd23b5618c,be375148334e8f8a,cache_256/dataT/pod_rot_black/black_pod_rot_11.png,A,principal,bpr,11
1281,dataT/pod_rot_black/black_pod_rot_110.jpg,1,ca63935f002e092ad28451208e543e5c,e5841e39b9b7a113,cache_256/dataT/pod_rot_black/black_pod_rot_110.png,A,principal,bpr,110
1282,dataT/pod_rot_black/black_pod_rot_111.jpg,1,2b9a8fff20a65c5917aab95ced7aca1a,b3024ce8707db367,cache_256/dataT/pod_rot_black/black_pod_rot_111.png,A,principal,bpr,111
1283,dataT/pod_rot_black/black_pod_rot_112.jpg,1,af7769dc54000386ea1e6c684b66dd2e,bce24b23edacd250,cache_256/dataT/pod_rot_black/black_pod_rot_112.png,A,principal,bpr,112
1284,dataT/pod_rot_black/black_pod_rot_113.jpg,1,cd6112eafceca9ba64baa01e1a61c383,e3b49d268762cec1,cache_256/dataT/pod_rot_black/black_pod_rot_113.png,A,principal,bpr,113
1285,dataT/pod_rot_black/black_pod_rot_114.jpg,1,839ef4ef01fee3be5959450b2b86afe9,b8f609235693b6d1,cache_256/dataT/pod_rot_black/black_pod_rot_114.png,A,principal,bpr,114
1286,dataT/pod_rot_black/black_pod_rot_115.jpg,1,4b89c53500dce882c7d607d4879f70b7,d25da466a5c21d9e,cache_256/dataT/pod_rot_black/black_pod_rot_115.png,A,principal,bpr,115
1287,dataT/pod_rot_black/black_pod_rot_116.jpg,1,abdd0eed2ee8667aa0bed20570953092,f7ddc9226062a64b,cache_256/dataT/pod_rot_black/black_pod_rot_116.png,A,principal,bpr,116
1288,dataT/pod_rot_black/black_pod_rot_117.jpg,1,d4d3ec44ec288d0546721e5734ea3155,fff8504321e3834b,cache_256/dataT/pod_rot_black/black_pod_rot_117.png,A,principal,bpr,117
1289,dataT/pod_rot_black/black_pod_rot_118.jpg,1,5a8ccf0447c4085be7ebc069607d45cd,c9c12537f432723b,cache_256/dataT/pod_rot_black/black_pod_rot_118.png,A,principal,bpr,118
1290,dataT/pod_rot_black/black_pod_rot_119.jpg,1,63f1974bf1f5798cbbd0cdcce1be153c,98dded27fc293050,cache_256/dataT/pod_rot_black/black_pod_rot_119.png,A,principal,bpr,119
1291,dataT/pod_rot_black/black_pod_rot_12.jpg,1,7fbbb5dfd913e04b26d62b170882edf1,e72b0a4b83d6aee0,cache_256/dataT/pod_rot_black/black_pod_rot_12.png,A,principal,bpr,12
1292,dataT/pod_rot_black/black_pod_rot_120.jpg,1,99c93f855465539e849a388ab273fbc8,dc6f7132a39c1c51,cache_256/dataT/pod_rot_black/black_pod_rot_120.png,A,principal,bpr,120
1293,dataT/pod_rot_black/black_pod_rot_121.jpg,1,35f017a608541191ca5e6682e73057c7,8dde5d33338c1e82,cache_256/dataT/pod_rot_black/black_pod_rot_121.png,A,principal,bpr,121
1294,dataT/pod_rot_black/black_pod_rot_122.jpg,1,53f3ddf9305eaef3f7894af5cb3a65d2,cc58933374b7e624,cache_256/dataT/pod_rot_black/black_pod_rot_122.png,A,principal,bpr,122
1295,dataT/pod_rot_black/black_pod_rot_123.jpg,1,dee1a3b1c6d5b089364c41626898aaf1,e16b3d7246c8c273,cache_256/dataT/pod_rot_black/black_pod_rot_123.png,A,principal,bpr,123
1296,dataT/pod_rot_black/black_pod_rot_124.jpg,1,fffa924dda77c20b3708df5e5732b391,f30c0d73b1a2969e,cache_256/dataT/pod_rot_black/black_pod_rot_124.png,A,principal,bpr,124
1297,dataT/pod_rot_black/black_pod_rot_125.jpg,1,fb4415eed627c2da0b8954d965788849,c259c966a4fc572c,cache_256/dataT/pod_rot_black/black_pod_rot_125.png,A,principal,bpr,125
1298,dataT/pod_rot_black/black_pod_rot_126.jpg,1,4b211c29cd5a379d6577f609dbbfc46b,d116cc2f1e287e78,cache_256/dataT/pod_rot_black/black_pod_rot_126.png,A,principal,bpr,126
1299,dataT/pod_rot_black/black_pod_rot_127.jpg,1,b976db9569c7625dd6cf401fdd9148ea,cf1c78a722da05ec,cache_256/dataT/pod_rot_black/black_pod_rot_127.png,A,principal,bpr,127
1300,dataT/pod_rot_black/black_pod_rot_128.jpg,1,de9335e1ae324d9706d959c6f6f458c8,b79889b4ca68d4b6,cache_256/dataT/pod_rot_black/black_pod_rot_128.png,A,principal,bpr,128
1301,dataT/pod_rot_black/black_pod_rot_129.jpg,1,cd79077f544a7b5c38c1d24fca8e6e41,c6aef2f21aa50d58,cache_256/dataT/pod_rot_black/black_pod_rot_129.png,A,principal,bpr,129
1302,dataT/pod_rot_black/black_pod_rot_13.jpg,1,29b9dfe448e1bb9454bc9e22b844ebbb,f849cc66f2630b0f,cache_256/dataT/pod_rot_black/black_pod_rot_13.png,A,principal,bpr,13
1303,dataT/pod_rot_black/black_pod_rot_130.jpg,1,6dd5ec7115936f4c2074dcaaa5972ad5,fe08bc0c2de0735b,cache_256/dataT/pod_rot_black/black_pod_rot_130.png,A,principal,bpr,130
1304,dataT/pod_rot_black/black_pod_rot_131.jpg,1,14951e01d1822523da299283003f10d8,e60ddcb12d748fa0,cache_256/dataT/pod_rot_black/black_pod_rot_131.png,A,principal,bpr,131
1305,dataT/pod_rot_black/black_pod_rot_132.jpg,1,fddcfdae9d8b52146aa748495675ff7e,a3a9af62f22286a7,cache_256/dataT/pod_rot_black/black_pod_rot_132.png,A,principal,bpr,132
1306,dataT/pod_rot_black/black_pod_rot_133.jpg,1,3acbd3297468731f9ca9b2ff5488d8ac,9395cdc647e43c1c,cache_256/dataT/pod_rot_black/black_pod_rot_133.png,A,principal,bpr,133
1307,dataT/pod_rot_black/black_pod_rot_134.jpg,1,2f318157d0f4e6d10fee8ef14183107f,d3eb4d64e6123233,cache_256/dataT/pod_rot_black/black_pod_rot_134.png,A,principal,bpr,134
1308,dataT/pod_rot_black/black_pod_rot_135.jpg,1,cc654312054c113f793e04298acd44e6,87236da5a5fc9095,cache_256/dataT/pod_rot_black/black_pod_rot_135.png,A,principal,bpr,135
1309,dataT/pod_rot_black/black_pod_rot_136.jpg,1,e8e5b84e2bb8aab7e7b54a17a067bc2a,86b4d834f03e274f,cache_256/dataT/pod_rot_black/black_pod_rot_136.png,A,principal,bpr,136
1310,dataT/pod_rot_black/black_pod_rot_137.jpg,1,526f413a97032a293c94c5f660d9b203,e6e6c8ad0895709f,cache_256/dataT/pod_rot_black/black_pod_rot_137.png,A,principal,bpr,137
1311,dataT/pod_rot_black/black_pod_rot_138.jpg,1,877c34254c777e51dcad829f73b38c35,bdac622e3e5858c9,cache_256/dataT/pod_rot_black/black_pod_rot_138.png,A,principal,bpr,138
1312,dataT/pod_rot_black/black_pod_rot_139.jpg,1,b239f6d1fc92c7bf5ca5252f592b8771,ce4e383423393b9d,cache_256/dataT/pod_rot_black/black_pod_rot_139.png,A,principal,bpr,139
1313,dataT/pod_rot_black/black_pod_rot_14.jpg,1,e275acd10292c408aca5a7eca33a9535,9ff0e13e72427113,cache_256/dataT/pod_rot_black/black_pod_rot_14.png,A,principal,bpr,14
1314,dataT/pod_rot_black/black_pod_rot_140.jpg,1,513a64c3cdc93bbb002f5a1174293ebc,d6291676ec57e8c0,cache_256/dataT/pod_rot_black/black_pod_rot_140.png,A,principal,bpr,140
1315,dataT/pod_rot_black/black_pod_rot_141.jpg,1,37ca6bc03f6b930e842ccbafe09f17af,903db5766652e4e1,cache_256/dataT/pod_rot_black/black_pod_rot_141.png,A,principal,bpr,141
1316,dataT/pod_rot_black/black_pod_rot_142.jpg,1,87d10e60bab1e080887621363b0ba095,d849dd647bd44a94,cache_256/dataT/pod_rot_black/black_pod_rot_142.png,A,principal,bpr,142
1317,dataT/pod_rot_black/black_pod_rot_143.jpg,1,0a8a91083edcc70a801aa5da8af655c6,b2b8dc38b4b621a7,cache_256/dataT/pod_rot_black/black_pod_rot_143.png,A,principal,bpr,143
1318,dataT/pod_rot_black/black_pod_rot_144.jpg,1,d105a4f29a5851d8bf34f32f4e1dcee2,df8e2c6435367036,cache_256/dataT/pod_rot_black/black_pod_rot_144.png,A,principal,bpr,144
1319,dataT/pod_rot_black/black_pod_rot_145.jpg,1,53700be5e0ed95d359925a410f7ffc40,b2198c612397e3de,cache_256/dataT/pod_rot_black/black_pod_rot_145.png,A,principal,bpr,145
1320,dataT/pod_rot_black/black_pod_rot_146.jpg,1,2b9850dfa3f7f6e6f9f9e512372a7e41,a75e1a261ddac097,cache_256/dataT/pod_rot_black/black_pod_rot_146.png,A,principal,bpr,146
1321,dataT/pod_rot_black/black_pod_rot_147.jpg,1,a981a4a42df01458ca28ee851a58cf32,e2e8e94e58d85339,cache_256/dataT/pod_rot_black/black_pod_rot_147.png,A,principal,bpr,147
1322,dataT/pod_rot_black/black_pod_rot_148.jpg,1,8279e5c0a1d6c680bf3c9c173f36351c,b1191d7670636735,cache_256/dataT/pod_rot_black/black_pod_rot_148.png,A,principal,bpr,148
1323,dataT/pod_rot_black/black_pod_rot_149.jpg,1,8cab03a2eca11a656f0108076107ac3d,bf9889678142d9cb,cache_256/dataT/pod_rot_black/black_pod_rot_149.png,A,principal,bpr,149
1324,dataT/pod_rot_black/black_pod_rot_15.jpg,1,9e7ba5252c65045aa0127dad125d04c6,b77ec026e4c929c9,cache_256/dataT/pod_rot_black/black_pod_rot_15.png,A,principal,bpr,15
1325,dataT/pod_rot_black/black_pod_rot_150.jpg,1,6517c520430cdd305304941d355c69cb,8e8d4a33a1332f2f,cache_256/dataT/pod_rot_black/black_pod_rot_150.png,A,principal,bpr,150
1326,dataT/pod_rot_black/black_pod_rot_151.jpg,1,eaa6f310eced3cddb822fe5c3535e2e6,d898cc6e4e679266,cache_256/dataT/pod_rot_black/black_pod_rot_151.png,A,principal,bpr,151
1327,dataT/pod_rot_black/black_pod_rot_152.jpg,1,93e00bcf064e3a15074b35716441dbf9,a64c84e7f4f30f0c,cache_256/dataT/pod_rot_black/black_pod_rot_152.png,A,principal,bpr,152
1328,dataT/pod_rot_black/black_pod_rot_153.jpg,1,aed74a60e68512604e7f18ea44e49385,dbaf0d347132a9a1,cache_256/dataT/pod_rot_black/black_pod_rot_153.png,A,principal,bpr,153
1329,dataT/pod_rot_black/black_pod_rot_154.jpg,1,90d5fbe73a7e1b4b75c2c12d610795bd,d68ddcf44803e5d1,cache_256/dataT/pod_rot_black/black_pod_rot_154.png,A,principal,bpr,154
1330,dataT/pod_rot_black/black_pod_rot_155.jpg,1,c4ed864533141c7bf26dd429dcfc966b,ccd919622870e6fd,cache_256/dataT/pod_rot_black/black_pod_rot_155.png,A,principal,bpr,155
1331,dataT/pod_rot_black/black_pod_rot_156.jpg,1,4c24fbe064ec842cbb6d27736f41f698,96b4a7b793236909,cache_256/dataT/pod_rot_black/black_pod_rot_156.png,A,principal,bpr,156
1332,dataT/pod_rot_black/black_pod_rot_157.jpg,1,a4e696a78e73b860d15398adc2f2f141,e49e9e65446678c6,cache_256/dataT/pod_rot_black/black_pod_rot_157.png,A,principal,bpr,157
1333,dataT/pod_rot_black/black_pod_rot_158.jpg,1,c0d1edb6e951a8df17704e26dfad1f03,f2c68d656d2d9461,cache_256/dataT/pod_rot_black/black_pod_rot_158.png,A,principal,bpr,158
1334,dataT/pod_rot_black/black_pod_rot_159.jpg,1,965a8360acaa45cb951fe54e9071fc6b,ded8e364142ed5a1,cache_256/dataT/pod_rot_black/black_pod_rot_159.png,A,principal,bpr,159
1335,dataT/pod_rot_black/black_pod_rot_16.jpg,1,0f792d82212993803f48d85c2ce853f4,cbcb5de3248260dd,cache_256/dataT/pod_rot_black/black_pod_rot_16.png,A,principal,bpr,16
1336,dataT/pod_rot_black/black_pod_rot_160.jpg,1,22a347b3f5c24a0d06d3d65716fa954b,939d0d1d7cf8f060,cache_256/dataT/pod_rot_black/black_pod_rot_160.png,A,principal,bpr,160
1337,dataT/pod_rot_black/black_pod_rot_161.jpg,1,0242560e44a6f02df44a9f0d03d4fffc,a493da7841eddd44,cache_256/dataT/pod_rot_black/black_pod_rot_161.png,A,principal,bpr,161
1338,dataT/pod_rot_black/black_pod_rot_162.jpg,1,9e585845048dcff0aeedecb22980467f,c3c69cd87ef81a12,cache_256/dataT/pod_rot_black/black_pod_rot_162.png,A,principal,bpr,162
1339,dataT/pod_rot_black/black_pod_rot_163.jpg,1,2e96ca3005b43b9692249e7ee0cc0960,dbcce1262527a5ca,cache_256/dataT/pod_rot_black/black_pod_rot_163.png,A,principal,bpr,163
1340,dataT/pod_rot_black/black_pod_rot_164.jpg,1,b9717a1cf673577597d01b626eeecee8,e713dd350626a593,cache_256/dataT/pod_rot_black/black_pod_rot_164.png,A,principal,bpr,164
1341,dataT/pod_rot_black/black_pod_rot_165.jpg,1,d4ec68ea534af4b6fedb877e0adec3ce,e73f84210ea1f1d9,cache_256/dataT/pod_rot_black/black_pod_rot_165.png,A,principal,bpr,165
1342,dataT/pod_rot_black/black_pod_rot_166.jpg,1,eaf0fdeeab72510a488f5515f87b73b9,f60d0f729053927e,cache_256/dataT/pod_rot_black/black_pod_rot_166.png,A,principal,bpr,166
1343,dataT/pod_rot_black/black_pod_rot_167.jpg,1,6b8114ab840766cf8d0f106eb18a90d4,9296b79dc5d27a40,cache_256/dataT/pod_rot_black/black_pod_rot_167.png,A,principal,bpr,167
1344,dataT/pod_rot_black/black_pod_rot_168.jpg,1,6973cb788d8fe7b7084d1663fe0d3860,c6fda3301e43c17c,cache_256/dataT/pod_rot_black/black_pod_rot_168.png,A,principal,bpr,168
1345,dataT/pod_rot_black/black_pod_rot_169.jpg,1,b9bd87d32193397f38a1361c67f147bb,e4ee94f3c14b3a81,cache_256/dataT/pod_rot_black/black_pod_rot_169.png,A,principal,bpr,169
1346,dataT/pod_rot_black/black_pod_rot_17.jpg,1,be68d1fdd048bfb28d34051a01b3be34,be3d406317561e2b,cache_256/dataT/pod_rot_black/black_pod_rot_17.png,A,principal,bpr,17
1347,dataT/pod_rot_black/black_pod_rot_170.jpg,1,0226d5447538724d2edc31a172ff8bff,964c25b742c33e3b,cache_256/dataT/pod_rot_black/black_pod_rot_170.png,A,principal,bpr,170
1348,dataT/pod_rot_black/black_pod_rot_171.jpg,1,5918950783c353dbfef245460b819778,8ba9543295eda5cc,cache_256/dataT/pod_rot_black/black_pod_rot_171.png,A,principal,bpr,171
1349,dataT/pod_rot_black/black_pod_rot_172.jpg,1,3fc1a9134f52d502ff61c3c8139253ee,e7ce383f05009edc,cache_256/dataT/pod_rot_black/black_pod_rot_172.png,A,principal,bpr,172
1350,dataT/pod_rot_black/black_pod_rot_173.jpg,1,78dca00690c5a264a0a9786a45d25d2a,f0c3c1736fe51454,cache_256/dataT/pod_rot_black/black_pod_rot_173.png,A,principal,bpr,173
1351,dataT/pod_rot_black/black_pod_rot_174.jpg,1,49d9e975a7f58640f28afb1c13344f00,b32b6c7e78b8c1c0,cache_256/dataT/pod_rot_black/black_pod_rot_174.png,A,principal,bpr,174
1352,dataT/pod_rot_black/black_pod_rot_175.jpg,1,a7d61f040a7234d9853844e50ea09b66,a00a277d7c2b3e66,cache_256/dataT/pod_rot_black/black_pod_rot_175.png,A,principal,bpr,175
1353,dataT/pod_rot_black/black_pod_rot_176.jpg,1,55932bfe8090820ec9ce1ec81a1e40a5,9b94d86de6ada411,cache_256/dataT/pod_rot_black/black_pod_rot_176.png,A,principal,bpr,176
1354,dataT/pod_rot_black/black_pod_rot_177.jpg,1,4c8d8d83bb090bd7e5e55b0ffb6b3963,9db02760d9e9b591,cache_256/dataT/pod_rot_black/black_pod_rot_177.png,A,principal,bpr,177
1355,dataT/pod_rot_black/black_pod_rot_178.jpg,1,75ae208c284d5d93c54974765ad707cd,90bedcf0d970d941,cache_256/dataT/pod_rot_black/black_pod_rot_178.png,A,principal,bpr,178
1356,dataT/pod_rot_black/black_pod_rot_179.jpg,1,ed211d021a38f532d1ba317264561ba3,c2431c3f5c9e982f,cache_256/dataT/pod_rot_black/black_pod_rot_179.png,A,principal,bpr,179
1357,dataT/pod_rot_black/black_pod_rot_18.jpg,1,3c5943e063b7f903a78c4bdfdd9a2cce,eece2d64b632862c,cache_256/dataT/pod_rot_black/black_pod_rot_18.png,A,principal,bpr,18
1358,dataT/pod_rot_black/black_pod_rot_180.jpg,1,8d248a06898abbe9974a9329a5049450,e83cf07e0bd71e02,cache_256/dataT/pod_rot_black/black_pod_rot_180.png,A,principal,bpr,180
1359,dataT/pod_rot_black/black_pod_rot_181.jpg,1,f06809e1c00bac3d06c06b939136072d,d86533269ed8f09c,cache_256/dataT/pod_rot_black/black_pod_rot_181.png,A,principal,bpr,181
1360,dataT/pod_rot_black/black_pod_rot_182.jpg,1,a1197abb180c9a14ebf915d3bb542243,d3cd4c244d76e4e2,cache_256/dataT/pod_rot_black/black_pod_rot_182.png,A,principal,bpr,182
1361,dataT/pod_rot_black/black_pod_rot_183.jpg,1,9501912c88bbcdf15ea102fb997eff3b,86d2d97732ae2525,cache_256/dataT/pod_rot_black/black_pod_rot_183.png,A,principal,bpr,183
1362,dataT/pod_rot_black/black_pod_rot_184.jpg,1,98f76306b8e87fb3510253367841aeb1,9e9d990686cd4fa1,cache_256/dataT/pod_rot_black/black_pod_rot_184.png,A,principal,bpr,184
1363,dataT/pod_rot_black/black_pod_rot_185.jpg,1,cc13b7f2781b6e4a9f50838dbf4c057c,d3c9cc08ae39a6f4,cache_256/dataT/pod_rot_black/black_pod_rot_185.png,A,principal,bpr,185
1364,dataT/pod_rot_black/black_pod_rot_186.jpg,1,92a6743e89e4762c950f62014223ac93,9e09de4d585f41c6,cache_256/dataT/pod_rot_black/black_pod_rot_186.png,A,principal,bpr,186
1365,dataT/pod_rot_black/black_pod_rot_187.jpg,1,9ab249b8770753af6bcbd8a100f9f90b,e780c87d92d1f2e1,cache_256/dataT/pod_rot_black/black_pod_rot_187.png,A,principal,bpr,187
1366,dataT/pod_rot_black/black_pod_rot_188.jpg,1,6b1d9f4fd00fd5d740db97005e37cb95,e1cecb619d21a6b2,cache_256/dataT/pod_rot_black/black_pod_rot_188.png,A,principal,bpr,188
1367,dataT/pod_rot_black/black_pod_rot_189.jpg,1,a75f04080103ea4a0c3a363ddcf26afe,9559c92e615e2ab6,cache_256/dataT/pod_rot_black/black_pod_rot_189.png,A,principal,bpr,189
1368,dataT/pod_rot_black/black_pod_rot_19.jpg,1,e326a7c236ec9241004745f8564196cd,fed0f024f18999d1,cache_256/dataT/pod_rot_black/black_pod_rot_19.png,A,principal,bpr,19
1369,dataT/pod_rot_black/black_pod_rot_190.jpg,1,48ad690f3eebca43bc9291ae2a354650,e7e8c9428397b4b1,cache_256/dataT/pod_rot_black/black_pod_rot_190.png,A,principal,bpr,190
1370,dataT/pod_rot_black/black_pod_rot_191.jpg,1,1258a953b00b8b0f32864dcbd03bff92,e789d827cbce9824,cache_256/dataT/pod_rot_black/black_pod_rot_191.png,A,principal,bpr,191
1371,dataT/pod_rot_black/black_pod_rot_192.jpg,1,657341dce3a9c4465a11380573b74f89,8dade12af0f91361,cache_256/dataT/pod_rot_black/black_pod_rot_192.png,A,principal,bpr,192
1372,dataT/pod_rot_black/black_pod_rot_193.jpg,1,f87360312a79a5b4eccc6300cfa86e8d,99d472ab2596aa8d,cache_256/dataT/pod_rot_black/black_pod_rot_193.png,A,principal,bpr,193
1373,dataT/pod_rot_black/black_pod_rot_194.jpg,1,b2085b811d33a47364ace36112e95431,c9f1f363629c0c0f,cache_256/dataT/pod_rot_black/black_pod_rot_194.png,A,principal,bpr,194
1374,dataT/pod_rot_black/black_pod_rot_195.jpg,1,ed51bc512166462ac03830b1527deeea,b7c10d94406cbbee,cache_256/dataT/pod_rot_black/black_pod_rot_195.png,A,principal,bpr,195
1375,dataT/pod_rot_black/black_pod_rot_196.jpg,1,893662a0d80f2fdbdd22e34529fcf787,eb6b6d34345a5981,cache_256/dataT/pod_rot_black/black_pod_rot_196.png,A,principal,bpr,196
1376,dataT/pod_rot_black/black_pod_rot_197.jpg,1,52b3289efc0a8731750dffbaf4a62171,b3e2cc613a379515,cache_256/dataT/pod_rot_black/black_pod_rot_197.png,A,principal,bpr,197
1377,dataT/pod_rot_black/black_pod_rot_198.jpg,1,c725414507b67751bed231dcaf3f620d,8c4fb11666d8e768,cache_256/dataT/pod_rot_black/black_pod_rot_198.png,A,principal,bpr,198
1378,dataT/pod_rot_black/black_pod_rot_199.jpg,1,de3b466252d16d4fea4cec957b1736e6,8ca23471cdcbc97c,cache_256/dataT/pod_rot_black/black_pod_rot_199.png,A,principal,bpr,199
1379,dataT/pod_rot_black/black_pod_rot_2.jpg,1,709d9df4414d2c8e256f6f718d7f3360,abefcc6b2c2861a8,cache_256/dataT/pod_rot_black/black_pod_rot_2.png,A,principal,bpr,2
1380,dataT/pod_rot_black/black_pod_rot_20.jpg,1,f48d1c3cf7ecb75fb3c94da0829a7c92,ba9ef868890cafb0,cache_256/dataT/pod_rot_black/black_pod_rot_20.png,A,principal,bpr,20
1381,dataT/pod_rot_black/black_pod_rot_200.jpg,1,3e044651401caf06f3742ec42b664834,ee0c983336476d5c,cache_256/dataT/pod_rot_black/black_pod_rot_200.png,A,principal,bpr,200
1382,dataT/pod_rot_black/black_pod_rot_201.jpg,1,2b8473db4356f109675dadf9e2721dd8,d71b0c1c307e2ea7,cache_256/dataT/pod_rot_black/black_pod_rot_201.png,A,principal,bpr,201
1383,dataT/pod_rot_black/black_pod_rot_202.jpg,1,617709ed0471cc691c0762288706b8af,f47bf30572823c43,cache_256/dataT/pod_rot_black/black_pod_rot_202.png,A,principal,bpr,202
1384,dataT/pod_rot_black/black_pod_rot_203.jpg,1,2c7661983e3cc4950f32ce9be359456e,a61ccce43518ea77,cache_256/dataT/pod_rot_black/black_pod_rot_203.png,A,principal,bpr,203
1385,dataT/pod_rot_black/black_pod_rot_204.jpg,1,ae695473af3e205079cf734c6609195b,d824f99933cf044f,cache_256/dataT/pod_rot_black/black_pod_rot_204.png,A,principal,bpr,204
1386,dataT/pod_rot_black/black_pod_rot_205.jpg,1,21f6a737354316a0de74c5f979224b23,e5fc12a2a25a633e,cache_256/dataT/pod_rot_black/black_pod_rot_205.png,A,principal,bpr,205
1387,dataT/pod_rot_black/black_pod_rot_206.jpg,1,ac5071cefa92b7a727663a1c772291a8,cd8c3cf716426339,cache_256/dataT/pod_rot_black/black_pod_rot_206.png,A,principal,bpr,206
1388,dataT/pod_rot_black/black_pod_rot_207.jpg,1,a742fb0faaa069888fabcddac07abd4b,d66e31416465e7a6,cache_256/dataT/pod_rot_black/black_pod_rot_207.png,A,principal,bpr,207
1389,dataT/pod_rot_black/black_pod_rot_208.jpg,1,bd28995dbc8b9c8bc4292b520e3f2390,9fc8cc70ac3a49b3,cache_256/dataT/pod_rot_black/black_pod_rot_208.png,A,principal,bpr,208
1390,dataT/pod_rot_black/black_pod_rot_209.jpg,1,73f30a7af64ef62891ab92d8a4e2e9aa,84aaab3f2a3692b6,cache_256/dataT/pod_rot_black/black_pod_rot_209.png,A,principal,bpr,209
1391,dataT/pod_rot_black/black_pod_rot_21.jpg,1,1fb0865cc1370dcff7ee459713f9440a,c644a9a766c6da9a,cache_256/dataT/pod_rot_black/black_pod_rot_21.png,A,principal,bpr,21
1392,dataT/pod_rot_black/black_pod_rot_210.jpg,1,88a2ec93de453496d5cbb5480fcae13b,c3ba4d276443537a,cache_256/dataT/pod_rot_black/black_pod_rot_210.png,A,principal,bpr,210
1393,dataT/pod_rot_black/black_pod_rot_211.jpg,1,2e8522c3b89ad82d9cba6dc307d85d09,b668c85a665eb81d,cache_256/dataT/pod_rot_black/black_pod_rot_211.png,A,principal,bpr,211
1394,dataT/pod_rot_black/black_pod_rot_212.jpg,1,95dbf073ab42ac9c1adbfe008c79910e,cf8dd3720b220f8e,cache_256/dataT/pod_rot_black/black_pod_rot_212.png,A,principal,bpr,212
1395,dataT/pod_rot_black/black_pod_rot_213.jpg,1,540aaf752178c06e2ce53618d9e74179,cb34b174c699e4e8,cache_256/dataT/pod_rot_black/black_pod_rot_213.png,A,principal,bpr,213
1396,dataT/pod_rot_black/black_pod_rot_214.jpg,1,c2a1e01b9a1db5154ff9f28b9cee19f9,dee4b123276924ea,cache_256/dataT/pod_rot_black/black_pod_rot_214.png,A,principal,bpr,214
1397,dataT/pod_rot_black/black_pod_rot_215.jpg,1,8d675432dba4ab23b620afcf4b376c7b,f1f70e2e2832331d,cache_256/dataT/pod_rot_black/black_pod_rot_215.png,A,principal,bpr,215
1398,dataT/pod_rot_black/black_pod_rot_216.jpg,1,2b6b7551c514833ea39205e637e545a0,f3504c2ff2233cc5,cache_256/dataT/pod_rot_black/black_pod_rot_216.png,A,principal,bpr,216
1399,dataT/pod_rot_black/black_pod_rot_217.jpg,1,6399219e0322d65669c4c88bb862669b,d29ce9ea06aaf01b,cache_256/dataT/pod_rot_black/black_pod_rot_217.png,A,principal,bpr,217
1400,dataT/pod_rot_black/black_pod_rot_218.jpg,1,983153383274fbe5712e0c66b212fe9e,9e88bc7b6a351694,cache_256/dataT/pod_rot_black/black_pod_rot_218.png,A,principal,bpr,218
1401,dataT/pod_rot_black/black_pod_rot_219.jpg,1,b2bd9c91b0cad6c3b95099bb65fdac9c,e349d9e326b8661c,cache_256/dataT/pod_rot_black/black_pod_rot_219.png,A,principal,bpr,219
1402,dataT/pod_rot_black/black_pod_rot_22.jpg,1,f26213dc78cf9992e9f596b113e19a4f,ce2ae836a41ccf5c,cache_256/dataT/pod_rot_black/black_pod_rot_22.png,A,principal,bpr,22
1403,dataT/pod_rot_black/black_pod_rot_220.jpg,1,ba71f861276361a94e9724a01052832d,aa065d79e6c6c21b,cache_256/dataT/pod_rot_black/black_pod_rot_220.png,A,principal,bpr,220
1404,dataT/pod_rot_black/black_pod_rot_221.jpg,1,87161ae91e457f4c200c4b73223c55c1,b169cc6a3cd8853e,cache_256/dataT/pod_rot_black/black_pod_rot_221.png,A,principal,bpr,221
1405,dataT/pod_rot_black/black_pod_rot_222.jpg,1,bed73997848b690440ddfcca4142f7ae,adcb5a9490bf82f0,cache_256/dataT/pod_rot_black/black_pod_rot_222.png,A,principal,bpr,222
1406,dataT/pod_rot_black/black_pod_rot_223.jpg,1,3919d63ff7b8f2b97b0e9e176c12dd5a,e8d9dc261c0e81f7,cache_256/dataT/pod_rot_black/black_pod_rot_223.png,A,principal,bpr,223
1407,dataT/pod_rot_black/black_pod_rot_224.jpg,1,0207c1a2cf33d172d9b4b0a7eaf2c923,e228a7732d950be5,cache_256/dataT/pod_rot_black/black_pod_rot_224.png,A,principal,bpr,224
1408,dataT/pod_rot_black/black_pod_rot_225.jpg,1,71aca9d5899fd585dff9fffe8d618da1,86a1f532761c2dbc,cache_256/dataT/pod_rot_black/black_pod_rot_225.png,A,principal,bpr,225
1409,dataT/pod_rot_black/black_pod_rot_226.jpg,1,faed20d253d125596e4b0dbf771b15ce,e34ecc73472f281c,cache_256/dataT/pod_rot_black/black_pod_rot_226.png,A,principal,bpr,226
1410,dataT/pod_rot_black/black_pod_rot_227.jpg,1,be114b45b223e3ab996459a1b54de509,dbc164ff938d0d10,cache_256/dataT/pod_rot_black/black_pod_rot_227.png,A,principal,bpr,227
1411,dataT/pod_rot_black/black_pod_rot_228.jpg,1,96a75d7cff7963cb0486a12814cec8ae,f1980e6634fd5629,cache_256/dataT/pod_rot_black/black_pod_rot_228.png,A,principal,bpr,228
1412,dataT/pod_rot_black/black_pod_rot_229.jpg,1,a17003427cd912bf0ad9821fb8e59603,e88d3564a5e665c9,cache_256/dataT/pod_rot_black/black_pod_rot_229.png,A,principal,bpr,229
1413,dataT/pod_rot_black/black_pod_rot_23.jpg,1,5ddb32c17ef5dbf980efef929ec43817,b779e7a62488cc45,cache_256/dataT/pod_rot_black/black_pod_rot_23.png,A,principal,bpr,23
1414,dataT/pod_rot_black/black_pod_rot_230.jpg,1,20e2154e70e937cdeee64918b1376327,89991f5370f0f1c3,cache_256/dataT/pod_rot_black/black_pod_rot_230.png,A,principal,bpr,230
1415,dataT/pod_rot_black/black_pod_rot_231.jpg,1,207438c7b7b186b964a2cca5cb4d0d18,c6292d7f68e0870f,cache_256/dataT/pod_rot_black/black_pod_rot_231.png,A,principal,bpr,231
1416,dataT/pod_rot_black/black_pod_rot_232.jpg,1,59c81ac42ac6dad2e4081d24d861c8ae,a65959a7b32632cc,cache_256/dataT/pod_rot_black/black_pod_rot_232.png,A,principal,bpr,232
1417,dataT/pod_rot_black/black_pod_rot_233.jpg,1,3a5c3f5368e020d0c81aadf1f1c3e18e,eb896c6253f40bd1,cache_256/dataT/pod_rot_black/black_pod_rot_233.png,A,principal,bpr,233
1418,dataT/pod_rot_black/black_pod_rot_234.jpg,1,8f6a5a90b3fba11e5e014f199cb94de5,deba303beee0c0c8,cache_256/dataT/pod_rot_black/black_pod_rot_234.png,A,principal,bpr,234
1419,dataT/pod_rot_black/black_pod_rot_235.jpg,1,763919963d174c1e90e568ce3f73e10f,cc9c223366b2badc,cache_256/dataT/pod_rot_black/black_pod_rot_235.png,A,principal,bpr,235
1420,dataT/pod_rot_black/black_pod_rot_236.jpg,1,fc0df8a1f6712d44fb959dd3be20d416,f0b998772bb39482,cache_256/dataT/pod_rot_black/black_pod_rot_236.png,A,principal,bpr,236
1421,dataT/pod_rot_black/black_pod_rot_237.jpg,1,b29cb0f055e5ce08883a3ede04fabd90,e3ca9921177416f6,cache_256/dataT/pod_rot_black/black_pod_rot_237.png,A,principal,bpr,237
1422,dataT/pod_rot_black/black_pod_rot_238.jpg,1,5bc86e4c583732d234bb87e6b0bce894,e0f89d3133c6a3ac,cache_256/dataT/pod_rot_black/black_pod_rot_238.png,A,principal,bpr,238
1423,dataT/pod_rot_black/black_pod_rot_239.jpg,1,f9b11c06530333e7d551a6dd6cca1f05,cfdc4c3aa670b28a,cache_256/dataT/pod_rot_black/black_pod_rot_239.png,A,principal,bpr,239
1424,dataT/pod_rot_black/black_pod_rot_24.jpg,1,25a5c0e5fdedc0b307a5b812aac34bfa,ca4b39347fa062e3,cache_256/dataT/pod_rot_black/black_pod_rot_24.png,A,principal,bpr,24
1425,dataT/pod_rot_black/black_pod_rot_240.jpg,1,9d4ac564d741bb5d2428ff8454d545fd,ee6c81363d1b3a1a,cache_256/dataT/pod_rot_black/black_pod_rot_240.png,A,principal,bpr,240
1426,dataT/pod_rot_black/black_pod_rot_241.jpg,1,f1d9e641d93d54c16b3a5673d1486482,ead63315860cae9b,cache_256/dataT/pod_rot_black/black_pod_rot_241.png,A,principal,bpr,241
1427,dataT/pod_rot_black/black_pod_rot_242.jpg,1,f2e6ec520d4dc2d776a28372dfb72193,92ab9d3c3c79f030,cache_256/dataT/pod_rot_black/black_pod_rot_242.png,A,principal,bpr,242
1428,dataT/pod_rot_black/black_pod_rot_243.jpg,1,b610d27792dd5812f093d9a127cac657,96fa993c787a34c0,cache_256/dataT/pod_rot_black/black_pod_rot_243.png,A,principal,bpr,243
1429,dataT/pod_rot_black/black_pod_rot_244.jpg,1,c14189bf7dc62c573bf560da444b3e1c,ccd4141be1e93f1c,cache_256/dataT/pod_rot_black/black_pod_rot_244.png,A,principal,bpr,244
1430,dataT/pod_rot_black/black_pod_rot_245.jpg,1,377ec73a86009353148a4f1e73d75a50,9f38b4d27664b432,cache_256/dataT/pod_rot_black/black_pod_rot_245.png,A,principal,bpr,245
1431,dataT/pod_rot_black/black_pod_rot_246.jpg,1,82174b9495c7417b6489c94157260ee3,9319bc776349468e,cache_256/dataT/pod_rot_black/black_pod_rot_246.png,A,principal,bpr,246
1432,dataT/pod_rot_black/black_pod_rot_247.jpg,1,ce24b4791cde3b2aaf2537101d4bae5d,b7784e273b3181d8,cache_256/dataT/pod_rot_black/black_pod_rot_247.png,A,principal,bpr,247
1433,dataT/pod_rot_black/black_pod_rot_248.jpg,1,0fc06a18177c69501ee0636f5eda8941,d660d9123db1bf90,cache_256/dataT/pod_rot_black/black_pod_rot_248.png,A,principal,bpr,248
1434,dataT/pod_rot_black/black_pod_rot_249.jpg,1,bc9bb2bc6ceb2ef365a18a8d22b04b52,a6bc99f1686d64c4,cache_256/dataT/pod_rot_black/black_pod_rot_249.png,A,principal,bpr,249
1435,dataT/pod_rot_black/black_pod_rot_25.jpg,1,58bb61bd0ce3319dbff3ceae05b79dcf,cb6cde72d007bb20,cache_256/dataT/pod_rot_black/black_pod_rot_25.png,A,principal,bpr,25
1436,dataT/pod_rot_black/black_pod_rot_250.jpg,1,edcdfbfac7b4a2454745b97b004eb4d5,b9c9c250033b7b37,cache_256/dataT/pod_rot_black/black_pod_rot_250.png,A,principal,bpr,250
1437,dataT/pod_rot_black/black_pod_rot_251.jpg,1,c37da5465c82cb293475773f414a53fe,f9816774e001dd1f,cache_256/dataT/pod_rot_black/black_pod_rot_251.png,A,principal,bpr,251
1438,dataT/pod_rot_black/black_pod_rot_252.jpg,1,4199a9beea61ecfd09e2c65359cd96f6,fe6ec0e13c23838e,cache_256/dataT/pod_rot_black/black_pod_rot_252.png,A,principal,bpr,252
1439,dataT/pod_rot_black/black_pod_rot_253.jpg,1,5a1180aa368ce3c6233bdbaff7bd397c,bc90d87fe1606366,cache_256/dataT/pod_rot_black/black_pod_rot_253.png,A,principal,bpr,253
1440,dataT/pod_rot_black/black_pod_rot_254.jpg,1,81cf81953b0d09daa954f7dab53c668f,f4d60a61e12f35e1,cache_256/dataT/pod_rot_black/black_pod_rot_254.png,A,principal,bpr,254
1441,dataT/pod_rot_black/black_pod_rot_255.jpg,1,16b6cc800d736808d3324902a7784e9c,9b0878a6665bca5b,cache_256/dataT/pod_rot_black/black_pod_rot_255.png,A,principal,bpr,255
1442,dataT/pod_rot_black/black_pod_rot_256.jpg,1,59cfa0baf96ddfedbe2b02ce6e3ced62,f07009b1b3155bdb,cache_256/dataT/pod_rot_black/black_pod_rot_256.png,A,principal,bpr,256
1443,dataT/pod_rot_black/black_pod_rot_257.jpg,1,2b43500214f6949105a65789c343b181,fb363cad30d39054,cache_256/dataT/pod_rot_black/black_pod_rot_257.png,A,principal,bpr,257
1444,dataT/pod_rot_black/black_pod_rot_258.jpg,1,e42f28e3a9f472ce2564eb9cf2a5bf04,ea7bad3a898c4836,cache_256/dataT/pod_rot_black/black_pod_rot_258.png,A,principal,bpr,258
1445,dataT/pod_rot_black/black_pod_rot_259.jpg,1,f2bf002c3d204fa1a6034289bfe0aa0d,f163cf1d17aa608c,cache_256/dataT/pod_rot_black/black_pod_rot_259.png,A,principal,bpr,259
1446,dataT/pod_rot_black/black_pod_rot_26.jpg,1,d81b98f91eeb3941369adac58b1ee633,a46de3610a8edc5e,cache_256/dataT/pod_rot_black/black_pod_rot_26.png,A,principal,bpr,26
1447,dataT/pod_rot_black/black_pod_rot_260.jpg,1,dc95be0b116426ce1755d0c5af2084a3,abf95c27a5511919,cache_256/dataT/pod_rot_black/black_pod_rot_260.png,A,principal,bpr,260
1448,dataT/pod_rot_black/black_pod_rot_261.jpg,1,003bafcc0e7d71b6081716618b4137b1,cbf991619b23f0c4,cache_256/dataT/pod_rot_black/black_pod_rot_261.png,A,principal,bpr,261
1449,dataT/pod_rot_black/black_pod_rot_262.jpg,1,ea4643eade95c3e3d45de9f33cac5205,c3f48d3a1092bbab,cache_256/dataT/pod_rot_black/black_pod_rot_262.png,A,principal,bpr,262
1450,dataT/pod_rot_black/black_pod_rot_263.jpg,1,7c4b376b39727b8f47e05fb17c977c66,af4a9cb325f2224d,cache_256/dataT/pod_rot_black/black_pod_rot_263.png,A,principal,bpr,263
1451,dataT/pod_rot_black/black_pod_rot_264.jpg,1,410bf2d7fe85ccd3cf9f154be13f54bb,8393ccb1f92151bb,cache_256/dataT/pod_rot_black/black_pod_rot_264.png,A,principal,bpr,264
1452,dataT/pod_rot_black/black_pod_rot_265.jpg,1,69a66156c8c093cb0e28f453efd6e857,a23c1ce6b0d653d6,cache_256/dataT/pod_rot_black/black_pod_rot_265.png,A,principal,bpr,265
1453,dataT/pod_rot_black/black_pod_rot_266.jpg,1,1f323eb98efd1c9c3f2a9436520344f9,b10cf3a61edb0e85,cache_256/dataT/pod_rot_black/black_pod_rot_266.png,A,principal,bpr,266
1454,dataT/pod_rot_black/black_pod_rot_267.jpg,1,2ac9cd35e9286314caae39c6758b8f70,cb44f6725e75a803,cache_256/dataT/pod_rot_black/black_pod_rot_267.png,A,principal,bpr,267
1455,dataT/pod_rot_black/black_pod_rot_268.jpg,1,0f4ad69de867ed04346835141c678ff4,c6cdc266e47f4198,cache_256/dataT/pod_rot_black/black_pod_rot_268.png,A,principal,bpr,268
1456,dataT/pod_rot_black/black_pod_rot_269.jpg,1,193ce626534205815da7dfe6286bffa5,a496e26706edc789,cache_256/dataT/pod_rot_black/black_pod_rot_269.png,A,principal,bpr,269
1457,dataT/pod_rot_black/black_pod_rot_27.jpg,1,90902ce31a9859244473869b981a9e62,e24582256927f577,cache_256/dataT/pod_rot_black/black_pod_rot_27.png,A,principal,bpr,27
1458,dataT/pod_rot_black/black_pod_rot_270.jpg,1,cd28e4b4b9cd42603784b835ed9687c2,b2951c72787b0f07,cache_256/dataT/pod_rot_black/black_pod_rot_270.png,A,principal,bpr,270
1459,dataT/pod_rot_black/black_pod_rot_271.jpg,1,2914e087f05be5a4a5cac559748efa09,a9ec76f042ca8d8d,cache_256/dataT/pod_rot_black/black_pod_rot_271.png,A,principal,bpr,271
1460,dataT/pod_rot_black/black_pod_rot_272.jpg,1,325804ad238ae4fe8975bb47c0e5b098,c9f23ea503c8b8e9,cache_256/dataT/pod_rot_black/black_pod_rot_272.png,A,principal,bpr,272
1461,dataT/pod_rot_black/black_pod_rot_273.jpg,1,9e6d1de2d8bd723c899100997d0bae1a,9b19f46227bee043,cache_256/dataT/pod_rot_black/black_pod_rot_273.png,A,principal,bpr,273
1462,dataT/pod_rot_black/black_pod_rot_274.jpg,1,c6ba1ccd0b02cad5e6339891ce0bd3a0,fdf9432297273442,cache_256/dataT/pod_rot_black/black_pod_rot_274.png,A,principal,bpr,274
1463,dataT/pod_rot_black/black_pod_rot_275.jpg,1,db2499f3c8ccbf179f783dedbecf4ca2,fb068f38f0f03383,cache_256/dataT/pod_rot_black/black_pod_rot_275.png,A,principal,bpr,275
1464,dataT/pod_rot_black/black_pod_rot_276.jpg,1,ddf7e6ce3e9908bae3232904719b262a,e69e9a60f10b03bb,cache_256/dataT/pod_rot_black/black_pod_rot_276.png,A,principal,bpr,276
1465,dataT/pod_rot_black/black_pod_rot_277.jpg,1,4310bcdae112be54bc3abc7a9e5defc7,cca54d262497e39b,cache_256/dataT/pod_rot_black/black_pod_rot_277.png,A,principal,bpr,277
1466,dataT/pod_rot_black/black_pod_rot_278.jpg,1,ed7a0ed1d4242bab698f05aeb87f1fca,9868ec35d373cb82,cache_256/dataT/pod_rot_black/black_pod_rot_278.png,A,principal,bpr,278
1467,dataT/pod_rot_black/black_pod_rot_279.jpg,1,26fff67202e27018eb1ec2f91e35e750,e6d6da74a4225a63,cache_256/dataT/pod_rot_black/black_pod_rot_279.png,A,principal,bpr,279
1468,dataT/pod_rot_black/black_pod_rot_28.jpg,1,578429767989e4114b412216f9b131f0,e4585a6c63ada6e4,cache_256/dataT/pod_rot_black/black_pod_rot_28.png,A,principal,bpr,28
1469,dataT/pod_rot_black/black_pod_rot_280.jpg,1,019a15921c85ecf24030866e40e520ea,9b2d863676fa82a8,cache_256/dataT/pod_rot_black/black_pod_rot_280.png,A,principal,bpr,280
1470,dataT/pod_rot_black/black_pod_rot_281.jpg,1,f8d9b8458f61dccf4163ae7f77f1792a,8bb88cd37c88b2d6,cache_256/dataT/pod_rot_black/black_pod_rot_281.png,A,principal,bpr,281
1471,dataT/pod_rot_black/black_pod_rot_282.jpg,1,e07ba95bb22044a4e88fd584bdb9304d,9e4aacf6975462a8,cache_256/dataT/pod_rot_black/black_pod_rot_282.png,A,principal,bpr,282
1472,dataT/pod_rot_black/black_pod_rot_283.jpg,1,e1e469baa49530339e5d49dece760cdd,839334e77a89c999,cache_256/dataT/pod_rot_black/black_pod_rot_283.png,A,principal,bpr,283
1473,dataT/pod_rot_black/black_pod_rot_284.jpg,1,d6e18bc80cf84c8d5b0d3674fa482ec4,9602afe6a2f3d612,cache_256/dataT/pod_rot_black/black_pod_rot_284.png,A,principal,bpr,284
1474,dataT/pod_rot_black/black_pod_rot_285.jpg,1,361ad04fe9c9066639e5ed43de998377,fb0de53654f2f800,cache_256/dataT/pod_rot_black/black_pod_rot_285.png,A,principal,bpr,285
1475,dataT/pod_rot_black/black_pod_rot_286.jpg,1,d90e16b311267741a80c99cba5368672,baf599645062a657,cache_256/dataT/pod_rot_black/black_pod_rot_286.png,A,principal,bpr,286
1476,dataT/pod_rot_black/black_pod_rot_287.jpg,1,5ae0edba63a8b323bbb9781383c16dc6,caa99c60e127b6a7,cache_256/dataT/pod_rot_black/black_pod_rot_287.png,A,principal,bpr,287
1477,dataT/pod_rot_black/black_pod_rot_288.jpg,1,e6ff467b9933bd11f96a4ab303c8092d,9999273e3636f403,cache_256/dataT/pod_rot_black/black_pod_rot_288.png,A,principal,bpr,288
1478,dataT/pod_rot_black/black_pod_rot_289.jpg,1,84a31a581594cca73ccf1132486a615f,e6899ba63a1a0f1e,cache_256/dataT/pod_rot_black/black_pod_rot_289.png,A,principal,bpr,289
1479,dataT/pod_rot_black/black_pod_rot_29.jpg,1,583753ef72c837ad5ccf495cd039d0cc,bb39127cf26085ec,cache_256/dataT/pod_rot_black/black_pod_rot_29.png,A,principal,bpr,29
1480,dataT/pod_rot_black/black_pod_rot_290.jpg,1,54900230ff271ef845f2012ee916bac4,ea4d9a6362e76c84,cache_256/dataT/pod_rot_black/black_pod_rot_290.png,A,principal,bpr,290
1481,dataT/pod_rot_black/black_pod_rot_291.jpg,1,f9e9c301d521d4d941391d3c9128202f,93eec9883758831f,cache_256/dataT/pod_rot_black/black_pod_rot_291.png,A,principal,bpr,291
1482,dataT/pod_rot_black/black_pod_rot_292.jpg,1,8cf934033585b72e16741c4b30bd5e8c,d97c8e3336c141ec,cache_256/dataT/pod_rot_black/black_pod_rot_292.png,A,principal,bpr,292
1483,dataT/pod_rot_black/black_pod_rot_293.jpg,1,a47d3e1f6a8a86b8d88ead6a4a79898d,e3f08becd404a4bd,cache_256/dataT/pod_rot_black/black_pod_rot_293.png,A,principal,bpr,293
1484,dataT/pod_rot_black/black_pod_rot_294.jpg,1,9e34c184a1b5f3bc19832bc97b223142,de6879b672aba180,cache_256/dataT/pod_rot_black/black_pod_rot_294.png,A,principal,bpr,294
1485,dataT/pod_rot_black/black_pod_rot_295.jpg,1,8f0373b19875776f95cf9c5c555fad93,d72ce93035d9185b,cache_256/dataT/pod_rot_black/black_pod_rot_295.png,A,principal,bpr,295
1486,dataT/pod_rot_black/black_pod_rot_296.jpg,1,7c2f1941dacf9e0b01088b3cb2a83582,e76ec7331c1e18e0,cache_256/dataT/pod_rot_black/black_pod_rot_296.png,A,principal,bpr,296
1487,dataT/pod_rot_black/black_pod_rot_297.jpg,1,be531e353fcbb7b7577ad921f2bfd4d9,e57aacb0b1d41695,cache_256/dataT/pod_rot_black/black_pod_rot_297.png,A,principal,bpr,297
1488,dataT/pod_rot_black/black_pod_rot_298.jpg,1,021b0e8e0aa37e3fe798c06afcbfb97b,bbdd8026735324ab,cache_256/dataT/pod_rot_black/black_pod_rot_298.png,A,principal,bpr,298
1489,dataT/pod_rot_black/black_pod_rot_299.jpg,1,777a6ed5db1c02018f7bcd628e0ffc74,99d9ee83714563a4,cache_256/dataT/pod_rot_black/black_pod_rot_299.png,A,principal,bpr,299
1490,dataT/pod_rot_black/black_pod_rot_3.jpg,1,023d03faee427a1a213cfc2a5a2f0194,81be2627a58eacf2,cache_256/dataT/pod_rot_black/black_pod_rot_3.png,A,principal,bpr,3
1491,dataT/pod_rot_black/black_pod_rot_30.jpg,1,6402730cdad5326bc23fe808ceb514f4,cd35332b71d94d30,cache_256/dataT/pod_rot_black/black_pod_rot_30.png,A,principal,bpr,30
1492,dataT/pod_rot_black/black_pod_rot_300.jpg,1,4a41bb7c3f35ca1ca1d3d2f7916b6205,fb8b317173331289,cache_256/dataT/pod_rot_black/black_pod_rot_300.png,A,principal,bpr,300
1493,dataT/pod_rot_black/black_pod_rot_301.jpg,1,d878a4c65b5fa85150c2aa5a03a35418,ca3b313531dcbc4c,cache_256/dataT/pod_rot_black/black_pod_rot_301.png,A,principal,bpr,301
1494,dataT/pod_rot_black/black_pod_rot_302.jpg,1,0415a767f8fe47023bcae5e8e362bf3b,cd199363133f3319,cache_256/dataT/pod_rot_black/black_pod_rot_302.png,A,principal,bpr,302
1495,dataT/pod_rot_black/black_pod_rot_303.jpg,1,9a5a514d008359f2ada39e8bb377aa3a,e76fad3452ea0381,cache_256/dataT/pod_rot_black/black_pod_rot_303.png,A,principal,bpr,303
1496,dataT/pod_rot_black/black_pod_rot_304.jpg,1,029c544845dda0e32a6a5173db03177a,e12b84567a9d69b1,cache_256/dataT/pod_rot_black/black_pod_rot_304.png,A,principal,bpr,304
1497,dataT/pod_rot_black/black_pod_rot_305.jpg,1,eab0400caf412dca1e5eb0a8cd18e440,ecd8d8260706c7dd,cache_256/dataT/pod_rot_black/black_pod_rot_305.png,A,principal,bpr,305
1498,dataT/pod_rot_black/black_pod_rot_306.jpg,1,32c18370a9bb81a46d5de924fe9834ad,99c9b273d0a74995,cache_256/dataT/pod_rot_black/black_pod_rot_306.png,A,principal,bpr,306
1499,dataT/pod_rot_black/black_pod_rot_307.jpg,1,7b0915ca20e17ae46ac08f2c9553ed7f,dcc343323b9aa6d1,cache_256/dataT/pod_rot_black/black_pod_rot_307.png,A,principal,bpr,307
1500,dataT/pod_rot_black/black_pod_rot_308.jpg,1,4a688639e02f4be13813f68d138263a6,e8ccda531ca4e13b,cache_256/dataT/pod_rot_black/black_pod_rot_308.png,A,principal,bpr,308
1501,dataT/pod_rot_black/black_pod_rot_309.jpg,1,d5bc6d4d14f63f9aa3814bc07f7f0045,9c4d516c87983cf9,cache_256/dataT/pod_rot_black/black_pod_rot_309.png,B,principal,bpr,309
1502,dataT/pod_rot_black/black_pod_rot_31.jpg,1,e1e16b7e5d604db2265ae21afcbe4dee,c7d6d0323d486d69,cache_256/dataT/pod_rot_black/black_pod_rot_31.png,A,principal,bpr,31
1503,dataT/pod_rot_black/black_pod_rot_310.jpg,1,7f08b57d977d784310610cf056de587c,9fb6c11eb83b6122,cache_256/dataT/pod_rot_black/black_pod_rot_310.png,A,principal,bpr,310
1504,dataT/pod_rot_black/black_pod_rot_311.jpg,1,d141b47b63359086b9038f0fae6a7e66,904c5af026577e3d,cache_256/dataT/pod_rot_black/black_pod_rot_311.png,B,principal,bpr,311
1505,dataT/pod_rot_black/black_pod_rot_312.jpg,1,102d1484747cf932cb6e0b06230bd373,ef4eb8a472aa2714,cache_256/dataT/pod_rot_black/black_pod_rot_312.png,B,principal,bpr,312
1506,dataT/pod_rot_black/black_pod_rot_313.jpg,1,999f97d7c5e3a7eac6797d82f5d72466,943459672e2f451f,cache_256/dataT/pod_rot_black/black_pod_rot_313.png,B,principal,bpr,313
1507,dataT/pod_rot_black/black_pod_rot_314.jpg,1,18da558040a93373b9e9cce4fbcbaae5,9b34d22e61cdaa99,cache_256/dataT/pod_rot_black/black_pod_rot_314.png,B,principal,bpr,314
1508,dataT/pod_rot_black/black_pod_rot_315.jpg,1,fc5b73f6d6d70eeab348272cff5b8305,8f383463e316fc38,cache_256/dataT/pod_rot_black/black_pod_rot_315.png,B,principal,bpr,315
1509,dataT/pod_rot_black/black_pod_rot_316.jpg,1,2ffff8732fa11bbca676ca6d40ab4306,999527325c7c3cb8,cache_256/dataT/pod_rot_black/black_pod_rot_316.png,B,principal,bpr,316
1510,dataT/pod_rot_black/black_pod_rot_317.jpg,1,e2267930f2bd3a20712324f7ead30e0a,d70899b2b473027f,cache_256/dataT/pod_rot_black/black_pod_rot_317.png,A,principal,bpr,317
1511,dataT/pod_rot_black/black_pod_rot_318.jpg,1,4b5f5bf3ca3db5657f6fc7682496c831,c7181c66e6e6bc07,cache_256/dataT/pod_rot_black/black_pod_rot_318.png,B,principal,bpr,318
1512,dataT/pod_rot_black/black_pod_rot_319.jpg,1,63a475d6c57fdee9aa7d11d1b97e5fa7,cf1c6623b3339c51,cache_256/dataT/pod_rot_black/black_pod_rot_319.png,B,principal,bpr,319
1513,dataT/pod_rot_black/black_pod_rot_32.jpg,1,acbe59817270567e9cd8f2e749766708,88c0307e777698cf,cache_256/dataT/pod_rot_black/black_pod_rot_32.png,A,principal,bpr,32
1514,dataT/pod_rot_black/black_pod_rot_320.jpg,1,cd3229102021b82175ed4c0340631cc7,ccb51973e9790ac8,cache_256/dataT/pod_rot_black/black_pod_rot_320.png,B,principal,bpr,320
1515,dataT/pod_rot_black/black_pod_rot_321.jpg,1,e5ce28f7cc76f36bfebd5293c32545e0,f30cad7352f38849,cache_256/dataT/pod_rot_black/black_pod_rot_321.png,A,principal,bpr,321
1516,dataT/pod_rot_black/black_pod_rot_322.jpg,1,3057e8d5b56f99c1f0375bb4e1dd7243,86e858a7639327b5,cache_256/dataT/pod_rot_black/black_pod_rot_322.png,B,principal,bpr,322
1517,dataT/pod_rot_black/black_pod_rot_323.jpg,1,3798cad850940e009a1e684aee046516,8ae9e0317334a767,cache_256/dataT/pod_rot_black/black_pod_rot_323.png,B,principal,bpr,323
1518,dataT/pod_rot_black/black_pod_rot_324.jpg,1,63db3d15abaf52d2c82f9cd6e7367415,84b11343e4fe6a6d,cache_256/dataT/pod_rot_black/black_pod_rot_324.png,B,principal,bpr,324
1519,dataT/pod_rot_black/black_pod_rot_325.jpg,1,275b647679d7a6154de8777826274031,c966104b37efc652,cache_256/dataT/pod_rot_black/black_pod_rot_325.png,B,principal,bpr,325
1520,dataT/pod_rot_black/black_pod_rot_326.jpg,1,ca636d5602fe0a97b3b4660b1e55295e,cabb70262acf1cc9,cache_256/dataT/pod_rot_black/black_pod_rot_326.png,A,principal,bpr,326
1521,dataT/pod_rot_black/black_pod_rot_327.jpg,1,185db4d45361d9d3ae653f712bf6ffce,b3390cb295f678c1,cache_256/dataT/pod_rot_black/black_pod_rot_327.png,A,principal,bpr,327
1522,dataT/pod_rot_black/black_pod_rot_328.jpg,1,a0d536872decbe5718ef3461d41aa639,8e3bf870032287f7,cache_256/dataT/pod_rot_black/black_pod_rot_328.png,A,principal,bpr,328
1523,dataT/pod_rot_black/black_pod_rot_329.jpg,1,9ec791f3f3d4950f49ecedc0a2f95601,b73d4863077269aa,cache_256/dataT/pod_rot_black/black_pod_rot_329.png,A,principal,bpr,329
1524,dataT/pod_rot_black/black_pod_rot_33.jpg,1,8c0723b413f966b019ad5cb80a9d1651,83bb3c7c2278f074,cache_256/dataT/pod_rot_black/black_pod_rot_33.png,A,principal,bpr,33
1525,dataT/pod_rot_black/black_pod_rot_330.jpg,1,9795822dd5c8d5a554aff2473b26521b,f8d9a03f9c18f311,cache_256/dataT/pod_rot_black/black_pod_rot_330.png,A,principal,bpr,330
1526,dataT/pod_rot_black/black_pod_rot_331.jpg,1,06cfaa816f27cd5d96a4be53c7cd905d,f96c93e27b286158,cache_256/dataT/pod_rot_black/black_pod_rot_331.png,A,principal,bpr,331
1527,dataT/pod_rot_black/black_pod_rot_332.jpg,1,c19981fb66117f22c194f7d2479b3986,fe3f48400dd470cf,cache_256/dataT/pod_rot_black/black_pod_rot_332.png,A,principal,bpr,332
1528,dataT/pod_rot_black/black_pod_rot_333.jpg,1,c3e73ec91437daf0cd535472a2d1bae2,95bc59cda496d823,cache_256/dataT/pod_rot_black/black_pod_rot_333.png,A,principal,bpr,333
1529,dataT/pod_rot_black/black_pod_rot_334.jpg,1,6addb16eb5ee8be3064c889e234b403d,b3890967ad4c54fc,cache_256/dataT/pod_rot_black/black_pod_rot_334.png,A,principal,bpr,334
1530,dataT/pod_rot_black/black_pod_rot_335.jpg,1,84e4e8ed59e63b76cb481de5417f1c7c,960c1c79b4b5a27b,cache_256/dataT/pod_rot_black/black_pod_rot_335.png,A,principal,bpr,335
1531,dataT/pod_rot_black/black_pod_rot_336.jpg,1,58593480644e79d834ad047cfd2f28a4,f1440c70fa171f8f,cache_256/dataT/pod_rot_black/black_pod_rot_336.png,A,principal,bpr,336
1532,dataT/pod_rot_black/black_pod_rot_337.jpg,1,8e63ecaef243f3bc400decd286a12860,e05d033032767bf5,cache_256/dataT/pod_rot_black/black_pod_rot_337.png,A,principal,bpr,337
1533,dataT/pod_rot_black/black_pod_rot_338.jpg,1,e0b187b7c9e07f159905884c702cde57,9b464c683331fd9c,cache_256/dataT/pod_rot_black/black_pod_rot_338.png,A,principal,bpr,338
1534,dataT/pod_rot_black/black_pod_rot_339.jpg,1,92f9966dc9e0c9d363eaece24924f280,f9cc6b6923f4b011,cache_256/dataT/pod_rot_black/black_pod_rot_339.png,A,principal,bpr,339
1535,dataT/pod_rot_black/black_pod_rot_34.jpg,1,06e4c109bf2c527d70e6c854c5f7b4c2,820f9e3e9cb39931,cache_256/dataT/pod_rot_black/black_pod_rot_34.png,A,principal,bpr,34
1536,dataT/pod_rot_black/black_pod_rot_340.jpg,1,1370e65247c4acb744a3e3d8c2af9db0,addd74756822ca43,cache_256/dataT/pod_rot_black/black_pod_rot_340.png,A,principal,bpr,340
1537,dataT/pod_rot_black/black_pod_rot_341.jpg,1,03b2672ae782b1572afe81a69de01376,b3664c3aa1b6931d,cache_256/dataT/pod_rot_black/black_pod_rot_341.png,A,principal,bpr,341
1538,dataT/pod_rot_black/black_pod_rot_342.jpg,1,4b00aac0e44af1e417d0f323405bc92a,ed6cc3585950e317,cache_256/dataT/pod_rot_black/black_pod_rot_342.png,A,principal,bpr,342
1539,dataT/pod_rot_black/black_pod_rot_343.jpg,1,eecd144aeaf7f86362eadbe39de0897f,99794c3ee2d4d0d8,cache_256/dataT/pod_rot_black/black_pod_rot_343.png,A,principal,bpr,343
1540,dataT/pod_rot_black/black_pod_rot_344.jpg,1,de822c83685c5ecb1bf05bf403d080a5,907d75e60ed85199,cache_256/dataT/pod_rot_black/black_pod_rot_344.png,A,principal,bpr,344
1541,dataT/pod_rot_black/black_pod_rot_345.jpg,1,cdffb593468701f60d2b346b9f392aaf,c6cf86fb303034ce,cache_256/dataT/pod_rot_black/black_pod_rot_345.png,A,principal,bpr,345
1542,dataT/pod_rot_black/black_pod_rot_346.jpg,1,597146451121863a51df2b3bd2316473,99c9bc6a3760ac9c,cache_256/dataT/pod_rot_black/black_pod_rot_346.png,A,principal,bpr,346
1543,dataT/pod_rot_black/black_pod_rot_347.jpg,1,d8d19315e161daf5240d12c7115379fa,920cfde10f37132b,cache_256/dataT/pod_rot_black/black_pod_rot_347.png,A,principal,bpr,347
1544,dataT/pod_rot_black/black_pod_rot_348.jpg,1,4d56aec5b7fcfac809624e47e665ad41,896a48f4fb02f26b,cache_256/dataT/pod_rot_black/black_pod_rot_348.png,A,principal,bpr,348
1545,dataT/pod_rot_black/black_pod_rot_349.jpg,1,3c8b965bba58b39430b28ec4d580c819,c2e5f993a9ab03d0,cache_256/dataT/pod_rot_black/black_pod_rot_349.png,A,principal,bpr,349
1546,dataT/pod_rot_black/black_pod_rot_35.jpg,1,aa49b591ba800c65436988622daa3b5d,a411d462cf6a4f6d,cache_256/dataT/pod_rot_black/black_pod_rot_35.png,A,principal,bpr,35
1547,dataT/pod_rot_black/black_pod_rot_350.jpg,1,993063dea7970caf3d0328649e8ea447,93663d3a5bc3581c,cache_256/dataT/pod_rot_black/black_pod_rot_350.png,A,principal,bpr,350
1548,dataT/pod_rot_black/black_pod_rot_351.jpg,1,9fbe48f86731a236b67249bb8cadf692,a90f7ca373c60f06,cache_256/dataT/pod_rot_black/black_pod_rot_351.png,A,principal,bpr,351
1549,dataT/pod_rot_black/black_pod_rot_352.jpg,1,f07d1a7145307b08c16aae9132a45a68,99d16a632346ebc5,cache_256/dataT/pod_rot_black/black_pod_rot_352.png,A,principal,bpr,352
1550,dataT/pod_rot_black/black_pod_rot_353.jpg,1,7c9b7eaced4b8021451de3cd27bbb84a,f3a96f3133909296,cache_256/dataT/pod_rot_black/black_pod_rot_353.png,A,principal,bpr,353
1551,dataT/pod_rot_black/black_pod_rot_354.jpg,1,e3f965906db5a07cb3e485ab6c892993,96890d6a28acfe3e,cache_256/dataT/pod_rot_black/black_pod_rot_354.png,A,principal,bpr,354
1552,dataT/pod_rot_black/black_pod_rot_355.jpg,1,d3365e56764b0441e1298c21dd484ffc,939c9c785af25153,cache_256/dataT/pod_rot_black/black_pod_rot_355.png,A,principal,bpr,355
1553,dataT/pod_rot_black/black_pod_rot_356.jpg,1,339c1c525f28abc3319b63f690b13ac4,cd588972e3bac358,cache_256/dataT/pod_rot_black/black_pod_rot_356.png,A,principal,bpr,356
1554,dataT/pod_rot_black/black_pod_rot_357.jpg,1,a0ac2c7fdcaacfc2da1a46e2d2525dca,d5cd653262d8d386,cache_256/dataT/pod_rot_black/black_pod_rot_357.png,A,principal,bpr,357
1555,dataT/pod_rot_black/black_pod_rot_358.jpg,1,40e21e3f1c5d3e52922cd0da7332c7d6,c64c292f37247a1f,cache_256/dataT/pod_rot_black/black_pod_rot_358.png,A,principal,bpr,358
1556,dataT/pod_rot_black/black_pod_rot_359.jpg,1,76a0892d4dee255be6e40eea498e2b41,eab649da71450b56,cache_256/dataT/pod_rot_black/black_pod_rot_359.png,A,principal,bpr,359
1557,dataT/pod_rot_black/black_pod_rot_36.jpg,1,bc12071cc8e03b4cf9fd44076483fe72,9c683562a79696d9,cache_256/dataT/pod_rot_black/black_pod_rot_36.png,A,principal,bpr,36
1558,dataT/pod_rot_black/black_pod_rot_360.jpg,1,0993a1ea42d751d40bc486f3f3c581c0,c451d1e7a79c24bc,cache_256/dataT/pod_rot_black/black_pod_rot_360.png,A,principal,bpr,360
1559,dataT/pod_rot_black/black_pod_rot_361.jpg,1,349bf2d279efaf41ba01d73b355d1a83,95da0b0971e56cbc,cache_256/dataT/pod_rot_black/black_pod_rot_361.png,A,principal,bpr,361
1560,dataT/pod_rot_black/black_pod_rot_362.jpg,1,2c343adf969e7c526056d5181e83d6e2,830c4c7f76a1b3b2,cache_256/dataT/pod_rot_black/black_pod_rot_362.png,A,principal,bpr,362
1561,dataT/pod_rot_black/black_pod_rot_363.jpg,1,ecb58af4c3d32c793ecfdc189940b648,fc4289b2a4d496db,cache_256/dataT/pod_rot_black/black_pod_rot_363.png,A,principal,bpr,363
1562,dataT/pod_rot_black/black_pod_rot_364.jpg,1,c5a1e2dfcd76229f9e387f10f56ccb0c,cee4e46c72c14fc8,cache_256/dataT/pod_rot_black/black_pod_rot_364.png,A,principal,bpr,364
1563,dataT/pod_rot_black/black_pod_rot_365.jpg,1,0070de5c7078aeae12880e904ee7d3c5,944c5867a3b3331f,cache_256/dataT/pod_rot_black/black_pod_rot_365.png,A,principal,bpr,365
1564,dataT/pod_rot_black/black_pod_rot_366.jpg,1,b0b72efb4b28247880e10f50deb9eae7,c7191c3cb922e373,cache_256/dataT/pod_rot_black/black_pod_rot_366.png,A,principal,bpr,366
1565,dataT/pod_rot_black/black_pod_rot_367.jpg,1,e91b1279bb02f8293fdecc28da112585,ee8c8d25c23b5c53,cache_256/dataT/pod_rot_black/black_pod_rot_367.png,A,principal,bpr,367
1566,dataT/pod_rot_black/black_pod_rot_368.jpg,1,86edbd08ab2c50881d97a97396c5bdf8,954eca93d3233353,cache_256/dataT/pod_rot_black/black_pod_rot_368.png,A,principal,bpr,368
1567,dataT/pod_rot_black/black_pod_rot_369.jpg,1,18b18c5c2d5136350c4fa0f0325b4305,a694dc738cf28939,cache_256/dataT/pod_rot_black/black_pod_rot_369.png,A,principal,bpr,369
1568,dataT/pod_rot_black/black_pod_rot_37.jpg,1,47bc3c7c601cc87f3b3cb79c255e7d05,db4169b2d7f90d40,cache_256/dataT/pod_rot_black/black_pod_rot_37.png,A,principal,bpr,37
1569,dataT/pod_rot_black/black_pod_rot_370.jpg,1,4c9470ea459f526f0f7bbed81e02d61a,9cdbb8e4d4841e3c,cache_256/dataT/pod_rot_black/black_pod_rot_370.png,A,principal,bpr,370
1570,dataT/pod_rot_black/black_pod_rot_371.jpg,1,08364ef9432de345806596e68b854fc0,b4184ce1075afaaf,cache_256/dataT/pod_rot_black/black_pod_rot_371.png,A,principal,bpr,371
1571,dataT/pod_rot_black/black_pod_rot_372.jpg,1,b1d5ceb6bfd9f91fadf9bc6ef0adf882,c19c9ca6284be3ed,cache_256/dataT/pod_rot_black/black_pod_rot_372.png,A,principal,bpr,372
1572,dataT/pod_rot_black/black_pod_rot_373.jpg,1,7757c4622e5a872c59ee3563b2d6b309,9e390926645ca9fb,cache_256/dataT/pod_rot_black/black_pod_rot_373.png,A,principal,bpr,373
1573,dataT/pod_rot_black/black_pod_rot_374.jpg,1,7331acf0e1c830a51a2e090ee59b7f6b,c2d7cd4258691a77,cache_256/dataT/pod_rot_black/black_pod_rot_374.png,A,principal,bpr,374
1574,dataT/pod_rot_black/black_pod_rot_375.jpg,1,40b7956741e4b3c75d44107749bc018c,e5c99b2cdd10746a,cache_256/dataT/pod_rot_black/black_pod_rot_375.png,A,principal,bpr,375
1575,dataT/pod_rot_black/black_pod_rot_376.jpg,1,e33c44a1422df83a01e308e8ea12e24f,b30d8d6fc46eaca0,cache_256/dataT/pod_rot_black/black_pod_rot_376.png,A,principal,bpr,376
1576,dataT/pod_rot_black/black_pod_rot_377.jpg,1,121f4e104e9858b7995abdf644b6cd36,facfb918149f4c90,cache_256/dataT/pod_rot_black/black_pod_rot_377.png,A,principal,bpr,377
1577,dataT/pod_rot_black/black_pod_rot_378.jpg,1,c4c56f06cb3eef5061aebee3d983d68e,93b9bca70e0e8783,cache_256/dataT/pod_rot_black/black_pod_rot_378.png,A,principal,bpr,378
1578,dataT/pod_rot_black/black_pod_rot_379.jpg,1,575119c6bbfe7b8fe3a340e28c88d1db,8e69f037450aab5d,cache_256/dataT/pod_rot_black/black_pod_rot_379.png,A,principal,bpr,379
1579,dataT/pod_rot_black/black_pod_rot_38.jpg,1,1de7904cabb2336b5592591b113c7ec1,e3ee283232eb9919,cache_256/dataT/pod_rot_black/black_pod_rot_38.png,A,principal,bpr,38
1580,dataT/pod_rot_black/black_pod_rot_380.jpg,1,5dd768170b27dd7682cac9af6971db38,bef0bb8d199c8a88,cache_256/dataT/pod_rot_black/black_pod_rot_380.png,A,principal,bpr,380
1581,dataT/pod_rot_black/black_pod_rot_381.jpg,1,9d62378c08cdcef40b65d6042ece4110,c160e3333d6ce4c7,cache_256/dataT/pod_rot_black/black_pod_rot_381.png,A,principal,bpr,381
1582,dataT/pod_rot_black/black_pod_rot_382.jpg,1,caba9a5fda90a47f5fc178aab80ee4fb,ee94b13bda72e804,cache_256/dataT/pod_rot_black/black_pod_rot_382.png,A,principal,bpr,382
1583,dataT/pod_rot_black/black_pod_rot_383.jpg,1,38c146e18d66f0d37893597899bf5bbb,e292133855d54fcd,cache_256/dataT/pod_rot_black/black_pod_rot_383.png,A,principal,bpr,383
1584,dataT/pod_rot_black/black_pod_rot_384.jpg,1,c7bd7f9071cb1439cdf591c066538ab2,8b87d91f206175a7,cache_256/dataT/pod_rot_black/black_pod_rot_384.png,A,principal,bpr,384
1585,dataT/pod_rot_black/black_pod_rot_385.jpg,1,75b0ec3f96dda9f177a5aeec2a9f2b21,e5ac996340969d9d,cache_256/dataT/pod_rot_black/black_pod_rot_385.png,A,principal,bpr,385
1586,dataT/pod_rot_black/black_pod_rot_386.jpg,1,45bc52645d18deb5b5ca67087bf3e66f,e3e9cd9a19840cdb,cache_256/dataT/pod_rot_black/black_pod_rot_386.png,A,principal,bpr,386
1587,dataT/pod_rot_black/black_pod_rot_387.jpg,1,7b7b6ead7d2c621562181e1a7828cbec,8cc67325e762a09f,cache_256/dataT/pod_rot_black/black_pod_rot_387.png,A,principal,bpr,387
1588,dataT/pod_rot_black/black_pod_rot_388.jpg,1,10ad40e4bb8bd76cda711f1b3337fe48,d8a9a52e39d2745a,cache_256/dataT/pod_rot_black/black_pod_rot_388.png,A,principal,bpr,388
1589,dataT/pod_rot_black/black_pod_rot_389.jpg,1,8f4752d5fa7259b39f231a6715e62aa5,9bcdd8b02438fdc2,cache_256/dataT/pod_rot_black/black_pod_rot_389.png,A,principal,bpr,389
1590,dataT/pod_rot_black/black_pod_rot_39.jpg,1,007c3ec4e1d7a9d4c07a1482f0721f43,9949af7223b423b6,cache_256/dataT/pod_rot_black/black_pod_rot_39.png,A,principal,bpr,39
1591,dataT/pod_rot_black/black_pod_rot_390.jpg,1,4dcedb1391266fc64309c71ba114b9f9,d219e3126f86fc64,cache_256/dataT/pod_rot_black/black_pod_rot_390.png,A,principal,bpr,390
1592,dataT/pod_rot_black/black_pod_rot_391.jpg,1,123dc1a8b564a854b90f97c95724153a,ea9ad83a24e0b667,cache_256/dataT/pod_rot_black/black_pod_rot_391.png,A,principal,bpr,391
1593,dataT/pod_rot_black/black_pod_rot_392.jpg,1,dc1a91642bb7d1743b8b75d51f9c0876,a63c1be5c4894e5b,cache_256/dataT/pod_rot_black/black_pod_rot_392.png,A,principal,bpr,392
1594,dataT/pod_rot_black/black_pod_rot_393.jpg,1,69e2a59cf2dcbda86673471c43a8b11a,f8e87836b7b4a828,cache_256/dataT/pod_rot_black/black_pod_rot_393.png,A,principal,bpr,393
1595,dataT/pod_rot_black/black_pod_rot_394.jpg,1,3f6904282a93357e3bd960a683cfac7b,d1019d662e8cddd9,cache_256/dataT/pod_rot_black/black_pod_rot_394.png,A,principal,bpr,394
1596,dataT/pod_rot_black/black_pod_rot_395.jpg,1,818710f839ae63d494dd58f9116a6c09,f17c184a4985bfa9,cache_256/dataT/pod_rot_black/black_pod_rot_395.png,A,principal,bpr,395
1597,dataT/pod_rot_black/black_pod_rot_396.jpg,1,dd93128f8cf8f50b83f40b8d50a32a44,d2324c2be2f6e2a6,cache_256/dataT/pod_rot_black/black_pod_rot_396.png,A,principal,bpr,396
1598,dataT/pod_rot_black/black_pod_rot_397.jpg,1,8f573ef16f3bf824a8c4d918760eef8f,facc8dbc46186ac9,cache_256/dataT/pod_rot_black/black_pod_rot_397.png,A,principal,bpr,397
1599,dataT/pod_rot_black/black_pod_rot_398.jpg,1,8e4ed0ae137ab45fff978fa31e62286f,e1da65f0508e5ab5,cache_256/dataT/pod_rot_black/black_pod_rot_398.png,A,principal,bpr,398
1600,dataT/pod_rot_black/black_pod_rot_399.jpg,1,b0bc3793d046f88d721031b2f3e76a98,db5a59e4a65a1989,cache_256/dataT/pod_rot_black/black_pod_rot_399.png,A,principal,bpr,399
1601,dataT/pod_rot_black/black_pod_rot_4.jpg,1,6e2b6dcb79e6250391041772c638e92a,e7b8ac3352eb01d1,cache_256/dataT/pod_rot_black/black_pod_rot_4.png,A,principal,bpr,4
1602,dataT/pod_rot_black/black_pod_rot_40.jpg,1,74b120af2fbb8e18c9ae3938ee78d668,d599fa2c882cee26,cache_256/dataT/pod_rot_black/black_pod_rot_40.png,A,principal,bpr,40
1603,dataT/pod_rot_black/black_pod_rot_400.jpg,1,64d1e727d50808adef46cd19938c2ceb,83ccae2e58ae692b,cache_256/dataT/pod_rot_black/black_pod_rot_400.png,A,principal,bpr,400
1604,dataT/pod_rot_black/black_pod_rot_401.jpg,1,7b09b7e55e972b7b24d211acf4eaab0d,a7ed8626f6e210a3,cache_256/dataT/pod_rot_black/black_pod_rot_401.png,A,principal,bpr,401
1605,dataT/pod_rot_black/black_pod_rot_402.jpg,1,58500c937c663f939e8e0f6d8ff2269f,9a6559e317cd809e,cache_256/dataT/pod_rot_black/black_pod_rot_402.png,A,principal,bpr,402
1606,dataT/pod_rot_black/black_pod_rot_403.jpg,1,f617a3739f5eb7581e9b2cdb55035603,896655c6cbd2c6c6,cache_256/dataT/pod_rot_black/black_pod_rot_403.png,A,principal,bpr,403
1607,dataT/pod_rot_black/black_pod_rot_404.jpg,1,a53bb6a88fdeefa4c037bdb4fffcb2e2,9876631c9979f2a2,cache_256/dataT/pod_rot_black/black_pod_rot_404.png,A,principal,bpr,404
1608,dataT/pod_rot_black/black_pod_rot_405.jpg,1,e3fe8a620e95087a173f31d5fba17658,9eb618794bb32472,cache_256/dataT/pod_rot_black/black_pod_rot_405.png,A,principal,bpr,405
1609,dataT/pod_rot_black/black_pod_rot_406.jpg,1,443aff72389650d66eef0042da90d4c4,ab8eca64e1f0a1b3,cache_256/dataT/pod_rot_black/black_pod_rot_406.png,A,principal,bpr,406
1610,dataT/pod_rot_black/black_pod_rot_407.jpg,1,8c062ac1b99dbe98a7a3414c9ab87a0d,d268e17456b9e5d0,cache_256/dataT/pod_rot_black/black_pod_rot_407.png,A,principal,bpr,407
1611,dataT/pod_rot_black/black_pod_rot_408.jpg,1,a28e41f35a58f202b906528b8d6c23dd,ede484b226aae716,cache_256/dataT/pod_rot_black/black_pod_rot_408.png,A,principal,bpr,408
1612,dataT/pod_rot_black/black_pod_rot_409.jpg,1,690cad0a90ddbafe456b1006b14bb5bb,9e9838a77b062f58,cache_256/dataT/pod_rot_black/black_pod_rot_409.png,A,principal,bpr,409
1613,dataT/pod_rot_black/black_pod_rot_41.jpg,1,215200ccb725649c4609f7d5c16b0c46,8cdb3177ee0ca05c,cache_256/dataT/pod_rot_black/black_pod_rot_41.png,A,principal,bpr,41
1614,dataT/pod_rot_black/black_pod_rot_410.jpg,1,dffb3e034b6558dd78d6a9d7ffee335a,e65a69a743aec584,cache_256/dataT/pod_rot_black/black_pod_rot_410.png,A,principal,bpr,410
1615,dataT/pod_rot_black/black_pod_rot_411.jpg,1,d6fdd805ce03af0f9b45bd10e2a84e3e,b8956c86d69f81aa,cache_256/dataT/pod_rot_black/black_pod_rot_411.png,A,principal,bpr,411
1616,dataT/pod_rot_black/black_pod_rot_412.jpg,1,d572a1bf7c579dbfcbb86ffa4ed6ffc2,eab331a632b931d2,cache_256/dataT/pod_rot_black/black_pod_rot_412.png,A,principal,bpr,412
1617,dataT/pod_rot_black/black_pod_rot_413.jpg,1,51fc87d0701590ea9427ac3434cc1387,b64a197d3ef28682,cache_256/dataT/pod_rot_black/black_pod_rot_413.png,A,principal,bpr,413
1618,dataT/pod_rot_black/black_pod_rot_414.jpg,1,ebf5050fe28b459f1e255ff994bb3a23,98b3687227ae37c8,cache_256/dataT/pod_rot_black/black_pod_rot_414.png,A,principal,bpr,414
1619,dataT/pod_rot_black/black_pod_rot_415.jpg,1,1f456ec4aa9b08df9db47686015fcb26,d71699c243ec88eb,cache_256/dataT/pod_rot_black/black_pod_rot_415.png,A,principal,bpr,415
1620,dataT/pod_rot_black/black_pod_rot_416.jpg,1,e891dbe82ff7889f9192abf387d96305,c2307c33b3a7ac5c,cache_256/dataT/pod_rot_black/black_pod_rot_416.png,A,principal,bpr,416
1621,dataT/pod_rot_black/black_pod_rot_417.jpg,1,ec68c89f2bc37943ec7ff3f88f3f36b7,aa5e14be62607d47,cache_256/dataT/pod_rot_black/black_pod_rot_417.png,A,principal,bpr,417
1622,dataT/pod_rot_black/black_pod_rot_418.jpg,1,73c58b5e8f5b6d2669c2017979e583e6,e8f04d67121dadcc,cache_256/dataT/pod_rot_black/black_pod_rot_418.png,A,principal,bpr,418
1623,dataT/pod_rot_black/black_pod_rot_419.jpg,1,ea56b12293d3f2e6c5aa54192612796b,d0823b6567f307d1,cache_256/dataT/pod_rot_black/black_pod_rot_419.png,A,principal,bpr,419
1624,dataT/pod_rot_black/black_pod_rot_42.jpg,1,efbfbbe1f2c05bd85b9273cd216c7595,9358cb47b89caad2,cache_256/dataT/pod_rot_black/black_pod_rot_42.png,A,principal,bpr,42
1625,dataT/pod_rot_black/black_pod_rot_420.jpg,1,2182eb1bc36183cb4c82e3a48bc28ded,dac822f2829c5e7d,cache_256/dataT/pod_rot_black/black_pod_rot_420.png,A,principal,bpr,420
1626,dataT/pod_rot_black/black_pod_rot_421.jpg,1,ecdac5ea70c662f5ef672f4d3a77f438,864cb1b951b7c695,cache_256/dataT/pod_rot_black/black_pod_rot_421.png,A,principal,bpr,421
1627,dataT/pod_rot_black/black_pod_rot_422.jpg,1,e9be7de3c1078568a84c4a27e700fbf3,cd10fce691e1fb40,cache_256/dataT/pod_rot_black/black_pod_rot_422.png,A,principal,bpr,422
1628,dataT/pod_rot_black/black_pod_rot_423.jpg,1,de39693f02c28a88c6470bd6be7a6a6b,8316a57c7da2a396,cache_256/dataT/pod_rot_black/black_pod_rot_423.png,A,principal,bpr,423
1629,dataT/pod_rot_black/black_pod_rot_424.jpg,1,549ecf21758d1fe062814750c1ae315e,8cb35033935bd89e,cache_256/dataT/pod_rot_black/black_pod_rot_424.png,A,principal,bpr,424
1630,dataT/pod_rot_black/black_pod_rot_425.jpg,1,842ecf3351809d91304474f2b79add18,c6f8c0c7ef9c8909,cache_256/dataT/pod_rot_black/black_pod_rot_425.png,A,principal,bpr,425
1631,dataT/pod_rot_black/black_pod_rot_426.jpg,1,cbd3b590fdd8c103f5ee61e283f9acd8,ca61193ffbf80815,cache_256/dataT/pod_rot_black/black_pod_rot_426.png,A,principal,bpr,426
1632,dataT/pod_rot_black/black_pod_rot_427.jpg,1,8dfe1e8324686d1ba7c2b0e5bb9847d8,8eccb22659cbc671,cache_256/dataT/pod_rot_black/black_pod_rot_427.png,A,principal,bpr,427
1633,dataT/pod_rot_black/black_pod_rot_428.jpg,1,0e9c7b8de6c675be2da09e30bc7b3e92,c8c61d2e5714e2f6,cache_256/dataT/pod_rot_black/black_pod_rot_428.png,A,principal,bpr,428
1634,dataT/pod_rot_black/black_pod_rot_429.jpg,1,192feafdf57166a5688ab223c61698a4,c993bee2c72c0a2d,cache_256/dataT/pod_rot_black/black_pod_rot_429.png,A,principal,bpr,429
1635,dataT/pod_rot_black/black_pod_rot_43.jpg,1,9650cb57d754aa94da6feda67bddaab5,f61fd8e8b5a2046a,cache_256/dataT/pod_rot_black/black_pod_rot_43.png,A,principal,bpr,43
1636,dataT/pod_rot_black/black_pod_rot_430.jpg,1,0da26d6065ca9a1f0284f766457cf451,97b09d7462cf2c1a,cache_256/dataT/pod_rot_black/black_pod_rot_430.png,A,principal,bpr,430
1637,dataT/pod_rot_black/black_pod_rot_431.jpg,1,b7e5383fa2e53cb79a492ba8c36af027,db7424f1be0490be,cache_256/dataT/pod_rot_black/black_pod_rot_431.png,A,principal,bpr,431
1638,dataT/pod_rot_black/black_pod_rot_432.jpg,1,4c6d5cf5420be44d0b3a09b9ae52b861,c398889fa0c6feb8,cache_256/dataT/pod_rot_black/black_pod_rot_432.png,A,principal,bpr,432
1639,dataT/pod_rot_black/black_pod_rot_433.jpg,1,df94068ba3af20231da3e8fd52c5c190,c6e163369e19633c,cache_256/dataT/pod_rot_black/black_pod_rot_433.png,A,principal,bpr,433
1640,dataT/pod_rot_black/black_pod_rot_434.jpg,1,de5d1008c15fe290d005da2948217449,bcc2eca067f5222e,cache_256/dataT/pod_rot_black/black_pod_rot_434.png,A,principal,bpr,434
1641,dataT/pod_rot_black/black_pod_rot_435.jpg,1,50457f0b6eda92bef1d0603a728e734d,ccab7a39888eaf82,cache_256/dataT/pod_rot_black/black_pod_rot_435.png,A,principal,bpr,435
1642,dataT/pod_rot_black/black_pod_rot_436.jpg,1,14bab47f13f95fc2330c4fa159315cc1,8bac3a333b437a4a,cache_256/dataT/pod_rot_black/black_pod_rot_436.png,A,principal,bpr,436
1643,dataT/pod_rot_black/black_pod_rot_437.jpg,1,5f4dcdbf18e005cc51c20fc86c91aaf9,ec70d3b30687f0d8,cache_256/dataT/pod_rot_black/black_pod_rot_437.png,A,principal,bpr,437
1644,dataT/pod_rot_black/black_pod_rot_438.jpg,1,ef4de37eb8111965e676829b22c6a7ae,d8fc7068de8888dd,cache_256/dataT/pod_rot_black/black_pod_rot_438.png,A,principal,bpr,438
1645,dataT/pod_rot_black/black_pod_rot_439.jpg,1,fb0b037fbe943e82ef7c68a8713fe154,d2f40c772718b69c,cache_256/dataT/pod_rot_black/black_pod_rot_439.png,A,principal,bpr,439
1646,dataT/pod_rot_black/black_pod_rot_44.jpg,1,d4db1a78e35fb23a98a7b0c5fcf6a4df,de0d953627e266e0,cache_256/dataT/pod_rot_black/black_pod_rot_44.png,A,principal,bpr,44
1647,dataT/pod_rot_black/black_pod_rot_440.jpg,1,3105022570868ee71a9c0af42c1ba740,caed5d6663e440c6,cache_256/dataT/pod_rot_black/black_pod_rot_440.png,A,principal,bpr,440
1648,dataT/pod_rot_black/black_pod_rot_441.jpg,1,e9b773289fe643017ef044b891933be7,d2c98925a5a6aeb5,cache_256/dataT/pod_rot_black/black_pod_rot_441.png,A,principal,bpr,441
1649,dataT/pod_rot_black/black_pod_rot_442.jpg,1,b376915ff32ed654ace7e7019d97baa4,b8fd39262741e686,cache_256/dataT/pod_rot_black/black_pod_rot_442.png,A,principal,bpr,442
1650,dataT/pod_rot_black/black_pod_rot_443.jpg,1,c7467ab83d046fc56b5fc5e499e8fa3c,ca2da223e3cd9ec4,cache_256/dataT/pod_rot_black/black_pod_rot_443.png,A,principal,bpr,443
1651,dataT/pod_rot_black/black_pod_rot_444.jpg,1,2ccf2d6009ae2e6d8d7b49b29a0e5965,9665bd56e21d0c8d,cache_256/dataT/pod_rot_black/black_pod_rot_444.png,A,principal,bpr,444
1652,dataT/pod_rot_black/black_pod_rot_445.jpg,1,346caff0107e6103bfbfb15581e11ceb,f9c64c38223617af,cache_256/dataT/pod_rot_black/black_pod_rot_445.png,A,principal,bpr,445
1653,dataT/pod_rot_black/black_pod_rot_446.jpg,1,6b2278d31a737ca7c14a5960a8d246a3,ebe344e0fc0d1b0d,cache_256/dataT/pod_rot_black/black_pod_rot_446.png,A,principal,bpr,446
1654,dataT/pod_rot_black/black_pod_rot_447.jpg,1,62414ac9bd2edfff4e981f34199ac6d7,e206f8e37886e19e,cache_256/dataT/pod_rot_black/black_pod_rot_447.png,A,principal,bpr,447
1655,dataT/pod_rot_black/black_pod_rot_448.jpg,1,18c9a393e6177e8a14a8e29bf6ade45e,ec3863d28c9dd127,cache_256/dataT/pod_rot_black/black_pod_rot_448.png,A,principal,bpr,448
1656,dataT/pod_rot_black/black_pod_rot_449.jpg,1,561c71467b5c3d4a0c8135b2ee4f50bd,a3691e2779781d85,cache_256/dataT/pod_rot_black/black_pod_rot_449.png,A,principal,bpr,449
1657,dataT/pod_rot_black/black_pod_rot_45.jpg,1,b7def369e9d06f0a591f6967b476b717,96271973e6c64e0d,cache_256/dataT/pod_rot_black/black_pod_rot_45.png,A,principal,bpr,45
1658,dataT/pod_rot_black/black_pod_rot_450.jpg,1,ecf7b8c3570e89bd754dd24871f24e6f,9e309af3cac82f89,cache_256/dataT/pod_rot_black/black_pod_rot_450.png,A,principal,bpr,450
1659,dataT/pod_rot_black/black_pod_rot_451.jpg,1,8f1feeedc0e2e840f78b42e1e3487421,8e18c42d56e75a4f,cache_256/dataT/pod_rot_black/black_pod_rot_451.png,A,principal,bpr,451
1660,dataT/pod_rot_black/black_pod_rot_452.jpg,1,abc975afa33e74e8cadab58892d6bc9f,e395dc904d88577c,cache_256/dataT/pod_rot_black/black_pod_rot_452.png,A,principal,bpr,452
1661,dataT/pod_rot_black/black_pod_rot_453.jpg,1,9f685a4e3306b3b078a7554ddef3deb9,a472d922a0a7ffc1,cache_256/dataT/pod_rot_black/black_pod_rot_453.png,A,principal,bpr,453
1662,dataT/pod_rot_black/black_pod_rot_454.jpg,1,b01954d353aaba2b5fd4b21838f2a4ef,cd5773633195c18c,cache_256/dataT/pod_rot_black/black_pod_rot_454.png,A,principal,bpr,454
1663,dataT/pod_rot_black/black_pod_rot_455.jpg,1,18bdc3fc2896b7e241dfcdd3289789c8,cf630cb4f2791133,cache_256/dataT/pod_rot_black/black_pod_rot_455.png,A,principal,bpr,455
1664,dataT/pod_rot_black/black_pod_rot_456.jpg,1,65c82010596b55e6988de04202359738,cfad1d160890f8db,cache_256/dataT/pod_rot_black/black_pod_rot_456.png,A,principal,bpr,456
1665,dataT/pod_rot_black/black_pod_rot_457.jpg,1,dc1747e95d1e921950abc1a11bfa5141,ea1c8a269687ddd8,cache_256/dataT/pod_rot_black/black_pod_rot_457.png,A,principal,bpr,457
1666,dataT/pod_rot_black/black_pod_rot_458.jpg,1,410ce403d3013cd30e44e1d7852123cf,86f16c26a7d03a5b,cache_256/dataT/pod_rot_black/black_pod_rot_458.png,A,principal,bpr,458
1667,dataT/pod_rot_black/black_pod_rot_459.jpg,1,f0e9737bb54ec593986196d14d29f299,84e3f434779b3312,cache_256/dataT/pod_rot_black/black_pod_rot_459.png,A,principal,bpr,459
1668,dataT/pod_rot_black/black_pod_rot_46.jpg,1,a6b4d95bf063e81870eb5cb6da398f5d,938ecf6318919597,cache_256/dataT/pod_rot_black/black_pod_rot_46.png,A,principal,bpr,46
1669,dataT/pod_rot_black/black_pod_rot_460.jpg,1,eb90d6328f8fb1b4daf30b15355bb16e,dd8c09a15e6ba761,cache_256/dataT/pod_rot_black/black_pod_rot_460.png,A,principal,bpr,460
1670,dataT/pod_rot_black/black_pod_rot_461.jpg,1,d29c54fd8bb73302a33a012b6e02b497,c77a9970307cb45c,cache_256/dataT/pod_rot_black/black_pod_rot_461.png,A,principal,bpr,461
1671,dataT/pod_rot_black/black_pod_rot_462.jpg,1,c0793aa819c0b24c23b920ea82729851,96bca1237913535b,cache_256/dataT/pod_rot_black/black_pod_rot_462.png,A,principal,bpr,462
1672,dataT/pod_rot_black/black_pod_rot_463.jpg,1,7a5b51409abc94c88ce35dca3132c350,bcb1197c7281e783,cache_256/dataT/pod_rot_black/black_pod_rot_463.png,A,principal,bpr,463
1673,dataT/pod_rot_black/black_pod_rot_464.jpg,1,4e748ee3b8de753c674c9c0ca431ad84,f435477232ceb0d8,cache_256/dataT/pod_rot_black/black_pod_rot_464.png,A,principal,bpr,464
1674,dataT/pod_rot_black/black_pod_rot_465.jpg,1,10259624a11cc7e09636ca185c776b7a,9f7ca0a6e2cd8c1c,cache_256/dataT/pod_rot_black/black_pod_rot_465.png,A,principal,bpr,465
1675,dataT/pod_rot_black/black_pod_rot_466.jpg,1,f8860b41cbe8cd8e1b98d738babc56e9,f2908bc2dea2be0b,cache_256/dataT/pod_rot_black/black_pod_rot_466.png,A,principal,bpr,466
1676,dataT/pod_rot_black/black_pod_rot_467.jpg,1,9b975992a29c7bc0db93c8ef27660dd6,ecc42c6775a98a4d,cache_256/dataT/pod_rot_black/black_pod_rot_467.png,A,principal,bpr,467
1677,dataT/pod_rot_black/black_pod_rot_468.jpg,1,34032a5ab71b37ec3e53b842e3c5d179,e4675b33410707cf,cache_256/dataT/pod_rot_black/black_pod_rot_468.png,A,principal,bpr,468
1678,dataT/pod_rot_black/black_pod_rot_469.jpg,1,ddc7ff8ba4a395810952fc7fa6432e22,8c847414b7db1bab,cache_256/dataT/pod_rot_black/black_pod_rot_469.png,A,principal,bpr,469
1679,dataT/pod_rot_black/black_pod_rot_47.jpg,1,0d78d6111ad2dc9019e7f78bbf58241e,d2eae93714a22766,cache_256/dataT/pod_rot_black/black_pod_rot_47.png,A,principal,bpr,47
1680,dataT/pod_rot_black/black_pod_rot_470.jpg,1,f0dae48ca7a79e5855f4f2d5b1a7787d,c8a5377d43696c68,cache_256/dataT/pod_rot_black/black_pod_rot_470.png,A,principal,bpr,470
1681,dataT/pod_rot_black/black_pod_rot_471.jpg,1,3905ad3349f26520d3c5b7d6dd52c7fa,dede51108dc1fbc0,cache_256/dataT/pod_rot_black/black_pod_rot_471.png,A,principal,bpr,471
1682,dataT/pod_rot_black/black_pod_rot_472.jpg,1,f588a5e2e43b904399450253cf9efeba,e2a21a39afed858c,cache_256/dataT/pod_rot_black/black_pod_rot_472.png,A,principal,bpr,472
1683,dataT/pod_rot_black/black_pod_rot_473.jpg,1,fda81893f19e0e472b919286be535878,f4cd903770d6ea82,cache_256/dataT/pod_rot_black/black_pod_rot_473.png,A,principal,bpr,473
1684,dataT/pod_rot_black/black_pod_rot_474.jpg,1,9e26691c40d044771be8b0260c23a4f9,9edc6d606bb23611,cache_256/dataT/pod_rot_black/black_pod_rot_474.png,A,principal,bpr,474
1685,dataT/pod_rot_black/black_pod_rot_475.jpg,1,8f3c66501fee17fd9371f39096aebec7,b74c6a7263e31532,cache_256/dataT/pod_rot_black/black_pod_rot_475.png,A,principal,bpr,475
1686,dataT/pod_rot_black/black_pod_rot_476.jpg,1,6ca99807406494b667f453bf66bcce68,d2c7817770bad28c,cache_256/dataT/pod_rot_black/black_pod_rot_476.png,A,principal,bpr,476
1687,dataT/pod_rot_black/black_pod_rot_477.jpg,1,c9391d05979995100c2d89d606cb4e22,d8cfd0163acb0db8,cache_256/dataT/pod_rot_black/black_pod_rot_477.png,A,principal,bpr,477
1688,dataT/pod_rot_black/black_pod_rot_478.jpg,1,056a43f694a5e50db828e29fdf647c3b,87283d6177c3cc56,cache_256/dataT/pod_rot_black/black_pod_rot_478.png,A,principal,bpr,478
1689,dataT/pod_rot_black/black_pod_rot_479.jpg,1,1c800ac367d8a74a937b8e3dd0f46248,e6088e3dfcf8b0d0,cache_256/dataT/pod_rot_black/black_pod_rot_479.png,A,principal,bpr,479
1690,dataT/pod_rot_black/black_pod_rot_48.jpg,1,324de99a00f370dae9d7e684476c3f1a,f30a477298b55867,cache_256/dataT/pod_rot_black/black_pod_rot_48.png,A,principal,bpr,48
1691,dataT/pod_rot_black/black_pod_rot_480.jpg,1,c9c0ad9145505bfb23e7f56fc46e8b22,92c459363087f6bd,cache_256/dataT/pod_rot_black/black_pod_rot_480.png,A,principal,bpr,480
1692,dataT/pod_rot_black/black_pod_rot_481.jpg,1,e6d7a6d5dd35a214115523d9ed18ad62,db4ccd761426e8a6,cache_256/dataT/pod_rot_black/black_pod_rot_481.png,A,principal,bpr,481
1693,dataT/pod_rot_black/black_pod_rot_482.jpg,1,2409978ff1e135a8e9c26ed18cc38887,cccec8273f3670c1,cache_256/dataT/pod_rot_black/black_pod_rot_482.png,A,principal,bpr,482
1694,dataT/pod_rot_black/black_pod_rot_483.jpg,1,70b913c66f091098b618a9d65b20d9d9,d7d7505e495a688a,cache_256/dataT/pod_rot_black/black_pod_rot_483.png,A,principal,bpr,483
1695,dataT/pod_rot_black/black_pod_rot_484.jpg,1,9774607fc1f89dd793c150df8e8641ca,dcdc745e631a29a8,cache_256/dataT/pod_rot_black/black_pod_rot_484.png,A,principal,bpr,484
1696,dataT/pod_rot_black/black_pod_rot_485.jpg,1,a28633746ab9360a033367b7b6b98f43,f2e6b8b213899572,cache_256/dataT/pod_rot_black/black_pod_rot_485.png,A,principal,bpr,485
1697,dataT/pod_rot_black/black_pod_rot_486.jpg,1,bfe8093d7146844c3abe01cc13c99682,f341b866cfc3d188,cache_256/dataT/pod_rot_black/black_pod_rot_486.png,A,principal,bpr,486
1698,dataT/pod_rot_black/black_pod_rot_487.jpg,1,b8c4849f3f63460fe1bbfef53a25925f,859bb93173b48696,cache_256/dataT/pod_rot_black/black_pod_rot_487.png,A,principal,bpr,487
1699,dataT/pod_rot_black/black_pod_rot_488.jpg,1,558679ae179333f38cf3c2b12953b6db,ba6d6da60f5c9890,cache_256/dataT/pod_rot_black/black_pod_rot_488.png,A,principal,bpr,488
1700,dataT/pod_rot_black/black_pod_rot_489.jpg,1,9d5faf13530afeb18765d38cdab3a959,965ddb1a3a387521,cache_256/dataT/pod_rot_black/black_pod_rot_489.png,A,principal,bpr,489
1701,dataT/pod_rot_black/black_pod_rot_49.jpg,1,f16c4125b9e2b80ddc72622c49e54890,b4453b3ea589ecc8,cache_256/dataT/pod_rot_black/black_pod_rot_49.png,A,principal,bpr,49
1702,dataT/pod_rot_black/black_pod_rot_490.jpg,1,abb6bc8478493b0c2b090f63428a2e5e,b6a2b9f7b0029cd2,cache_256/dataT/pod_rot_black/black_pod_rot_490.png,A,principal,bpr,490
1703,dataT/pod_rot_black/black_pod_rot_491.jpg,1,49308b9f04e70e7583639e4a016f72e5,c9f1cd6632d09785,cache_256/dataT/pod_rot_black/black_pod_rot_491.png,A,principal,bpr,491
1704,dataT/pod_rot_black/black_pod_rot_492.jpg,1,9b6d7491bcdaef86e5ebc259d071387f,cf31b36c730083ee,cache_256/dataT/pod_rot_black/black_pod_rot_492.png,A,principal,bpr,492
1705,dataT/pod_rot_black/black_pod_rot_493.jpg,1,1477dd2dc63f820469584315a5b505c1,d2698ce21ed79a98,cache_256/dataT/pod_rot_black/black_pod_rot_493.png,A,principal,bpr,493
1706,dataT/pod_rot_black/black_pod_rot_494.jpg,1,c4e940ab9fd2252a3f777b8a359ac53d,99a4a85d16ebdd03,cache_256/dataT/pod_rot_black/black_pod_rot_494.png,A,principal,bpr,494
1707,dataT/pod_rot_black/black_pod_rot_495.jpg,1,61860e1fbb8e6e0034d52f228cc5c0c0,8ca3a87d6b497a13,cache_256/dataT/pod_rot_black/black_pod_rot_495.png,A,principal,bpr,495
1708,dataT/pod_rot_black/black_pod_rot_496.jpg,1,df983b5366e8ff08b328e863eba2bdea,cdd8487752e3e1a4,cache_256/dataT/pod_rot_black/black_pod_rot_496.png,A,principal,bpr,496
1709,dataT/pod_rot_black/black_pod_rot_497.jpg,1,b3053e7a25e6770ac0cf73b8c5c89d55,b6bad9f309e110c3,cache_256/dataT/pod_rot_black/black_pod_rot_497.png,A,principal,bpr,497
1710,dataT/pod_rot_black/black_pod_rot_498.jpg,1,fe2bd78dddeb6a4704d8e95f331d8ab1,bfb95546562ab290,cache_256/dataT/pod_rot_black/black_pod_rot_498.png,A,principal,bpr,498
1711,dataT/pod_rot_black/black_pod_rot_499.jpg,1,b1fac7a0f508aa5dc73fdcc62b2568c4,df4e8c236787e089,cache_256/dataT/pod_rot_black/black_pod_rot_499.png,A,principal,bpr,499
1712,dataT/pod_rot_black/black_pod_rot_5.jpg,1,2a1b8f10874ec0cba2991c4c066d4856,d8a034363a63f3f2,cache_256/dataT/pod_rot_black/black_pod_rot_5.png,A,principal,bpr,5
1713,dataT/pod_rot_black/black_pod_rot_50.jpg,1,000fbe8db7387a4105a4eec361400a7a,f3cfcc9a0d8138b4,cache_256/dataT/pod_rot_black/black_pod_rot_50.png,A,principal,bpr,50
1714,dataT/pod_rot_black/black_pod_rot_500.jpg,1,f989c55f4869e18f69e5908aca18982e,df5e38270e4c309b,cache_256/dataT/pod_rot_black/black_pod_rot_500.png,A,principal,bpr,500
1715,dataT/pod_rot_black/black_pod_rot_501.jpg,1,18c379351c1c676d4119ea4adda42e42,fc5c1835622f67c8,cache_256/dataT/pod_rot_black/black_pod_rot_501.png,A,principal,bpr,501
1716,dataT/pod_rot_black/black_pod_rot_502.jpg,1,7977d13b67716db66616f2c66cdb4187,dc5a383763cf8388,cache_256/dataT/pod_rot_black/black_pod_rot_502.png,A,principal,bpr,502
1717,dataT/pod_rot_black/black_pod_rot_503.jpg,1,f829e19ae6a8197f23d9e0af08d12d6e,dc522d27678d922d,cache_256/dataT/pod_rot_black/black_pod_rot_503.png,A,principal,bpr,503
1718,dataT/pod_rot_black/black_pod_rot_504.jpg,1,32296b8c006a3472e0d322e09c3516c1,d8483937232fc68f,cache_256/dataT/pod_rot_black/black_pod_rot_504.png,A,principal,bpr,504
1719,dataT/pod_rot_black/black_pod_rot_505.jpg,1,2479593609b6ac8366084f99d69327f1,dc449ca5674e760e,cache_256/dataT/pod_rot_black/black_pod_rot_505.png,A,principal,bpr,505
1720,dataT/pod_rot_black/black_pod_rot_506.jpg,1,8a5eab9df4ecf7104daa99e8e1a35b88,df4c3c3233887c8e,cache_256/dataT/pod_rot_black/black_pod_rot_506.png,A,principal,bpr,506
1721,dataT/pod_rot_black/black_pod_rot_507.jpg,1,da12c1f5f0c9364c80455832c89f0a17,ef1a062164757733,cache_256/dataT/pod_rot_black/black_pod_rot_507.png,A,principal,bpr,507
1722,dataT/pod_rot_black/black_pod_rot_508.jpg,1,6757d8e23d6b7fb13f2542b75dc99c9b,df583832660ff01b,cache_256/dataT/pod_rot_black/black_pod_rot_508.png,A,principal,bpr,508
1723,dataT/pod_rot_black/black_pod_rot_509.jpg,1,b870019a358f8a92830de68cdb0c1970,db5c30233f89618f,cache_256/dataT/pod_rot_black/black_pod_rot_509.png,A,principal,bpr,509
1724,dataT/pod_rot_black/black_pod_rot_51.jpg,1,459ced84e1a9a41639a45bce77bc962e,92d9d9e56151a653,cache_256/dataT/pod_rot_black/black_pod_rot_51.png,A,principal,bpr,51
1725,dataT/pod_rot_black/black_pod_rot_510.jpg,1,671e1ce8ad45a29431ec4a18c2a42db6,db5f7c276604c990,cache_256/dataT/pod_rot_black/black_pod_rot_510.png,A,principal,bpr,510
1726,dataT/pod_rot_black/black_pod_rot_511.jpg,1,55cd49f36f935568a9994bc0564d3158,db78a42224e69c7e,cache_256/dataT/pod_rot_black/black_pod_rot_511.png,A,principal,bpr,511
1727,dataT/pod_rot_black/black_pod_rot_512.jpg,1,511d5f302b90ef703dfb0aa1776c9e58,db5bb440768c7899,cache_256/dataT/pod_rot_black/black_pod_rot_512.png,A,principal,bpr,512
1728,dataT/pod_rot_black/black_pod_rot_513.jpg,1,aa9d1863d5bebda64d6ea52b4ada3ce3,db5a2427676c13b2,cache_256/dataT/pod_rot_black/black_pod_rot_513.png,A,principal,bpr,513
1729,dataT/pod_rot_black/black_pod_rot_514.jpg,1,a772bf956f0c7093e6f49a014ae4a921,c9ec782fc340de0b,cache_256/dataT/pod_rot_black/black_pod_rot_514.png,A,principal,bpr,514
1730,dataT/pod_rot_black/black_pod_rot_515.jpg,1,a27dfc77a86f12df68d83560eb18c621,fbd9cf56f002ba00,cache_256/dataT/pod_rot_black/black_pod_rot_515.png,A,principal,bpr,515
1731,dataT/pod_rot_black/black_pod_rot_516.jpg,1,c7ee5458fba2f16682cd77a96b46efa1,b0f1416377de6644,cache_256/dataT/pod_rot_black/black_pod_rot_516.png,A,principal,bpr,516
1732,dataT/pod_rot_black/black_pod_rot_517.jpg,1,c30503780cb4f28f7c6d08bd81fa38c9,99e3666681b1eb4a,cache_256/dataT/pod_rot_black/black_pod_rot_517.png,A,principal,bpr,517
1733,dataT/pod_rot_black/black_pod_rot_518.jpg,1,740487776f9af037978e93805d2a37d2,8e092377dc955972,cache_256/dataT/pod_rot_black/black_pod_rot_518.png,A,principal,bpr,518
1734,dataT/pod_rot_black/black_pod_rot_519.jpg,1,d052de2fe879498b5e628627d945dbec,9d25234beac4d2f4,cache_256/dataT/pod_rot_black/black_pod_rot_519.png,A,principal,bpr,519
1735,dataT/pod_rot_black/black_pod_rot_52.jpg,1,7e1c5d9205b770dc8d885b6117831ba1,e7248e5bc88c79ca,cache_256/dataT/pod_rot_black/black_pod_rot_52.png,A,principal,bpr,52
1736,dataT/pod_rot_black/black_pod_rot_520.jpg,1,ecdbb34fdddc9ac246b9f3ab982c1603,b43bf8e060c1cfc3,cache_256/dataT/pod_rot_black/black_pod_rot_520.png,A,principal,bpr,520
1737,dataT/pod_rot_black/black_pod_rot_521.jpg,1,c0632932c6fc6a0bb7dfe8052c6d8a48,c2603c7a239f5367,cache_256/dataT/pod_rot_black/black_pod_rot_521.png,A,principal,bpr,521
1738,dataT/pod_rot_black/black_pod_rot_522.jpg,1,17ce886fcebc8ac493cf8ccff469dbf0,cd2723785cc5d386,cache_256/dataT/pod_rot_black/black_pod_rot_522.png,A,principal,bpr,522
1739,dataT/pod_rot_black/black_pod_rot_523.jpg,1,af1e486cc9f4b4cc6ce7c9e74ed666e7,9b7b6cb488d2d82a,cache_256/dataT/pod_rot_black/black_pod_rot_523.png,A,principal,bpr,523
1740,dataT/pod_rot_black/black_pod_rot_524.jpg,1,7abf7ac24dfa68e3f2bd98664a599f22,e0a41339ded0aeb6,cache_256/dataT/pod_rot_black/black_pod_rot_524.png,A,principal,bpr,524
1741,dataT/pod_rot_black/black_pod_rot_525.jpg,1,129d981ca16eb93caa9d7a7343cdfd14,f230b866afe460bc,cache_256/dataT/pod_rot_black/black_pod_rot_525.png,A,principal,bpr,525
1742,dataT/pod_rot_black/black_pod_rot_526.jpg,1,b8ed3160d1024b861b468a4296f42632,a1387872f2030ffe,cache_256/dataT/pod_rot_black/black_pod_rot_526.png,A,principal,bpr,526
1743,dataT/pod_rot_black/black_pod_rot_527.jpg,1,26253f406721ae1625e6102a5fc56881,ce0c1d7752a1afa1,cache_256/dataT/pod_rot_black/black_pod_rot_527.png,A,principal,bpr,527
1744,dataT/pod_rot_black/black_pod_rot_528.jpg,1,b486c1a163ed837128e1aee3f71c8c74,e7e694f033d33209,cache_256/dataT/pod_rot_black/black_pod_rot_528.png,A,principal,bpr,528
1745,dataT/pod_rot_black/black_pod_rot_529.jpg,1,a7dfe5d7826934e1d905d1ce7452f507,f7e749a83414ee06,cache_256/dataT/pod_rot_black/black_pod_rot_529.png,A,principal,bpr,529
1746,dataT/pod_rot_black/black_pod_rot_53.jpg,1,7e9b0a313aafd4fb4471d607af5b00dc,ec9e8563e8e52586,cache_256/dataT/pod_rot_black/black_pod_rot_53.png,A,principal,bpr,53
1747,dataT/pod_rot_black/black_pod_rot_530.jpg,1,ebc1170e40f59b50c1fa52b87aa2cd25,b4caa887b9aa64bc,cache_256/dataT/pod_rot_black/black_pod_rot_530.png,A,principal,bpr,530
1748,dataT/pod_rot_black/black_pod_rot_531.jpg,1,eaa7f42bb7382dcc7f2331ded7bc8d70,82fdf1c1638fd888,cache_256/dataT/pod_rot_black/black_pod_rot_531.png,A,principal,bpr,531
1749,dataT/pod_rot_black/black_pod_rot_532.jpg,1,177d125ab77e310b404d55a380fc2ec3,cca4b13735c2535b,cache_256/dataT/pod_rot_black/black_pod_rot_532.png,A,principal,bpr,532
1750,dataT/pod_rot_black/black_pod_rot_533.jpg,1,24ee3fe67377fc53ec3c64118bbf746a,ccc9382e2bb925b5,cache_256/dataT/pod_rot_black/black_pod_rot_533.png,A,principal,bpr,533
1751,dataT/pod_rot_black/black_pod_rot_534.jpg,1,d3dbab5ad39fd49091e659ac3ef0773c,a193df34ddf8a808,cache_256/dataT/pod_rot_black/black_pod_rot_534.png,A,principal,bpr,534
1752,dataT/pod_rot_black/black_pod_rot_535.jpg,1,2208709d7f9c3bef91f84ed204407214,ece0c963f0c6be90,cache_256/dataT/pod_rot_black/black_pod_rot_535.png,A,principal,bpr,535
1753,dataT/pod_rot_black/black_pod_rot_536.jpg,1,d49d0438d097276723049a8b0d126226,c5cd9d2d31e03ae4,cache_256/dataT/pod_rot_black/black_pod_rot_536.png,A,principal,bpr,536
1754,dataT/pod_rot_black/black_pod_rot_537.jpg,1,57b073aa954defece13cd59fd3e57daa,e2ae9c163aca3572,cache_256/dataT/pod_rot_black/black_pod_rot_537.png,A,principal,bpr,537
1755,dataT/pod_rot_black/black_pod_rot_538.jpg,1,8e2a849d1f63b4a6d7b9208c30e07a34,8fce45b1c157168b,cache_256/dataT/pod_rot_black/black_pod_rot_538.png,A,principal,bpr,538
1756,dataT/pod_rot_black/black_pod_rot_539.jpg,1,de55cb0b795c700a405889b206fbce8e,c6bcdd3642666266,cache_256/dataT/pod_rot_black/black_pod_rot_539.png,A,principal,bpr,539
1757,dataT/pod_rot_black/black_pod_rot_54.jpg,1,5334a62471600eeb4aa740ee1e56e921,97b3da726305227a,cache_256/dataT/pod_rot_black/black_pod_rot_54.png,A,principal,bpr,54
1758,dataT/pod_rot_black/black_pod_rot_540.jpg,1,2268b3929bb57781fb475b4c4052c18d,b6a8e9316f49069e,cache_256/dataT/pod_rot_black/black_pod_rot_540.png,A,principal,bpr,540
1759,dataT/pod_rot_black/black_pod_rot_541.jpg,1,280e8f572b983ab76911f0fa882d1afb,833364e5476e689b,cache_256/dataT/pod_rot_black/black_pod_rot_541.png,A,principal,bpr,541
1760,dataT/pod_rot_black/black_pod_rot_542.jpg,1,865dc43642184245e3ef80976090755e,b9583e6631c371c3,cache_256/dataT/pod_rot_black/black_pod_rot_542.png,A,principal,bpr,542
1761,dataT/pod_rot_black/black_pod_rot_543.jpg,1,0da92b9e3807de2f4b9f50135d059f13,a2131dbef6c1e223,cache_256/dataT/pod_rot_black/black_pod_rot_543.png,A,principal,bpr,543
1762,dataT/pod_rot_black/black_pod_rot_544.jpg,1,9441f9498eb191870b5afbd83b3bee5f,99997576ec84845e,cache_256/dataT/pod_rot_black/black_pod_rot_544.png,A,principal,bpr,544
1763,dataT/pod_rot_black/black_pod_rot_545.jpg,1,f44c6fa9f8efe7d6d7c0402fdd6b452f,c4d4316785947b6b,cache_256/dataT/pod_rot_black/black_pod_rot_545.png,A,principal,bpr,545
1764,dataT/pod_rot_black/black_pod_rot_546.jpg,1,de811cd20ca058dbf9468f2e4251a316,8dc6ae45cf4a5534,cache_256/dataT/pod_rot_black/black_pod_rot_546.png,A,principal,bpr,546
1765,dataT/pod_rot_black/black_pod_rot_547.jpg,1,0f8b1c3380194d312b7ab770ed8f9af0,92ca4c3db4ca5c7a,cache_256/dataT/pod_rot_black/black_pod_rot_547.png,A,principal,bpr,547
1766,dataT/pod_rot_black/black_pod_rot_548.jpg,1,077ddb840a408211c7b042c52d8d2146,b3d07842236f5f2c,cache_256/dataT/pod_rot_black/black_pod_rot_548.png,A,principal,bpr,548
1767,dataT/pod_rot_black/black_pod_rot_549.jpg,1,f66b021a03671d92506e5c0fef52e743,bbd0ed656443854b,cache_256/dataT/pod_rot_black/black_pod_rot_549.png,A,principal,bpr,549
1768,dataT/pod_rot_black/black_pod_rot_55.jpg,1,1ef5ea0cea56f8f806578eb44eda253c,933979e036f38338,cache_256/dataT/pod_rot_black/black_pod_rot_55.png,A,principal,bpr,55
1769,dataT/pod_rot_black/black_pod_rot_550.jpg,1,8abddc5dd7eff948a84b297979d04ee0,9cbd634040e0fd6f,cache_256/dataT/pod_rot_black/black_pod_rot_550.png,A,principal,bpr,550
1770,dataT/pod_rot_black/black_pod_rot_551.jpg,1,4ee2a0ccc53418e3c546f25e1bb6c4a6,eeac69f6b4c70282,cache_256/dataT/pod_rot_black/black_pod_rot_551.png,A,principal,bpr,551
1771,dataT/pod_rot_black/black_pod_rot_552.jpg,1,b045525b565a256eb29e012e3a444ac5,a749ccf70e2235a5,cache_256/dataT/pod_rot_black/black_pod_rot_552.png,A,principal,bpr,552
1772,dataT/pod_rot_black/black_pod_rot_553.jpg,1,8651b04ab7400d4b7378c2ccdb418933,e6e6a99536cb1318,cache_256/dataT/pod_rot_black/black_pod_rot_553.png,A,principal,bpr,553
1773,dataT/pod_rot_black/black_pod_rot_554.jpg,1,2c167b76d4bb63a4a5644b72798b2e3f,a9789e6368e6609e,cache_256/dataT/pod_rot_black/black_pod_rot_554.png,A,principal,bpr,554
1774,dataT/pod_rot_black/black_pod_rot_555.jpg,1,cf3a629dd40f5f5f44795c3cb093cbd8,b3cf894322d6b94a,cache_256/dataT/pod_rot_black/black_pod_rot_555.png,A,principal,bpr,555
1775,dataT/pod_rot_black/black_pod_rot_556.jpg,1,47ce32920743a39cc1c3a5f09028abe1,f3a30966f0f0e8ac,cache_256/dataT/pod_rot_black/black_pod_rot_556.png,A,principal,bpr,556
1776,dataT/pod_rot_black/black_pod_rot_557.jpg,1,73024c7469dcb34c7bab1738aa4f09b3,a7e3422ebdf8c08a,cache_256/dataT/pod_rot_black/black_pod_rot_557.png,A,principal,bpr,557
1777,dataT/pod_rot_black/black_pod_rot_558.jpg,1,27cbd4142bae40e0f388a836cfd9370a,b5bed8a121f036d8,cache_256/dataT/pod_rot_black/black_pod_rot_558.png,A,principal,bpr,558
1778,dataT/pod_rot_black/black_pod_rot_559.jpg,1,f5a9d1d8e997df18f2ce647e7c4663d7,a5ec6c7290f1a9e2,cache_256/dataT/pod_rot_black/black_pod_rot_559.png,A,principal,bpr,559
1779,dataT/pod_rot_black/black_pod_rot_56.jpg,1,eda6796c3258fd2a99084735f028cac3,b21cfb23d903d9c8,cache_256/dataT/pod_rot_black/black_pod_rot_56.png,A,principal,bpr,56
1780,dataT/pod_rot_black/black_pod_rot_560.jpg,1,615feeb33d5c83cfaff62802db064097,ece9a936e35134b0,cache_256/dataT/pod_rot_black/black_pod_rot_560.png,A,principal,bpr,560
1781,dataT/pod_rot_black/black_pod_rot_561.jpg,1,7cb933e29597fb00ed675b996a3a5106,d9d9673584276e0a,cache_256/dataT/pod_rot_black/black_pod_rot_561.png,A,principal,bpr,561
1782,dataT/pod_rot_black/black_pod_rot_562.jpg,1,839a4cc3efb7011f3d4f25ea8b3db350,9a8c23ee2cf9898d,cache_256/dataT/pod_rot_black/black_pod_rot_562.png,A,principal,bpr,562
1783,dataT/pod_rot_black/black_pod_rot_563.jpg,1,42c2424a98eb074cd6e3e5ea0d11f607,dbac268e06c9e9f0,cache_256/dataT/pod_rot_black/black_pod_rot_563.png,A,principal,bpr,563
1784,dataT/pod_rot_black/black_pod_rot_564.jpg,1,baacff88fb1d324e7f166ed32d4ed5c5,d9ea366cc9cccc90,cache_256/dataT/pod_rot_black/black_pod_rot_564.png,A,principal,bpr,564
1785,dataT/pod_rot_black/black_pod_rot_565.jpg,1,2214f7e2973e12edd9676de158a9321e,fabcbb654a46940a,cache_256/dataT/pod_rot_black/black_pod_rot_565.png,A,principal,bpr,565
1786,dataT/pod_rot_black/black_pod_rot_566.jpg,1,d2798c4bd2c089c988ec048f9008bf75,b7f8d3e751582083,cache_256/dataT/pod_rot_black/black_pod_rot_566.png,A,principal,bpr,566
1787,dataT/pod_rot_black/black_pod_rot_567.jpg,1,0736a5d215f5557eb0c61023e0c1bf41,e8cc9e660126f9e6,cache_256/dataT/pod_rot_black/black_pod_rot_567.png,A,principal,bpr,567
1788,dataT/pod_rot_black/black_pod_rot_568.jpg,1,cc083c41b4184f60a8b17871a999750a,e2ecd4725df122e0,cache_256/dataT/pod_rot_black/black_pod_rot_568.png,A,principal,bpr,568
1789,dataT/pod_rot_black/black_pod_rot_569.jpg,1,900c9f86703dc66844b74351a34faab7,a4eb9433b31e1cd4,cache_256/dataT/pod_rot_black/black_pod_rot_569.png,A,principal,bpr,569
1790,dataT/pod_rot_black/black_pod_rot_57.jpg,1,844bf981e28dd6aee30c9a4a95956a23,b78fc03eb036bca0,cache_256/dataT/pod_rot_black/black_pod_rot_57.png,A,principal,bpr,57
1791,dataT/pod_rot_black/black_pod_rot_570.jpg,1,19256e190479f4db9e542ad220321a15,e6ce96708b319b13,cache_256/dataT/pod_rot_black/black_pod_rot_570.png,A,principal,bpr,570
1792,dataT/pod_rot_black/black_pod_rot_571.jpg,1,f369611e34ea297e9cb35a22944d51eb,b2b31f62f2c2c594,cache_256/dataT/pod_rot_black/black_pod_rot_571.png,A,principal,bpr,571
1793,dataT/pod_rot_black/black_pod_rot_572.jpg,1,c43202cf4bd26a195a195767e3842ffe,e7b9bc5a49581938,cache_256/dataT/pod_rot_black/black_pod_rot_572.png,A,principal,bpr,572
1794,dataT/pod_rot_black/black_pod_rot_573.jpg,1,24e61e8034851b7382a2e702cd2c5e87,b38df53451e229e1,cache_256/dataT/pod_rot_black/black_pod_rot_573.png,A,principal,bpr,573
1795,dataT/pod_rot_black/black_pod_rot_574.jpg,1,302ccf823e566475128f7a4c7e2ba3c4,e3ed9c932d85248d,cache_256/dataT/pod_rot_black/black_pod_rot_574.png,A,principal,bpr,574
1796,dataT/pod_rot_black/black_pod_rot_575.jpg,1,03fc55e2ef9295b5d786a79a0317993f,991d84723b7be191,cache_256/dataT/pod_rot_black/black_pod_rot_575.png,A,principal,bpr,575
1797,dataT/pod_rot_black/black_pod_rot_576.jpg,1,998b7fe0c3275a0c8f8d92ccea64d054,9fb350c3a68e6741,cache_256/dataT/pod_rot_black/black_pod_rot_576.png,A,principal,bpr,576
1798,dataT/pod_rot_black/black_pod_rot_577.jpg,1,898536b476ac7e1451675d6d9a415318,96b6d0c6cec46cc5,cache_256/dataT/pod_rot_black/black_pod_rot_577.png,A,principal,bpr,577
1799,dataT/pod_rot_black/black_pod_rot_578.jpg,1,ee9995caa5565bd4b719bb8fdc700533,c6ec8d36b4c211cf,cache_256/dataT/pod_rot_black/black_pod_rot_578.png,A,principal,bpr,578
1800,dataT/pod_rot_black/black_pod_rot_579.jpg,1,d111b5aaab44bf344ec39630abc59896,e9e34d6e28879b28,cache_256/dataT/pod_rot_black/black_pod_rot_579.png,A,principal,bpr,579
1801,dataT/pod_rot_black/black_pod_rot_58.jpg,1,8caafd4d260072154f16a8920765a21b,c739092f4ec2d64b,cache_256/dataT/pod_rot_black/black_pod_rot_58.png,A,principal,bpr,58
1802,dataT/pod_rot_black/black_pod_rot_580.jpg,1,8371bebda8d2f330e33eac92bff2f473,e1a90d7719c71c33,cache_256/dataT/pod_rot_black/black_pod_rot_580.png,A,principal,bpr,580
1803,dataT/pod_rot_black/black_pod_rot_581.jpg,1,09612846c81f7ebca8116f2383754005,b7ee5226a594a459,cache_256/dataT/pod_rot_black/black_pod_rot_581.png,A,principal,bpr,581
1804,dataT/pod_rot_black/black_pod_rot_582.jpg,1,997daeddafe7e28a5b47d27ce579ec11,f75ac8e61b808bd2,cache_256/dataT/pod_rot_black/black_pod_rot_582.png,A,principal,bpr,582
1805,dataT/pod_rot_black/black_pod_rot_583.jpg,1,f6668dc484dcc2f33e1027084ef27d92,e9c9a6b5b2999544,cache_256/dataT/pod_rot_black/black_pod_rot_583.png,A,principal,bpr,583
1806,dataT/pod_rot_black/black_pod_rot_584.jpg,1,2abe09acd15d2c12699725ac408cea7f,99c86e6534667aa6,cache_256/dataT/pod_rot_black/black_pod_rot_584.png,A,principal,bpr,584
1807,dataT/pod_rot_black/black_pod_rot_585.jpg,1,7d03ebf0be3f1b3290b739d73929ed69,cccc65733396a5c8,cache_256/dataT/pod_rot_black/black_pod_rot_585.png,A,principal,bpr,585
1808,dataT/pod_rot_black/black_pod_rot_586.jpg,1,2e900ebb5437f6c98b240855fe62da80,f3198c291cbe9af0,cache_256/dataT/pod_rot_black/black_pod_rot_586.png,A,principal,bpr,586
1809,dataT/pod_rot_black/black_pod_rot_587.jpg,1,d59f9fdde59aff597a554717ebce5e3b,d3a0a5e7e099e1e1,cache_256/dataT/pod_rot_black/black_pod_rot_587.png,A,principal,bpr,587
1810,dataT/pod_rot_black/black_pod_rot_588.jpg,1,5ff398a8ac089221e207396c06e537d3,a9b9454b66075adc,cache_256/dataT/pod_rot_black/black_pod_rot_588.png,A,principal,bpr,588
1811,dataT/pod_rot_black/black_pod_rot_589.jpg,1,f799c8fa0c576da71eb78c1e858bd5fb,b9f45daca49c90b1,cache_256/dataT/pod_rot_black/black_pod_rot_589.png,A,principal,bpr,589
1812,dataT/pod_rot_black/black_pod_rot_59.jpg,1,d220adc9c150c4f888f7e479f9ee85b7,92bb9878b4f003af,cache_256/dataT/pod_rot_black/black_pod_rot_59.png,A,principal,bpr,59
1813,dataT/pod_rot_black/black_pod_rot_590.jpg,1,8d533f5b588c5d5bba15aa12462bec82,9546e574c23ab91d,cache_256/dataT/pod_rot_black/black_pod_rot_590.png,A,principal,bpr,590
1814,dataT/pod_rot_black/black_pod_rot_591.jpg,1,c4edd47e3d20d4906cdec0e11a1d4034,e576b53af819b005,cache_256/dataT/pod_rot_black/black_pod_rot_591.png,A,principal,bpr,591
1815,dataT/pod_rot_black/black_pod_rot_592.jpg,1,6076cd063bd07e0fb343cfa0ff1a8ab1,ccdc3933f2822397,cache_256/dataT/pod_rot_black/black_pod_rot_592.png,A,principal,bpr,592
1816,dataT/pod_rot_black/black_pod_rot_593.jpg,1,7e5cb14537f69d5ca4d9db0ae35af531,b1b899317371ea4a,cache_256/dataT/pod_rot_black/black_pod_rot_593.png,A,principal,bpr,593
1817,dataT/pod_rot_black/black_pod_rot_594.jpg,1,95fe3f31727a52b7ecc5927b986b7bd5,9286ea938f8c9ccb,cache_256/dataT/pod_rot_black/black_pod_rot_594.png,A,principal,bpr,594
1818,dataT/pod_rot_black/black_pod_rot_595.jpg,1,f731df5ea47fcede35c68d16c01711aa,d8a7276686f8c923,cache_256/dataT/pod_rot_black/black_pod_rot_595.png,A,principal,bpr,595
1819,dataT/pod_rot_black/black_pod_rot_596.jpg,1,76734b75cda9803cc39e33aba32b8f70,a6a7d963c56c6c81,cache_256/dataT/pod_rot_black/black_pod_rot_596.png,A,principal,bpr,596
1820,dataT/pod_rot_black/black_pod_rot_597.jpg,1,451d61b1764eb6914881695947e57011,e72a9873171d398c,cache_256/dataT/pod_rot_black/black_pod_rot_597.png,A,principal,bpr,597
1821,dataT/pod_rot_black/black_pod_rot_598.jpg,1,6fb05cd925267c04ddf4b83fd8a7e11b,b6e4455e139e1aca,cache_256/dataT/pod_rot_black/black_pod_rot_598.png,A,principal,bpr,598
1822,dataT/pod_rot_black/black_pod_rot_599.jpg,1,1f8e69e667c1d2e6e72c2fe76f489216,bc43d162c3cf618d,cache_256/dataT/pod_rot_black/black_pod_rot_599.png,A,principal,bpr,599
1823,dataT/pod_rot_black/black_pod_rot_6.jpg,1,75d03bf73799988bc70d20bbe7f0e2de,f2388d231bcbecc8,cache_256/dataT/pod_rot_black/black_pod_rot_6.png,A,principal,bpr,6
1824,dataT/pod_rot_black/black_pod_rot_60.jpg,1,2688773e3d9e7d818f899e22acbeff33,f32ce87112939f83,cache_256/dataT/pod_rot_black/black_pod_rot_60.png,A,principal,bpr,60
1825,dataT/pod_rot_black/black_pod_rot_600.jpg,1,d068b2c79c806c79eba0258524026672,94b0e87bee1ec306,cache_256/dataT/pod_rot_black/black_pod_rot_600.png,A,principal,bpr,600
1826,dataT/pod_rot_black/black_pod_rot_601.jpg,1,4438895f500b32b04689a8c87bab7388,e5211ef55a14f0b9,cache_256/dataT/pod_rot_black/black_pod_rot_601.png,A,principal,bpr,601
1827,dataT/pod_rot_black/black_pod_rot_602.jpg,1,7eb80739a5ad5a7e15c2b5264851b24f,e2f1d1673d60ac52,cache_256/dataT/pod_rot_black/black_pod_rot_602.png,A,principal,bpr,602
1828,dataT/pod_rot_black/black_pod_rot_603.jpg,1,2cea89e341cbec104e9e420a35afab35,be8f434742e45696,cache_256/dataT/pod_rot_black/black_pod_rot_603.png,A,principal,bpr,603
1829,dataT/pod_rot_black/black_pod_rot_604.jpg,1,212d3a213469c7e121860625eaf737fe,a4c8cd656f4c32cb,cache_256/dataT/pod_rot_black/black_pod_rot_604.png,A,principal,bpr,604
1830,dataT/pod_rot_black/black_pod_rot_605.jpg,1,b9b3b0ab13c28dbf1a05f692fdafccd5,b2fe9c610567ac54,cache_256/dataT/pod_rot_black/black_pod_rot_605.png,A,principal,bpr,605
1831,dataT/pod_rot_black/black_pod_rot_606.jpg,1,18c056fb186dc89198cd1f3c38797d4b,bd10de42d667a8a6,cache_256/dataT/pod_rot_black/black_pod_rot_606.png,A,principal,bpr,606
1832,dataT/pod_rot_black/black_pod_rot_607.jpg,1,45346b1f1d7993dd77f6b3ede1a1cb14,c41bb71ae899239e,cache_256/dataT/pod_rot_black/black_pod_rot_607.png,A,principal,bpr,607
1833,dataT/pod_rot_black/black_pod_rot_608.jpg,1,35a9bc0b10fca6c3655964c57e586674,e4ad94620b36f716,cache_256/dataT/pod_rot_black/black_pod_rot_608.png,A,principal,bpr,608
1834,dataT/pod_rot_black/black_pod_rot_609.jpg,1,dc1d1e3f670c012f42a17a892abfd13e,fbc902128f9b8a8f,cache_256/dataT/pod_rot_black/black_pod_rot_609.png,A,principal,bpr,609
1835,dataT/pod_rot_black/black_pod_rot_61.jpg,1,1693274ce59fd88bc5ac034810ea4c00,d33b1d2665e6e601,cache_256/dataT/pod_rot_black/black_pod_rot_61.png,A,principal,bpr,61
1836,dataT/pod_rot_black/black_pod_rot_610.jpg,1,d6441991521425e58b34aa0ac7ec5032,b68c89f0de4f6330,cache_256/dataT/pod_rot_black/black_pod_rot_610.png,A,principal,bpr,610
1837,dataT/pod_rot_black/black_pod_rot_611.jpg,1,04a582b876aaff81345869c92f8618e7,f193dd3928693e0a,cache_256/dataT/pod_rot_black/black_pod_rot_611.png,A,principal,bpr,611
1838,dataT/pod_rot_black/black_pod_rot_612.jpg,1,f8af1393c703e13a25987db148ecc2f3,f3f0ca2e8db5211c,cache_256/dataT/pod_rot_black/black_pod_rot_612.png,A,principal,bpr,612
1839,dataT/pod_rot_black/black_pod_rot_613.jpg,1,16773632bb8f0545532d45e0a6d20dcb,e348583f6d2a9c99,cache_256/dataT/pod_rot_black/black_pod_rot_613.png,A,principal,bpr,613
1840,dataT/pod_rot_black/black_pod_rot_614.jpg,1,81560c02b47117d0d2036d5d7267f910,fe974e21a38c950e,cache_256/dataT/pod_rot_black/black_pod_rot_614.png,A,principal,bpr,614
1841,dataT/pod_rot_black/black_pod_rot_615.jpg,1,90f9d581b29ee0e656d0049acb352d4f,e7ae94520aa131bf,cache_256/dataT/pod_rot_black/black_pod_rot_615.png,A,principal,bpr,615
1842,dataT/pod_rot_black/black_pod_rot_616.jpg,1,a07b047f639cffcb6674a0322b6ac08c,e6e9ad355a3219c2,cache_256/dataT/pod_rot_black/black_pod_rot_616.png,A,principal,bpr,616
1843,dataT/pod_rot_black/black_pod_rot_617.jpg,1,6337ed5d1ec44b1d04856e219d1ff966,e2a9d5723253d84b,cache_256/dataT/pod_rot_black/black_pod_rot_617.png,A,principal,bpr,617
1844,dataT/pod_rot_black/black_pod_rot_618.jpg,1,48f215ce04c92b3d9391aa5ab1163657,ce2c9627937bb908,cache_256/dataT/pod_rot_black/black_pod_rot_618.png,A,principal,bpr,618
1845,dataT/pod_rot_black/black_pod_rot_619.jpg,1,29267e67322ab6e53497e822a9c8bfe7,ca9a8bfd0686d12d,cache_256/dataT/pod_rot_black/black_pod_rot_619.png,A,principal,bpr,619
1846,dataT/pod_rot_black/black_pod_rot_62.jpg,1,7f1d538e3b8050592ae3575b685484a7,bba3840686ed4bd9,cache_256/dataT/pod_rot_black/black_pod_rot_62.png,A,principal,bpr,62
1847,dataT/pod_rot_black/black_pod_rot_620.jpg,1,b18293f4cf0eeb1a4d36f8d432f55f92,a6ad63ae6532a5c2,cache_256/dataT/pod_rot_black/black_pod_rot_620.png,A,principal,bpr,620
1848,dataT/pod_rot_black/black_pod_rot_621.jpg,1,68384143aa76dbc00e2eeeb666f1a9ab,b2c9cab2b272b51a,cache_256/dataT/pod_rot_black/black_pod_rot_621.png,A,principal,bpr,621
1849,dataT/pod_rot_black/black_pod_rot_622.jpg,1,34bae68ff95caac25c4b9f0cf7406366,b8bee94b93176019,cache_256/dataT/pod_rot_black/black_pod_rot_622.png,A,principal,bpr,622
1850,dataT/pod_rot_black/black_pod_rot_623.jpg,1,55b965c0ac2c1802e6b214d85af98458,bfbf894cc01e8c94,cache_256/dataT/pod_rot_black/black_pod_rot_623.png,A,principal,bpr,623
1851,dataT/pod_rot_black/black_pod_rot_624.jpg,1,a8446cc34cef38a3da2a3f5ecf1d38b6,f3878ab5760166a9,cache_256/dataT/pod_rot_black/black_pod_rot_624.png,A,principal,bpr,624
1852,dataT/pod_rot_black/black_pod_rot_625.jpg,1,c4fab69a601076f6d41055e3d84aafba,aec5e963b4d5098c,cache_256/dataT/pod_rot_black/black_pod_rot_625.png,A,principal,bpr,625
1853,dataT/pod_rot_black/black_pod_rot_626.jpg,1,2b0e5b44a41184d973ed495eb60ca6e3,e3e6ac94305aeae1,cache_256/dataT/pod_rot_black/black_pod_rot_626.png,A,principal,bpr,626
1854,dataT/pod_rot_black/black_pod_rot_627.jpg,1,1db124a45512abd692c2414446609b50,a19157bf3ce061a6,cache_256/dataT/pod_rot_black/black_pod_rot_627.png,A,principal,bpr,627
1855,dataT/pod_rot_black/black_pod_rot_628.jpg,1,10127ee0cdd8198337b6250eefe0a845,f668a9a635b8f212,cache_256/dataT/pod_rot_black/black_pod_rot_628.png,A,principal,bpr,628
1856,dataT/pod_rot_black/black_pod_rot_629.jpg,1,3afd64ec750f3f09cdea2361a3516b5b,9eba711923d15ac3,cache_256/dataT/pod_rot_black/black_pod_rot_629.png,A,principal,bpr,629
1857,dataT/pod_rot_black/black_pod_rot_63.jpg,1,a5ee595ab08fdbeabdc0d70def982bef,c2e9dce3a61d130b,cache_256/dataT/pod_rot_black/black_pod_rot_63.png,A,principal,bpr,63
1858,dataT/pod_rot_black/black_pod_rot_630.jpg,1,a26136df467d5c94c736cf3dd55ab464,d198f86a6ba97612,cache_256/dataT/pod_rot_black/black_pod_rot_630.png,A,principal,bpr,630
1859,dataT/pod_rot_black/black_pod_rot_631.jpg,1,57fe4549e244ef3c714f08b95caf0446,8599d4d4394c67b6,cache_256/dataT/pod_rot_black/black_pod_rot_631.png,A,principal,bpr,631
1860,dataT/pod_rot_black/black_pod_rot_632.jpg,1,cb14308d3de9b62f3175e289cbcd7acd,f8870e3cc1f0f01f,cache_256/dataT/pod_rot_black/black_pod_rot_632.png,A,principal,bpr,632
1861,dataT/pod_rot_black/black_pod_rot_633.jpg,1,7029f7f0be5ac9d2ab3a3daa46fcd4cf,b0d09b0bc975591f,cache_256/dataT/pod_rot_black/black_pod_rot_633.png,A,principal,bpr,633
1862,dataT/pod_rot_black/black_pod_rot_634.jpg,1,472c490291b745150ca2d2eff087a7a8,fc1e8c61096379ea,cache_256/dataT/pod_rot_black/black_pod_rot_634.png,A,principal,bpr,634
1863,dataT/pod_rot_black/black_pod_rot_635.jpg,1,e2fb746b316345b82769dac6fca86da6,bc0e0f344b6196f9,cache_256/dataT/pod_rot_black/black_pod_rot_635.png,A,principal,bpr,635
1864,dataT/pod_rot_black/black_pod_rot_636.jpg,1,7012d5f5c6812d1ac1c5068253e0dc1e,e2ea8c31938a6fe4,cache_256/dataT/pod_rot_black/black_pod_rot_636.png,A,principal,bpr,636
1865,dataT/pod_rot_black/black_pod_rot_637.jpg,1,821296a1f285e201ae340a65198d7695,be03e183407efb4a,cache_256/dataT/pod_rot_black/black_pod_rot_637.png,A,principal,bpr,637
1866,dataT/pod_rot_black/black_pod_rot_638.jpg,1,b8abbf9c4e5842e6784f6929ec943498,f4d1d071dd230ce6,cache_256/dataT/pod_rot_black/black_pod_rot_638.png,A,principal,bpr,638
1867,dataT/pod_rot_black/black_pod_rot_639.jpg,1,8ed14a10100cdfe367f5b3fadad11f05,9b5ccc76f83b3410,cache_256/dataT/pod_rot_black/black_pod_rot_639.png,A,principal,bpr,639
1868,dataT/pod_rot_black/black_pod_rot_64.jpg,1,6e2110484c43738a134ded80891abb7b,e7265870b29ca6e3,cache_256/dataT/pod_rot_black/black_pod_rot_64.png,A,principal,bpr,64
1869,dataT/pod_rot_black/black_pod_rot_640.jpg,1,bd5f76d4ab3194138470f87765379ce1,bd2133ad621f42f1,cache_256/dataT/pod_rot_black/black_pod_rot_640.png,A,principal,bpr,640
1870,dataT/pod_rot_black/black_pod_rot_641.jpg,1,85c9379920fc6eb715135d5ca1d047ad,f9082ce2f62c939e,cache_256/dataT/pod_rot_black/black_pod_rot_641.png,A,principal,bpr,641
1871,dataT/pod_rot_black/black_pod_rot_642.jpg,1,635b0614bad3973f251f075cc8c70aa9,8b9dc46e2c3e3692,cache_256/dataT/pod_rot_black/black_pod_rot_642.png,A,principal,bpr,642
1872,dataT/pod_rot_black/black_pod_rot_643.jpg,1,b0509fd55422bc3566b5c53ab3bf9afc,d9d8246e1e0f1a8f,cache_256/dataT/pod_rot_black/black_pod_rot_643.png,A,principal,bpr,643
1873,dataT/pod_rot_black/black_pod_rot_644.jpg,1,5ba6f7ff7a6269a5e53f413f0a1eabc7,dfc89a2b257d6424,cache_256/dataT/pod_rot_black/black_pod_rot_644.png,A,principal,bpr,644
1874,dataT/pod_rot_black/black_pod_rot_645.jpg,1,8a414458820c784744dbb42420e105a2,b33d0e4340477d2f,cache_256/dataT/pod_rot_black/black_pod_rot_645.png,A,principal,bpr,645
1875,dataT/pod_rot_black/black_pod_rot_646.jpg,1,14da68b5e0f70ee0cdc55e1248a683da,9334696691eb213f,cache_256/dataT/pod_rot_black/black_pod_rot_646.png,A,principal,bpr,646
1876,dataT/pod_rot_black/black_pod_rot_647.jpg,1,122fcb352bc31c74889b2aea2fbf0e41,dc916176339cb199,cache_256/dataT/pod_rot_black/black_pod_rot_647.png,A,principal,bpr,647
1877,dataT/pod_rot_black/black_pod_rot_648.jpg,1,69627074e6515cda6cc6aaac285c9d97,b03db6a64370ceb2,cache_256/dataT/pod_rot_black/black_pod_rot_648.png,A,principal,bpr,648
1878,dataT/pod_rot_black/black_pod_rot_649.jpg,1,377b45a0d76cde4f3646264a7f015ded,c49dc96b2aa0371f,cache_256/dataT/pod_rot_black/black_pod_rot_649.png,A,principal,bpr,649
1879,dataT/pod_rot_black/black_pod_rot_65.jpg,1,b5d9ce5bd3576e3871dc7d369c1857f8,9dcb6d240627276d,cache_256/dataT/pod_rot_black/black_pod_rot_65.png,A,principal,bpr,65
1880,dataT/pod_rot_black/black_pod_rot_650.jpg,1,33ba597e7bd2a2f76f600eb5e7f17013,e7939173a1e4f04a,cache_256/dataT/pod_rot_black/black_pod_rot_650.png,A,principal,bpr,650
1881,dataT/pod_rot_black/black_pod_rot_651.jpg,1,73640a0505a51c88bcab41238bf205b6,a49b4e1b9d973894,cache_256/dataT/pod_rot_black/black_pod_rot_651.png,A,principal,bpr,651
1882,dataT/pod_rot_black/black_pod_rot_652.jpg,1,9045959513f3a74b6ce28244216328ff,e6b42960a3f714cb,cache_256/dataT/pod_rot_black/black_pod_rot_652.png,A,principal,bpr,652
1883,dataT/pod_rot_black/black_pod_rot_653.jpg,1,17801c816364287e6e470bc8ea0353b7,d9de2c64141e197d,cache_256/dataT/pod_rot_black/black_pod_rot_653.png,A,principal,bpr,653
1884,dataT/pod_rot_black/black_pod_rot_654.jpg,1,8f935712a99e7a391ea9fd00e9e8e99c,9e8886e09bb529fc,cache_256/dataT/pod_rot_black/black_pod_rot_654.png,A,principal,bpr,654
1885,dataT/pod_rot_black/black_pod_rot_655.jpg,1,bfb36e304481d8edb945dc17c0210158,e676c99a17e90b0a,cache_256/dataT/pod_rot_black/black_pod_rot_655.png,A,principal,bpr,655
1886,dataT/pod_rot_black/black_pod_rot_656.jpg,1,80d4e9cf5aab829fbb111917b79d31cd,b3b39d9c7c1c9049,cache_256/dataT/pod_rot_black/black_pod_rot_656.png,A,principal,bpr,656
1887,dataT/pod_rot_black/black_pod_rot_657.jpg,1,c5c4fee30d586b781c63ac9bfe70ba73,c7f09a4acb747087,cache_256/dataT/pod_rot_black/black_pod_rot_657.png,A,principal,bpr,657
1888,dataT/pod_rot_black/black_pod_rot_658.jpg,1,78a15760a6cbff464ebfc18c876a1b09,b9c14426b748cb7b,cache_256/dataT/pod_rot_black/black_pod_rot_658.png,A,principal,bpr,658
1889,dataT/pod_rot_black/black_pod_rot_659.jpg,1,f9b93b4f27b12816fa599426ab75f4c9,9e0c126a6de766e1,cache_256/dataT/pod_rot_black/black_pod_rot_659.png,A,principal,bpr,659
1890,dataT/pod_rot_black/black_pod_rot_66.jpg,1,1fd71b69c30ba25b00e7a01b841ad68d,e7e4dc7b33a00686,cache_256/dataT/pod_rot_black/black_pod_rot_66.png,A,principal,bpr,66
1891,dataT/pod_rot_black/black_pod_rot_660.jpg,1,e6522f0b1d0872b549cee0cb2a076c7a,a6e4ec8f630ed912,cache_256/dataT/pod_rot_black/black_pod_rot_660.png,A,principal,bpr,660
1892,dataT/pod_rot_black/black_pod_rot_661.jpg,1,2f1720a40eed89b5d5cbe3dd78e00389,e98e8877a1d48eb1,cache_256/dataT/pod_rot_black/black_pod_rot_661.png,A,principal,bpr,661
1893,dataT/pod_rot_black/black_pod_rot_662.jpg,1,bf0493e0e6396e93ddfe96475d6aa321,be969a9830f97226,cache_256/dataT/pod_rot_black/black_pod_rot_662.png,A,principal,bpr,662
1894,dataT/pod_rot_black/black_pod_rot_663.jpg,1,8b6520e27d02423501daedbc0f5276ba,a7e8d6e6cb724c40,cache_256/dataT/pod_rot_black/black_pod_rot_663.png,A,principal,bpr,663
1895,dataT/pod_rot_black/black_pod_rot_664.jpg,1,007477f6522fcc1c568b8612ed131f02,93d24a7b654fb484,cache_256/dataT/pod_rot_black/black_pod_rot_664.png,A,principal,bpr,664
1896,dataT/pod_rot_black/black_pod_rot_665.jpg,1,870ec630e880cdc77a9ed62e080823bd,9f5dd894a3d46342,cache_256/dataT/pod_rot_black/black_pod_rot_665.png,A,principal,bpr,665
1897,dataT/pod_rot_black/black_pod_rot_666.jpg,1,db8dca0ec3fd8fef123da52daf72047e,999e9f0785e514e1,cache_256/dataT/pod_rot_black/black_pod_rot_666.png,A,principal,bpr,666
1898,dataT/pod_rot_black/black_pod_rot_667.jpg,1,ed7198aa5458e339b174050745613b2f,92246d6693dba399,cache_256/dataT/pod_rot_black/black_pod_rot_667.png,A,principal,bpr,667
1899,dataT/pod_rot_black/black_pod_rot_668.jpg,1,123c0b9c675de8c7ef3af6451f7135de,bc89702337ee909e,cache_256/dataT/pod_rot_black/black_pod_rot_668.png,A,principal,bpr,668
1900,dataT/pod_rot_black/black_pod_rot_669.jpg,1,633c13d028209a01cf6ba6a52feb54b4,d87b26969cd9a107,cache_256/dataT/pod_rot_black/black_pod_rot_669.png,A,principal,bpr,669
1901,dataT/pod_rot_black/black_pod_rot_67.jpg,1,1b23e0485cc83e1ae45630a40c6d7138,b039d9272f3e14c9,cache_256/dataT/pod_rot_black/black_pod_rot_67.png,A,principal,bpr,67
1902,dataT/pod_rot_black/black_pod_rot_670.jpg,1,b2bac5f2d0fc50a00c3e0b905e0b5c06,df6c2406c21ff331,cache_256/dataT/pod_rot_black/black_pod_rot_670.png,A,principal,bpr,670
1903,dataT/pod_rot_black/black_pod_rot_671.jpg,1,7372d92e290ce52dc862472c33380e85,e2dccae914ac7c0e,cache_256/dataT/pod_rot_black/black_pod_rot_671.png,A,principal,bpr,671
1904,dataT/pod_rot_black/black_pod_rot_672.jpg,1,24bbe58e885a17afede77d82d13922df,eceeb9a86501a566,cache_256/dataT/pod_rot_black/black_pod_rot_672.png,A,principal,bpr,672
1905,dataT/pod_rot_black/black_pod_rot_673.jpg,1,1e796b4971019b1a2f54950f6e2e75dc,eddc942c34c9328f,cache_256/dataT/pod_rot_black/black_pod_rot_673.png,A,principal,bpr,673
1906,dataT/pod_rot_black/black_pod_rot_674.jpg,1,8a7bf384ddb5e92a7eea1191b9b02681,ede59d3320d93348,cache_256/dataT/pod_rot_black/black_pod_rot_674.png,A,principal,bpr,674
1907,dataT/pod_rot_black/black_pod_rot_675.jpg,1,6232d7c37b1813354ee0c5840efb892b,e2979f0ec90a0b1f,cache_256/dataT/pod_rot_black/black_pod_rot_675.png,A,principal,bpr,675
1908,dataT/pod_rot_black/black_pod_rot_676.jpg,1,df1ec2879fefe80435bff4c10ddd5b4e,8fcc0d05263576b7,cache_256/dataT/pod_rot_black/black_pod_rot_676.png,A,principal,bpr,676
1909,dataT/pod_rot_black/black_pod_rot_677.jpg,1,dbb1133a903ef48afac99bedced840d0,d6d8c96b2b7c7202,cache_256/dataT/pod_rot_black/black_pod_rot_677.png,A,principal,bpr,677
1910,dataT/pod_rot_black/black_pod_rot_678.jpg,1,114c9e88f43e0607a4f434c129b7f258,d64d49eb241da6c6,cache_256/dataT/pod_rot_black/black_pod_rot_678.png,A,principal,bpr,678
1911,dataT/pod_rot_black/black_pod_rot_679.jpg,1,923c0c0306e983b0dbb9b530fa7fc4cf,92b97436611eb3a9,cache_256/dataT/pod_rot_black/black_pod_rot_679.png,A,principal,bpr,679
1912,dataT/pod_rot_black/black_pod_rot_68.jpg,1,1728f0fa1989f3b4d1fb9d694e3af0af,e25872369485d9eb,cache_256/dataT/pod_rot_black/black_pod_rot_68.png,A,principal,bpr,68
1913,dataT/pod_rot_black/black_pod_rot_680.jpg,1,f7d48518d3ce72b3fa36e945918da2bd,fc37c4d0b6ca988c,cache_256/dataT/pod_rot_black/black_pod_rot_680.png,A,principal,bpr,680
1914,dataT/pod_rot_black/black_pod_rot_681.jpg,1,f49e5a866368074edf7a98df9a686e6c,b6870f6c34cc8877,cache_256/dataT/pod_rot_black/black_pod_rot_681.png,A,principal,bpr,681
1915,dataT/pod_rot_black/black_pod_rot_682.jpg,1,18afb25c1c2200b19be10503b26ad103,f06aa93526bc9b89,cache_256/dataT/pod_rot_black/black_pod_rot_682.png,A,principal,bpr,682
1916,dataT/pod_rot_black/black_pod_rot_683.jpg,1,186f46e2459859d91d8f79cec60ca580,93339564e6e56a38,cache_256/dataT/pod_rot_black/black_pod_rot_683.png,A,principal,bpr,683
1917,dataT/pod_rot_black/black_pod_rot_684.jpg,1,7f38d4ed073a89cd915a839c2828cf79,b2bb2d2da08693d3,cache_256/dataT/pod_rot_black/black_pod_rot_684.png,A,principal,bpr,684
1918,dataT/pod_rot_black/black_pod_rot_685.jpg,1,e281938dd6542ffebe588329f356480d,ccd899b625073675,cache_256/dataT/pod_rot_black/black_pod_rot_685.png,A,principal,bpr,685
1919,dataT/pod_rot_black/black_pod_rot_686.jpg,1,8fb73e6b6a367850e1fddad3f09d1ef7,e7cdcca224e323b8,cache_256/dataT/pod_rot_black/black_pod_rot_686.png,A,principal,bpr,686
1920,dataT/pod_rot_black/black_pod_rot_687.jpg,1,1c09fb145a2ea45759973b12a41023f2,e6ecadb534903293,cache_256/dataT/pod_rot_black/black_pod_rot_687.png,A,principal,bpr,687
1921,dataT/pod_rot_black/black_pod_rot_688.jpg,1,684a78cea939da6e948af818571fbab0,cfb11bb3b11ef008,cache_256/dataT/pod_rot_black/black_pod_rot_688.png,A,principal,bpr,688
1922,dataT/pod_rot_black/black_pod_rot_689.jpg,1,e24abc78d1f7f4342eed57d69847db04,bfb1c12766c4b251,cache_256/dataT/pod_rot_black/black_pod_rot_689.png,A,principal,bpr,689
1923,dataT/pod_rot_black/black_pod_rot_69.jpg,1,70de244995b6ed04c7d704eca5c8f66f,9c999936e1b6465a,cache_256/dataT/pod_rot_black/black_pod_rot_69.png,A,principal,bpr,69
1924,dataT/pod_rot_black/black_pod_rot_690.jpg,1,2fdd05a2820f653e2e359527f2b5c1bd,ed07f1507a38b81d,cache_256/dataT/pod_rot_black/black_pod_rot_690.png,A,principal,bpr,690
1925,dataT/pod_rot_black/black_pod_rot_691.jpg,1,61f333b4bd2f2fcdc95ce61a0852e583,c6a59813e74ec1e5,cache_256/dataT/pod_rot_black/black_pod_rot_691.png,A,principal,bpr,691
1926,dataT/pod_rot_black/black_pod_rot_692.jpg,1,0e0f616485ba69281d2ac56c10612022,bfecbe6c20f23402,cache_256/dataT/pod_rot_black/black_pod_rot_692.png,A,principal,bpr,692
1927,dataT/pod_rot_black/black_pod_rot_693.jpg,1,4a3a36675db56811d0fef13ef4059238,f8ee4c90d04d27d6,cache_256/dataT/pod_rot_black/black_pod_rot_693.png,A,principal,bpr,693
1928,dataT/pod_rot_black/black_pod_rot_694.jpg,1,8fd7d1900128ee6f00fbdf8c9cd864d3,ba35634445f85f0b,cache_256/dataT/pod_rot_black/black_pod_rot_694.png,A,principal,bpr,694
1929,dataT/pod_rot_black/black_pod_rot_695.jpg,1,e0d831efbe3634abaaa1133779982c19,f3a6acf3125af900,cache_256/dataT/pod_rot_black/black_pod_rot_695.png,A,principal,bpr,695
1930,dataT/pod_rot_black/black_pod_rot_696.jpg,1,f3882dde5bd3bd184a6e10c0f0ef74c7,c381c8cb938e9fb2,cache_256/dataT/pod_rot_black/black_pod_rot_696.png,A,principal,bpr,696
1931,dataT/pod_rot_black/black_pod_rot_697.jpg,1,059b84fed2c8d52313658f1d10c9b378,e2b4081f7e5a0aaf,cache_256/dataT/pod_rot_black/black_pod_rot_697.png,A,principal,bpr,697
1932,dataT/pod_rot_black/black_pod_rot_698.jpg,1,96a3784590cb10023fea95a0bdbd8ce1,e698786174776287,cache_256/dataT/pod_rot_black/black_pod_rot_698.png,A,principal,bpr,698
1933,dataT/pod_rot_black/black_pod_rot_699.jpg,1,a11c3ee1511ddc62147e9bbdaa9fe772,ebe71c322217731a,cache_256/dataT/pod_rot_black/black_pod_rot_699.png,A,principal,bpr,699
1934,dataT/pod_rot_black/black_pod_rot_7.jpg,1,5121185786d10ca7b026fb2e0d832b9b,c54e99b474732917,cache_256/dataT/pod_rot_black/black_pod_rot_7.png,A,principal,bpr,7
1935,dataT/pod_rot_black/black_pod_rot_70.jpg,1,0b40bfed281cb48bbf404c81c9e9aa45,df1cb1238fb3844a,cache_256/dataT/pod_rot_black/black_pod_rot_70.png,A,principal,bpr,70
1936,dataT/pod_rot_black/black_pod_rot_700.jpg,1,e4d4aea67ac5c3d0ad11aff1e0c52559,8f8f28b0b0b4b57a,cache_256/dataT/pod_rot_black/black_pod_rot_700.png,A,principal,bpr,700
1937,dataT/pod_rot_black/black_pod_rot_701.jpg,1,ce1c3f421bed51f6d99f654711189a84,e41dc730dccf84d1,cache_256/dataT/pod_rot_black/black_pod_rot_701.png,A,principal,bpr,701
1938,dataT/pod_rot_black/black_pod_rot_702.jpg,1,f7e21c6d352193d9a19e6d2198aba856,f3dd88626d1c7258,cache_256/dataT/pod_rot_black/black_pod_rot_702.png,A,principal,bpr,702
1939,dataT/pod_rot_black/black_pod_rot_703.jpg,1,deb6fb7cfe790d70e836e965b6ca6132,8da470e5018fcf9e,cache_256/dataT/pod_rot_black/black_pod_rot_703.png,A,principal,bpr,703
1940,dataT/pod_rot_black/black_pod_rot_704.jpg,1,b0146502c032b84b18c5af46009be5d7,c1c6e766e2a361b1,cache_256/dataT/pod_rot_black/black_pod_rot_704.png,A,principal,bpr,704
1941,dataT/pod_rot_black/black_pod_rot_705.jpg,1,8cc21962315e8d8b486c9010d06982ab,9bd9356a3072b991,cache_256/dataT/pod_rot_black/black_pod_rot_705.png,A,principal,bpr,705
1942,dataT/pod_rot_black/black_pod_rot_706.jpg,1,9fdba3eec580e3088165a5b265416467,ceccc673f044333c,cache_256/dataT/pod_rot_black/black_pod_rot_706.png,A,principal,bpr,706
1943,dataT/pod_rot_black/black_pod_rot_707.jpg,1,041ded0f6b036578809d54423a84537c,f9b1a558b0368fb0,cache_256/dataT/pod_rot_black/black_pod_rot_707.png,A,principal,bpr,707
1944,dataT/pod_rot_black/black_pod_rot_708.jpg,1,fe8000c6ff40672d089e73a565498766,b4b905ffa8073a64,cache_256/dataT/pod_rot_black/black_pod_rot_708.png,A,principal,bpr,708
1945,dataT/pod_rot_black/black_pod_rot_709.jpg,1,a732bf6671b963316b7d116eb4e480b0,94ad99525bdae582,cache_256/dataT/pod_rot_black/black_pod_rot_709.png,A,principal,bpr,709
1946,dataT/pod_rot_black/black_pod_rot_71.jpg,1,3fe559ed6082dd409ee24e6f94e28f41,c9d93e3653828c9e,cache_256/dataT/pod_rot_black/black_pod_rot_71.png,A,principal,bpr,71
1947,dataT/pod_rot_black/black_pod_rot_710.jpg,1,6836916ef5cf574679842bab17101e0e,e3ef07261e302c5b,cache_256/dataT/pod_rot_black/black_pod_rot_710.png,A,principal,bpr,710
1948,dataT/pod_rot_black/black_pod_rot_711.jpg,1,af3509fc2ca9ead2ec639254dd25cc54,da25db0739b43718,cache_256/dataT/pod_rot_black/black_pod_rot_711.png,A,principal,bpr,711
1949,dataT/pod_rot_black/black_pod_rot_712.jpg,1,07f2e00b68c7a419238232f141ae4d25,a419f437f8e0a8ea,cache_256/dataT/pod_rot_black/black_pod_rot_712.png,A,principal,bpr,712
1950,dataT/pod_rot_black/black_pod_rot_713.jpg,1,840780d2833f69dbb35143b92f29fb42,b4cb4d6b855a0f34,cache_256/dataT/pod_rot_black/black_pod_rot_713.png,A,principal,bpr,713
1951,dataT/pod_rot_black/black_pod_rot_714.jpg,1,2f3437c276c7c4019f33453bc3bee655,9dc7a526de4d4a88,cache_256/dataT/pod_rot_black/black_pod_rot_714.png,A,principal,bpr,714
1952,dataT/pod_rot_black/black_pod_rot_715.jpg,1,f60cce4e51c2f56c330b153dc8bdebba,9c45316de89d4dd8,cache_256/dataT/pod_rot_black/black_pod_rot_715.png,A,principal,bpr,715
1953,dataT/pod_rot_black/black_pod_rot_716.jpg,1,9d9378a315ecc2a19341910c477f51f5,b6e7e56458490d95,cache_256/dataT/pod_rot_black/black_pod_rot_716.png,A,principal,bpr,716
1954,dataT/pod_rot_black/black_pod_rot_717.jpg,1,dec76b06cc6049468373e3e521dac36c,d2c96d3e721602f9,cache_256/dataT/pod_rot_black/black_pod_rot_717.png,A,principal,bpr,717
1955,dataT/pod_rot_black/black_pod_rot_718.jpg,1,290bcb41a80a9e24057d93aeb5136ad9,9b256c636685f30e,cache_256/dataT/pod_rot_black/black_pod_rot_718.png,A,principal,bpr,718
1956,dataT/pod_rot_black/black_pod_rot_719.jpg,1,0f059f7d28f75a512200452a1bc6f4bb,bab51c69352325da,cache_256/dataT/pod_rot_black/black_pod_rot_719.png,A,principal,bpr,719
1957,dataT/pod_rot_black/black_pod_rot_72.jpg,1,ab80eb9af4380e0c8af4cbb082bd3650,9378dc63101f760f,cache_256/dataT/pod_rot_black/black_pod_rot_72.png,A,principal,bpr,72
1958,dataT/pod_rot_black/black_pod_rot_720.jpg,1,2c92c9af7f9a725cb6abb5baf8dcb37a,be9f11aff00e6058,cache_256/dataT/pod_rot_black/black_pod_rot_720.png,A,principal,bpr,720
1959,dataT/pod_rot_black/black_pod_rot_721.jpg,1,ac55f111b8a0c7b5d5062f5b6e71dd89,eecce89e4aaf0407,cache_256/dataT/pod_rot_black/black_pod_rot_721.png,A,principal,bpr,721
1960,dataT/pod_rot_black/black_pod_rot_722.jpg,1,a8659bfc58e629041490ffef33f0172a,cb259ce6d206f670,cache_256/dataT/pod_rot_black/black_pod_rot_722.png,A,principal,bpr,722
1961,dataT/pod_rot_black/black_pod_rot_723.jpg,1,d832869de3f7d0e563eb6f9c16f7fa02,f6704d3b627838b4,cache_256/dataT/pod_rot_black/black_pod_rot_723.png,A,principal,bpr,723
1962,dataT/pod_rot_black/black_pod_rot_724.jpg,1,4d78dfef4846db52477df121da36164a,e3e5f63793039118,cache_256/dataT/pod_rot_black/black_pod_rot_724.png,A,principal,bpr,724
1963,dataT/pod_rot_black/black_pod_rot_725.jpg,1,f89ba65e983eb6c2deb91ab6388b9a51,a6339efc518f5c10,cache_256/dataT/pod_rot_black/black_pod_rot_725.png,A,principal,bpr,725
1964,dataT/pod_rot_black/black_pod_rot_726.jpg,1,fc0b8e3013f3559d0351a9d9682cf407,c3ef1c93725dc032,cache_256/dataT/pod_rot_black/black_pod_rot_726.png,A,principal,bpr,726
1965,dataT/pod_rot_black/black_pod_rot_727.jpg,1,dad734d546fe202e1ecaa11698c34b22,f74ac9a314d6324d,cache_256/dataT/pod_rot_black/black_pod_rot_727.png,A,principal,bpr,727
1966,dataT/pod_rot_black/black_pod_rot_728.jpg,1,858f4b51f4d093756dbae39b512b6012,f32009279db7b13c,cache_256/dataT/pod_rot_black/black_pod_rot_728.png,A,principal,bpr,728
1967,dataT/pod_rot_black/black_pod_rot_729.jpg,1,dc174b75bc8a81db5f8fb5ac14922246,dc3c3363c2acb60e,cache_256/dataT/pod_rot_black/black_pod_rot_729.png,A,principal,bpr,729
1968,dataT/pod_rot_black/black_pod_rot_73.jpg,1,e37327627fce31c871b469cf2792d682,b69ecc32833389ab,cache_256/dataT/pod_rot_black/black_pod_rot_73.png,A,principal,bpr,73
1969,dataT/pod_rot_black/black_pod_rot_730.jpg,1,677ec2dffede050a881bd946fa069fd5,8da5303b65b7a1c5,cache_256/dataT/pod_rot_black/black_pod_rot_730.png,A,principal,bpr,730
1970,dataT/pod_rot_black/black_pod_rot_731.jpg,1,815a3954552dfc418e8e5db39b41c82b,84a6a9a675b7714a,cache_256/dataT/pod_rot_black/black_pod_rot_731.png,A,principal,bpr,731
1971,dataT/pod_rot_black/black_pod_rot_732.jpg,1,c0929dede7d99c69b01da05741ee6616,c872e2de3bdc0b14,cache_256/dataT/pod_rot_black/black_pod_rot_732.png,A,principal,bpr,732
1972,dataT/pod_rot_black/black_pod_rot_733.jpg,1,0414ab6eb1b45bbbfbf4d0215340c6f4,cc39bc39034e4f66,cache_256/dataT/pod_rot_black/black_pod_rot_733.png,A,principal,bpr,733
1973,dataT/pod_rot_black/black_pod_rot_734.jpg,1,d976120a5ee8018604b669a5becdffd0,98d141c3321cfbee,cache_256/dataT/pod_rot_black/black_pod_rot_734.png,A,principal,bpr,734
1974,dataT/pod_rot_black/black_pod_rot_735.jpg,1,6dd785a3c6ef616d579b757439ae1566,b4096a7348dadcdc,cache_256/dataT/pod_rot_black/black_pod_rot_735.png,A,principal,bpr,735
1975,dataT/pod_rot_black/black_pod_rot_736.jpg,1,5dec78f931537a69b0124a5d78962901,eba8382623f17671,cache_256/dataT/pod_rot_black/black_pod_rot_736.png,A,principal,bpr,736
1976,dataT/pod_rot_black/black_pod_rot_737.jpg,1,20fd9de6bf264992771b7b2083543b38,cb0d957707e60617,cache_256/dataT/pod_rot_black/black_pod_rot_737.png,A,principal,bpr,737
1977,dataT/pod_rot_black/black_pod_rot_738.jpg,1,d951647ba77cdefd76439defeae53051,c36c8f3239351ecc,cache_256/dataT/pod_rot_black/black_pod_rot_738.png,A,principal,bpr,738
1978,dataT/pod_rot_black/black_pod_rot_739.jpg,1,7ace93daf96070ea6822db9af5a28c82,cecc996d6c6524a6,cache_256/dataT/pod_rot_black/black_pod_rot_739.png,A,principal,bpr,739
1979,dataT/pod_rot_black/black_pod_rot_74.jpg,1,25a9c9ab13169699d30ddd0239638731,c64ccd6eb65d3290,cache_256/dataT/pod_rot_black/black_pod_rot_74.png,A,principal,bpr,74
1980,dataT/pod_rot_black/black_pod_rot_740.jpg,1,db58c53b2921a8becdfd9515111dfa5f,cd1c9a7323e20fd8,cache_256/dataT/pod_rot_black/black_pod_rot_740.png,A,principal,bpr,740
1981,dataT/pod_rot_black/black_pod_rot_741.jpg,1,5087588dc4c0096852cd63e270bf1caa,fc9a0f236066ceac,cache_256/dataT/pod_rot_black/black_pod_rot_741.png,A,principal,bpr,741
1982,dataT/pod_rot_black/black_pod_rot_742.jpg,1,2dcca75080e17b0b52db68dcf8aa79cc,ee9c917672266654,cache_256/dataT/pod_rot_black/black_pod_rot_742.png,A,principal,bpr,742
1983,dataT/pod_rot_black/black_pod_rot_743.jpg,1,3fba7dbf973d276331cac20794005c25,cfc22482f2f939b8,cache_256/dataT/pod_rot_black/black_pod_rot_743.png,A,principal,bpr,743
1984,dataT/pod_rot_black/black_pod_rot_744.jpg,1,74bfe646545a98abba528ee60b043c17,ed791264dd23a18e,cache_256/dataT/pod_rot_black/black_pod_rot_744.png,A,principal,bpr,744
1985,dataT/pod_rot_black/black_pod_rot_745.jpg,1,a550f16bc1cb3ddc58b9c2a62447bab2,fc684aa6f8360ea9,cache_256/dataT/pod_rot_black/black_pod_rot_745.png,A,principal,bpr,745
1986,dataT/pod_rot_black/black_pod_rot_746.jpg,1,cffaf967356e9d385d7c3c317391f9a3,d7ca6805e43e07a7,cache_256/dataT/pod_rot_black/black_pod_rot_746.png,A,principal,bpr,746
1987,dataT/pod_rot_black/black_pod_rot_747.jpg,1,3856b736090a300897768087262f11a0,8face61210cda5ed,cache_256/dataT/pod_rot_black/black_pod_rot_747.png,A,principal,bpr,747
1988,dataT/pod_rot_black/black_pod_rot_748.jpg,1,6e3a634e052abf21105aa7fd5d9ce22f,b20f0decee7b4610,cache_256/dataT/pod_rot_black/black_pod_rot_748.png,A,principal,bpr,748
1989,dataT/pod_rot_black/black_pod_rot_749.jpg,1,b3d040260b693c506716814d73cc70c0,99492c36603377f5,cache_256/dataT/pod_rot_black/black_pod_rot_749.png,A,principal,bpr,749
1990,dataT/pod_rot_black/black_pod_rot_75.jpg,1,2b12c55c2f2d8abbae06cd6046bd2d09,81994d6979b3e9c2,cache_256/dataT/pod_rot_black/black_pod_rot_75.png,A,principal,bpr,75
1991,dataT/pod_rot_black/black_pod_rot_750.jpg,1,a7a3d238eae438301c33a50800a1b0ba,b23c9db379c96508,cache_256/dataT/pod_rot_black/black_pod_rot_750.png,A,principal,bpr,750
1992,dataT/pod_rot_black/black_pod_rot_751.jpg,1,3cd01487768c7625b6aec5a2b2510253,a239e4a54b7c1dca,cache_256/dataT/pod_rot_black/black_pod_rot_751.png,A,principal,bpr,751
1993,dataT/pod_rot_black/black_pod_rot_752.jpg,1,af4aa3fbd6fdb4f241bc76babbba3674,c3e0783396ae0e9d,cache_256/dataT/pod_rot_black/black_pod_rot_752.png,A,principal,bpr,752
1994,dataT/pod_rot_black/black_pod_rot_753.jpg,1,2b0418a423de715a5c3a617c7f9affcb,86f4d1e6e66c44e8,cache_256/dataT/pod_rot_black/black_pod_rot_753.png,A,principal,bpr,753
1995,dataT/pod_rot_black/black_pod_rot_754.jpg,1,123978dae4ecb0ca34c35612877be7ec,9779e94f641230b9,cache_256/dataT/pod_rot_black/black_pod_rot_754.png,A,principal,bpr,754
1996,dataT/pod_rot_black/black_pod_rot_755.jpg,1,175d5b2e022a6429591416c34c846280,8734fc6227fd6105,cache_256/dataT/pod_rot_black/black_pod_rot_755.png,A,principal,bpr,755
1997,dataT/pod_rot_black/black_pod_rot_756.jpg,1,e195b3c3b9edc4919406d100fdc33aa1,8ac8f92e26d0f2d9,cache_256/dataT/pod_rot_black/black_pod_rot_756.png,A,principal,bpr,756
1998,dataT/pod_rot_black/black_pod_rot_757.jpg,1,75b71c886627426f040c81cdb45fb529,9956b661939b64a6,cache_256/dataT/pod_rot_black/black_pod_rot_757.png,A,principal,bpr,757
1999,dataT/pod_rot_black/black_pod_rot_758.jpg,1,6a656e26ff0ca102b3c811acae4d174b,ae9ed90c4d2c26b6,cache_256/dataT/pod_rot_black/black_pod_rot_758.png,A,principal,bpr,758
2000,dataT/pod_rot_black/black_pod_rot_759.jpg,1,75dc8e24edae760ed1667d55503b1235,f9b25c0362e07e2d,cache_256/dataT/pod_rot_black/black_pod_rot_759.png,A,principal,bpr,759
2001,dataT/pod_rot_black/black_pod_rot_76.jpg,1,2ebc98634e8550b29c9eadf0eb4ce7a7,b91dcdb30746282f,cache_256/dataT/pod_rot_black/black_pod_rot_76.png,A,principal,bpr,76
2002,dataT/pod_rot_black/black_pod_rot_760.jpg,1,27e69a1cf601b75ad03d7764c095a737,b631f86043ff18e8,cache_256/dataT/pod_rot_black/black_pod_rot_760.png,A,principal,bpr,760
2003,dataT/pod_rot_black/black_pod_rot_761.jpg,1,ec5a3ffce53db02adf68d0600f6b6f18,8b3fb8611ce22ee4,cache_256/dataT/pod_rot_black/black_pod_rot_761.png,A,principal,bpr,761
2004,dataT/pod_rot_black/black_pod_rot_762.jpg,1,8494252b774a06b73386b303dd191c7a,93fbe0874e857d40,cache_256/dataT/pod_rot_black/black_pod_rot_762.png,A,principal,bpr,762
2005,dataT/pod_rot_black/black_pod_rot_763.jpg,1,8684c885d314103ad5a7dc42ca001b81,b3ad6e6640aff840,cache_256/dataT/pod_rot_black/black_pod_rot_763.png,A,principal,bpr,763
2006,dataT/pod_rot_black/black_pod_rot_764.jpg,1,f22b31313fd2a75e4270e7913f800cfa,a5cccc65aa2f0537,cache_256/dataT/pod_rot_black/black_pod_rot_764.png,A,principal,bpr,764
2007,dataT/pod_rot_black/black_pod_rot_765.jpg,1,c8ee1887f093d7aa8959ecf9fd416d1c,f5e07e1697a5c068,cache_256/dataT/pod_rot_black/black_pod_rot_765.png,A,principal,bpr,765
2008,dataT/pod_rot_black/black_pod_rot_766.jpg,1,da97666c3cf3537063775a7a3cea5842,c7f9ccb108179996,cache_256/dataT/pod_rot_black/black_pod_rot_766.png,A,principal,bpr,766
2009,dataT/pod_rot_black/black_pod_rot_767.jpg,1,49004411f5ce80d573edbeabecb1a9d6,ced8b12fa7246964,cache_256/dataT/pod_rot_black/black_pod_rot_767.png,A,principal,bpr,767
2010,dataT/pod_rot_black/black_pod_rot_768.jpg,1,4958ef44a0899a538efa075128003af8,e9cb3971b7a81a84,cache_256/dataT/pod_rot_black/black_pod_rot_768.png,A,principal,bpr,768
2011,dataT/pod_rot_black/black_pod_rot_769.jpg,1,733eb1487f90bf58dbd475b43fa0a2c4,fee16a2ac8dae013,cache_256/dataT/pod_rot_black/black_pod_rot_769.png,A,principal,bpr,769
2012,dataT/pod_rot_black/black_pod_rot_77.jpg,1,dd2b560114fd8d1121ddcc665654f33b,89de0e3727532785,cache_256/dataT/pod_rot_black/black_pod_rot_77.png,A,principal,bpr,77
2013,dataT/pod_rot_black/black_pod_rot_770.jpg,1,001a87e2c461a2c1f00bd405fd318350,cfed783233a75402,cache_256/dataT/pod_rot_black/black_pod_rot_770.png,A,principal,bpr,770
2014,dataT/pod_rot_black/black_pod_rot_771.jpg,1,062f65ed5610f4516077ec4272ee6143,b399484d5e5e5c2c,cache_256/dataT/pod_rot_black/black_pod_rot_771.png,A,principal,bpr,771
2015,dataT/pod_rot_black/black_pod_rot_772.jpg,1,2f908fede013eb1629a233ada1c5a229,a649dd34195a72f1,cache_256/dataT/pod_rot_black/black_pod_rot_772.png,A,principal,bpr,772
2016,dataT/pod_rot_black/black_pod_rot_773.jpg,1,dc4c112dc5dead61c819af4a0cf5af38,b7e85f7258230387,cache_256/dataT/pod_rot_black/black_pod_rot_773.png,A,principal,bpr,773
2017,dataT/pod_rot_black/black_pod_rot_774.jpg,1,d962997c2a88a206d4c4b75a81bd7c36,f249d9e4bd292a68,cache_256/dataT/pod_rot_black/black_pod_rot_774.png,A,principal,bpr,774
2018,dataT/pod_rot_black/black_pod_rot_775.jpg,1,f9bf3e13ef1f75ec7dc6d4de9455221e,c1e68cb8f6c12fa8,cache_256/dataT/pod_rot_black/black_pod_rot_775.png,A,principal,bpr,775
2019,dataT/pod_rot_black/black_pod_rot_776.jpg,1,319392d549e5cc5590f41556898612dd,cee81931f173d226,cache_256/dataT/pod_rot_black/black_pod_rot_776.png,A,principal,bpr,776
2020,dataT/pod_rot_black/black_pod_rot_777.jpg,1,9529a2a7ce20f117a8417386b4280df8,cced21727af881a9,cache_256/dataT/pod_rot_black/black_pod_rot_777.png,A,principal,bpr,777
2021,dataT/pod_rot_black/black_pod_rot_778.jpg,1,eafa2b84ba9dd810ca5e604c1fb716e5,b67cc9e5dc5aa003,cache_256/dataT/pod_rot_black/black_pod_rot_778.png,A,principal,bpr,778
2022,dataT/pod_rot_black/black_pod_rot_779.jpg,1,ecb8b921c513cbd4470e9c7ebc75f9f2,e668adb490e1e1f1,cache_256/dataT/pod_rot_black/black_pod_rot_779.png,A,principal,bpr,779
2023,dataT/pod_rot_black/black_pod_rot_78.jpg,1,c98ecc6221d85d11815b9f84445ff375,bfc6e463677a0301,cache_256/dataT/pod_rot_black/black_pod_rot_78.png,A,principal,bpr,78
2024,dataT/pod_rot_black/black_pod_rot_780.jpg,1,884b23ce29ff2198366f275666b9d77a,e64c193715272e6b,cache_256/dataT/pod_rot_black/black_pod_rot_780.png,A,principal,bpr,780
2025,dataT/pod_rot_black/black_pod_rot_781.jpg,1,e339d9a1117deb8a6cb0dd36bd0a613c,eb24b43373d8d838,cache_256/dataT/pod_rot_black/black_pod_rot_781.png,A,principal,bpr,781
2026,dataT/pod_rot_black/black_pod_rot_782.jpg,1,41d1d967c8e21d5067b3f78054a3e689,b9b858d67407262f,cache_256/dataT/pod_rot_black/black_pod_rot_782.png,A,principal,bpr,782
2027,dataT/pod_rot_black/black_pod_rot_783.jpg,1,a439b0ad77881340319c79469166b663,cea9b3f0c32646a6,cache_256/dataT/pod_rot_black/black_pod_rot_783.png,A,principal,bpr,783
2028,dataT/pod_rot_black/black_pod_rot_784.jpg,1,5ea725653cb01b420dbd4ae746f3d59f,c8ad7377d82c6624,cache_256/dataT/pod_rot_black/black_pod_rot_784.png,A,principal,bpr,784
2029,dataT/pod_rot_black/black_pod_rot_785.jpg,1,f49ebd1d441e359be58d0715f1b60174,d8d82d226fa6e4cc,cache_256/dataT/pod_rot_black/black_pod_rot_785.png,A,principal,bpr,785
2030,dataT/pod_rot_black/black_pod_rot_786.jpg,1,b18532d14ad7e0eff95a33db6c6fe958,f0d81f2567e6068e,cache_256/dataT/pod_rot_black/black_pod_rot_786.png,A,principal,bpr,786
2031,dataT/pod_rot_black/black_pod_rot_787.jpg,1,5acaef27794f7f73cb3972593a0c9034,dc692f01e386c8dd,cache_256/dataT/pod_rot_black/black_pod_rot_787.png,A,principal,bpr,787
2032,dataT/pod_rot_black/black_pod_rot_788.jpg,1,d44c30fb9f5d124567744a2a740563d2,df483463a6de3889,cache_256/dataT/pod_rot_black/black_pod_rot_788.png,A,principal,bpr,788
2033,dataT/pod_rot_black/black_pod_rot_789.jpg,1,eed25633428aad0458cbdba0290f5505,9abba327063afc12,cache_256/dataT/pod_rot_black/black_pod_rot_789.png,A,principal,bpr,789
2034,dataT/pod_rot_black/black_pod_rot_79.jpg,1,5012e70dbd8b1f6651f411dcfaf3de8d,fc7c8360e9f99103,cache_256/dataT/pod_rot_black/black_pod_rot_79.png,A,principal,bpr,79
2035,dataT/pod_rot_black/black_pod_rot_790.jpg,1,7e5d4c6e9b2740fb4759784c1db42445,db59bc03e681cc3c,cache_256/dataT/pod_rot_black/black_pod_rot_790.png,A,principal,bpr,790
2036,dataT/pod_rot_black/black_pod_rot_791.jpg,1,89e66d0f9fe8dd6e4316c72e4a339fcd,938d8d9443e3f323,cache_256/dataT/pod_rot_black/black_pod_rot_791.png,A,principal,bpr,791
2037,dataT/pod_rot_black/black_pod_rot_792.jpg,1,4e7cd5858bd70a9c25654f2153f5b32a,d1d92f266fcc02e4,cache_256/dataT/pod_rot_black/black_pod_rot_792.png,A,principal,bpr,792
2038,dataT/pod_rot_black/black_pod_rot_793.jpg,1,3f079a2f3647a99ab67d5438ed213fc6,d25e0d2576c5dd88,cache_256/dataT/pod_rot_black/black_pod_rot_793.png,A,principal,bpr,793
2039,dataT/pod_rot_black/black_pod_rot_794.jpg,1,fb6a1a27e91364bd9147e786cb1d3479,d72c14727bcb8585,cache_256/dataT/pod_rot_black/black_pod_rot_794.png,A,principal,bpr,794
2040,dataT/pod_rot_black/black_pod_rot_795.jpg,1,579d5eeb6e19a02fb6e716c6dfaa2a84,df5bbc3367860284,cache_256/dataT/pod_rot_black/black_pod_rot_795.png,A,principal,bpr,795
2041,dataT/pod_rot_black/black_pod_rot_796.jpg,1,2b0c8dca9e36b86ff713f5be37b0bc3f,f36a0dad14d47272,cache_256/dataT/pod_rot_black/black_pod_rot_796.png,A,principal,bpr,796
2042,dataT/pod_rot_black/black_pod_rot_797.jpg,1,8a2ebf398517c57282a73f80bace68a4,fed8092357887556,cache_256/dataT/pod_rot_black/black_pod_rot_797.png,A,principal,bpr,797
2043,dataT/pod_rot_black/black_pod_rot_798.jpg,1,97cc5f6a2a633837d2fe748c17bc8c73,a6e6454ed491d6b4,cache_256/dataT/pod_rot_black/black_pod_rot_798.png,A,principal,bpr,798
2044,dataT/pod_rot_black/black_pod_rot_799.jpg,1,79975106deec179c838fb96317fcf6a6,a539d860034f7f9c,cache_256/dataT/pod_rot_black/black_pod_rot_799.png,A,principal,bpr,799
2045,dataT/pod_rot_black/black_pod_rot_8.jpg,1,d6795e9aab0ec96bf9fe0f7d05644e2d,89197c20767371af,cache_256/dataT/pod_rot_black/black_pod_rot_8.png,A,principal,bpr,8
2046,dataT/pod_rot_black/black_pod_rot_80.jpg,1,f82cc48fd4b36941632d39f5d0d8e08d,93b8c433313337a7,cache_256/dataT/pod_rot_black/black_pod_rot_80.png,A,principal,bpr,80
2047,dataT/pod_rot_black/black_pod_rot_800.jpg,1,9c766e3e86f81e7d897e1827637c553a,b73ddc77398a2280,cache_256/dataT/pod_rot_black/black_pod_rot_800.png,A,principal,bpr,800
2048,dataT/pod_rot_black/black_pod_rot_801.jpg,1,b9e2a6abb0d510b1a366c156a8173655,f26ae8a514aaf30b,cache_256/dataT/pod_rot_black/black_pod_rot_801.png,A,principal,bpr,801
2049,dataT/pod_rot_black/black_pod_rot_802.jpg,1,13a7882826d7007fffcf6492ebc8e0ab,9bff4883b7762202,cache_256/dataT/pod_rot_black/black_pod_rot_802.png,A,principal,bpr,802
2050,dataT/pod_rot_black/black_pod_rot_803.jpg,1,27c61397545bd14400fec1756f7f3e50,b5ebc8c28a0e5cdc,cache_256/dataT/pod_rot_black/black_pod_rot_803.png,A,principal,bpr,803
2051,dataT/pod_rot_black/black_pod_rot_804.jpg,1,d01841e3c06abec68b717aa42975453c,c49ff020ccf35dc1,cache_256/dataT/pod_rot_black/black_pod_rot_804.png,A,principal,bpr,804
2052,dataT/pod_rot_black/black_pod_rot_805.jpg,1,968f4660267394e6b02d54bee8b158d5,bbc98736182379c3,cache_256/dataT/pod_rot_black/black_pod_rot_805.png,A,principal,bpr,805
2053,dataT/pod_rot_black/black_pod_rot_806.jpg,1,7e2626a0740fc4f04aba3ccb8f3bcf3c,c3dfdde1bc862018,cache_256/dataT/pod_rot_black/black_pod_rot_806.png,A,principal,bpr,806
2054,dataT/pod_rot_black/black_pod_rot_807.jpg,1,6d25329b3fef6200588151b32aa7d794,ebc9ccc926766a06,cache_256/dataT/pod_rot_black/black_pod_rot_807.png,A,principal,bpr,807
2055,dataT/pod_rot_black/black_pod_rot_808.jpg,1,1637704b42e808a9febbe5ec4bccaf52,ac810f20d9ddfb19,cache_256/dataT/pod_rot_black/black_pod_rot_808.png,A,principal,bpr,808
2056,dataT/pod_rot_black/black_pod_rot_809.jpg,1,e3a82d6aaf49afc814f97af7b13fc84d,cea5adb3769b1801,cache_256/dataT/pod_rot_black/black_pod_rot_809.png,A,principal,bpr,809
2057,dataT/pod_rot_black/black_pod_rot_81.jpg,1,f883e8047aecd44d8211a8cdea18eeff,9949cc27b666aca9,cache_256/dataT/pod_rot_black/black_pod_rot_81.png,A,principal,bpr,81
2058,dataT/pod_rot_black/black_pod_rot_810.jpg,1,f22ad12bcc078ed30e9bd92678531f4f,b9b8096623872e9f,cache_256/dataT/pod_rot_black/black_pod_rot_810.png,A,principal,bpr,810
2059,dataT/pod_rot_black/black_pod_rot_811.jpg,1,48354681f7388e6e17c4e5d3837bc135,b11df071bf625852,cache_256/dataT/pod_rot_black/black_pod_rot_811.png,A,principal,bpr,811
2060,dataT/pod_rot_black/black_pod_rot_812.jpg,1,4b13d20c14b149c10852c5ae57099cab,8e96f8b8336293b1,cache_256/dataT/pod_rot_black/black_pod_rot_812.png,A,principal,bpr,812
2061,dataT/pod_rot_black/black_pod_rot_813.jpg,1,d65c2c6eb44bc55d68a56d8c65bc08da,c6d998b09e9eae24,cache_256/dataT/pod_rot_black/black_pod_rot_813.png,A,principal,bpr,813
2062,dataT/pod_rot_black/black_pod_rot_814.jpg,1,36e01f2fc56cfe6df743d3cdd6daa121,cee0dc54d596b294,cache_256/dataT/pod_rot_black/black_pod_rot_814.png,A,principal,bpr,814
2063,dataT/pod_rot_black/black_pod_rot_815.jpg,1,323d990b16555d7091318ab5dd16106a,8697997a71706363,cache_256/dataT/pod_rot_black/black_pod_rot_815.png,A,principal,bpr,815
2064,dataT/pod_rot_black/black_pod_rot_816.jpg,1,6c19cf66bc01e323304760a31d3b386b,c7958c9517cb4b0b,cache_256/dataT/pod_rot_black/black_pod_rot_816.png,A,principal,bpr,816
2065,dataT/pod_rot_black/black_pod_rot_817.jpg,1,d4f07c418ac70d73a9333d68e82b6359,f9f60c02705c5b8f,cache_256/dataT/pod_rot_black/black_pod_rot_817.png,A,principal,bpr,817
2066,dataT/pod_rot_black/black_pod_rot_818.jpg,1,043cbf12c367e9da665ce28fdcb60569,f745a162d2e0687e,cache_256/dataT/pod_rot_black/black_pod_rot_818.png,A,principal,bpr,818
2067,dataT/pod_rot_black/black_pod_rot_819.jpg,1,3e9aa2460827553fbd9def8257face62,f3a794703131e13d,cache_256/dataT/pod_rot_black/black_pod_rot_819.png,A,principal,bpr,819
2068,dataT/pod_rot_black/black_pod_rot_82.jpg,1,f4d115e855e7aefd5a1ceac594733ada,cce3a77cb311b814,cache_256/dataT/pod_rot_black/black_pod_rot_82.png,A,principal,bpr,82
2069,dataT/pod_rot_black/black_pod_rot_820.jpg,1,34eb0626932c904c2f054623510ede20,a68c6c72cbcb495a,cache_256/dataT/pod_rot_black/black_pod_rot_820.png,A,principal,bpr,820
2070,dataT/pod_rot_black/black_pod_rot_821.jpg,1,7a3e7b51aceab9f59844706c00e9d814,e2e4963659f349a8,cache_256/dataT/pod_rot_black/black_pod_rot_821.png,A,principal,bpr,821
2071,dataT/pod_rot_black/black_pod_rot_822.jpg,1,26a5573aacf82498e321bf13fddb7c8b,e4fd8026ca3ae3aa,cache_256/dataT/pod_rot_black/black_pod_rot_822.png,A,principal,bpr,822
2072,dataT/pod_rot_black/black_pod_rot_823.jpg,1,6fbc16d387f88c455c06d38656a6401f,f3b31935b21267d0,cache_256/dataT/pod_rot_black/black_pod_rot_823.png,A,principal,bpr,823
2073,dataT/pod_rot_black/black_pod_rot_824.jpg,1,a867a0e32dd8fa8e78274d63cd2826cd,b77810430ff7a4b8,cache_256/dataT/pod_rot_black/black_pod_rot_824.png,A,principal,bpr,824
2074,dataT/pod_rot_black/black_pod_rot_825.jpg,1,3021c8aa29c4ca68db9385da4e067729,cecc6b7b92b27210,cache_256/dataT/pod_rot_black/black_pod_rot_825.png,A,principal,bpr,825
2075,dataT/pod_rot_black/black_pod_rot_826.jpg,1,f1ebc0b31efe25633578f5c67c32330e,f4484977e3a68b8a,cache_256/dataT/pod_rot_black/black_pod_rot_826.png,A,principal,bpr,826
2076,dataT/pod_rot_black/black_pod_rot_827.jpg,1,1bfcf9996d9ff2d54e5119dbce8f8dbb,e2e0d4f3b10de5c4,cache_256/dataT/pod_rot_black/black_pod_rot_827.png,A,principal,bpr,827
2077,dataT/pod_rot_black/black_pod_rot_828.jpg,1,070f1508617aa2dec469a32c07d6c147,83b6fc21e7817652,cache_256/dataT/pod_rot_black/black_pod_rot_828.png,A,principal,bpr,828
2078,dataT/pod_rot_black/black_pod_rot_829.jpg,1,0e946639d8e0311c6433d2b471482f52,b09dfb59c90899b4,cache_256/dataT/pod_rot_black/black_pod_rot_829.png,A,principal,bpr,829
2079,dataT/pod_rot_black/black_pod_rot_83.jpg,1,c5de661b841a139d7ffcfe8176e5e817,8bc9d337f1aaa0d0,cache_256/dataT/pod_rot_black/black_pod_rot_83.png,A,principal,bpr,83
2080,dataT/pod_rot_black/black_pod_rot_830.jpg,1,15691f2fd8498e2bf4d78e9ac129fc7f,a68e9a69d182aff0,cache_256/dataT/pod_rot_black/black_pod_rot_830.png,A,principal,bpr,830
2081,dataT/pod_rot_black/black_pod_rot_831.jpg,1,c608e60cea44e0eafa1575aab3d07910,e5a99d362e1c3839,cache_256/dataT/pod_rot_black/black_pod_rot_831.png,A,principal,bpr,831
2082,dataT/pod_rot_black/black_pod_rot_832.jpg,1,8f7c39844c0f55bd44c0995d47f7aa70,e6cce5ba0fc59043,cache_256/dataT/pod_rot_black/black_pod_rot_832.png,A,principal,bpr,832
2083,dataT/pod_rot_black/black_pod_rot_833.jpg,1,aa260a0744155b2c9f726c217882f544,c5c88bb60a66b4f3,cache_256/dataT/pod_rot_black/black_pod_rot_833.png,A,principal,bpr,833
2084,dataT/pod_rot_black/black_pod_rot_834.jpg,1,c534679fcd82b9b1ce04b9694173cfd5,9ad121059bdfee06,cache_256/dataT/pod_rot_black/black_pod_rot_834.png,A,principal,bpr,834
2085,dataT/pod_rot_black/black_pod_rot_835.jpg,1,28cc6ce05055626d54d4710c33525231,e6ad9d12225bf22c,cache_256/dataT/pod_rot_black/black_pod_rot_835.png,A,principal,bpr,835
2086,dataT/pod_rot_black/black_pod_rot_836.jpg,1,0181f95fe547013d9fd3faaba62efab7,d7b25c90123e38b7,cache_256/dataT/pod_rot_black/black_pod_rot_836.png,A,principal,bpr,836
2087,dataT/pod_rot_black/black_pod_rot_837.jpg,1,8bd2d19ed28bd5725f7325b33a458094,d5c4bc326615f2d8,cache_256/dataT/pod_rot_black/black_pod_rot_837.png,A,principal,bpr,837
2088,dataT/pod_rot_black/black_pod_rot_838.jpg,1,4d175c7e0409552ecbef57f5743bbb93,e668183a3b231f37,cache_256/dataT/pod_rot_black/black_pod_rot_838.png,A,principal,bpr,838
2089,dataT/pod_rot_black/black_pod_rot_839.jpg,1,a2d8b6ff76a62cc21eaf72af68cb7ab1,ca7c16758c9ddb10,cache_256/dataT/pod_rot_black/black_pod_rot_839.png,A,principal,bpr,839
2090,dataT/pod_rot_black/black_pod_rot_84.jpg,1,4b7ec99f71aba4abba2e7190d97239bc,c71c9e316063636f,cache_256/dataT/pod_rot_black/black_pod_rot_84.png,A,principal,bpr,84
2091,dataT/pod_rot_black/black_pod_rot_840.jpg,1,ba5e290aee730ca59c669abbfe042edc,83303ca432cf3bde,cache_256/dataT/pod_rot_black/black_pod_rot_840.png,A,principal,bpr,840
2092,dataT/pod_rot_black/black_pod_rot_841.jpg,1,3265b6aa07c303962ecbbd92feed769f,8dacc56e60cad8cb,cache_256/dataT/pod_rot_black/black_pod_rot_841.png,A,principal,bpr,841
2093,dataT/pod_rot_black/black_pod_rot_842.jpg,1,48f2b6ddf8cc6795ff01258b1985921e,bebe09ecb7598082,cache_256/dataT/pod_rot_black/black_pod_rot_842.png,A,principal,bpr,842
2094,dataT/pod_rot_black/black_pod_rot_843.jpg,1,ebf33339c4cc2e0770219cc930e0ca86,afe8c92bced066a0,cache_256/dataT/pod_rot_black/black_pod_rot_843.png,A,principal,bpr,843
2095,dataT/pod_rot_black/black_pod_rot_844.jpg,1,6aeb6c7d44baf6dee6bdda32c21be8cb,b0d35ba1a3e061b7,cache_256/dataT/pod_rot_black/black_pod_rot_844.png,A,principal,bpr,844
2096,dataT/pod_rot_black/black_pod_rot_845.jpg,1,541352354b1b30a68012071941dd7fb8,aab35a2c94d027ee,cache_256/dataT/pod_rot_black/black_pod_rot_845.png,A,principal,bpr,845
2097,dataT/pod_rot_black/black_pod_rot_846.jpg,1,d105699d6ddeb210939b150ec9bb8225,82cf2997e3a9c5a4,cache_256/dataT/pod_rot_black/black_pod_rot_846.png,A,principal,bpr,846
2098,dataT/pod_rot_black/black_pod_rot_847.jpg,1,832aa7f6b6fa6edcfc5a3d68a079a459,a6b9f96622acc0e9,cache_256/dataT/pod_rot_black/black_pod_rot_847.png,A,principal,bpr,847
2099,dataT/pod_rot_black/black_pod_rot_848.jpg,1,871c5d9563e2ed8a32bd7f80c4d1d029,8ae19923bbd642cd,cache_256/dataT/pod_rot_black/black_pod_rot_848.png,A,principal,bpr,848
2100,dataT/pod_rot_black/black_pod_rot_849.jpg,1,6e710f4c7e9962cf9832780845dc3e5d,d6310d66657a391b,cache_256/dataT/pod_rot_black/black_pod_rot_849.png,A,principal,bpr,849
2101,dataT/pod_rot_black/black_pod_rot_85.jpg,1,a6ea9afb29e5c3061ebe1c7db6d8330a,f494ce364a313337,cache_256/dataT/pod_rot_black/black_pod_rot_85.png,A,principal,bpr,85
2102,dataT/pod_rot_black/black_pod_rot_850.jpg,1,cb8826c1d75c0e3a58823b54f941d980,87346d6667d8dc81,cache_256/dataT/pod_rot_black/black_pod_rot_850.png,A,principal,bpr,850
2103,dataT/pod_rot_black/black_pod_rot_851.jpg,1,0cbdfdb69e6b1b553e213e7b02a75311,860b98687753d774,cache_256/dataT/pod_rot_black/black_pod_rot_851.png,A,principal,bpr,851
2104,dataT/pod_rot_black/black_pod_rot_852.jpg,1,03dfed3fdf8f1efc8a447305673b98d8,be476d20b197d099,cache_256/dataT/pod_rot_black/black_pod_rot_852.png,A,principal,bpr,852
2105,dataT/pod_rot_black/black_pod_rot_853.jpg,1,48cd040b53090e1c78a35cd1774bcaa7,e5490ea50867f0f7,cache_256/dataT/pod_rot_black/black_pod_rot_853.png,A,principal,bpr,853
2106,dataT/pod_rot_black/black_pod_rot_854.jpg,1,15f912e468b08674eaec9c35865c8df7,b7e4c1737069598c,cache_256/dataT/pod_rot_black/black_pod_rot_854.png,A,principal,bpr,854
2107,dataT/pod_rot_black/black_pod_rot_855.jpg,1,7c46d775e4278323c38fb2f71366ed7e,e33c186f840fae3a,cache_256/dataT/pod_rot_black/black_pod_rot_855.png,A,principal,bpr,855
2108,dataT/pod_rot_black/black_pod_rot_856.jpg,1,613898ae3cf57473964683e99cfb609e,aa33e936b65c422d,cache_256/dataT/pod_rot_black/black_pod_rot_856.png,A,principal,bpr,856
2109,dataT/pod_rot_black/black_pod_rot_857.jpg,1,3458d3dbc2409f3654160ebfa54f1d87,d80839e9662f7e61,cache_256/dataT/pod_rot_black/black_pod_rot_857.png,A,principal,bpr,857
2110,dataT/pod_rot_black/black_pod_rot_858.jpg,1,528f7fb6ec825736abc4f8382d494562,9d14fb26e17a48a9,cache_256/dataT/pod_rot_black/black_pod_rot_858.png,A,principal,bpr,858
2111,dataT/pod_rot_black/black_pod_rot_859.jpg,1,cccb95943e7cac6b5272295fe56e1f10,b3439eb44c2f0da5,cache_256/dataT/pod_rot_black/black_pod_rot_859.png,A,principal,bpr,859
2112,dataT/pod_rot_black/black_pod_rot_86.jpg,1,0a59833a76a3664a33590224338579d3,e408da7d19753a72,cache_256/dataT/pod_rot_black/black_pod_rot_86.png,A,principal,bpr,86
2113,dataT/pod_rot_black/black_pod_rot_860.jpg,1,501fde0fe9297e354aeda6f34df0c364,e300dcf80d751cf3,cache_256/dataT/pod_rot_black/black_pod_rot_860.png,A,principal,bpr,860
2114,dataT/pod_rot_black/black_pod_rot_861.jpg,1,c10d555ff799f3ab50e9fd21ed6f2a2d,af59b4b3141227da,cache_256/dataT/pod_rot_black/black_pod_rot_861.png,A,principal,bpr,861
2115,dataT/pod_rot_black/black_pod_rot_862.jpg,1,9d293186279524e013e1638d29bb7285,9e15a56722a6ca9d,cache_256/dataT/pod_rot_black/black_pod_rot_862.png,A,principal,bpr,862
2116,dataT/pod_rot_black/black_pod_rot_863.jpg,1,422f9fcc75688fed37deeedd7ea68676,edd9f4a310912b5a,cache_256/dataT/pod_rot_black/black_pod_rot_863.png,A,principal,bpr,863
2117,dataT/pod_rot_black/black_pod_rot_864.jpg,1,ecede4efbbe77fabef5f1310647ae72d,efd0fda330312613,cache_256/dataT/pod_rot_black/black_pod_rot_864.png,A,principal,bpr,864
2118,dataT/pod_rot_black/black_pod_rot_865.jpg,1,33028d45bbd38de28c9efb83cfb07770,a6cf69721a72e2d0,cache_256/dataT/pod_rot_black/black_pod_rot_865.png,A,principal,bpr,865
2119,dataT/pod_rot_black/black_pod_rot_866.jpg,1,ea0e69f5980568d92917afeb82765c78,f6708443d3a749ea,cache_256/dataT/pod_rot_black/black_pod_rot_866.png,A,principal,bpr,866
2120,dataT/pod_rot_black/black_pod_rot_867.jpg,1,4f6821849d5e7ff709e7734b309cd816,f7568ea150ca6729,cache_256/dataT/pod_rot_black/black_pod_rot_867.png,A,principal,bpr,867
2121,dataT/pod_rot_black/black_pod_rot_868.jpg,1,a4b5a97352f21d63ea66f3b59c642366,d64398b6616a6a6d,cache_256/dataT/pod_rot_black/black_pod_rot_868.png,A,principal,bpr,868
2122,dataT/pod_rot_black/black_pod_rot_869.jpg,1,a766aef47df40b2c241085c954cc5c66,d3bec82fc3715203,cache_256/dataT/pod_rot_black/black_pod_rot_869.png,A,principal,bpr,869
2123,dataT/pod_rot_black/black_pod_rot_87.jpg,1,2378c6285840efb13dc703b4ff321ba0,a674182be9f1e583,cache_256/dataT/pod_rot_black/black_pod_rot_87.png,A,principal,bpr,87
2124,dataT/pod_rot_black/black_pod_rot_870.jpg,1,62acdc63c31278acb4334c4112d96113,a9e4dc2b3153d652,cache_256/dataT/pod_rot_black/black_pod_rot_870.png,A,principal,bpr,870
2125,dataT/pod_rot_black/black_pod_rot_871.jpg,1,1b051f8232b950407278605d016229c5,e7bc1b613c76a0c2,cache_256/dataT/pod_rot_black/black_pod_rot_871.png,A,principal,bpr,871
2126,dataT/pod_rot_black/black_pod_rot_872.jpg,1,834e3f49ebff5125e77cda67218cfcc6,deb870727260e9d4,cache_256/dataT/pod_rot_black/black_pod_rot_872.png,A,principal,bpr,872
2127,dataT/pod_rot_black/black_pod_rot_873.jpg,1,c966f360c7c908bc1f7aeef502c73863,9d522e69530f76c4,cache_256/dataT/pod_rot_black/black_pod_rot_873.png,A,principal,bpr,873
2128,dataT/pod_rot_black/black_pod_rot_874.jpg,1,7964b0defb691792b9880094e7df3cc9,d28d193f7f3260c2,cache_256/dataT/pod_rot_black/black_pod_rot_874.png,A,principal,bpr,874
2129,dataT/pod_rot_black/black_pod_rot_875.jpg,1,6e2f203b6594f44eb9ef20b93fd76070,cc911b1877e6ce62,cache_256/dataT/pod_rot_black/black_pod_rot_875.png,A,principal,bpr,875
2130,dataT/pod_rot_black/black_pod_rot_876.jpg,1,21c953a0572e2c07f8b9d85de5494f82,a6e08a3e6d644e7c,cache_256/dataT/pod_rot_black/black_pod_rot_876.png,A,principal,bpr,876
2131,dataT/pod_rot_black/black_pod_rot_877.jpg,1,7c0871a8bc9e2f464c5c819aa0b86d5f,b0895c7f43c6d896,cache_256/dataT/pod_rot_black/black_pod_rot_877.png,A,principal,bpr,877
2132,dataT/pod_rot_black/black_pod_rot_878.jpg,1,d9bd3e199d5d51edb6a50f5a43a869d0,fa8c8a677d60e158,cache_256/dataT/pod_rot_black/black_pod_rot_878.png,A,principal,bpr,878
2133,dataT/pod_rot_black/black_pod_rot_879.jpg,1,c021d8643dcc730212bd6b1b7730d6a1,c53a9da4c3c92d9c,cache_256/dataT/pod_rot_black/black_pod_rot_879.png,A,principal,bpr,879
2134,dataT/pod_rot_black/black_pod_rot_88.jpg,1,8853be115e241c128cfe0f7df8d71bc2,cfcc9962f1472817,cache_256/dataT/pod_rot_black/black_pod_rot_88.png,A,principal,bpr,88
2135,dataT/pod_rot_black/black_pod_rot_880.jpg,1,c74b6033eecaa30b5b4c49e1c8066009,d30f18e5a5274b47,cache_256/dataT/pod_rot_black/black_pod_rot_880.png,A,principal,bpr,880
2136,dataT/pod_rot_black/black_pod_rot_881.jpg,1,a589379040fd15e70f2eb08e8e10dc57,b87953aa6a55b485,cache_256/dataT/pod_rot_black/black_pod_rot_881.png,A,principal,bpr,881
2137,dataT/pod_rot_black/black_pod_rot_882.jpg,1,49ba8d2730b0163a923862ce1f33a11b,e33c187af007955b,cache_256/dataT/pod_rot_black/black_pod_rot_882.png,A,principal,bpr,882
2138,dataT/pod_rot_black/black_pod_rot_883.jpg,1,bd666789c196314ef6dbda3e6b44bf00,b7c7480e6e338c36,cache_256/dataT/pod_rot_black/black_pod_rot_883.png,A,principal,bpr,883
2139,dataT/pod_rot_black/black_pod_rot_884.jpg,1,099da4bdb2718243a3394c8014ca033b,ceda6ca11ee8d185,cache_256/dataT/pod_rot_black/black_pod_rot_884.png,A,principal,bpr,884
2140,dataT/pod_rot_black/black_pod_rot_885.jpg,1,97af98796026f503a1294816ecfb5660,e4f71e23c1812b3e,cache_256/dataT/pod_rot_black/black_pod_rot_885.png,A,principal,bpr,885
2141,dataT/pod_rot_black/black_pod_rot_886.jpg,1,6b80fd2e7d2c09265ce17bf00f4839a8,96a12c37b959c897,cache_256/dataT/pod_rot_black/black_pod_rot_886.png,A,principal,bpr,886
2142,dataT/pod_rot_black/black_pod_rot_887.jpg,1,6e5bd5e7e03b78df7a158ffce0e48400,eb2c56a351d053b3,cache_256/dataT/pod_rot_black/black_pod_rot_887.png,A,principal,bpr,887
2143,dataT/pod_rot_black/black_pod_rot_888.jpg,1,7827f84062e4f3d77ef3a87d048188ba,c69499b24d7b0c4f,cache_256/dataT/pod_rot_black/black_pod_rot_888.png,A,principal,bpr,888
2144,dataT/pod_rot_black/black_pod_rot_889.jpg,1,5af040fd22c5f51daf85034987ced948,c6d69c9106b133af,cache_256/dataT/pod_rot_black/black_pod_rot_889.png,A,principal,bpr,889
2145,dataT/pod_rot_black/black_pod_rot_89.jpg,1,87a38baf4f4183eec6daa37027e4d8b7,9211891ffcf8e718,cache_256/dataT/pod_rot_black/black_pod_rot_89.png,A,principal,bpr,89
2146,dataT/pod_rot_black/black_pod_rot_890.jpg,1,6a926f34aeaaf2dcd56a50ac51391811,a2e4debb0d8320fa,cache_256/dataT/pod_rot_black/black_pod_rot_890.png,A,principal,bpr,890
2147,dataT/pod_rot_black/black_pod_rot_891.jpg,1,077d1fd18df808aace65f6f3c6054741,cccc31706703fc2f,cache_256/dataT/pod_rot_black/black_pod_rot_891.png,A,principal,bpr,891
2148,dataT/pod_rot_black/black_pod_rot_892.jpg,1,b8afc4df1ca56a9487ca6803450b0a41,ccfc272634c3ae19,cache_256/dataT/pod_rot_black/black_pod_rot_892.png,A,principal,bpr,892
2149,dataT/pod_rot_black/black_pod_rot_893.jpg,1,c4e1f36bbef273a670d067e0f610e812,c7f43363c80ec61b,cache_256/dataT/pod_rot_black/black_pod_rot_893.png,A,principal,bpr,893
2150,dataT/pod_rot_black/black_pod_rot_894.jpg,1,766192b6b35c9086ae50437396e16899,df92381c637d4463,cache_256/dataT/pod_rot_black/black_pod_rot_894.png,A,principal,bpr,894
2151,dataT/pod_rot_black/black_pod_rot_895.jpg,1,da62d56139fcb3aadfbc30d34edf6e42,8fb2306f6368e362,cache_256/dataT/pod_rot_black/black_pod_rot_895.png,A,principal,bpr,895
2152,dataT/pod_rot_black/black_pod_rot_896.jpg,1,dd14f8c001a8b76a279fe742d3d188da,9349242d3e372e79,cache_256/dataT/pod_rot_black/black_pod_rot_896.png,A,principal,bpr,896
2153,dataT/pod_rot_black/black_pod_rot_897.jpg,1,543e799340e2c1491cdf06631ff8f684,b0316f2e3d4bb382,cache_256/dataT/pod_rot_black/black_pod_rot_897.png,A,principal,bpr,897
2154,dataT/pod_rot_black/black_pod_rot_898.jpg,1,353921a6f87d20acebf67e9eaa088bae,b1bebb8112f37310,cache_256/dataT/pod_rot_black/black_pod_rot_898.png,A,principal,bpr,898
2155,dataT/pod_rot_black/black_pod_rot_899.jpg,1,696a7651ec7b0d4d14baa04b938f32b3,cbdcba9d9287a206,cache_256/dataT/pod_rot_black/black_pod_rot_899.png,A,principal,bpr,899
2156,dataT/pod_rot_black/black_pod_rot_9.jpg,1,d72e9aa35b0a4ed0a9f39779d5878253,b1119e7b7cf0e0a2,cache_256/dataT/pod_rot_black/black_pod_rot_9.png,A,principal,bpr,9
2157,dataT/pod_rot_black/black_pod_rot_90.jpg,1,102fb2a73065b734b6d715ee9dcb0ec7,f3d2f0bb0300f83e,cache_256/dataT/pod_rot_black/black_pod_rot_90.png,A,principal,bpr,90
2158,dataT/pod_rot_black/black_pod_rot_900.jpg,1,e3dc358b5916335ecddb576125eeb843,9cb8b93749466d86,cache_256/dataT/pod_rot_black/black_pod_rot_900.png,A,principal,bpr,900
2159,dataT/pod_rot_black/black_pod_rot_901.jpg,1,1fa7e4f847a5a20bfb88cf1d90b20e8c,f078b9424ace471f,cache_256/dataT/pod_rot_black/black_pod_rot_901.png,A,principal,bpr,901
2160,dataT/pod_rot_black/black_pod_rot_902.jpg,1,6141053ff8954d177ce1c5f196063c4b,92a70d3a664e0e3f,cache_256/dataT/pod_rot_black/black_pod_rot_902.png,A,principal,bpr,902
2161,dataT/pod_rot_black/black_pod_rot_903.jpg,1,603edc7089e141ab6cc277d7a8888df0,9a9ce5a5b4755207,cache_256/dataT/pod_rot_black/black_pod_rot_903.png,A,principal,bpr,903
2162,dataT/pod_rot_black/black_pod_rot_904.jpg,1,5b6381a83a0eff00ccf553b81023cdcd,d6ca147233b337c1,cache_256/dataT/pod_rot_black/black_pod_rot_904.png,A,principal,bpr,904
2163,dataT/pod_rot_black/black_pod_rot_905.jpg,1,7a7046aeb18bd6db53b538cc7be74e16,c8bc1c6313e6fc8c,cache_256/dataT/pod_rot_black/black_pod_rot_905.png,A,principal,bpr,905
2164,dataT/pod_rot_black/black_pod_rot_906.jpg,1,6d99d68f07a145cbc0c927fa8ace565f,a51709fa19ce4bc6,cache_256/dataT/pod_rot_black/black_pod_rot_906.png,A,principal,bpr,906
2165,dataT/pod_rot_black/black_pod_rot_907.jpg,1,1a67655d8fab00fb8bfb63ee28056f22,ecb90931377672a2,cache_256/dataT/pod_rot_black/black_pod_rot_907.png,A,principal,bpr,907
2166,dataT/pod_rot_black/black_pod_rot_908.jpg,1,2b964c057c41ab771f2c960fa6b7ce6b,d6cc9a738e4984da,cache_256/dataT/pod_rot_black/black_pod_rot_908.png,A,principal,bpr,908
2167,dataT/pod_rot_black/black_pod_rot_909.jpg,1,5aeb2e8fc75eb7946a450d15665fc57e,9b9bac564b6443a5,cache_256/dataT/pod_rot_black/black_pod_rot_909.png,A,principal,bpr,909
2168,dataT/pod_rot_black/black_pod_rot_91.jpg,1,51c1c1c93c4f84cd226e34c63f08e436,f60cde6a0aa28fa5,cache_256/dataT/pod_rot_black/black_pod_rot_91.png,A,principal,bpr,91
2169,dataT/pod_rot_black/black_pod_rot_910.jpg,1,e4d7e6c0a2cb95a04ef89d70445f8f7c,87569996b8c9b495,cache_256/dataT/pod_rot_black/black_pod_rot_910.png,A,principal,bpr,910
2170,dataT/pod_rot_black/black_pod_rot_911.jpg,1,e1f880c6c32ccd63ef4d4416d6845859,9b64b1b9f079b284,cache_256/dataT/pod_rot_black/black_pod_rot_911.png,A,principal,bpr,911
2171,dataT/pod_rot_black/black_pod_rot_912.jpg,1,d9950ffeaea47afbad5ceb79f7db8eea,f26ee10235137f64,cache_256/dataT/pod_rot_black/black_pod_rot_912.png,A,principal,bpr,912
2172,dataT/pod_rot_black/black_pod_rot_913.jpg,1,78a1f2d4f3647dd4b7654cb9358a8e20,e6295952db0ead94,cache_256/dataT/pod_rot_black/black_pod_rot_913.png,A,principal,bpr,913
2173,dataT/pod_rot_black/black_pod_rot_914.jpg,1,f490327772a8ee33fe78c15f81e4749e,cc73f874328d0e87,cache_256/dataT/pod_rot_black/black_pod_rot_914.png,A,principal,bpr,914
2174,dataT/pod_rot_black/black_pod_rot_915.jpg,1,d9e71a4faf6f8510f0bc5ae29c9d6abe,c938cd3837d2c8ce,cache_256/dataT/pod_rot_black/black_pod_rot_915.png,A,principal,bpr,915
2175,dataT/pod_rot_black/black_pod_rot_916.jpg,1,9c99f551d85ee703a29bd35c50a55a90,ec759b3f89461921,cache_256/dataT/pod_rot_black/black_pod_rot_916.png,A,principal,bpr,916
2176,dataT/pod_rot_black/black_pod_rot_917.jpg,1,a2bdb53dad446e1e774a8debc6377ec1,c6b1d9b02c7d4a56,cache_256/dataT/pod_rot_black/black_pod_rot_917.png,A,principal,bpr,917
2177,dataT/pod_rot_black/black_pod_rot_918.jpg,1,c0e1f45b5914440fbb614052feb4cff5,fee6192961ea243c,cache_256/dataT/pod_rot_black/black_pod_rot_918.png,A,principal,bpr,918
2178,dataT/pod_rot_black/black_pod_rot_919.jpg,1,5590a305dba62bb635ef233689dfc4ad,ea8b863364373f09,cache_256/dataT/pod_rot_black/black_pod_rot_919.png,A,principal,bpr,919
2179,dataT/pod_rot_black/black_pod_rot_92.jpg,1,5f064495fa20c6a6e1cca2af1b20157b,8d9f726111f118fa,cache_256/dataT/pod_rot_black/black_pod_rot_92.png,A,principal,bpr,92
2180,dataT/pod_rot_black/black_pod_rot_920.jpg,1,90e782aaee493ed5bd8d2a8afdc38758,c74b9804f0faf49a,cache_256/dataT/pod_rot_black/black_pod_rot_920.png,A,principal,bpr,920
2181,dataT/pod_rot_black/black_pod_rot_921.jpg,1,51ff33adfd29ef7238304a978ee9ae91,d3edc80a4eb27507,cache_256/dataT/pod_rot_black/black_pod_rot_921.png,A,principal,bpr,921
2182,dataT/pod_rot_black/black_pod_rot_922.jpg,1,399acaade27df47bc72ab11cb8eda939,e4e88b575299555a,cache_256/dataT/pod_rot_black/black_pod_rot_922.png,A,principal,bpr,922
2183,dataT/pod_rot_black/black_pod_rot_923.jpg,1,3797cfb74c72341300eb0887b098a69e,82c9cf3cb412c5bd,cache_256/dataT/pod_rot_black/black_pod_rot_923.png,A,principal,bpr,923
2184,dataT/pod_rot_black/black_pod_rot_924.jpg,1,622f0a415d657cf11f764a7855e9c482,925a1ab47767a466,cache_256/dataT/pod_rot_black/black_pod_rot_924.png,A,principal,bpr,924
2185,dataT/pod_rot_black/black_pod_rot_925.jpg,1,4ac5da5096d885f770f2dc0ae4fd2775,874bed2756e6a016,cache_256/dataT/pod_rot_black/black_pod_rot_925.png,A,principal,bpr,925
2186,dataT/pod_rot_black/black_pod_rot_926.jpg,1,68a0ca3eaf556257f088d42cde547ed8,f31c1a30a2f2e756,cache_256/dataT/pod_rot_black/black_pod_rot_926.png,A,principal,bpr,926
2187,dataT/pod_rot_black/black_pod_rot_927.jpg,1,c8411e0213aba4af965dd1155f5ed3a8,d269b8363a3e1e8c,cache_256/dataT/pod_rot_black/black_pod_rot_927.png,A,principal,bpr,927
2188,dataT/pod_rot_black/black_pod_rot_928.jpg,1,743d20a5126851beb3f16ff84fb8c9dc,e6f188b4582a63b7,cache_256/dataT/pod_rot_black/black_pod_rot_928.png,A,principal,bpr,928
2189,dataT/pod_rot_black/black_pod_rot_929.jpg,1,9633528e9d10bf6b0f2ec32c14441ee4,e6941e73f08bad09,cache_256/dataT/pod_rot_black/black_pod_rot_929.png,A,principal,bpr,929
2190,dataT/pod_rot_black/black_pod_rot_93.jpg,1,5571c195608bce7b24ba072c46026838,e2a564f3088c1df7,cache_256/dataT/pod_rot_black/black_pod_rot_93.png,A,principal,bpr,93
2191,dataT/pod_rot_black/black_pod_rot_930.jpg,1,dad7383c8463f8ece5896b472b69cbb2,e93d8e6bc099388d,cache_256/dataT/pod_rot_black/black_pod_rot_930.png,A,principal,bpr,930
2192,dataT/pod_rot_black/black_pod_rot_931.jpg,1,b72e3834791229ad1e0bc5a49353e54b,cacc3a66661a0fd9,cache_256/dataT/pod_rot_black/black_pod_rot_931.png,A,principal,bpr,931
2193,dataT/pod_rot_black/black_pod_rot_932.jpg,1,eb53fc9890abe1f90f04e81471770cee,f881790fa929adc5,cache_256/dataT/pod_rot_black/black_pod_rot_932.png,A,principal,bpr,932
2194,dataT/pod_rot_black/black_pod_rot_933.jpg,1,80c0a124e26eea2d4e2baf7f064826da,b4ee9db450bab013,cache_256/dataT/pod_rot_black/black_pod_rot_933.png,A,principal,bpr,933
2195,dataT/pod_rot_black/black_pod_rot_934.jpg,1,6748dc342cc772e417aa9d3f6ba8200b,9eb85166264e6e4d,cache_256/dataT/pod_rot_black/black_pod_rot_934.png,A,principal,bpr,934
2196,dataT/pod_rot_black/black_pod_rot_935.jpg,1,340d1257796309ffaf911331b1c096a7,f94bf33c1c70449c,cache_256/dataT/pod_rot_black/black_pod_rot_935.png,A,principal,bpr,935
2197,dataT/pod_rot_black/black_pod_rot_936.jpg,1,069d09e435f0078afafd62c2b659af6b,cc498c7550677ce5,cache_256/dataT/pod_rot_black/black_pod_rot_936.png,A,principal,bpr,936
2198,dataT/pod_rot_black/black_pod_rot_937.jpg,1,41e8bb10f569fa693289f38f9ec5c615,9fb389b2d989814d,cache_256/dataT/pod_rot_black/black_pod_rot_937.png,A,principal,bpr,937
2199,dataT/pod_rot_black/black_pod_rot_938.jpg,1,e972f50b6a2ddb3b4be966dc95f179ae,8e6972b5ac5a178c,cache_256/dataT/pod_rot_black/black_pod_rot_938.png,A,principal,bpr,938
2200,dataT/pod_rot_black/black_pod_rot_939.jpg,1,922ca71040b0ab03d33748660e6e9ced,b33bd8b0235ed614,cache_256/dataT/pod_rot_black/black_pod_rot_939.png,A,principal,bpr,939
2201,dataT/pod_rot_black/black_pod_rot_94.jpg,1,ad5034a2e385c29cc28c0e4182be3c9c,8dd67231a4b49e9a,cache_256/dataT/pod_rot_black/black_pod_rot_94.png,A,principal,bpr,94
2202,dataT/pod_rot_black/black_pod_rot_940.jpg,1,5a3b52ad4052488b967aacd7414295db,cc8c3e38b8c3ed8c,cache_256/dataT/pod_rot_black/black_pod_rot_940.png,A,principal,bpr,940
2203,dataT/pod_rot_black/black_pod_rot_941.jpg,1,2747b50d160951ed78eb635da1fa8be1,caa5195329f547ca,cache_256/dataT/pod_rot_black/black_pod_rot_941.png,A,principal,bpr,941
2204,dataT/pod_rot_black/black_pod_rot_942.jpg,1,078b85107f94a1aa581c3dd2af29b535,e34c9e259a7381b6,cache_256/dataT/pod_rot_black/black_pod_rot_942.png,A,principal,bpr,942
2205,dataT/pod_rot_black/black_pod_rot_943.jpg,1,9963687339dd8ceca7d382e6ca84ae94,9b98c113dcc695b5,cache_256/dataT/pod_rot_black/black_pod_rot_943.png,A,principal,bpr,943
2206,dataT/pod_rot_black/black_pod_rot_95.jpg,1,d70cbcaa5583b9b6328955d8cf096442,c18e737064e5d653,cache_256/dataT/pod_rot_black/black_pod_rot_95.png,A,principal,bpr,95
2207,dataT/pod_rot_black/black_pod_rot_96.jpg,1,355594ff5e2bc7f83093f27243ee730f,f6a2e9239317d30a,cache_256/dataT/pod_rot_black/black_pod_rot_96.png,A,principal,bpr,96
2208,dataT/pod_rot_black/black_pod_rot_97.jpg,1,baf397b815048d7b866b3332bd96bae4,eaced871f4630613,cache_256/dataT/pod_rot_black/black_pod_rot_97.png,A,principal,bpr,97
2209,dataT/pod_rot_black/black_pod_rot_98.jpg,1,455152e8c9db914c72e0292c8bd741b0,de943333b281567c,cache_256/dataT/pod_rot_black/black_pod_rot_98.png,A,principal,bpr,98
2210,dataT/pod_rot_black/black_pod_rot_99.jpg,1,bcdc948b0b4c4e92993dc99e0750a46c,99b8667643c79c1c,cache_256/dataT/pod_rot_black/black_pod_rot_99.png,A,principal,bpr,99
2211,dataset_complete/cacao_diseases/cacao_photos/healthy/healthy_1000.jpg,0,680fbc5a57801a7bc81d695ac411ca32,8b293cf6c1175dd0,cache_256/dataset_complete/cacao_diseases/cacao_photos/healthy/healthy_1000.png,B,no_usada,sana,1000
2212,dataset_complete/cacao_diseases/cacao_photos/healthy/healthy_1001.jpg,0,46a8130305ee0eb793b9991062f7bebc,ccbb183134f9e24e,cache_256/dataset_complete/cacao_diseases/cacao_photos/healthy/healthy_1001.png,B,no_usada,sana,1001
2213,dataset_complete/cacao_diseases/cacao_photos/healthy/healthy_1002.jpg,0,4466fc1b86bec1e0d55bfafb3a2afb4f,936f8d54727a3a28,cache_256/dataset_complete/cacao_diseases/cacao_photos/healthy/healthy_1002.png,A,no_usada,sana,1002
2214,dataset_complete/cacao_diseases/cacao_photos/healthy/healthy_1003.jpg,0,aab4fa99fb599310df2be932a35a6cad,8769dc63e2135792,cache_256/dataset_complete/cacao_diseases/cacao_photos/healthy/healthy_1003.png,A,no_usada,sana,1003
2215,dataset_complete/cacao_diseases/cacao_photos/healthy/healthy_1004.jpg,0,37f644763f733e4ab3d94628981c15db,99f4a07e7026adb8,cache_256/dataset_complete/cacao_diseases/cacao_photos/healthy/healthy_1004.png,B,no_usada,sana,1004
2216,dataset_complete/cacao_diseases/cacao_photos/healthy/healthy_1005.jpg,0,894e995eced2c89e5506d324afaf9e23,c77cf961a18592cc,cache_256/dataset_complete/cacao_diseases/cacao_photos/healthy/healthy_1005.png,B,no_usada,sana,1005
2217,dataset_complete/cacao_diseases/cacao_photos/healthy/healthy_1006.jpg,0,b6d83effc55bf866bafd6323d34b18cc,cc90636f33cd49ac,cache_256/dataset_complete/cacao_diseases/cacao_photos/healthy/healthy_1006.png,B,no_usada,sana,1006
2218,dataset_complete/cacao_diseases/cacao_photos/healthy/healthy_1007.jpg,0,da557ce9d5fe9960a179fd896e998536,d73d991c0bc768a4,cache_256/dataset_complete/cacao_diseases/cacao_photos/healthy/healthy_1007.png,B,no_usada,sana,1007
2219,dataset_complete/cacao_diseases/cacao_photos/healthy/healthy_1008.jpg,0,c42ac95e7bab971f251efc4be7afcc0b,ce69b93c34e1a607,cache_256/dataset_complete/cacao_diseases/cacao_photos/healthy/healthy_1008.png,B,no_usada,sana,1008
2220,dataset_complete/cacao_diseases/cacao_photos/healthy/healthy_109.jpg,0,90cafa943425a26b735ee74a794f5aba,a391bc346b27745a,cache_256/dataset_complete/cacao_diseases/cacao_photos/healthy/healthy_109.png,A,no_usada,sana,109
2221,dataset_complete/cacao_diseases/cacao_photos/healthy/healthy_1092.jpg,0,85e6ec7849831d455584d5460510f43c,96e7c936d4564147,cache_256/dataset_complete/cacao_diseases/cacao_photos/healthy/healthy_1092.png,B,no_usada,sana,1092
2222,dataset_complete/cacao_diseases/cacao_photos/healthy/healthy_1093.jpg,0,263ac2b5664c23acc959193dfae2b25a,cbe0c540426e3efe,cache_256/dataset_complete/cacao_diseases/cacao_photos/healthy/healthy_1093.png,B,no_usada,sana,1093
2223,dataset_complete/cacao_diseases/cacao_photos/healthy/healthy_1094.jpg,0,9516d115d908fe9b1af76aba86c75fcc,8eb1ec2716d304dd,cache_256/dataset_complete/cacao_diseases/cacao_photos/healthy/healthy_1094.png,B,no_usada,sana,1094
2224,dataset_complete/cacao_diseases/cacao_photos/healthy/healthy_1095.jpg,0,135a8da22a080f9be837b0bce51768bb,c3e71a365013f8f8,cache_256/dataset_complete/cacao_diseases/cacao_photos/healthy/healthy_1095.png,B,no_usada,sana,1095
2225,dataset_complete/cacao_diseases/cacao_photos/healthy/healthy_1096.jpg,0,a7376043c38e777ae9578d6fd496e17d,acb8d8121b2f7da1,cache_256/dataset_complete/cacao_diseases/cacao_photos/healthy/healthy_1096.png,B,no_usada,sana,1096
2226,dataset_complete/cacao_diseases/cacao_photos/healthy/healthy_1097.jpg,0,23c75e96b9979ae187913a278d4295a1,9f1898ab57a01ed5,cache_256/dataset_complete/cacao_diseases/cacao_photos/healthy/healthy_1097.png,B,no_usada,sana,1097
2227,dataset_complete/cacao_diseases/cacao_photos/healthy/healthy_1098.jpg,0,8558cbc813086a379b29f26e1dea833d,f7089db6b101c3e5,cache_256/dataset_complete/cacao_diseases/cacao_photos/healthy/healthy_1098.png,B,no_usada,sana,1098
2228,dataset_complete/cacao_diseases/cacao_photos/healthy/healthy_1099.jpg,0,a1320289bc0cc4ac15758d533dab8f8b,9216ed6860f4ade9,cache_256/dataset_complete/cacao_diseases/cacao_photos/healthy/healthy_1099.png,B,no_usada,sana,1099
2229,dataset_complete/cacao_diseases/cacao_photos/healthy/healthy_110.jpg,0,eeed00084d616964cead116dc57efc0f,a51e0fb4796117a3,cache_256/dataset_complete/cacao_diseases/cacao_photos/healthy/healthy_110.png,A,no_usada,sana,110
2230,dataset_complete/cacao_diseases/cacao_photos/healthy/healthy_1100.jpg,0,edba623726ad5a1d78941d1c11eca4e4,d9262bf62015f574,cache_256/dataset_complete/cacao_diseases/cacao_photos/healthy/healthy_1100.png,B,no_usada,sana,1100
2231,dataset_complete/cacao_diseases/cacao_photos/healthy/healthy_1101.jpg,0,b655690fec60dc01b4c6d376be7186ff,cfd1758772653038,cache_256/dataset_complete/cacao_diseases/cacao_photos/healthy/healthy_1101.png,B,no_usada,sana,1101
2232,dataset_complete/cacao_diseases/cacao_photos/healthy/healthy_1102.jpg,0,6f801682d3ad4487870506ecbc180ca1,cccd736026661ade,cache_256/dataset_complete/cacao_diseases/cacao_photos/healthy/healthy_1102.png,A,no_usada,sana,1102
2233,dataset_complete/cacao_diseases/cacao_photos/healthy/healthy_1103.jpg,0,4729b8bbacc6c903c562f2f498738b13,e1eb2e71f3831321,cache_256/dataset_complete/cacao_diseases/cacao_photos/healthy/healthy_1103.png,B,no_usada,sana,1103
2234,dataset_complete/cacao_diseases/cacao_photos/healthy/healthy_1104.jpg,0,140b74f94bca3de1403a6f2dbfe81da7,a935d96a216c33ce,cache_256/dataset_complete/cacao_diseases/cacao_photos/healthy/healthy_1104.png,B,no_usada,sana,1104
2235,dataset_complete/cacao_diseases/cacao_photos/healthy/healthy_1105.jpg,0,a3433f7dbd45e1eaafe29624bcc57fcf,c8cd7309e7993790,cache_256/dataset_complete/cacao_diseases/cacao_photos/healthy/healthy_1105.png,B,no_usada,sana,1105
2236,dataset_complete/cacao_diseases/cacao_photos/healthy/healthy_1106.jpg,0,a69d671a252464e8c0f05580eb54a689,cca3594ee342c29f,cache_256/dataset_complete/cacao_diseases/cacao_photos/healthy/healthy_1106.png,B,no_usada,sana,1106
2237,dataset_complete/cacao_diseases/cacao_photos/healthy/healthy_1107.jpg,0,5abfb0a037d9ab4601cf01f9e0391c3c,9ea47dd0722b416b,cache_256/dataset_complete/cacao_diseases/cacao_photos/healthy/healthy_1107.png,B,no_usada,sana,1107
2238,dataset_complete/cacao_diseases/cacao_photos/healthy/healthy_1108.jpg,0,6a584219b29bf79fe37f70322b053387,c246392c37674de3,cache_256/dataset_complete/cacao_diseases/cacao_photos/healthy/healthy_1108.png,B,no_usada,sana,1108
2239,dataset_complete/cacao_diseases/cacao_photos/healthy/healthy_1109.jpg,0,948e9ae1b7178c02d29a31e6d5f1d064,cdf3081d561e5ab8,cache_256/dataset_complete/cacao_diseases/cacao_photos/healthy/healthy_1109.png,B,no_usada,sana,1109
2240,dataset_complete/cacao_diseases/cacao_photos/healthy/healthy_111.jpg,0,00fe84c6e6ae658e2c9e04dca53d0b30,b61f1068d9fd1d28,cache_256/dataset_complete/cacao_diseases/cacao_photos/healthy/healthy_111.png,A,no_usada,sana,111
2241,dataset_complete/cacao_diseases/cacao_photos/healthy/healthy_1110.jpg,0,a07f89a509a4936cbdb173a7f184b094,d90e36227659e14f,cache_256/dataset_complete/cacao_diseases/cacao_photos/healthy/healthy_1110.png,B,no_usada,sana,1110
2242,dataset_complete/cacao_diseases/cacao_photos/healthy/healthy_1111.jpg,0,fe0284b08f869a8e008694e21f1054af,d7ccf2d2a4f4680a,cache_256/dataset_complete/cacao_diseases/cacao_photos/healthy/healthy_1111.png,B,no_usada,sana,1111
2243,dataset_complete/cacao_diseases/cacao_photos/healthy/healthy_1112.jpg,0,964d3210c6c7cf1682f7d1845f2b65ae,8a7189da525a35d7,cache_256/dataset_complete/cacao_diseases/cacao_photos/healthy/healthy_1112.png,B,no_usada,sana,1112
2244,dataset_complete/cacao_diseases/cacao_photos/healthy/healthy_1113.jpg,0,259b42449436db2f71df63213a2352e0,f666c9af1e1961c0,cache_256/dataset_complete/cacao_diseases/cacao_photos/healthy/healthy_1113.png,A,no_usada,sana,1113
2245,dataset_complete/cacao_diseases/cacao_photos/healthy/healthy_1114.jpg,0,6d9a7105ea833c95b76db41e88af346f,c31ddc263d9683c3,cache_256/dataset_complete/cacao_diseases/cacao_photos/healthy/healthy_1114.png,A,no_usada,sana,1114
2246,dataset_complete/cacao_diseases/cacao_photos/healthy/healthy_1115.jpg,0,0324e57ea7e91518c34b98f4d79b7b6c,86d1c97223373aae,cache_256/dataset_complete/cacao_diseases/cacao_photos/healthy/healthy_1115.png,A,no_usada,sana,1115
2247,dataset_complete/cacao_diseases/cacao_photos/healthy/healthy_1116.jpg,0,6b10ef33428452ff37ade00eb6a006a5,c7179af849e92d21,cache_256/dataset_complete/cacao_diseases/cacao_photos/healthy/healthy_1116.png,B,no_usada,sana,1116
2248,dataset_complete/cacao_diseases/cacao_photos/healthy/healthy_1117.jpg,0,2fbba52006e522cbb198147cbf4f806e,f9aca511bb39c550,cache_256/dataset_complete/cacao_diseases/cacao_photos/healthy/healthy_1117.png,B,no_usada,sana,1117
2249,dataset_complete/cacao_diseases/cacao_photos/healthy/healthy_1118.jpg,0,26148b905bb155adb613eec2c409401b,c43e08f9beb04fc8,cache_256/dataset_complete/cacao_diseases/cacao_photos/healthy/healthy_1118.png,B,no_usada,sana,1118
2250,dataset_complete/cacao_diseases/cacao_photos/healthy/healthy_1119.jpg,0,3a863cc1bb3d129587b4ffc984bc2429,9f65d8b2905a68b5,cache_256/dataset_complete/cacao_diseases/cacao_photos/healthy/healthy_1119.png,B,no_usada,sana,1119
2251,dataset_complete/cacao_diseases/cacao_photos/healthy/healthy_112.jpg,0,a8f8b05c6e636b13764a9e55c0eecfed,be1f91089169976e,cache_256/dataset_complete/cacao_diseases/cacao_photos/healthy/healthy_112.png,A,no_usada,sana,112
2252,dataset_complete/cacao_diseases/cacao_photos/healthy/healthy_1120.jpg,0,638cca2116c36eb5b94f2a01801a5d30,edf0080bd921bf71,cache_256/dataset_complete/cacao_diseases/cacao_photos/healthy/healthy_1120.png,B,no_usada,sana,1120
2253,dataset_complete/cacao_diseases/cacao_photos/healthy/healthy_1121.jpg,0,e421ba3c9c2fd67ba9470b200c22edbc,c9663964874f1c79,cache_256/dataset_complete/cacao_diseases/cacao_photos/healthy/healthy_1121.png,B,no_usada,sana,1121
2254,dataset_complete/cacao_diseases/cacao_photos/healthy/healthy_1122.jpg,0,66d2665add9778c3e4c6600a5979403d,ce6caa32eab6c2c2,cache_256/dataset_complete/cacao_diseases/cacao_photos/healthy/healthy_1122.png,B,no_usada,sana,1122
2255,dataset_complete/cacao_diseases/cacao_photos/healthy/healthy_1123.jpg,0,0a6d1141e047db8eccb991a988612177,c936ac5d66552374,cache_256/dataset_complete/cacao_diseases/cacao_photos/healthy/healthy_1123.png,B,no_usada,sana,1123
2256,dataset_complete/cacao_diseases/cacao_photos/healthy/healthy_1124.jpg,0,62b72acd9566dc97e708e91b18959335,8d74f4d3d0b59131,cache_256/dataset_complete/cacao_diseases/cacao_photos/healthy/healthy_1124.png,B,no_usada,sana,1124
2257,dataset_complete/cacao_diseases/cacao_photos/healthy/healthy_1125.jpg,0,644cc7ea35722e46c3a6fa25b78217fb,9ba7240341d6feca,cache_256/dataset_complete/cacao_diseases/cacao_photos/healthy/healthy_1125.png,B,no_usada,sana,1125
2258,dataset_complete/cacao_diseases/cacao_photos/healthy/healthy_1126.jpg,0,dec0ab422d2afd6eee6335a4f3699aad,91c6c84e6aad265f,cache_256/dataset_complete/cacao_diseases/cacao_photos/healthy/healthy_1126.png,A,no_usada,sana,1126
2259,dataset_complete/cacao_diseases/cacao_photos/healthy/healthy_1127.jpg,0,16fc2644f99473d91295dff24afd68a9,c8283ef238cdf8c5,cache_256/dataset_complete/cacao_diseases/cacao_photos/healthy/healthy_1127.png,B,no_usada,sana,1127
2260,dataset_complete/cacao_diseases/cacao_photos/healthy/healthy_1128.jpg,0,0bebb45b44526e6d7180b12779872981,9cba16b362156fd0,cache_256/dataset_complete/cacao_diseases/cacao_photos/healthy/healthy_1128.png,B,no_usada,sana,1128
2261,dataset_complete/cacao_diseases/cacao_photos/healthy/healthy_1129.jpg,0,cadc2c20ce3229535904300216f59277,e7cd515e07a13c07,cache_256/dataset_complete/cacao_diseases/cacao_photos/healthy/healthy_1129.png,B,no_usada,sana,1129
2262,dataset_complete/cacao_diseases/cacao_photos/healthy/healthy_113.jpg,0,bd6b685efc7fa8c16eecd5cd80c4efe5,bb5f29b03231a6a3,cache_256/dataset_complete/cacao_diseases/cacao_photos/healthy/healthy_113.png,A,no_usada,sana,113
2263,dataset_complete/cacao_diseases/cacao_photos/healthy/healthy_1130.jpg,0,4aff0acb876fde9655aef8f127e9b0a7,fec82964373ee007,cache_256/dataset_complete/cacao_diseases/cacao_photos/healthy/healthy_1130.png,B,no_usada,sana,1130
2264,dataset_complete/cacao_diseases/cacao_photos/healthy/healthy_1131.jpg,0,d061a66eaad5f6c6a55bd8cf324e09d6,847ab9eca71ef180,cache_256/dataset_complete/cacao_diseases/cacao_photos/healthy/healthy_1131.png,B,no_usada,sana,1131
2265,dataset_complete/cacao_diseases/cacao_photos/healthy/healthy_1132.jpg,0,7257e109fc2012780010ffbf6dd69ace,d52c380d6356e795,cache_256/dataset_complete/cacao_diseases/cacao_photos/healthy/healthy_1132.png,B,no_usada,sana,1132
2266,dataset_complete/cacao_diseases/cacao_photos/healthy/healthy_1133.jpg,0,e08e896c058ab1fd8f76d53c99ac5ddb,cdb9f16227c94784,cache_256/dataset_complete/cacao_diseases/cacao_photos/healthy/healthy_1133.png,B,no_usada,sana,1133
2267,dataset_complete/cacao_diseases/cacao_photos/healthy/healthy_1134.jpg,0,a91af982f5f28a9dac675e65bbfb533e,dac2b27a65d9443c,cache_256/dataset_complete/cacao_diseases/cacao_photos/healthy/healthy_1134.png,B,no_usada,sana,1134
2268,dataset_complete/cacao_diseases/cacao_photos/healthy/healthy_1135.jpg,0,c5ac271721d3f6e667d4532fdebf666b,bb46b22257cbd08b,cache_256/dataset_complete/cacao_diseases/cacao_photos/healthy/healthy_1135.png,B,no_usada,sana,1135
2269,dataset_complete/cacao_diseases/cacao_photos/healthy/healthy_1136.jpg,0,969dd21ddc7ce00257c8ae80cb5b1bc6,898b64b7f3d81895,cache_256/dataset_complete/cacao_diseases/cacao_photos/healthy/healthy_1136.png,B,no_usada,sana,1136
2270,dataset_complete/cacao_diseases/cacao_photos/healthy/healthy_1137.jpg,0,705f3e7d53fa0e077c10254328a5a078,e75f583819363133,cache_256/dataset_complete/cacao_diseases/cacao_photos/healthy/healthy_1137.png,A,no_usada,sana,1137
2271,dataset_complete/cacao_diseases/cacao_photos/healthy/healthy_1138.jpg,0,f15974086172474c0f96f60c96b91a41,88b5ac33d2de358a,cache_256/dataset_complete/cacao_diseases/cacao_photos/healthy/healthy_1138.png,B,no_usada,sana,1138
2272,dataset_complete/cacao_diseases/cacao_photos/healthy/healthy_1139.jpg,0,d8407bfd76fa92d5903134b8e263df7d,d07b42e20b4b4fcd,cache_256/dataset_complete/cacao_diseases/cacao_photos/healthy/healthy_1139.png,B,no_usada,sana,1139
2273,dataset_complete/cacao_diseases/cacao_photos/healthy/healthy_114.jpg,0,09ad142e7ab42ad9eac88f5cb6b39b72,e6c98a7a1b275664,cache_256/dataset_complete/cacao_diseases/cacao_photos/healthy/healthy_114.png,A,no_usada,sana,114
2274,dataset_complete/cacao_diseases/cacao_photos/healthy/healthy_115.jpg,0,72100a69e97d88140b441087add96901,f249cb4f58c268ea,cache_256/dataset_complete/cacao_diseases/cacao_photos/healthy/healthy_115.png,A,no_usada,sana,115
2275,dataset_complete/cacao_diseases/cacao_photos/healthy/healthy_116.jpg,0,86e453880b42c5e9214c09ddfa1c7d9f,c1ac63306737b52b,cache_256/dataset_complete/cacao_diseases/cacao_photos/healthy/healthy_116.png,A,no_usada,sana,116
2276,dataset_complete/cacao_diseases/cacao_photos/healthy/healthy_117.jpg,0,606b33902cd25c09624d655b1cbd27ad,9dc8627261eba1e6,cache_256/dataset_complete/cacao_diseases/cacao_photos/healthy/healthy_117.png,A,no_usada,sana,117
2277,dataset_complete/cacao_diseases/cacao_photos/healthy/healthy_118.jpg,0,6ff5df891ce1465cd9c7dd72e4fd5028,dbcde16f2260668a,cache_256/dataset_complete/cacao_diseases/cacao_photos/healthy/healthy_118.png,A,no_usada,sana,118
2278,dataset_complete/cacao_diseases/cacao_photos/healthy/healthy_119.jpg,0,f8009d8dc5f8e707d8776dc7f1bcaeb6,f9c848e6a02747f6,cache_256/dataset_complete/cacao_diseases/cacao_photos/healthy/healthy_119.png,A,no_usada,sana,119
2279,dataset_complete/cacao_diseases/cacao_photos/healthy/healthy_120.jpg,0,62dcd8b1a682f2c8c7ca1d677372fc76,d120aa83ece2f36e,cache_256/dataset_complete/cacao_diseases/cacao_photos/healthy/healthy_120.png,A,no_usada,sana,120
2280,dataset_complete/cacao_diseases/cacao_photos/healthy/healthy_121.jpg,0,f4357479076244ba40d4e5238e9572d9,f8f17623a4b9149c,cache_256/dataset_complete/cacao_diseases/cacao_photos/healthy/healthy_121.png,A,no_usada,sana,121
2281,dataset_complete/cacao_diseases/cacao_photos/healthy/healthy_122.jpg,0,a3aec8ee580c31edd3805b7033ed0e31,daaf65337661c284,cache_256/dataset_complete/cacao_diseases/cacao_photos/healthy/healthy_122.png,A,no_usada,sana,122
2282,dataset_complete/cacao_diseases/cacao_photos/healthy/healthy_123.jpg,0,51a6c98e99a3c913e963686bc37249aa,dc0d26ccc937669c,cache_256/dataset_complete/cacao_diseases/cacao_photos/healthy/healthy_123.png,A,no_usada,sana,123
2283,dataset_complete/cacao_diseases/cacao_photos/healthy/healthy_124.jpg,0,d73566bce8c86a9a7a199aa919009fc6,c0773a281fb1b1d6,cache_256/dataset_complete/cacao_diseases/cacao_photos/healthy/healthy_124.png,A,no_usada,sana,124
2284,dataset_complete/cacao_diseases/cacao_photos/healthy/healthy_125.jpg,0,92f8723c4d76f17c17555aeb8f62b3cf,a14558a374b8b3eb,cache_256/dataset_complete/cacao_diseases/cacao_photos/healthy/healthy_125.png,A,no_usada,sana,125
2285,dataset_complete/cacao_diseases/cacao_photos/healthy/healthy_126.jpg,0,64cd53c65c478141978935d3a17c765e,e60959ae21a765f4,cache_256/dataset_complete/cacao_diseases/cacao_photos/healthy/healthy_126.png,A,no_usada,sana,126
2286,dataset_complete/cacao_diseases/cacao_photos/healthy/healthy_127.jpg,0,57b867fc861eaefcb5b5f9324a562fc7,941c3b34f1238eb7,cache_256/dataset_complete/cacao_diseases/cacao_photos/healthy/healthy_127.png,A,no_usada,sana,127
2287,dataset_complete/cacao_diseases/cacao_photos/healthy/healthy_1273.jpg,0,a2c31c19d07ac793f3e5e705cdbcc957,d64518f4479ae1b9,cache_256/dataset_complete/cacao_diseases/cacao_photos/healthy/healthy_1273.png,B,no_usada,sana,1273
2288,dataset_complete/cacao_diseases/cacao_photos/healthy/healthy_1274.jpg,0,b02f581ddf4b75d30145c23ff875e340,92b3b5a71666907a,cache_256/dataset_complete/cacao_diseases/cacao_photos/healthy/healthy_1274.png,B,no_usada,sana,1274
2289,dataset_complete/cacao_diseases/cacao_photos/healthy/healthy_1275.jpg,0,267b37d5ab6ca9d696f71215ba57322e,d1e2e6e60ee8844f,cache_256/dataset_complete/cacao_diseases/cacao_photos/healthy/healthy_1275.png,B,no_usada,sana,1275
2290,dataset_complete/cacao_diseases/cacao_photos/healthy/healthy_1276.jpg,0,8af30ac7e6f6bf35ae5602af0878fdab,9e52794233ada7a4,cache_256/dataset_complete/cacao_diseases/cacao_photos/healthy/healthy_1276.png,B,no_usada,sana,1276
2291,dataset_complete/cacao_diseases/cacao_photos/healthy/healthy_1277.jpg,0,f25066e5055c3921fe9f6e7128ac54a3,b639d92f09361770,cache_256/dataset_complete/cacao_diseases/cacao_photos/healthy/healthy_1277.png,B,no_usada,sana,1277
2292,dataset_complete/cacao_diseases/cacao_photos/healthy/healthy_1278.jpg,0,4d714febccddaf33e61b3c3dc4d00f3f,fa6172f3321b419c,cache_256/dataset_complete/cacao_diseases/cacao_photos/healthy/healthy_1278.png,B,no_usada,sana,1278
2293,dataset_complete/cacao_diseases/cacao_photos/healthy/healthy_1279.jpg,0,c61b4de83e7aa459bc62a5522d418372,db67322398efcc80,cache_256/dataset_complete/cacao_diseases/cacao_photos/healthy/healthy_1279.png,B,no_usada,sana,1279
2294,dataset_complete/cacao_diseases/cacao_photos/healthy/healthy_128.jpg,0,603dfb8869d6f010a2131c04c2c938c9,9d19bb35572328b4,cache_256/dataset_complete/cacao_diseases/cacao_photos/healthy/healthy_128.png,A,no_usada,sana,128
2295,dataset_complete/cacao_diseases/cacao_photos/healthy/healthy_1280.jpg,0,5fd11ba40edbfa7ba81ad81df9c7db2f,a9ca791652add591,cache_256/dataset_complete/cacao_diseases/cacao_photos/healthy/healthy_1280.png,B,no_usada,sana,1280
2296,dataset_complete/cacao_diseases/cacao_photos/healthy/healthy_1281.jpg,0,d1f21eddf59e509de969cb16e9a86683,d0d969693c34a3a7,cache_256/dataset_complete/cacao_diseases/cacao_photos/healthy/healthy_1281.png,A,no_usada,sana,1281
2297,dataset_complete/cacao_diseases/cacao_photos/healthy/healthy_1282.jpg,0,c8dea4af56768e2c33fba84c059f5965,c24849afa78773e1,cache_256/dataset_complete/cacao_diseases/cacao_photos/healthy/healthy_1282.png,B,no_usada,sana,1282
2298,dataset_complete/cacao_diseases/cacao_photos/healthy/healthy_1283.jpg,0,830d1d68a27e8164409960b2fd750707,cda5c626363e2a3c,cache_256/dataset_complete/cacao_diseases/cacao_photos/healthy/healthy_1283.png,B,no_usada,sana,1283
2299,dataset_complete/cacao_diseases/cacao_photos/healthy/healthy_1284.jpg,0,fa305baca19c31fb95b129ca354d490d,c3c27465a6bccb58,cache_256/dataset_complete/cacao_diseases/cacao_photos/healthy/healthy_1284.png,B,no_usada,sana,1284
2300,dataset_complete/cacao_diseases/cacao_photos/healthy/healthy_1285.jpg,0,9a9623356c7e604c81217d2574d6e182,d1adbca291dc2c5c,cache_256/dataset_complete/cacao_diseases/cacao_photos/healthy/healthy_1285.png,B,no_usada,sana,1285
2301,dataset_complete/cacao_diseases/cacao_photos/healthy/healthy_1286.jpg,0,0194e3de2d1539dda5b6fcdd17e7f1e0,c837bc27bb948d88,cache_256/dataset_complete/cacao_diseases/cacao_photos/healthy/healthy_1286.png,B,no_usada,sana,1286
2302,dataset_complete/cacao_diseases/cacao_photos/healthy/healthy_1287.jpg,0,3335a1aa676c828e96a7b25f714d3ea1,fe4db8840fe2278a,cache_256/dataset_complete/cacao_diseases/cacao_photos/healthy/healthy_1287.png,B,no_usada,sana,1287
2303,dataset_complete/cacao_diseases/cacao_photos/healthy/healthy_1288.jpg,0,929cde1d843b070e51cff774cbd6185f,dbec0392e2c9cad1,cache_256/dataset_complete/cacao_diseases/cacao_photos/healthy/healthy_1288.png,B,no_usada,sana,1288
2304,dataset_complete/cacao_diseases/cacao_photos/healthy/healthy_1289.jpg,0,9708c953fdd6cde65f5dbd8ecbd45518,cc7c3c069785f92c,cache_256/dataset_complete/cacao_diseases/cacao_photos/healthy/healthy_1289.png,B,no_usada,sana,1289
2305,dataset_complete/cacao_diseases/cacao_photos/healthy/healthy_129.jpg,0,43115b191001b5f5b75a43d86170c642,9e9cda715c75205a,cache_256/dataset_complete/cacao_diseases/cacao_photos/healthy/healthy_129.png,A,no_usada,sana,129
2306,dataset_complete/cacao_diseases/cacao_photos/healthy/healthy_1290.jpg,0,4bfdd404cdbfd9ee2735c5f477690627,c8aba27be4994f50,cache_256/dataset_complete/cacao_diseases/cacao_photos/healthy/healthy_1290.png,B,no_usada,sana,1290
2307,dataset_complete/cacao_diseases/cacao_photos/healthy/healthy_1291.jpg,0,af9ad1c0f3209672c3a849d3b3c24db6,fc9e23739968cb08,cache_256/dataset_complete/cacao_diseases/cacao_photos/healthy/healthy_1291.png,B,no_usada,sana,1291
2308,dataset_complete/cacao_diseases/cacao_photos/healthy/healthy_1292.jpg,0,ec977024f1879ad9034ce3ab7c020f01,cb7850630f909adf,cache_256/dataset_complete/cacao_diseases/cacao_photos/healthy/healthy_1292.png,A,no_usada,sana,1292
2309,dataset_complete/cacao_diseases/cacao_photos/healthy/healthy_1293.jpg,0,f2a4aedc23e9cedfe253b4c0d3b5a423,ca88757f03e38ad8,cache_256/dataset_complete/cacao_diseases/cacao_photos/healthy/healthy_1293.png,B,no_usada,sana,1293
2310,dataset_complete/cacao_diseases/cacao_photos/healthy/healthy_1294.jpg,0,409ebab3a1b4d257bcbd59b8ae8df578,cbe7dd18b8a10c56,cache_256/dataset_complete/cacao_diseases/cacao_photos/healthy/healthy_1294.png,B,no_usada,sana,1294
2311,dataset_complete/cacao_diseases/cacao_photos/healthy/healthy_1295.jpg,0,c2411782ba6612cb8a61234f720efee4,d930a46563e6af86,cache_256/dataset_complete/cacao_diseases/cacao_photos/healthy/healthy_1295.png,B,no_usada,sana,1295
2312,dataset_complete/cacao_diseases/cacao_photos/healthy/healthy_1296.jpg,0,bf77b491467012c6d2833eaacbdea58f,d9a488e6a1c9de55,cache_256/dataset_complete/cacao_diseases/cacao_photos/healthy/healthy_1296.png,B,no_usada,sana,1296
2313,dataset_complete/cacao_diseases/cacao_photos/healthy/healthy_1297.jpg,0,7c9ad7013a28834d601d7f817813b0c6,f6e5192f53068715,cache_256/dataset_complete/cacao_diseases/cacao_photos/healthy/healthy_1297.png,B,no_usada,sana,1297
2314,dataset_complete/cacao_diseases/cacao_photos/healthy/healthy_1298.jpg,0,1ba4b3185be334b349c9c9234a2047d8,97eab432659249e5,cache_256/dataset_complete/cacao_diseases/cacao_photos/healthy/healthy_1298.png,B,no_usada,sana,1298
2315,dataset_complete/cacao_diseases/cacao_photos/healthy/healthy_1299.jpg,0,f11ef14b9a694da3cbaf6f8a1b1f8fc2,9b260ca3989bbc9e,cache_256/dataset_complete/cacao_diseases/cacao_photos/healthy/healthy_1299.png,B,no_usada,sana,1299
2316,dataset_complete/cacao_diseases/cacao_photos/healthy/healthy_130.jpg,0,2736eacc4ceb8a3138a714957aeaa337,e9c01eab71d1cf03,cache_256/dataset_complete/cacao_diseases/cacao_photos/healthy/healthy_130.png,A,no_usada,sana,130
2317,dataset_complete/cacao_diseases/cacao_photos/healthy/healthy_1300.jpg,0,a3a6c06c4ccb24c5d2c821ccd2103bd5,c9e4361f7ee1c083,cache_256/dataset_complete/cacao_diseases/cacao_photos/healthy/healthy_1300.png,B,no_usada,sana,1300
2318,dataset_complete/cacao_diseases/cacao_photos/healthy/healthy_1301.jpg,0,0a167e6187e37001d90fdec9e1bc3e47,bc9d29a223c696dc,cache_256/dataset_complete/cacao_diseases/cacao_photos/healthy/healthy_1301.png,B,no_usada,sana,1301
2319,dataset_complete/cacao_diseases/cacao_photos/healthy/healthy_1302.jpg,0,3eed1f8a440df6c7a31375949a88e626,c96c53b337d32c90,cache_256/dataset_complete/cacao_diseases/cacao_photos/healthy/healthy_1302.png,B,no_usada,sana,1302
2320,dataset_complete/cacao_diseases/cacao_photos/healthy/healthy_1303.jpg,0,209e26fd3d61a05d09e80b3493eb9d9f,bc5393fe526082f4,cache_256/dataset_complete/cacao_diseases/cacao_photos/healthy/healthy_1303.png,A,no_usada,sana,1303
2321,dataset_complete/cacao_diseases/cacao_photos/healthy/healthy_1304.jpg,0,0e18374967eb7298142b955813b796f1,c98ad9d17687e198,cache_256/dataset_complete/cacao_diseases/cacao_photos/healthy/healthy_1304.png,B,no_usada,sana,1304
2322,dataset_complete/cacao_diseases/cacao_photos/healthy/healthy_1305.jpg,0,4041c2a322599232aa833a40271f04cd,add419b5b11b3ab0,cache_256/dataset_complete/cacao_diseases/cacao_photos/healthy/healthy_1305.png,B,no_usada,sana,1305
2323,dataset_complete/cacao_diseases/cacao_photos/healthy/healthy_1306.jpg,0,9cee65a500b6912e9d14e84b23153498,974e92f2b69c8cd0,cache_256/dataset_complete/cacao_diseases/cacao_photos/healthy/healthy_1306.png,B,no_usada,sana,1306
2324,dataset_complete/cacao_diseases/cacao_photos/healthy/healthy_1307.jpg,0,820daf0bb55fef9ef41fb42c8a1b050f,ceb19da659b5b408,cache_256/dataset_complete/cacao_diseases/cacao_photos/healthy/healthy_1307.png,B,no_usada,sana,1307
2325,dataset_complete/cacao_diseases/cacao_photos/healthy/healthy_1308.jpg,0,a53da3fb25349c36a18e75407b9918ae,d8e6963691d69998,cache_256/dataset_complete/cacao_diseases/cacao_photos/healthy/healthy_1308.png,B,no_usada,sana,1308
2326,dataset_complete/cacao_diseases/cacao_photos/healthy/healthy_1309.jpg,0,c1d9ffbd0f9fe8be4125b2be903e038e,eea61cb685c4ca4e,cache_256/dataset_complete/cacao_diseases/cacao_photos/healthy/healthy_1309.png,B,no_usada,sana,1309
2327,dataset_complete/cacao_diseases/cacao_photos/healthy/healthy_131.jpg,0,fef27e7631d328db9d878e8608903065,dcc8786135674e4b,cache_256/dataset_complete/cacao_diseases/cacao_photos/healthy/healthy_131.png,A,no_usada,sana,131
2328,dataset_complete/cacao_diseases/cacao_photos/healthy/healthy_1310.jpg,0,342e4f3bf330da9b7dc9b6fc8a9fe680,ee423c6b52f742c1,cache_256/dataset_complete/cacao_diseases/cacao_photos/healthy/healthy_1310.png,B,no_usada,sana,1310
2329,dataset_complete/cacao_diseases/cacao_photos/healthy/healthy_1311.jpg,0,afdbc2ca3864d7be2f2c96c36e826fc6,cae41f1b229bd4e8,cache_256/dataset_complete/cacao_diseases/cacao_photos/healthy/healthy_1311.png,B,no_usada,sana,1311
2330,dataset_complete/cacao_diseases/cacao_photos/healthy/healthy_1312.jpg,0,8142a8436c37db6d3a09d41321be4476,89f636951b901cd7,cache_256/dataset_complete/cacao_diseases/cacao_photos/healthy/healthy_1312.png,B,no_usada,sana,1312
2331,dataset_complete/cacao_diseases/cacao_photos/healthy/healthy_1313.jpg,0,aa2cb9a8823b20db48a36114f3fcb8de,cde481b07db6c256,cache_256/dataset_complete/cacao_diseases/cacao_photos/healthy/healthy_1313.png,B,no_usada,sana,1313
2332,dataset_complete/cacao_diseases/cacao_photos/healthy/healthy_1314.jpg,0,c086639fa34669e91166b63803c68b68,a7fb8e2b746a4054,cache_256/dataset_complete/cacao_diseases/cacao_photos/healthy/healthy_1314.png,A,no_usada,sana,1314
2333,dataset_complete/cacao_diseases/cacao_photos/healthy/healthy_1315.jpg,0,86290ae4822fd5d38da80c0b634a2c26,dd3f60a7f9c88460,cache_256/dataset_complete/cacao_diseases/cacao_photos/healthy/healthy_1315.png,B,no_usada,sana,1315
2334,dataset_complete/cacao_diseases/cacao_photos/healthy/healthy_1316.jpg,0,c6819f49884023f60a4005c73997ca84,cd147b2316f40fc9,cache_256/dataset_complete/cacao_diseases/cacao_photos/healthy/healthy_1316.png,B,no_usada,sana,1316
2335,dataset_complete/cacao_diseases/cacao_photos/healthy/healthy_1317.jpg,0,fa7ea42887e559ca3e0f90d61a2f9b54,ef1aa8d36ab443a2,cache_256/dataset_complete/cacao_diseases/cacao_photos/healthy/healthy_1317.png,B,no_usada,sana,1317
2336,dataset_complete/cacao_diseases/cacao_photos/healthy/healthy_1318.jpg,0,838aef7d0604ac02dc1b8dae01564188,9c64f148629fd61e,cache_256/dataset_complete/cacao_diseases/cacao_photos/healthy/healthy_1318.png,B,no_usada,sana,1318
2337,dataset_complete/cacao_diseases/cacao_photos/healthy/healthy_1319.jpg,0,01a118b45ff4e3197f48253948b948a6,93db693dbcac1640,cache_256/dataset_complete/cacao_diseases/cacao_photos/healthy/healthy_1319.png,B,no_usada,sana,1319
2338,dataset_complete/cacao_diseases/cacao_photos/healthy/healthy_132.jpg,0,0e3bcd1e5cc691b45375529a36cfd014,8bf1a0f4999278b5,cache_256/dataset_complete/cacao_diseases/cacao_photos/healthy/healthy_132.png,A,no_usada,sana,132
2339,dataset_complete/cacao_diseases/cacao_photos/healthy/healthy_1320.jpg,0,821bcb5200ffe168a51b309eeceb6ae3,b3921c0e3cae3eb4,cache_256/dataset_complete/cacao_diseases/cacao_photos/healthy/healthy_1320.png,B,no_usada,sana,1320
2340,dataset_complete/cacao_diseases/cacao_photos/healthy/healthy_1321.jpg,0,5b98f0bfb3a232939ee7627389b76fd8,d8e7c607066ccace,cache_256/dataset_complete/cacao_diseases/cacao_photos/healthy/healthy_1321.png,B,no_usada,sana,1321
2341,dataset_complete/cacao_diseases/cacao_photos/healthy/healthy_1322.jpg,0,81cf4a7bc1c1be00db5adbc81ffa45bb,cdb84067d81ed89b,cache_256/dataset_complete/cacao_diseases/cacao_photos/healthy/healthy_1322.png,B,no_usada,sana,1322
2342,dataset_complete/cacao_diseases/cacao_photos/healthy/healthy_1323.jpg,0,bd69ef6c99b4c56dc6cbc3607487aecc,d8e4e80db6dfb082,cache_256/dataset_complete/cacao_diseases/cacao_photos/healthy/healthy_1323.png,B,no_usada,sana,1323
2343,dataset_complete/cacao_diseases/cacao_photos/healthy/healthy_1324.jpg,0,48ab73d3df4a5fb7218ab00ba45468d5,a5b6ec806ac377a1,cache_256/dataset_complete/cacao_diseases/cacao_photos/healthy/healthy_1324.png,B,no_usada,sana,1324
2344,dataset_complete/cacao_diseases/cacao_photos/healthy/healthy_1325.jpg,0,c7a2cb193a126acd83102db99a488065,98c9ed22325adb96,cache_256/dataset_complete/cacao_diseases/cacao_photos/healthy/healthy_1325.png,A,no_usada,sana,1325
2345,dataset_complete/cacao_diseases/cacao_photos/healthy/healthy_1326.jpg,0,b1eed9c7a30dbfae672900783479f8cb,8cb55c21a3755787,cache_256/dataset_complete/cacao_diseases/cacao_photos/healthy/healthy_1326.png,B,no_usada,sana,1326
2346,dataset_complete/cacao_diseases/cacao_photos/healthy/healthy_1327.jpg,0,10bbf196fe05e3cd0ca107053c7f22be,deb32c61f495414b,cache_256/dataset_complete/cacao_diseases/cacao_photos/healthy/healthy_1327.png,B,no_usada,sana,1327
2347,dataset_complete/cacao_diseases/cacao_photos/healthy/healthy_1328.jpg,0,c52ed2cf89ed342a9b9523ac52169b1f,cc63399a57cd8750,cache_256/dataset_complete/cacao_diseases/cacao_photos/healthy/healthy_1328.png,B,no_usada,sana,1328
2348,dataset_complete/cacao_diseases/cacao_photos/healthy/healthy_1329.jpg,0,e68615dc730aeffb9c7f5a9429b04e73,fcd72df90288c18b,cache_256/dataset_complete/cacao_diseases/cacao_photos/healthy/healthy_1329.png,B,no_usada,sana,1329
2349,dataset_complete/cacao_diseases/cacao_photos/healthy/healthy_133.jpg,0,be7e0df7a7c16c9142aeae01c37373f4,ccecb4b2aa2368d6,cache_256/dataset_complete/cacao_diseases/cacao_photos/healthy/healthy_133.png,A,no_usada,sana,133
2350,dataset_complete/cacao_diseases/cacao_photos/healthy/healthy_1330.jpg,0,4b0386f823a5f5cdae04b283e71bb3f4,9aa665262679f8aa,cache_256/dataset_complete/cacao_diseases/cacao_photos/healthy/healthy_1330.png,B,no_usada,sana,1330
2351,dataset_complete/cacao_diseases/cacao_photos/healthy/healthy_1331.jpg,0,4322950a7c624578fd8fd24973d63e7a,9a8e6906b696694f,cache_256/dataset_complete/cacao_diseases/cacao_photos/healthy/healthy_1331.png,B,no_usada,sana,1331
2352,dataset_complete/cacao_diseases/cacao_photos/healthy/healthy_1332.jpg,0,328918fae3fbfeb3a3fc9bfe910366ec,9925c93688b3d67a,cache_256/dataset_complete/cacao_diseases/cacao_photos/healthy/healthy_1332.png,B,no_usada,sana,1332
2353,dataset_complete/cacao_diseases/cacao_photos/healthy/healthy_1333.jpg,0,be93838c82a9212df51b32e39ca48021,f8e63f113f781c08,cache_256/dataset_complete/cacao_diseases/cacao_photos/healthy/healthy_1333.png,A,no_usada,sana,1333
2354,dataset_complete/cacao_diseases/cacao_photos/healthy/healthy_1334.jpg,0,6a6be555319608668dd8c139bf32f1cc,a2672b7b3c0d740e,cache_256/dataset_complete/cacao_diseases/cacao_photos/healthy/healthy_1334.png,A,no_usada,sana,1334
2355,dataset_complete/cacao_diseases/cacao_photos/healthy/healthy_1335.jpg,0,b049450f6359498f4fb30bfdf8b013dd,d99b1f9188ec7606,cache_256/dataset_complete/cacao_diseases/cacao_photos/healthy/healthy_1335.png,A,no_usada,sana,1335
2356,dataset_complete/cacao_diseases/cacao_photos/healthy/healthy_1336.jpg,0,be7df7de28c8d39f053bf4ecce672858,87a2e463cb950f95,cache_256/dataset_complete/cacao_diseases/cacao_photos/healthy/healthy_1336.png,A,no_usada,sana,1336
2357,dataset_complete/cacao_diseases/cacao_photos/healthy/healthy_1337.jpg,0,569bc3a2dad79f5720ca46df0528fd54,ad1c596662d2da95,cache_256/dataset_complete/cacao_diseases/cacao_photos/healthy/healthy_1337.png,A,no_usada,sana,1337
2358,dataset_complete/cacao_diseases/cacao_photos/healthy/healthy_1338.jpg,0,ac578f87ff7aae8fcf58e295e3b432d2,b358aae354e6e087,cache_256/dataset_complete/cacao_diseases/cacao_photos/healthy/healthy_1338.png,A,no_usada,sana,1338
2359,dataset_complete/cacao_diseases/cacao_photos/healthy/healthy_1339.jpg,0,769218e03c29712510cf5c5cc16e8741,96221944773d2d5f,cache_256/dataset_complete/cacao_diseases/cacao_photos/healthy/healthy_1339.png,A,no_usada,sana,1339
2360,dataset_complete/cacao_diseases/cacao_photos/healthy/healthy_134.jpg,0,de5d34a8baf7ae8c6146b69556a89b08,c10ead2ba946fae1,cache_256/dataset_complete/cacao_diseases/cacao_photos/healthy/healthy_134.png,A,no_usada,sana,134
2361,dataset_complete/cacao_diseases/cacao_photos/healthy/healthy_1340.jpg,0,81c877fea7ed26cfb5cbbd9c349facca,ca16393e227d6cc9,cache_256/dataset_complete/cacao_diseases/cacao_photos/healthy/healthy_1340.png,A,no_usada,sana,1340
2362,dataset_complete/cacao_diseases/cacao_photos/healthy/healthy_1341.jpg,0,0ea72df510cd25183b4194a361b54a77,914a62b75ba48ed9,cache_256/dataset_complete/cacao_diseases/cacao_photos/healthy/healthy_1341.png,A,no_usada,sana,1341
2363,dataset_complete/cacao_diseases/cacao_photos/healthy/healthy_1342.jpg,0,a479d401369ce5a81ab6a222223f2b8b,99b8675996929a9a,cache_256/dataset_complete/cacao_diseases/cacao_photos/healthy/healthy_1342.png,A,no_usada,sana,1342
2364,dataset_complete/cacao_diseases/cacao_photos/healthy/healthy_1343.jpg,0,2b11aec868121ce8745973a812389dc3,c88e3af8232ff341,cache_256/dataset_complete/cacao_diseases/cacao_photos/healthy/healthy_1343.png,A,no_usada,sana,1343
2365,dataset_complete/cacao_diseases/cacao_photos/healthy/healthy_1344.jpg,0,7be667a181680ffccefda8c1dc45691e,c83c276617216b3f,cache_256/dataset_complete/cacao_diseases/cacao_photos/healthy/healthy_1344.png,A,no_usada,sana,1344
2366,dataset_complete/cacao_diseases/cacao_photos/healthy/healthy_1345.jpg,0,db5e8e6f12e691e990b64dd7d0d4a791,ccf83713e3c484ce,cache_256/dataset_complete/cacao_diseases/cacao_photos/healthy/healthy_1345.png,A,no_usada,sana,1345
2367,dataset_complete/cacao_diseases/cacao_photos/healthy/healthy_1346.jpg,0,e1ae4bdaebab1e08747949715efb549e,8f3424a77317b24b,cache_256/dataset_complete/cacao_diseases/cacao_photos/healthy/healthy_1346.png,A,no_usada,sana,1346
2368,dataset_complete/cacao_diseases/cacao_photos/healthy/healthy_1347.jpg,0,07cc1f9d85191d6f8cee67969ac859b5,adb1a6616b44d596,cache_256/dataset_complete/cacao_diseases/cacao_photos/healthy/healthy_1347.png,A,no_usada,sana,1347
2369,dataset_complete/cacao_diseases/cacao_photos/healthy/healthy_1348.jpg,0,54d1095a5d343561d91d7e3185376e98,baacd9b1ed334460,cache_256/dataset_complete/cacao_diseases/cacao_photos/healthy/healthy_1348.png,A,no_usada,sana,1348
2370,dataset_complete/cacao_diseases/cacao_photos/healthy/healthy_1349.jpg,0,bc084808782696d263bb31c32c473d6e,93e1bd7e20e4634a,cache_256/dataset_complete/cacao_diseases/cacao_photos/healthy/healthy_1349.png,A,no_usada,sana,1349
2371,dataset_complete/cacao_diseases/cacao_photos/healthy/healthy_135.jpg,0,ca03f3d90f587d0300c00930354b0b29,c9ccae7431f25217,cache_256/dataset_complete/cacao_diseases/cacao_photos/healthy/healthy_135.png,A,no_usada,sana,135
2372,dataset_complete/cacao_diseases/cacao_photos/healthy/healthy_1350.jpg,0,c61d80643f4949a74c59a1f398ea67f2,ce8198657cbc83b3,cache_256/dataset_complete/cacao_diseases/cacao_photos/healthy/healthy_1350.png,A,no_usada,sana,1350
2373,dataset_complete/cacao_diseases/cacao_photos/healthy/healthy_1351.jpg,0,7892901b68a05f1f82ef0172570a5778,cca439312f5b62c7,cache_256/dataset_complete/cacao_diseases/cacao_photos/healthy/healthy_1351.png,A,no_usada,sana,1351
2374,dataset_complete/cacao_diseases/cacao_photos/healthy/healthy_1352.jpg,0,6a45ff9dc8e13ce37baa4fd27771b2ba,8cd04d5f7e62207e,cache_256/dataset_complete/cacao_diseases/cacao_photos/healthy/healthy_1352.png,A,no_usada,sana,1352
2375,dataset_complete/cacao_diseases/cacao_photos/healthy/healthy_1353.jpg,0,69f08cf3c5d3f171bd4bd9bcad3d1952,83d7c6956c90598f,cache_256/dataset_complete/cacao_diseases/cacao_photos/healthy/healthy_1353.png,A,no_usada,sana,1353
2376,dataset_complete/cacao_diseases/cacao_photos/healthy/healthy_1354.jpg,0,a9fa387a6d4f295459ad152b7a7df47c,c3034c5bbd5f1ae0,cache_256/dataset_complete/cacao_diseases/cacao_photos/healthy/healthy_1354.png,A,no_usada,sana,1354
2377,dataset_complete/cacao_diseases/cacao_photos/healthy/healthy_1355.jpg,0,5e5494c6898eca06d3261040c4b4f5c8,8d97bca89af870d0,cache_256/dataset_complete/cacao_diseases/cacao_photos/healthy/healthy_1355.png,A,no_usada,sana,1355
2378,dataset_complete/cacao_diseases/cacao_photos/healthy/healthy_1356.jpg,0,8355da8f7d30b8a7c91cf5a4b6e6a2d5,b8f833534e172d85,cache_256/dataset_complete/cacao_diseases/cacao_photos/healthy/healthy_1356.png,A,no_usada,sana,1356
2379,dataset_complete/cacao_diseases/cacao_photos/healthy/healthy_1357.jpg,0,0810ff4ce1d1d5f49d0f87b39992b6cb,ce9d2073f7e000af,cache_256/dataset_complete/cacao_diseases/cacao_photos/healthy/healthy_1357.png,A,no_usada,sana,1357
2380,dataset_complete/cacao_diseases/cacao_photos/healthy/healthy_1358.jpg,0,11add3124f537107708a6371aa108748,8b51a57e66e482cd,cache_256/dataset_complete/cacao_diseases/cacao_photos/healthy/healthy_1358.png,A,no_usada,sana,1358
2381,dataset_complete/cacao_diseases/cacao_photos/healthy/healthy_1359.jpg,0,4224a90d1ed381275e53b17edebd06d5,f3fc8d3253290d15,cache_256/dataset_complete/cacao_diseases/cacao_photos/healthy/healthy_1359.png,A,no_usada,sana,1359
2382,dataset_complete/cacao_diseases/cacao_photos/healthy/healthy_136.jpg,0,a0181f3431b092bb33d4e700d9dece68,e0598f6409add70f,cache_256/dataset_complete/cacao_diseases/cacao_photos/healthy/healthy_136.png,A,no_usada,sana,136
2383,dataset_complete/cacao_diseases/cacao_photos/healthy/healthy_1360.jpg,0,b48e67112d04fd3a166f82bfc98b6590,9928a6708666e5df,cache_256/dataset_complete/cacao_diseases/cacao_photos/healthy/healthy_1360.png,A,no_usada,sana,1360
2384,dataset_complete/cacao_diseases/cacao_photos/healthy/healthy_1361.jpg,0,0544878ce277dc3deac5bb174fbaf05c,9d63a112bd8fd183,cache_256/dataset_complete/cacao_diseases/cacao_photos/healthy/healthy_1361.png,A,no_usada,sana,1361
2385,dataset_complete/cacao_diseases/cacao_photos/healthy/healthy_1362.jpg,0,943b2864e5c3d10fc7af12da9b250775,b2b6e90979e3305a,cache_256/dataset_complete/cacao_diseases/cacao_photos/healthy/healthy_1362.png,A,no_usada,sana,1362
2386,dataset_complete/cacao_diseases/cacao_photos/healthy/healthy_1363.jpg,0,2196c73d1fb45daf448504cd55676280,edf52d418979f090,cache_256/dataset_complete/cacao_diseases/cacao_photos/healthy/healthy_1363.png,A,no_usada,sana,1363
2387,dataset_complete/cacao_diseases/cacao_photos/healthy/healthy_1364.jpg,0,6dfcd849c5fe44305943f80e7e065d61,893d06e3f096b0d7,cache_256/dataset_complete/cacao_diseases/cacao_photos/healthy/healthy_1364.png,A,no_usada,sana,1364
2388,dataset_complete/cacao_diseases/cacao_photos/healthy/healthy_1365.jpg,0,df84b2947c0a263f146d16f2ae3a0f89,b26d2f24d2a2c96e,cache_256/dataset_complete/cacao_diseases/cacao_photos/healthy/healthy_1365.png,A,no_usada,sana,1365
2389,dataset_complete/cacao_diseases/cacao_photos/healthy/healthy_1366.jpg,0,b4c9ea31d59acace699f3cabdd03fdc1,dbd21660676562ce,cache_256/dataset_complete/cacao_diseases/cacao_photos/healthy/healthy_1366.png,A,no_usada,sana,1366
2390,dataset_complete/cacao_diseases/cacao_photos/healthy/healthy_1367.jpg,0,463f624326020b8fddf98aab94548ff5,8eb59c58bcb83c58,cache_256/dataset_complete/cacao_diseases/cacao_photos/healthy/healthy_1367.png,A,no_usada,sana,1367
2391,dataset_complete/cacao_diseases/cacao_photos/healthy/healthy_1368.jpg,0,3872a126de7c6a097efe3b841d1a385a,ccccf6779d181606,cache_256/dataset_complete/cacao_diseases/cacao_photos/healthy/healthy_1368.png,A,no_usada,sana,1368
2392,dataset_complete/cacao_diseases/cacao_photos/healthy/healthy_1369.jpg,0,9061fda9d248a3f0bf2c876f88a270c0,d97e761823a22f92,cache_256/dataset_complete/cacao_diseases/cacao_photos/healthy/healthy_1369.png,A,no_usada,sana,1369
2393,dataset_complete/cacao_diseases/cacao_photos/healthy/healthy_137.jpg,0,1838f3b08b1e19f64e443d279b1f8848,9778f8f3b2046585,cache_256/dataset_complete/cacao_diseases/cacao_photos/healthy/healthy_137.png,A,no_usada,sana,137
2394,dataset_complete/cacao_diseases/cacao_photos/healthy/healthy_1370.jpg,0,ecc21490b05c8d5680999799e9ee739a,b8f87b6b098624b6,cache_256/dataset_complete/cacao_diseases/cacao_photos/healthy/healthy_1370.png,A,no_usada,sana,1370
2395,dataset_complete/cacao_diseases/cacao_photos/healthy/healthy_1371.jpg,0,70ced51b7b11b9363b34cc643b715659,da995dba76f82060,cache_256/dataset_complete/cacao_diseases/cacao_photos/healthy/healthy_1371.png,A,no_usada,sana,1371
2396,dataset_complete/cacao_diseases/cacao_photos/healthy/healthy_1372.jpg,0,3d726509b69fee2d3f846cdc744d70dd,e1a3497765357454,cache_256/dataset_complete/cacao_diseases/cacao_photos/healthy/healthy_1372.png,A,no_usada,sana,1372
2397,dataset_complete/cacao_diseases/cacao_photos/healthy/healthy_1373.jpg,0,eec503c467dbfe4d62e685b1448a163a,dfb818727163e30c,cache_256/dataset_complete/cacao_diseases/cacao_photos/healthy/healthy_1373.png,A,no_usada,sana,1373
2398,dataset_complete/cacao_diseases/cacao_photos/healthy/healthy_1374.jpg,0,8cdc85e088c5f7cd82b44d3b193d9053,e9e3e02342f592f8,cache_256/dataset_complete/cacao_diseases/cacao_photos/healthy/healthy_1374.png,A,no_usada,sana,1374
2399,dataset_complete/cacao_diseases/cacao_photos/healthy/healthy_1375.jpg,0,57fab72430b4321e733754aefb14de2f,f01af8a0f82f7361,cache_256/dataset_complete/cacao_diseases/cacao_photos/healthy/healthy_1375.png,A,no_usada,sana,1375
2400,dataset_complete/cacao_diseases/cacao_photos/healthy/healthy_1376.jpg,0,b29a5d5770342495e3549a746b0abfb4,81a51d6b63c6aa9e,cache_256/dataset_complete/cacao_diseases/cacao_photos/healthy/healthy_1376.png,A,no_usada,sana,1376
2401,dataset_complete/cacao_diseases/cacao_photos/healthy/healthy_1377.jpg,0,f0593527df50eac8d271a089988de3f8,edc7d87a8f530c02,cache_256/dataset_complete/cacao_diseases/cacao_photos/healthy/healthy_1377.png,A,no_usada,sana,1377
2402,dataset_complete/cacao_diseases/cacao_photos/healthy/healthy_1378.jpg,0,eb9efacade1c7066568fe9a8a8cb55ef,9b660d37bed8580c,cache_256/dataset_complete/cacao_diseases/cacao_photos/healthy/healthy_1378.png,A,no_usada,sana,1378
2403,dataset_complete/cacao_diseases/cacao_photos/healthy/healthy_1379.jpg,0,6ad4d4b1268f2fce5b82508b9da122ac,9e988b3161a77ec2,cache_256/dataset_complete/cacao_diseases/cacao_photos/healthy/healthy_1379.png,A,no_usada,sana,1379
2404,dataset_complete/cacao_diseases/cacao_photos/healthy/healthy_138.jpg,0,490b8170bfb9b844110038a50854d972,8b9c9c66f1e78382,cache_256/dataset_complete/cacao_diseases/cacao_photos/healthy/healthy_138.png,A,no_usada,sana,138
2405,dataset_complete/cacao_diseases/cacao_photos/healthy/healthy_1380.jpg,0,523c632495dea9697a18554fabccad2f,f66c133933cc40e7,cache_256/dataset_complete/cacao_diseases/cacao_photos/healthy/healthy_1380.png,A,no_usada,sana,1380
2406,dataset_complete/cacao_diseases/cacao_photos/healthy/healthy_1381.jpg,0,dc35c331e167c6c64338f71fd2767207,ed481cf6670c1ccd,cache_256/dataset_complete/cacao_diseases/cacao_photos/healthy/healthy_1381.png,A,no_usada,sana,1381
2407,dataset_complete/cacao_diseases/cacao_photos/healthy/healthy_1382.jpg,0,3d7aaa48ce4a15117c36bcb670dc9edc,c52eb179506fcb42,cache_256/dataset_complete/cacao_diseases/cacao_photos/healthy/healthy_1382.png,A,no_usada,sana,1382
2408,dataset_complete/cacao_diseases/cacao_photos/healthy/healthy_1383.jpg,0,f75c063ba7e9d7a435323097f7c39337,99d8b9f0b0323e3a,cache_256/dataset_complete/cacao_diseases/cacao_photos/healthy/healthy_1383.png,A,no_usada,sana,1383
2409,dataset_complete/cacao_diseases/cacao_photos/healthy/healthy_1384.jpg,0,47bbff719f63d7451771e53cb4b9b397,be352db220c326db,cache_256/dataset_complete/cacao_diseases/cacao_photos/healthy/healthy_1384.png,A,no_usada,sana,1384
2410,dataset_complete/cacao_diseases/cacao_photos/healthy/healthy_1385.jpg,0,1d91c4b10b1ed236aa743bf676b42d36,924ae137e435e68e,cache_256/dataset_complete/cacao_diseases/cacao_photos/healthy/healthy_1385.png,A,no_usada,sana,1385
2411,dataset_complete/cacao_diseases/cacao_photos/healthy/healthy_1386.jpg,0,268f809766afd5f1770f39246fdb0abd,fb2df206620bb29c,cache_256/dataset_complete/cacao_diseases/cacao_photos/healthy/healthy_1386.png,A,no_usada,sana,1386
2412,dataset_complete/cacao_diseases/cacao_photos/healthy/healthy_1387.jpg,0,518869ca9da4430a757fa6dd86a5e56e,b1b61d53e1c97c48,cache_256/dataset_complete/cacao_diseases/cacao_photos/healthy/healthy_1387.png,A,no_usada,sana,1387
2413,dataset_complete/cacao_diseases/cacao_photos/healthy/healthy_1388.jpg,0,83108f46302c7eb3b8ddb0c38b416a13,8f781d6275a6a31c,cache_256/dataset_complete/cacao_diseases/cacao_photos/healthy/healthy_1388.png,A,no_usada,sana,1388
2414,dataset_complete/cacao_diseases/cacao_photos/healthy/healthy_1389.jpg,0,f1da8650237f27cf0f1950e6a0e2abc6,eba59563c61e6c18,cache_256/dataset_complete/cacao_diseases/cacao_photos/healthy/healthy_1389.png,A,no_usada,sana,1389
2415,dataset_complete/cacao_diseases/cacao_photos/healthy/healthy_139.jpg,0,15808b8a56b59362b13317bff6b163bb,8a9809a475df78a7,cache_256/dataset_complete/cacao_diseases/cacao_photos/healthy/healthy_139.png,A,no_usada,sana,139
2416,dataset_complete/cacao_diseases/cacao_photos/healthy/healthy_1390.jpg,0,f63443b468ae2d3589ce94891c727e44,d29fc930aa0abbd2,cache_256/dataset_complete/cacao_diseases/cacao_photos/healthy/healthy_1390.png,A,no_usada,sana,1390
2417,dataset_complete/cacao_diseases/cacao_photos/healthy/healthy_1391.jpg,0,bc5aeeb88d0a6dcdface7f9921f4190b,99a2397061e327cf,cache_256/dataset_complete/cacao_diseases/cacao_photos/healthy/healthy_1391.png,A,no_usada,sana,1391
2418,dataset_complete/cacao_diseases/cacao_photos/healthy/healthy_1392.jpg,0,f8690042a00f568afb5bff48e9c1b055,e261143223747bef,cache_256/dataset_complete/cacao_diseases/cacao_photos/healthy/healthy_1392.png,A,no_usada,sana,1392
2419,dataset_complete/cacao_diseases/cacao_photos/healthy/healthy_1393.jpg,0,e6a69ee382eaa03efb99b62d45d72cec,a3199a5e1af685c6,cache_256/dataset_complete/cacao_diseases/cacao_photos/healthy/healthy_1393.png,A,no_usada,sana,1393
2420,dataset_complete/cacao_diseases/cacao_photos/healthy/healthy_1394.jpg,0,724d6e0cb039d38f71ff105192017bcf,9a8f7a10f5e1194b,cache_256/dataset_complete/cacao_diseases/cacao_photos/healthy/healthy_1394.png,A,no_usada,sana,1394
2421,dataset_complete/cacao_diseases/cacao_photos/healthy/healthy_1395.jpg,0,124a7216070bf39eaef6f5c7b2e218dd,ec755a0f05f04ae9,cache_256/dataset_complete/cacao_diseases/cacao_photos/healthy/healthy_1395.png,A,no_usada,sana,1395
2422,dataset_complete/cacao_diseases/cacao_photos/healthy/healthy_1396.jpg,0,d2662fb1b598700bb3afc80023639a15,c86a9d20f8ceb395,cache_256/dataset_complete/cacao_diseases/cacao_photos/healthy/healthy_1396.png,A,no_usada,sana,1396
2423,dataset_complete/cacao_diseases/cacao_photos/healthy/healthy_1397.jpg,0,4a9ea463754d953f948537304a8d4018,e8b33c07e3f01e83,cache_256/dataset_complete/cacao_diseases/cacao_photos/healthy/healthy_1397.png,A,no_usada,sana,1397
2424,dataset_complete/cacao_diseases/cacao_photos/healthy/healthy_1398.jpg,0,6504301487417fcc9022ea7370ff2a20,dabc603235636b56,cache_256/dataset_complete/cacao_diseases/cacao_photos/healthy/healthy_1398.png,A,no_usada,sana,1398
2425,dataset_complete/cacao_diseases/cacao_photos/healthy/healthy_1399.jpg,0,bf4529c6446a608bb7a804513e3a75d0,9495b4a13b696a7a,cache_256/dataset_complete/cacao_diseases/cacao_photos/healthy/healthy_1399.png,A,no_usada,sana,1399
2426,dataset_complete/cacao_diseases/cacao_photos/healthy/healthy_140.jpg,0,4cb2aa2920a44ae913598f9c4eaa2201,e99d9c301d27e1c3,cache_256/dataset_complete/cacao_diseases/cacao_photos/healthy/healthy_140.png,A,no_usada,sana,140
2427,dataset_complete/cacao_diseases/cacao_photos/healthy/healthy_1400.jpg,0,08b4c21c5514052411b208d0fbb84c16,9fe7415b7692a250,cache_256/dataset_complete/cacao_diseases/cacao_photos/healthy/healthy_1400.png,A,no_usada,sana,1400
2428,dataset_complete/cacao_diseases/cacao_photos/healthy/healthy_1401.jpg,0,9b490f97c33dd197144c9611bb33c2cb,fe7c5db2043de088,cache_256/dataset_complete/cacao_diseases/cacao_photos/healthy/healthy_1401.png,A,no_usada,sana,1401
2429,dataset_complete/cacao_diseases/cacao_photos/healthy/healthy_1402.jpg,0,cde7eaea94bdfa26ef6cca5054af95ec,e7229c7612a2d74d,cache_256/dataset_complete/cacao_diseases/cacao_photos/healthy/healthy_1402.png,A,no_usada,sana,1402
2430,dataset_complete/cacao_diseases/cacao_photos/healthy/healthy_1403.jpg,0,13bea031ba0cd5787825db7317ad1883,d09c0e2d04e5e3f7,cache_256/dataset_complete/cacao_diseases/cacao_photos/healthy/healthy_1403.png,A,no_usada,sana,1403
2431,dataset_complete/cacao_diseases/cacao_photos/healthy/healthy_141.jpg,0,8108f1dabf5163a44f32411d56b7175e,e2d59a26b86254ed,cache_256/dataset_complete/cacao_diseases/cacao_photos/healthy/healthy_141.png,A,no_usada,sana,141
2432,dataset_complete/cacao_diseases/cacao_photos/healthy/healthy_142.jpg,0,f4802a9e76dffdd0b2c4fce3bbbc01e3,ff3f1821cc23bc28,cache_256/dataset_complete/cacao_diseases/cacao_photos/healthy/healthy_142.png,A,no_usada,sana,142
2433,dataset_complete/cacao_diseases/cacao_photos/healthy/healthy_143.jpg,0,c6233708b0d48a8bf45b781daf6dc4c5,dfc7c9f16701602c,cache_256/dataset_complete/cacao_diseases/cacao_photos/healthy/healthy_143.png,A,no_usada,sana,143
2434,dataset_complete/cacao_diseases/cacao_photos/healthy/healthy_144.jpg,0,2531355f3be5beb17ffbaf936c95066a,a15a69a5342e5797,cache_256/dataset_complete/cacao_diseases/cacao_photos/healthy/healthy_144.png,A,no_usada,sana,144
2435,dataset_complete/cacao_diseases/cacao_photos/healthy/healthy_1444.jpg,0,b15e9ec2312c49f8a3f5251233d62d99,de7de1470688987c,cache_256/dataset_complete/cacao_diseases/cacao_photos/healthy/healthy_1444.png,A,no_usada,sana,1444
2436,dataset_complete/cacao_diseases/cacao_photos/healthy/healthy_145.jpg,0,a76e89d5532c032902bf8e1fd76ee105,cc0c6c7323519f97,cache_256/dataset_complete/cacao_diseases/cacao_photos/healthy/healthy_145.png,A,no_usada,sana,145
2437,dataset_complete/cacao_diseases/cacao_photos/healthy/healthy_146.jpg,0,992e3b7bca7fde792e351768469acc34,c3da237472b742aa,cache_256/dataset_complete/cacao_diseases/cacao_photos/healthy/healthy_146.png,A,no_usada,sana,146
2438,dataset_complete/cacao_diseases/cacao_photos/healthy/healthy_147.jpg,0,44d546b7a3753378464a1d1ebd68c7b6,cbcc25e367c10e1e,cache_256/dataset_complete/cacao_diseases/cacao_photos/healthy/healthy_147.png,A,no_usada,sana,147
2439,dataset_complete/cacao_diseases/cacao_photos/healthy/healthy_148.jpg,0,c4396409a5332fdc64fb399c12a93cad,f2529735d9a0f286,cache_256/dataset_complete/cacao_diseases/cacao_photos/healthy/healthy_148.png,A,no_usada,sana,148
2440,dataset_complete/cacao_diseases/cacao_photos/healthy/healthy_149.jpg,0,0255767a4b6edc269f5444a0c630d76a,f0280f27add1d4bc,cache_256/dataset_complete/cacao_diseases/cacao_photos/healthy/healthy_149.png,A,no_usada,sana,149
2441,dataset_complete/cacao_diseases/cacao_photos/healthy/healthy_150.jpg,0,eb1232e770142490bbf6fe1c804996f8,959b7ba55169c544,cache_256/dataset_complete/cacao_diseases/cacao_photos/healthy/healthy_150.png,A,no_usada,sana,150
2442,dataset_complete/cacao_diseases/cacao_photos/healthy/healthy_151.jpg,0,e761b797b324222baef0bbccd5a54e3c,f74dc4a9b4f512a0,cache_256/dataset_complete/cacao_diseases/cacao_photos/healthy/healthy_151.png,A,no_usada,sana,151
2443,dataset_complete/cacao_diseases/cacao_photos/healthy/healthy_152.jpg,0,659b79ca84496cd00e50937c7425d3ad,f7f3d061482a2d3c,cache_256/dataset_complete/cacao_diseases/cacao_photos/healthy/healthy_152.png,A,no_usada,sana,152
2444,dataset_complete/cacao_diseases/cacao_photos/healthy/healthy_153.jpg,0,5745abb92c7bc16cbda3a6f87d60c726,8a9a3b33d0a6533d,cache_256/dataset_complete/cacao_diseases/cacao_photos/healthy/healthy_153.png,A,no_usada,sana,153
2445,dataset_complete/cacao_diseases/cacao_photos/healthy/healthy_154.jpg,0,7e10c2e7d38646564d0bbdf62d50ee8b,99910e37626a376b,cache_256/dataset_complete/cacao_diseases/cacao_photos/healthy/healthy_154.png,A,no_usada,sana,154
2446,dataset_complete/cacao_diseases/cacao_photos/healthy/healthy_155.jpg,0,ee40ac67d8d36ba9127d72dc0bdce2d4,819f5e341b5bcb05,cache_256/dataset_complete/cacao_diseases/cacao_photos/healthy/healthy_155.png,A,no_usada,sana,155
2447,dataset_complete/cacao_diseases/cacao_photos/healthy/healthy_156.jpg,0,4b961addce668d8484ca94bfdf277120,9518cac49dc7da87,cache_256/dataset_complete/cacao_diseases/cacao_photos/healthy/healthy_156.png,A,no_usada,sana,156
2448,dataset_complete/cacao_diseases/cacao_photos/healthy/healthy_157.jpg,0,aaf608aabd1c677f4b0b04b2cc47e451,8c09bfb4f0608bbe,cache_256/dataset_complete/cacao_diseases/cacao_photos/healthy/healthy_157.png,A,no_usada,sana,157
2449,dataset_complete/cacao_diseases/cacao_photos/healthy/healthy_158.jpg,0,dfa3a6a6c1cfcc11bd1f740b00b07958,9a18b0f2f7322af1,cache_256/dataset_complete/cacao_diseases/cacao_photos/healthy/healthy_158.png,A,no_usada,sana,158
2450,dataset_complete/cacao_diseases/cacao_photos/healthy/healthy_1583.jpg,0,48a1a04255f01e4291b806b3015256b1,ce611c37681c3edc,cache_256/dataset_complete/cacao_diseases/cacao_photos/healthy/healthy_1583.png,A,no_usada,sana,1583
2451,dataset_complete/cacao_diseases/cacao_photos/healthy/healthy_1584.jpg,0,a3b2781e4a9ad71122da3818623a629e,ab8f8f87c426521e,cache_256/dataset_complete/cacao_diseases/cacao_photos/healthy/healthy_1584.png,A,no_usada,sana,1584
2452,dataset_complete/cacao_diseases/cacao_photos/healthy/healthy_1585.jpg,0,9f302488b362419e49f393f546eef8e3,f9082c7612d1d39f,cache_256/dataset_complete/cacao_diseases/cacao_photos/healthy/healthy_1585.png,A,no_usada,sana,1585
2453,dataset_complete/cacao_diseases/cacao_photos/healthy/healthy_1586.jpg,0,d20bd04e2b1d1155635946f99260d917,d9b1b472e1812737,cache_256/dataset_complete/cacao_diseases/cacao_photos/healthy/healthy_1586.png,A,no_usada,sana,1586
2454,dataset_complete/cacao_diseases/cacao_photos/healthy/healthy_1587.jpg,0,291b8034c260b2340d7164faa50e8ff3,8c9f5872b1a6634b,cache_256/dataset_complete/cacao_diseases/cacao_photos/healthy/healthy_1587.png,A,no_usada,sana,1587
2455,dataset_complete/cacao_diseases/cacao_photos/healthy/healthy_1588.jpg,0,b8a148ead780534418f98ea4023e4f15,e56ecb75360b5508,cache_256/dataset_complete/cacao_diseases/cacao_photos/healthy/healthy_1588.png,A,no_usada,sana,1588
2456,dataset_complete/cacao_diseases/cacao_photos/healthy/healthy_1589.jpg,0,e70aeaa9cd4a5b89f6781817190bc620,e648eca4543ef319,cache_256/dataset_complete/cacao_diseases/cacao_photos/healthy/healthy_1589.png,A,no_usada,sana,1589
2457,dataset_complete/cacao_diseases/cacao_photos/healthy/healthy_159.jpg,0,bd0febfa1b701199a65288151bee8709,939dbc7870707370,cache_256/dataset_complete/cacao_diseases/cacao_photos/healthy/healthy_159.png,A,no_usada,sana,159
2458,dataset_complete/cacao_diseases/cacao_photos/healthy/healthy_1590.jpg,0,c489c73e79fcd147aca163c06ceebcda,de187937036583ae,cache_256/dataset_complete/cacao_diseases/cacao_photos/healthy/healthy_1590.png,A,no_usada,sana,1590
2459,dataset_complete/cacao_diseases/cacao_photos/healthy/healthy_1591.jpg,0,7a26dfbc4f2623463db9a5389d9752aa,92265cc51f9cf6e0,cache_256/dataset_complete/cacao_diseases/cacao_photos/healthy/healthy_1591.png,A,no_usada,sana,1591
2460,dataset_complete/cacao_diseases/cacao_photos/healthy/healthy_1592.jpg,0,13a96ea10095ecd269123d0cb9119419,ddb036270f9dc8c8,cache_256/dataset_complete/cacao_diseases/cacao_photos/healthy/healthy_1592.png,A,no_usada,sana,1592
2461,dataset_complete/cacao_diseases/cacao_photos/healthy/healthy_1593.jpg,0,2fb2dee63d384daf799c6fc93d52a273,93b88c63646723f6,cache_256/dataset_complete/cacao_diseases/cacao_photos/healthy/healthy_1593.png,A,no_usada,sana,1593
2462,dataset_complete/cacao_diseases/cacao_photos/healthy/healthy_1594.jpg,0,7b72f96ffa17949bc4e0c4bd7c666db9,ba5d5d60b4706b25,cache_256/dataset_complete/cacao_diseases/cacao_photos/healthy/healthy_1594.png,A,no_usada,sana,1594
2463,dataset_complete/cacao_diseases/cacao_photos/healthy/healthy_1595.jpg,0,7f5ca5c6aafb628fb2f2d58f502fa216,d91f217776829658,cache_256/dataset_complete/cacao_diseases/cacao_photos/healthy/healthy_1595.png,A,no_usada,sana,1595
2464,dataset_complete/cacao_diseases/cacao_photos/healthy/healthy_1596.jpg,0,6996c265c2d0bfa13edd0befa8d3bc12,dacf2f2c32c21363,cache_256/dataset_complete/cacao_diseases/cacao_photos/healthy/healthy_1596.png,A,no_usada,sana,1596
2465,dataset_complete/cacao_diseases/cacao_photos/healthy/healthy_1597.jpg,0,1239996d2b537b4286eb0df37e531a05,99c10d2736beb2e8,cache_256/dataset_complete/cacao_diseases/cacao_photos/healthy/healthy_1597.png,A,no_usada,sana,1597
2466,dataset_complete/cacao_diseases/cacao_photos/healthy/healthy_1598.jpg,0,647573e99e98b8cbc038a91000e53a5e,b3039c86037a7bb3,cache_256/dataset_complete/cacao_diseases/cacao_photos/healthy/healthy_1598.png,A,no_usada,sana,1598
2467,dataset_complete/cacao_diseases/cacao_photos/healthy/healthy_1599.jpg,0,076ce852b0d8dced2fd370ca3060d575,96588d666d6b3256,cache_256/dataset_complete/cacao_diseases/cacao_photos/healthy/healthy_1599.png,A,no_usada,sana,1599
2468,dataset_complete/cacao_diseases/cacao_photos/healthy/healthy_160.jpg,0,25ffb5c4969a95abb7eda90a541ed836,afa41537b788054f,cache_256/dataset_complete/cacao_diseases/cacao_photos/healthy/healthy_160.png,A,no_usada,sana,160
2469,dataset_complete/cacao_diseases/cacao_photos/healthy/healthy_1600.jpg,0,8f99d98a9b7a8205e76c5b9edb1af76b,dd840b237978dab2,cache_256/dataset_complete/cacao_diseases/cacao_photos/healthy/healthy_1600.png,A,no_usada,sana,1600
2470,dataset_complete/cacao_diseases/cacao_photos/healthy/healthy_1601.jpg,0,54e2e9b9b7076a8f885afc8bf017cb41,9fad0aa679c63918,cache_256/dataset_complete/cacao_diseases/cacao_photos/healthy/healthy_1601.png,A,no_usada,sana,1601
2471,dataset_complete/cacao_diseases/cacao_photos/healthy/healthy_1602.jpg,0,e14c839901059a542097be6538fc6e8f,cfa3dac3031db701,cache_256/dataset_complete/cacao_diseases/cacao_photos/healthy/healthy_1602.png,A,no_usada,sana,1602
2472,dataset_complete/cacao_diseases/cacao_photos/healthy/healthy_1603.jpg,0,c127d3677c9fc6dc5411804284e739f9,adede56774712081,cache_256/dataset_complete/cacao_diseases/cacao_photos/healthy/healthy_1603.png,A,no_usada,sana,1603
2473,dataset_complete/cacao_diseases/cacao_photos/healthy/healthy_1604.jpg,0,86b751707e1acbaab0c590ca5ccade3e,cf3270a436b9b989,cache_256/dataset_complete/cacao_diseases/cacao_photos/healthy/healthy_1604.png,A,no_usada,sana,1604
2474,dataset_complete/cacao_diseases/cacao_photos/healthy/healthy_1605.jpg,0,ba6e9caf2f1958223220b7a450e7a2d5,ce38e0fb68f36881,cache_256/dataset_complete/cacao_diseases/cacao_photos/healthy/healthy_1605.png,A,no_usada,sana,1605
2475,dataset_complete/cacao_diseases/cacao_photos/healthy/healthy_1606.jpg,0,f7cd33f79c4c7a0a07ae716f7666a0b0,c307263cf9d1ae07,cache_256/dataset_complete/cacao_diseases/cacao_photos/healthy/healthy_1606.png,A,no_usada,sana,1606
2476,dataset_complete/cacao_diseases/cacao_photos/healthy/healthy_1607.jpg,0,94cac6aea1b1050bf86da625a482b971,c88e2dec76f16183,cache_256/dataset_complete/cacao_diseases/cacao_photos/healthy/healthy_1607.png,A,no_usada,sana,1607
2477,dataset_complete/cacao_diseases/cacao_photos/healthy/healthy_1608.jpg,0,ffda3c39bc01144c9ebf35b52c26a918,99b3bc222e78e89a,cache_256/dataset_complete/cacao_diseases/cacao_photos/healthy/healthy_1608.png,A,no_usada,sana,1608
2478,dataset_complete/cacao_diseases/cacao_photos/healthy/healthy_1609.jpg,0,7505fed369ae54ddb017590cd60e71d3,98047633f389cceb,cache_256/dataset_complete/cacao_diseases/cacao_photos/healthy/healthy_1609.png,A,no_usada,sana,1609
2479,dataset_complete/cacao_diseases/cacao_photos/healthy/healthy_161.jpg,0,a74333b9c63aabfc9340a6b25b3016fb,ca7a29419f5ec525,cache_256/dataset_complete/cacao_diseases/cacao_photos/healthy/healthy_161.png,A,no_usada,sana,161
2480,dataset_complete/cacao_diseases/cacao_photos/healthy/healthy_1610.jpg,0,e17f13ec819943ebc37216a3f135c73c,f8a6b7c141dd6e08,cache_256/dataset_complete/cacao_diseases/cacao_photos/healthy/healthy_1610.png,A,no_usada,sana,1610
2481,dataset_complete/cacao_diseases/cacao_photos/healthy/healthy_1611.jpg,0,562862b2ebdae589b5a6765afc1a679c,89a223c7e75d4e58,cache_256/dataset_complete/cacao_diseases/cacao_photos/healthy/healthy_1611.png,A,no_usada,sana,1611
2482,dataset_complete/cacao_diseases/cacao_photos/healthy/healthy_1612.jpg,0,c8be789d12162a5a93bd3b787a12a87f,91e11aa8759f9761,cache_256/dataset_complete/cacao_diseases/cacao_photos/healthy/healthy_1612.png,A,no_usada,sana,1612
2483,dataset_complete/cacao_diseases/cacao_photos/healthy/healthy_1613.jpg,0,820705eaa77019dd245c3f48c6284a12,d2ed6232e49bc01f,cache_256/dataset_complete/cacao_diseases/cacao_photos/healthy/healthy_1613.png,A,no_usada,sana,1613
2484,dataset_complete/cacao_diseases/cacao_photos/healthy/healthy_1614.jpg,0,ff85ade984c149245e0ccc5271efbdfc,d9142665393bb1ba,cache_256/dataset_complete/cacao_diseases/cacao_photos/healthy/healthy_1614.png,A,no_usada,sana,1614
2485,dataset_complete/cacao_diseases/cacao_photos/healthy/healthy_1615.jpg,0,4b789176e76fec282348e35b786acb30,df121a37a3abe2c0,cache_256/dataset_complete/cacao_diseases/cacao_photos/healthy/healthy_1615.png,A,no_usada,sana,1615
2486,dataset_complete/cacao_diseases/cacao_photos/healthy/healthy_1616.jpg,0,d539f692db33d5025a572f8f1cb39fe8,cf1fde70003bad12,cache_256/dataset_complete/cacao_diseases/cacao_photos/healthy/healthy_1616.png,A,no_usada,sana,1616
2487,dataset_complete/cacao_diseases/cacao_photos/healthy/healthy_1617.jpg,0,6b66cd1888b793a098ec867bad010a38,bb762b6a470fe408,cache_256/dataset_complete/cacao_diseases/cacao_photos/healthy/healthy_1617.png,A,no_usada,sana,1617
2488,dataset_complete/cacao_diseases/cacao_photos/healthy/healthy_1618.jpg,0,489f2cb136395bb29f3c4e10f246c217,f7e48d6d04a49617,cache_256/dataset_complete/cacao_diseases/cacao_photos/healthy/healthy_1618.png,A,no_usada,sana,1618
2489,dataset_complete/cacao_diseases/cacao_photos/healthy/healthy_1619.jpg,0,891adb6a729bb7566d39f03376df80e4,ccdc5967a7879418,cache_256/dataset_complete/cacao_diseases/cacao_photos/healthy/healthy_1619.png,A,no_usada,sana,1619
2490,dataset_complete/cacao_diseases/cacao_photos/healthy/healthy_162.jpg,0,b826db370103395696ba7658cc8a8d6c,8eb463673656292d,cache_256/dataset_complete/cacao_diseases/cacao_photos/healthy/healthy_162.png,A,no_usada,sana,162
2491,dataset_complete/cacao_diseases/cacao_photos/healthy/healthy_1620.jpg,0,c7ebef8b4ccfe754ac2c1c877bbf4c28,8e6f312064f22fb3,cache_256/dataset_complete/cacao_diseases/cacao_photos/healthy/healthy_1620.png,A,no_usada,sana,1620
2492,dataset_complete/cacao_diseases/cacao_photos/healthy/healthy_1621.jpg,0,2b909734999581b6bb1110db4aa091db,d90cf2f3f4cccc01,cache_256/dataset_complete/cacao_diseases/cacao_photos/healthy/healthy_1621.png,A,no_usada,sana,1621
2493,dataset_complete/cacao_diseases/cacao_photos/healthy/healthy_1622.jpg,0,3dee1fb1314ddc9cf2758a6f62ba1a33,9db124e370b4535e,cache_256/dataset_complete/cacao_diseases/cacao_photos/healthy/healthy_1622.png,A,no_usada,sana,1622
2494,dataset_complete/cacao_diseases/cacao_photos/healthy/healthy_1623.jpg,0,d1a3208ea412229f6f0a010aa4df48fd,dcfe3ec0f0964258,cache_256/dataset_complete/cacao_diseases/cacao_photos/healthy/healthy_1623.png,A,no_usada,sana,1623
2495,dataset_complete/cacao_diseases/cacao_photos/healthy/healthy_1624.jpg,0,265c536715626d2e9f98161ab5c6692c,a6fb5c75a4b2b108,cache_256/dataset_complete/cacao_diseases/cacao_photos/healthy/healthy_1624.png,A,no_usada,sana,1624
2496,dataset_complete/cacao_diseases/cacao_photos/healthy/healthy_1625.jpg,0,677372eb3b37888a2b0b4213de984779,e793f2e5064e4e48,cache_256/dataset_complete/cacao_diseases/cacao_photos/healthy/healthy_1625.png,A,no_usada,sana,1625
2497,dataset_complete/cacao_diseases/cacao_photos/healthy/healthy_1626.jpg,0,14e7a903e18c25da5ec33398900d742f,eb37317340cc1e5c,cache_256/dataset_complete/cacao_diseases/cacao_photos/healthy/healthy_1626.png,A,no_usada,sana,1626
2498,dataset_complete/cacao_diseases/cacao_photos/healthy/healthy_1627.jpg,0,b61e032d925e56721bfdad89b3cf4cb8,d36b0d66bc6ec00d,cache_256/dataset_complete/cacao_diseases/cacao_photos/healthy/healthy_1627.png,A,no_usada,sana,1627
2499,dataset_complete/cacao_diseases/cacao_photos/healthy/healthy_1628.jpg,0,ad5f01b67e3c87eaf898ace2adb68f71,9bda990d113d2f31,cache_256/dataset_complete/cacao_diseases/cacao_photos/healthy/healthy_1628.png,A,no_usada,sana,1628
2500,dataset_complete/cacao_diseases/cacao_photos/healthy/healthy_1629.jpg,0,3e795548796494f57fac304c4a2f4ba8,a4964d756b3566a8,cache_256/dataset_complete/cacao_diseases/cacao_photos/healthy/healthy_1629.png,A,no_usada,sana,1629
2501,dataset_complete/cacao_diseases/cacao_photos/healthy/healthy_163.jpg,0,ccf0e0ff7ba65932ec0ddcd0c7cd7e74,be666b236a2aa0ad,cache_256/dataset_complete/cacao_diseases/cacao_photos/healthy/healthy_163.png,A,no_usada,sana,163
2502,dataset_complete/cacao_diseases/cacao_photos/healthy/healthy_1630.jpg,0,5e67dd9cf1d14aee37876064e24ff08b,c4cc9060399effaa,cache_256/dataset_complete/cacao_diseases/cacao_photos/healthy/healthy_1630.png,A,no_usada,sana,1630
2503,dataset_complete/cacao_diseases/cacao_photos/healthy/healthy_164.jpg,0,c13645c59f3d9b642ae20769ce4f11a1,cdcc26670787c4cd,cache_256/dataset_complete/cacao_diseases/cacao_photos/healthy/healthy_164.png,A,no_usada,sana,164
2504,dataset_complete/cacao_diseases/cacao_photos/healthy/healthy_165.jpg,0,414586c67ec29918c9563b8983da3f40,cfd89191961f0e72,cache_256/dataset_complete/cacao_diseases/cacao_photos/healthy/healthy_165.png,A,no_usada,sana,165
2505,dataset_complete/cacao_diseases/cacao_photos/healthy/healthy_166.jpg,0,20e076e1b373a55f265bc1e142cea361,92aa2f38746f34e1,cache_256/dataset_complete/cacao_diseases/cacao_photos/healthy/healthy_166.png,A,no_usada,sana,166
2506,dataset_complete/cacao_diseases/cacao_photos/healthy/healthy_167.jpg,0,fbc3f5f957f3ed427d673536e50809a5,ecb61a7233a6a323,cache_256/dataset_complete/cacao_diseases/cacao_photos/healthy/healthy_167.png,A,no_usada,sana,167
2507,dataset_complete/cacao_diseases/cacao_photos/healthy/healthy_168.jpg,0,528e5bf63e9f2aff0f21622f9551b0e7,a34d48a5b8735bf0,cache_256/dataset_complete/cacao_diseases/cacao_photos/healthy/healthy_168.png,A,no_usada,sana,168
2508,dataset_complete/cacao_diseases/cacao_photos/healthy/healthy_1680.jpg,0,c5f5a2aac6eb3418817ff9f631bc469d,be4741606fe056d6,cache_256/dataset_complete/cacao_diseases/cacao_photos/healthy/healthy_1680.png,A,no_usada,sana,1680
2509,dataset_complete/cacao_diseases/cacao_photos/healthy/healthy_1681.jpg,0,b24dcf64f169e9b7281deb12aefc0b1b,a66bdc7bd1b44054,cache_256/dataset_complete/cacao_diseases/cacao_photos/healthy/healthy_1681.png,A,no_usada,sana,1681
2510,dataset_complete/cacao_diseases/cacao_photos/healthy/healthy_1682.jpg,0,1a5ba8e38a1827747771cc30a575b064,9ae49e3176798691,cache_256/dataset_complete/cacao_diseases/cacao_photos/healthy/healthy_1682.png,A,no_usada,sana,1682
2511,dataset_complete/cacao_diseases/cacao_photos/healthy/healthy_1683.jpg,0,1d8c467d2b5b73ab06d76115925a05a3,c43b36a4b9b1eb48,cache_256/dataset_complete/cacao_diseases/cacao_photos/healthy/healthy_1683.png,A,no_usada,sana,1683
2512,dataset_complete/cacao_diseases/cacao_photos/healthy/healthy_1684.jpg,0,ca49a61898d237879da14cf94b117af0,db5f7d61372010c6,cache_256/dataset_complete/cacao_diseases/cacao_photos/healthy/healthy_1684.png,A,no_usada,sana,1684
2513,dataset_complete/cacao_diseases/cacao_photos/healthy/healthy_1685.jpg,0,c9e934455f3ebee3ab20add8d9f07f54,db1a3d31626f640e,cache_256/dataset_complete/cacao_diseases/cacao_photos/healthy/healthy_1685.png,A,no_usada,sana,1685
2514,dataset_complete/cacao_diseases/cacao_photos/healthy/healthy_1686.jpg,0,f213c9752a040df64745e02ccbe56777,cb4b2d3077307789,cache_256/dataset_complete/cacao_diseases/cacao_photos/healthy/healthy_1686.png,A,no_usada,sana,1686
2515,dataset_complete/cacao_diseases/cacao_photos/healthy/healthy_1687.jpg,0,0fc0db41a0b7f41188b6e61099825f15,da4f2d346037e296,cache_256/dataset_complete/cacao_diseases/cacao_photos/healthy/healthy_1687.png,A,no_usada,sana,1687
2516,dataset_complete/cacao_diseases/cacao_photos/healthy/healthy_1688.jpg,0,5eb17b8dc46c2837ac0448b81826fd2d,cf9f3c31230f228e,cache_256/dataset_complete/cacao_diseases/cacao_photos/healthy/healthy_1688.png,A,no_usada,sana,1688
2517,dataset_complete/cacao_diseases/cacao_photos/healthy/healthy_1689.jpg,0,2651bee8c498569842c5e6f61aa0ee65,c91c3cb1b7e62e84,cache_256/dataset_complete/cacao_diseases/cacao_photos/healthy/healthy_1689.png,A,no_usada,sana,1689
2518,dataset_complete/cacao_diseases/cacao_photos/healthy/healthy_169.jpg,0,5ca6316c70d2a3ca8b059d9ef54fc4fc,e95a30a333672dac,cache_256/dataset_complete/cacao_diseases/cacao_photos/healthy/healthy_169.png,A,no_usada,sana,169
2519,dataset_complete/cacao_diseases/cacao_photos/healthy/healthy_1690.jpg,0,80ae3d22c030da0f2dd22e77a5dfbbd7,db1f3eb186c0988d,cache_256/dataset_complete/cacao_diseases/cacao_photos/healthy/healthy_1690.png,A,no_usada,sana,1690
2520,dataset_complete/cacao_diseases/cacao_photos/healthy/healthy_1691.jpg,0,8e33c7c01bd3727d7c1f9635241ac795,db1c3df127c2ce80,cache_256/dataset_complete/cacao_diseases/cacao_photos/healthy/healthy_1691.png,A,no_usada,sana,1691
2521,dataset_complete/cacao_diseases/cacao_photos/healthy/healthy_1692.jpg,0,ca33475ea85f64c2a034fbb50ef4eb26,b2c7d9584f694364,cache_256/dataset_complete/cacao_diseases/cacao_photos/healthy/healthy_1692.png,A,no_usada,sana,1692
2522,dataset_complete/cacao_diseases/cacao_photos/healthy/healthy_1693.jpg,0,7dd0da775b298e8d174fdb946aa01aaa,d98dac20e20e66bf,cache_256/dataset_complete/cacao_diseases/cacao_photos/healthy/healthy_1693.png,A,no_usada,sana,1693
2523,dataset_complete/cacao_diseases/cacao_photos/healthy/healthy_1694.jpg,0,efad831d85e10699b87e901e26d4e9ee,d16d8572729252fa,cache_256/dataset_complete/cacao_diseases/cacao_photos/healthy/healthy_1694.png,A,no_usada,sana,1694
2524,dataset_complete/cacao_diseases/cacao_photos/healthy/healthy_1695.jpg,0,0328460d022008923eb2a394334e7604,c99c2cf0f307f80e,cache_256/dataset_complete/cacao_diseases/cacao_photos/healthy/healthy_1695.png,A,no_usada,sana,1695
2525,dataset_complete/cacao_diseases/cacao_photos/healthy/healthy_1696.jpg,0,d0720e9d7417c7de6eb7e5dd8575f855,d6160b6efc1c19c3,cache_256/dataset_complete/cacao_diseases/cacao_photos/healthy/healthy_1696.png,A,no_usada,sana,1696
2526,dataset_complete/cacao_diseases/cacao_photos/healthy/healthy_1697.jpg,0,1467fbd5c23c0407b1687f63da59fc55,f4662427c199e772,cache_256/dataset_complete/cacao_diseases/cacao_photos/healthy/healthy_1697.png,A,no_usada,sana,1697
2527,dataset_complete/cacao_diseases/cacao_photos/healthy/healthy_1698.jpg,0,2f88b024fab4acb692ae7c6fa3ff15b4,e9b1170c4cb79792,cache_256/dataset_complete/cacao_diseases/cacao_photos/healthy/healthy_1698.png,A,no_usada,sana,1698
2528,dataset_complete/cacao_diseases/cacao_photos/healthy/healthy_1699.jpg,0,c5fb1c4ddfc34f7e32cc39bca6dc5fd2,b0ac3d242999cdcf,cache_256/dataset_complete/cacao_diseases/cacao_photos/healthy/healthy_1699.png,A,no_usada,sana,1699
2529,dataset_complete/cacao_diseases/cacao_photos/healthy/healthy_170.jpg,0,02b9e9e5bfff4f6f9b5b91814ecc7219,c20c9ce38f7f0f82,cache_256/dataset_complete/cacao_diseases/cacao_photos/healthy/healthy_170.png,A,no_usada,sana,170
2530,dataset_complete/cacao_diseases/cacao_photos/healthy/healthy_1700.jpg,0,e50a9c6aaa55bbe61d2714a972dab6ce,dc583925322fc68f,cache_256/dataset_complete/cacao_diseases/cacao_photos/healthy/healthy_1700.png,A,no_usada,sana,1700
2531,dataset_complete/cacao_diseases/cacao_photos/healthy/healthy_1701.jpg,0,f1f7e50094120395843098a0980402f5,c93736668c59135b,cache_256/dataset_complete/cacao_diseases/cacao_photos/healthy/healthy_1701.png,A,no_usada,sana,1701
2532,dataset_complete/cacao_diseases/cacao_photos/healthy/healthy_1702.jpg,0,e0b8f019e040e7e351acaa4f275310a5,df4f383542e70ec0,cache_256/dataset_complete/cacao_diseases/cacao_photos/healthy/healthy_1702.png,A,no_usada,sana,1702
2533,dataset_complete/cacao_diseases/cacao_photos/healthy/healthy_1703.jpg,0,b8f75db57002e0cd70ce4753ed4f0d6d,c49cf02135f4aef8,cache_256/dataset_complete/cacao_diseases/cacao_photos/healthy/healthy_1703.png,A,no_usada,sana,1703
2534,dataset_complete/cacao_diseases/cacao_photos/healthy/healthy_1704.jpg,0,1797137e483c1b12fedcdec22ea299cf,de702f35c38f90a8,cache_256/dataset_complete/cacao_diseases/cacao_photos/healthy/healthy_1704.png,A,no_usada,sana,1704
2535,dataset_complete/cacao_diseases/cacao_photos/healthy/healthy_1705.jpg,0,90aeb22ddae9766a19f8c1b106ac5624,df7229a714895aa5,cache_256/dataset_complete/cacao_diseases/cacao_photos/healthy/healthy_1705.png,A,no_usada,sana,1705
2536,dataset_complete/cacao_diseases/cacao_photos/healthy/healthy_1706.jpg,0,b6ea9acb70c5b19bcb5baa1f83eca56f,f669182370b21f1f,cache_256/dataset_complete/cacao_diseases/cacao_photos/healthy/healthy_1706.png,A,no_usada,sana,1706
2537,dataset_complete/cacao_diseases/cacao_photos/healthy/healthy_1707.jpg,0,b5a7292a52e4c35de1ba226bef0a554b,de58a837234fc788,cache_256/dataset_complete/cacao_diseases/cacao_photos/healthy/healthy_1707.png,A,no_usada,sana,1707
2538,dataset_complete/cacao_diseases/cacao_photos/healthy/healthy_1708.jpg,0,95fb5706d1fd963a1def434aac3d4f1a,d81c66759cc27978,cache_256/dataset_complete/cacao_diseases/cacao_photos/healthy/healthy_1708.png,A,no_usada,sana,1708
2539,dataset_complete/cacao_diseases/cacao_photos/healthy/healthy_1709.jpg,0,9b899a0a5e88b3abbbc3e4f3ab5a7df0,fdada42989894b4b,cache_256/dataset_complete/cacao_diseases/cacao_photos/healthy/healthy_1709.png,A,no_usada,sana,1709
2540,dataset_complete/cacao_diseases/cacao_photos/healthy/healthy_171.jpg,0,21d1fdf64147e65f0ce7c37637072123,e9b9302777e2183c,cache_256/dataset_complete/cacao_diseases/cacao_photos/healthy/healthy_171.png,A,no_usada,sana,171
2541,dataset_complete/cacao_diseases/cacao_photos/healthy/healthy_1710.jpg,0,b31ae3afc842465e943e3b2db77377bb,99a85c786e8cee1c,cache_256/dataset_complete/cacao_diseases/cacao_photos/healthy/healthy_1710.png,A,no_usada,sana,1710
2542,dataset_complete/cacao_diseases/cacao_photos/healthy/healthy_1711.jpg,0,9de6ea019787b7b741d119241927917f,a473d9f040f3879a,cache_256/dataset_complete/cacao_diseases/cacao_photos/healthy/healthy_1711.png,A,no_usada,sana,1711
2543,dataset_complete/cacao_diseases/cacao_photos/healthy/healthy_1712.jpg,0,b2cb9f3d832941cb3b7cf95d8d07736c,cfd84047de9424bd,cache_256/dataset_complete/cacao_diseases/cacao_photos/healthy/healthy_1712.png,A,no_usada,sana,1712
2544,dataset_complete/cacao_diseases/cacao_photos/healthy/healthy_1713.jpg,0,2042166603b2bc1ebd0c5cfdfe2c10c7,a2495f66e3ccc6c8,cache_256/dataset_complete/cacao_diseases/cacao_photos/healthy/healthy_1713.png,A,no_usada,sana,1713
2545,dataset_complete/cacao_diseases/cacao_photos/healthy/healthy_1714.jpg,0,d928f441117e6540fb70f82e517d4d6f,ecf8b4334126ec65,cache_256/dataset_complete/cacao_diseases/cacao_photos/healthy/healthy_1714.png,A,no_usada,sana,1714
2546,dataset_complete/cacao_diseases/cacao_photos/healthy/healthy_1715.jpg,0,4a3d9717a9191be181b4fdce82311ddc,f624d4324bc9497d,cache_256/dataset_complete/cacao_diseases/cacao_photos/healthy/healthy_1715.png,A,no_usada,sana,1715
2547,dataset_complete/cacao_diseases/cacao_photos/healthy/healthy_1716.jpg,0,fae251e7c5713fb05373113375472252,fa5d24361a8299e7,cache_256/dataset_complete/cacao_diseases/cacao_photos/healthy/healthy_1716.png,A,no_usada,sana,1716
2548,dataset_complete/cacao_diseases/cacao_photos/healthy/healthy_1717.jpg,0,c24c7000f50c62ba9752529a7e7c2c57,df7e21a5c68a8aa1,cache_256/dataset_complete/cacao_diseases/cacao_photos/healthy/healthy_1717.png,A,no_usada,sana,1717
2549,dataset_complete/cacao_diseases/cacao_photos/healthy/healthy_1718.jpg,0,deda0ba1788724afb4a12dba8bdf8f80,a65949a61d977e09,cache_256/dataset_complete/cacao_diseases/cacao_photos/healthy/healthy_1718.png,A,no_usada,sana,1718
2550,dataset_complete/cacao_diseases/cacao_photos/healthy/healthy_1719.jpg,0,3c1e1bb04558753d5277e9ebd2b59e8f,b9b1192cc2e9d83b,cache_256/dataset_complete/cacao_diseases/cacao_photos/healthy/healthy_1719.png,A,no_usada,sana,1719
2551,dataset_complete/cacao_diseases/cacao_photos/healthy/healthy_172.jpg,0,36d5a1fb8a4e462bb85f1228e8c6a8f7,8d9a733361775550,cache_256/dataset_complete/cacao_diseases/cacao_photos/healthy/healthy_172.png,A,no_usada,sana,172
2552,dataset_complete/cacao_diseases/cacao_photos/healthy/healthy_1720.jpg,0,4c49f40da29d513da9debf38d343ace9,ae584cc6dccba117,cache_256/dataset_complete/cacao_diseases/cacao_photos/healthy/healthy_1720.png,A,no_usada,sana,1720
2553,dataset_complete/cacao_diseases/cacao_photos/healthy/healthy_1721.jpg,0,a2d9ec7fb9cda28c4396cd770022f828,e99c0e466cbda159,cache_256/dataset_complete/cacao_diseases/cacao_photos/healthy/healthy_1721.png,A,no_usada,sana,1721
2554,dataset_complete/cacao_diseases/cacao_photos/healthy/healthy_1722.jpg,0,057212256e5bf871a628d2d55484edc9,ba6e6d3555595302,cache_256/dataset_complete/cacao_diseases/cacao_photos/healthy/healthy_1722.png,A,no_usada,sana,1722
2555,dataset_complete/cacao_diseases/cacao_photos/healthy/healthy_1723.jpg,0,852ccdba452b358bb5b58363bc3374c1,b7bc4965066d5748,cache_256/dataset_complete/cacao_diseases/cacao_photos/healthy/healthy_1723.png,A,no_usada,sana,1723
2556,dataset_complete/cacao_diseases/cacao_photos/healthy/healthy_1724.jpg,0,2e5ff04f880de67f5041d1d109d70989,ea581cf6e9f891a0,cache_256/dataset_complete/cacao_diseases/cacao_photos/healthy/healthy_1724.png,A,no_usada,sana,1724
2557,dataset_complete/cacao_diseases/cacao_photos/healthy/healthy_1725.jpg,0,ab4c9c29347ade74b177ff03fd7b8add,b5560623abb678b8,cache_256/dataset_complete/cacao_diseases/cacao_photos/healthy/healthy_1725.png,A,no_usada,sana,1725
2558,dataset_complete/cacao_diseases/cacao_photos/healthy/healthy_1726.jpg,0,1c6c124d068388e85730de906a641fbd,b338e067af2e0ec4,cache_256/dataset_complete/cacao_diseases/cacao_photos/healthy/healthy_1726.png,A,no_usada,sana,1726
2559,dataset_complete/cacao_diseases/cacao_photos/healthy/healthy_1727.jpg,0,46b9843f2d674531cc32b33d39197258,d90c2676c9c60777,cache_256/dataset_complete/cacao_diseases/cacao_photos/healthy/healthy_1727.png,A,no_usada,sana,1727
2560,dataset_complete/cacao_diseases/cacao_photos/healthy/healthy_1728.jpg,0,fea8dc0e83dcd95da91eaeac81765767,984c32339bdc4fac,cache_256/dataset_complete/cacao_diseases/cacao_photos/healthy/healthy_1728.png,A,no_usada,sana,1728
2561,dataset_complete/cacao_diseases/cacao_photos/healthy/healthy_1729.jpg,0,34cf627d2618c4dbf6ad2fe21f6ad6a1,db5c2da714ca9e81,cache_256/dataset_complete/cacao_diseases/cacao_photos/healthy/healthy_1729.png,A,no_usada,sana,1729
2562,dataset_complete/cacao_diseases/cacao_photos/healthy/healthy_173.jpg,0,aa8423fd89212a4a9f66bc2a91bb276a,c9e73626079ac5cc,cache_256/dataset_complete/cacao_diseases/cacao_photos/healthy/healthy_173.png,A,no_usada,sana,173
2563,dataset_complete/cacao_diseases/cacao_photos/healthy/healthy_1730.jpg,0,f02cdd726d965a944b03b8e49371fa12,9734836632db8d96,cache_256/dataset_complete/cacao_diseases/cacao_photos/healthy/healthy_1730.png,A,no_usada,sana,1730
2564,dataset_complete/cacao_diseases/cacao_photos/healthy/healthy_1731.jpg,0,c9da6e305a0e5b162f91d58ec5bf1a2a,e360cfe24c4b23ad,cache_256/dataset_complete/cacao_diseases/cacao_photos/healthy/healthy_1731.png,A,no_usada,sana,1731
2565,dataset_complete/cacao_diseases/cacao_photos/healthy/healthy_1732.jpg,0,fa76973f304050c1b695f59c344e3312,ee79b9a237d04059,cache_256/dataset_complete/cacao_diseases/cacao_photos/healthy/healthy_1732.png,A,no_usada,sana,1732
2566,dataset_complete/cacao_diseases/cacao_photos/healthy/healthy_1733.jpg,0,6420806399af6aa4d25d160029b6a9ee,da0e0c4fddcd4943,cache_256/dataset_complete/cacao_diseases/cacao_photos/healthy/healthy_1733.png,A,no_usada,sana,1733
2567,dataset_complete/cacao_diseases/cacao_photos/healthy/healthy_1734.jpg,0,723fa27fb69405a6042ec8d479c1936e,9db9b023b7958b24,cache_256/dataset_complete/cacao_diseases/cacao_photos/healthy/healthy_1734.png,A,no_usada,sana,1734
2568,dataset_complete/cacao_diseases/cacao_photos/healthy/healthy_1735.jpg,0,e362afd1c13647c40493b3f15c7ad442,ce6a2514730f9bc5,cache_256/dataset_complete/cacao_diseases/cacao_photos/healthy/healthy_1735.png,A,no_usada,sana,1735
2569,dataset_complete/cacao_diseases/cacao_photos/healthy/healthy_1736.jpg,0,b8bdc6e724271e439d7ff097e12f628a,c2241f3e387f7268,cache_256/dataset_complete/cacao_diseases/cacao_photos/healthy/healthy_1736.png,A,no_usada,sana,1736
2570,dataset_complete/cacao_diseases/cacao_photos/healthy/healthy_1737.jpg,0,846f83095ed80bee54122b502cab0b0a,f95d2737660a50ca,cache_256/dataset_complete/cacao_diseases/cacao_photos/healthy/healthy_1737.png,A,no_usada,sana,1737
2571,dataset_complete/cacao_diseases/cacao_photos/healthy/healthy_1738.jpg,0,8e1be4653eefc52e7feba7334adbffc6,8c33373717d0dac8,cache_256/dataset_complete/cacao_diseases/cacao_photos/healthy/healthy_1738.png,A,no_usada,sana,1738
2572,dataset_complete/cacao_diseases/cacao_photos/healthy/healthy_1739.jpg,0,26e30bd0f9e6d3a5a96481550ac74f0b,cc4b660dddc93364,cache_256/dataset_complete/cacao_diseases/cacao_photos/healthy/healthy_1739.png,A,no_usada,sana,1739
2573,dataset_complete/cacao_diseases/cacao_photos/healthy/healthy_174.jpg,0,191038b9a46900d6ba0c657532e27e18,ea8f327651d015f1,cache_256/dataset_complete/cacao_diseases/cacao_photos/healthy/healthy_174.png,A,no_usada,sana,174
2574,dataset_complete/cacao_diseases/cacao_photos/healthy/healthy_1740.jpg,0,ed41bdf4d02d064f9f5861e977a326c4,dab0bb1b1d8c610f,cache_256/dataset_complete/cacao_diseases/cacao_photos/healthy/healthy_1740.png,A,no_usada,sana,1740
2575,dataset_complete/cacao_diseases/cacao_photos/healthy/healthy_1741.jpg,0,38b1aef7b46e7f9290cd88d9f303a9dd,9eec91aa9c1270b7,cache_256/dataset_complete/cacao_diseases/cacao_photos/healthy/healthy_1741.png,A,no_usada,sana,1741
2576,dataset_complete/cacao_diseases/cacao_photos/healthy/healthy_1742.jpg,0,c36ba8a85f9265b428d48859e4ad8c32,fff6a2349a882e24,cache_256/dataset_complete/cacao_diseases/cacao_photos/healthy/healthy_1742.png,A,no_usada,sana,1742
2577,dataset_complete/cacao_diseases/cacao_photos/healthy/healthy_1743.jpg,0,bc8dbf329eee97847421c63ecefa2d73,ccebb932068f4c96,cache_256/dataset_complete/cacao_diseases/cacao_photos/healthy/healthy_1743.png,A,no_usada,sana,1743
2578,dataset_complete/cacao_diseases/cacao_photos/healthy/healthy_1744.jpg,0,914b5f289253e32fa01b7edf6973ddce,e0e3cb43dad05317,cache_256/dataset_complete/cacao_diseases/cacao_photos/healthy/healthy_1744.png,A,no_usada,sana,1744
2579,dataset_complete/cacao_diseases/cacao_photos/healthy/healthy_1745.jpg,0,a32e6865011599ece909514cc3a9ebce,ba1991b30dc42afd,cache_256/dataset_complete/cacao_diseases/cacao_photos/healthy/healthy_1745.png,A,no_usada,sana,1745
2580,dataset_complete/cacao_diseases/cacao_photos/healthy/healthy_1746.jpg,0,bb4b2a27bc94b04520189393fbd625e9,99666766dcc8d924,cache_256/dataset_complete/cacao_diseases/cacao_photos/healthy/healthy_1746.png,A,no_usada,sana,1746
2581,dataset_complete/cacao_diseases/cacao_photos/healthy/healthy_1747.jpg,0,746f3f0786b07d948874002477039f0c,bfb719644546a239,cache_256/dataset_complete/cacao_diseases/cacao_photos/healthy/healthy_1747.png,A,no_usada,sana,1747
2582,dataset_complete/cacao_diseases/cacao_photos/healthy/healthy_1748.jpg,0,29feb650dca515b7b823253a982dc573,d9f0e6c24c79ccc2,cache_256/dataset_complete/cacao_diseases/cacao_photos/healthy/healthy_1748.png,A,no_usada,sana,1748
2583,dataset_complete/cacao_diseases/cacao_photos/healthy/healthy_1749.jpg,0,a1a7da817059d5b81cd84e02c36d4bc1,899f24a6ccc9d372,cache_256/dataset_complete/cacao_diseases/cacao_photos/healthy/healthy_1749.png,A,no_usada,sana,1749
2584,dataset_complete/cacao_diseases/cacao_photos/healthy/healthy_175.jpg,0,7a65ecf95c8a6b32ca14c885b08e05c0,bc1d5a77660e3ca0,cache_256/dataset_complete/cacao_diseases/cacao_photos/healthy/healthy_175.png,A,no_usada,sana,175
2585,dataset_complete/cacao_diseases/cacao_photos/healthy/healthy_1750.jpg,0,cc6df2ce75a026b33e7563df6eb0d7ed,9df467471d8cc868,cache_256/dataset_complete/cacao_diseases/cacao_photos/healthy/healthy_1750.png,A,no_usada,sana,1750
2586,dataset_complete/cacao_diseases/cacao_photos/healthy/healthy_1751.jpg,0,52d0363971b55c86ee2bea5464e93470,b1e6266c3e8dc9d0,cache_256/dataset_complete/cacao_diseases/cacao_photos/healthy/healthy_1751.png,A,no_usada,sana,1751
2587,dataset_complete/cacao_diseases/cacao_photos/healthy/healthy_1752.jpg,0,0b2518372c42f1850fb6365054fd90dd,99be325ac88ce45e,cache_256/dataset_complete/cacao_diseases/cacao_photos/healthy/healthy_1752.png,A,no_usada,sana,1752
2588,dataset_complete/cacao_diseases/cacao_photos/healthy/healthy_1753.jpg,0,ceccfa131ee4b814e68ac0cc2e57ae52,df5a2ca31622da8d,cache_256/dataset_complete/cacao_diseases/cacao_photos/healthy/healthy_1753.png,A,no_usada,sana,1753
2589,dataset_complete/cacao_diseases/cacao_photos/healthy/healthy_1754.jpg,0,3f806a869fa3ba333f58a489652b4f8f,99aa60478f1d9cb9,cache_256/dataset_complete/cacao_diseases/cacao_photos/healthy/healthy_1754.png,A,no_usada,sana,1754
2590,dataset_complete/cacao_diseases/cacao_photos/healthy/healthy_1755.jpg,0,03ac2f3f097d2a622d976b246f7e7e6a,acbd19f2f386068c,cache_256/dataset_complete/cacao_diseases/cacao_photos/healthy/healthy_1755.png,A,no_usada,sana,1755
2591,dataset_complete/cacao_diseases/cacao_photos/healthy/healthy_1756.jpg,0,23a3e61f254b73e34e9501084dff470a,ece4520323cb693f,cache_256/dataset_complete/cacao_diseases/cacao_photos/healthy/healthy_1756.png,A,no_usada,sana,1756
2592,dataset_complete/cacao_diseases/cacao_photos/healthy/healthy_1757.jpg,0,b271c263d4446bf5e8c561391f1b3a1c,cde6307227cc9a8d,cache_256/dataset_complete/cacao_diseases/cacao_photos/healthy/healthy_1757.png,A,no_usada,sana,1757
2593,dataset_complete/cacao_diseases/cacao_photos/healthy/healthy_1758.jpg,0,ff650d0273876feae4de4fc047980902,b45d1b3ff9e00306,cache_256/dataset_complete/cacao_diseases/cacao_photos/healthy/healthy_1758.png,A,no_usada,sana,1758
2594,dataset_complete/cacao_diseases/cacao_photos/healthy/healthy_1759.jpg,0,4d06684e2e72302825368e49ebe6a4c5,cc3633a783c8fcc8,cache_256/dataset_complete/cacao_diseases/cacao_photos/healthy/healthy_1759.png,A,no_usada,sana,1759
2595,dataset_complete/cacao_diseases/cacao_photos/healthy/healthy_176.jpg,0,b0088470ce3a94aa00e8cd9c2414e5c7,b2c29c4ee8ea8be1,cache_256/dataset_complete/cacao_diseases/cacao_photos/healthy/healthy_176.png,A,no_usada,sana,176
2596,dataset_complete/cacao_diseases/cacao_photos/healthy/healthy_1760.jpg,0,439dadf5d533124edd057c0aa53fab1a,d9912727c589e9ca,cache_256/dataset_complete/cacao_diseases/cacao_photos/healthy/healthy_1760.png,A,no_usada,sana,1760
2597,dataset_complete/cacao_diseases/cacao_photos/healthy/healthy_1761.jpg,0,6019667687db51f26dfe32cc4e71eaaf,c82a2db135971bd9,cache_256/dataset_complete/cacao_diseases/cacao_photos/healthy/healthy_1761.png,A,no_usada,sana,1761
2598,dataset_complete/cacao_diseases/cacao_photos/healthy/healthy_1762.jpg,0,03f07a431195d5fc175fa6eb1b4fe5f4,a6e44967458ffa50,cache_256/dataset_complete/cacao_diseases/cacao_photos/healthy/healthy_1762.png,A,no_usada,sana,1762
2599,dataset_complete/cacao_diseases/cacao_photos/healthy/healthy_1763.jpg,0,c1ac105924ca18ca63555dd3eb999913,88ac494bd8dad39e,cache_256/dataset_complete/cacao_diseases/cacao_photos/healthy/healthy_1763.png,A,no_usada,sana,1763
2600,dataset_complete/cacao_diseases/cacao_photos/healthy/healthy_1764.jpg,0,0f0e860363dcdc3bb9ec18b6ddbcead1,ce813673fc8c3878,cache_256/dataset_complete/cacao_diseases/cacao_photos/healthy/healthy_1764.png,A,no_usada,sana,1764
2601,dataset_complete/cacao_diseases/cacao_photos/healthy/healthy_1765.jpg,0,93eb81ece2094a9bbc5d7b5042294551,de5c4b219660dea9,cache_256/dataset_complete/cacao_diseases/cacao_photos/healthy/healthy_1765.png,A,no_usada,sana,1765
2602,dataset_complete/cacao_diseases/cacao_photos/healthy/healthy_1766.jpg,0,41ea809d4af45c25f03689e5d68d8cdf,cfec272698991978,cache_256/dataset_complete/cacao_diseases/cacao_photos/healthy/healthy_1766.png,A,no_usada,sana,1766
2603,dataset_complete/cacao_diseases/cacao_photos/healthy/healthy_1767.jpg,0,efff13deeeda02d14f53fae922cbedb8,ec96133199cccbcc,cache_256/dataset_complete/cacao_diseases/cacao_photos/healthy/healthy_1767.png,A,no_usada,sana,1767
2604,dataset_complete/cacao_diseases/cacao_photos/healthy/healthy_1768.jpg,0,c47cb6731cb14c0e71530911e239c254,f3c61232b3b1879c,cache_256/dataset_complete/cacao_diseases/cacao_photos/healthy/healthy_1768.png,A,no_usada,sana,1768
2605,dataset_complete/cacao_diseases/cacao_photos/healthy/healthy_1769.jpg,0,3da21c688c79884c50130426d63d69fe,d9dd4925a5a6a662,cache_256/dataset_complete/cacao_diseases/cacao_photos/healthy/healthy_1769.png,A,no_usada,sana,1769
2606,dataset_complete/cacao_diseases/cacao_photos/healthy/healthy_177.jpg,0,55fa5d4e849ee54421d2fc7a9818d5d0,d74cd919edb12123,cache_256/dataset_complete/cacao_diseases/cacao_photos/healthy/healthy_177.png,A,no_usada,sana,177
2607,dataset_complete/cacao_diseases/cacao_photos/healthy/healthy_1770.jpg,0,3fc1071417d78354f41edf400e9c2f6b,b8d8e1762289acf9,cache_256/dataset_complete/cacao_diseases/cacao_photos/healthy/healthy_1770.png,A,no_usada,sana,1770
2608,dataset_complete/cacao_diseases/cacao_photos/healthy/healthy_1771.jpg,0,069c57223494ee22ca87cf0d719c7f0b,bc4caf5703a15ab4,cache_256/dataset_complete/cacao_diseases/cacao_photos/healthy/healthy_1771.png,A,no_usada,sana,1771
2609,dataset_complete/cacao_diseases/cacao_photos/healthy/healthy_1772.jpg,0,666f7d7c65137ad2ed49707aeb749182,9c6d5e6631eba118,cache_256/dataset_complete/cacao_diseases/cacao_photos/healthy/healthy_1772.png,A,no_usada,sana,1772
2610,dataset_complete/cacao_diseases/cacao_photos/healthy/healthy_1773.jpg,0,1d63863062926cf992167b1b5b1ef809,df58a1a5c29a99c9,cache_256/dataset_complete/cacao_diseases/cacao_photos/healthy/healthy_1773.png,A,no_usada,sana,1773
2611,dataset_complete/cacao_diseases/cacao_photos/healthy/healthy_1774.jpg,0,35e533994165e103995f5824c31c78b7,dece2d3132708ad9,cache_256/dataset_complete/cacao_diseases/cacao_photos/healthy/healthy_1774.png,A,no_usada,sana,1774
2612,dataset_complete/cacao_diseases/cacao_photos/healthy/healthy_1775.jpg,0,0100dafa8a7e2a251df242d6c9c88130,df5c80a5d2cadca1,cache_256/dataset_complete/cacao_diseases/cacao_photos/healthy/healthy_1775.png,A,no_usada,sana,1775
2613,dataset_complete/cacao_diseases/cacao_photos/healthy/healthy_1776.jpg,0,cc0c301b9c542b9e029f81765194ac70,db5c27a194c87aa5,cache_256/dataset_complete/cacao_diseases/cacao_photos/healthy/healthy_1776.png,A,no_usada,sana,1776
2614,dataset_complete/cacao_diseases/cacao_photos/healthy/healthy_1777.jpg,0,1704999ba0397018d21f2e045a753eee,db5c6ca3b486ca85,cache_256/dataset_complete/cacao_diseases/cacao_photos/healthy/healthy_1777.png,A,no_usada,sana,1777
2615,dataset_complete/cacao_diseases/cacao_photos/healthy/healthy_1778.jpg,0,bed80b1ce8506ec2efb337ad01e0f6a1,db5429a7b64ab80d,cache_256/dataset_complete/cacao_diseases/cacao_photos/healthy/healthy_1778.png,A,no_usada,sana,1778
2616,dataset_complete/cacao_diseases/cacao_photos/healthy/healthy_1779.jpg,0,0c37cba6aac8146f5d2f11b6fed18cc5,db562925764ab4cc,cache_256/dataset_complete/cacao_diseases/cacao_photos/healthy/healthy_1779.png,A,no_usada,sana,1779
2617,dataset_complete/cacao_diseases/cacao_photos/healthy/healthy_178.jpg,0,13b58c31ee221d25a2d37002e2365dd9,8dfc706132caed8c,cache_256/dataset_complete/cacao_diseases/cacao_photos/healthy/healthy_178.png,A,no_usada,sana,178
2618,dataset_complete/cacao_diseases/cacao_photos/healthy/healthy_1780.jpg,0,c3c098e22e82fc333ddfa7b2b0f598e7,c3c38ca04ce77ee8,cache_256/dataset_complete/cacao_diseases/cacao_photos/healthy/healthy_1780.png,A,no_usada,sana,1780
2619,dataset_complete/cacao_diseases/cacao_photos/healthy/healthy_1781.jpg,0,f3313b3c40e6c2b75681e6a95fe79ca0,b1d970b0e3ba1dc1,cache_256/dataset_complete/cacao_diseases/cacao_photos/healthy/healthy_1781.png,A,no_usada,sana,1781
2620,dataset_complete/cacao_diseases/cacao_photos/healthy/healthy_1782.jpg,0,09dd9499b6a9e06f9bed452288836876,df5f2421964e2ab4,cache_256/dataset_complete/cacao_diseases/cacao_photos/healthy/healthy_1782.png,A,no_usada,sana,1782
2621,dataset_complete/cacao_diseases/cacao_photos/healthy/healthy_1783.jpg,0,d0ad6df9b73d41d98a583501aecc4282,e3b376464eb890a5,cache_256/dataset_complete/cacao_diseases/cacao_photos/healthy/healthy_1783.png,A,no_usada,sana,1783
2622,dataset_complete/cacao_diseases/cacao_photos/healthy/healthy_1784.jpg,0,bfc204592fb2cf0f84c8fb73b63d3db6,db7f6ca0858289b5,cache_256/dataset_complete/cacao_diseases/cacao_photos/healthy/healthy_1784.png,A,no_usada,sana,1784
2623,dataset_complete/cacao_diseases/cacao_photos/healthy/healthy_1785.jpg,0,11813383aa2c07ca919b908e5d0a444e,df5881a794cab5c1,cache_256/dataset_complete/cacao_diseases/cacao_photos/healthy/healthy_1785.png,A,no_usada,sana,1785
2624,dataset_complete/cacao_diseases/cacao_photos/healthy/healthy_1786.jpg,0,b92604fddda7410f9bf398c92476376c,df5827a3124ab5cc,cache_256/dataset_complete/cacao_diseases/cacao_photos/healthy/healthy_1786.png,A,no_usada,sana,1786
2625,dataset_complete/cacao_diseases/cacao_photos/healthy/healthy_1787.jpg,0,e112cd9e1e8449e8d75ba6749973afb4,df582ca1b64670a7,cache_256/dataset_complete/cacao_diseases/cacao_photos/healthy/healthy_1787.png,A,no_usada,sana,1787
2626,dataset_complete/cacao_diseases/cacao_photos/healthy/healthy_1788.jpg,0,b4f160b3b651a58b83850a2facc8838b,df5f24a0d24eb0cc,cache_256/dataset_complete/cacao_diseases/cacao_photos/healthy/healthy_1788.png,A,no_usada,sana,1788
2627,dataset_complete/cacao_diseases/cacao_photos/healthy/healthy_1789.jpg,0,1c7c393fa9cd7847c087285d0f2887cb,df7864a78c905ba4,cache_256/dataset_complete/cacao_diseases/cacao_photos/healthy/healthy_1789.png,A,no_usada,sana,1789
2628,dataset_complete/cacao_diseases/cacao_photos/healthy/healthy_179.jpg,0,191b9e84c12fc138936df5741ba090f9,c85fb443ca1dc8b9,cache_256/dataset_complete/cacao_diseases/cacao_photos/healthy/healthy_179.png,A,no_usada,sana,179
2629,dataset_complete/cacao_diseases/cacao_photos/healthy/healthy_1790.jpg,0,41f497f2765109bb246f68a6b12b8a8e,da5b2d20664aef0d,cache_256/dataset_complete/cacao_diseases/cacao_photos/healthy/healthy_1790.png,A,no_usada,sana,1790
2630,dataset_complete/cacao_diseases/cacao_photos/healthy/healthy_1791.jpg,0,2982467dd94a9bfc734573533f1d5e86,db5d2ca0f64ab909,cache_256/dataset_complete/cacao_diseases/cacao_photos/healthy/healthy_1791.png,A,no_usada,sana,1791
2631,dataset_complete/cacao_diseases/cacao_photos/healthy/healthy_1792.jpg,0,bcff7734c22e67427c4ceaa383e6026a,c5cfd9b7809044f9,cache_256/dataset_complete/cacao_diseases/cacao_photos/healthy/healthy_1792.png,A,no_usada,sana,1792
2632,dataset_complete/cacao_diseases/cacao_photos/healthy/healthy_1793.jpg,0,f579397398bbd8a3e4d106365443179c,df49a0277a0fe50a,cache_256/dataset_complete/cacao_diseases/cacao_photos/healthy/healthy_1793.png,A,no_usada,sana,1793
2633,dataset_complete/cacao_diseases/cacao_photos/healthy/healthy_1794.jpg,0,9d9202fc10d7dbe5a4355f857b363d93,d94e2da1b603f293,cache_256/dataset_complete/cacao_diseases/cacao_photos/healthy/healthy_1794.png,A,no_usada,sana,1794
2634,dataset_complete/cacao_diseases/cacao_photos/healthy/healthy_1795.jpg,0,9f29cee8abfb74dec135d4b11578dfe7,ccfd792285dc4949,cache_256/dataset_complete/cacao_diseases/cacao_photos/healthy/healthy_1795.png,A,no_usada,sana,1795
2635,dataset_complete/cacao_diseases/cacao_photos/healthy/healthy_1796.jpg,0,1cf11e7890e0de05fa7841bf436eabaf,df5827a752d099d0,cache_256/dataset_complete/cacao_diseases/cacao_photos/healthy/healthy_1796.png,A,no_usada,sana,1796
2636,dataset_complete/cacao_diseases/cacao_photos/healthy/healthy_1797.jpg,0,eb45edb90d403b4e3946e3677588f5c5,db4ca0677a85b689,cache_256/dataset_complete/cacao_diseases/cacao_photos/healthy/healthy_1797.png,A,no_usada,sana,1797
2637,dataset_complete/cacao_diseases/cacao_photos/healthy/healthy_1798.jpg,0,432f1b58cebc1ddcac771f694fb7db98,df7da021c6c89dc8,cache_256/dataset_complete/cacao_diseases/cacao_photos/healthy/healthy_1798.png,A,no_usada,sana,1798
2638,dataset_complete/cacao_diseases/cacao_photos/healthy/healthy_1799.jpg,0,c430d8290275ce2bf77fcc5d53723bdd,df5d20a0cec89dd8,cache_256/dataset_complete/cacao_diseases/cacao_photos/healthy/healthy_1799.png,A,no_usada,sana,1799
2639,dataset_complete/cacao_diseases/cacao_photos/healthy/healthy_180.jpg,0,40d09070058fb631d22e8e5ff8d843c8,e1ad2d27164723c7,cache_256/dataset_complete/cacao_diseases/cacao_photos/healthy/healthy_180.png,A,no_usada,sana,180
2640,dataset_complete/cacao_diseases/cacao_photos/healthy/healthy_1800.jpg,0,a67424778d04be541be0b1bd5bf16ab1,cfc3eca4e063a067,cache_256/dataset_complete/cacao_diseases/cacao_photos/healthy/healthy_1800.png,A,no_usada,sana,1800
2641,dataset_complete/cacao_diseases/cacao_photos/healthy/healthy_1801.jpg,0,3f4cbcee749311085f05503b40cfecf8,df5f6c2035326217,cache_256/dataset_complete/cacao_diseases/cacao_photos/healthy/healthy_1801.png,A,no_usada,sana,1801
2642,dataset_complete/cacao_diseases/cacao_photos/healthy/healthy_1802.jpg,0,393098d40fa17e9b0ad4811f0f61d919,db5d7f208485d81b,cache_256/dataset_complete/cacao_diseases/cacao_photos/healthy/healthy_1802.png,A,no_usada,sana,1802
2643,dataset_complete/cacao_diseases/cacao_photos/healthy/healthy_1803.jpg,0,f9be2e49c5c68d9ea93a84e4fb5419c4,f6e348a5336c8be0,cache_256/dataset_complete/cacao_diseases/cacao_photos/healthy/healthy_1803.png,A,no_usada,sana,1803
2644,dataset_complete/cacao_diseases/cacao_photos/healthy/healthy_1804.jpg,0,25134f518b572ac94458cad23154f89d,d95d673097c44a8e,cache_256/dataset_complete/cacao_diseases/cacao_photos/healthy/healthy_1804.png,A,no_usada,sana,1804
2645,dataset_complete/cacao_diseases/cacao_photos/healthy/healthy_1805.jpg,0,3e5cd0890456a49a1366c70abeb99146,de5f683825e1364a,cache_256/dataset_complete/cacao_diseases/cacao_photos/healthy/healthy_1805.png,A,no_usada,sana,1805
2646,dataset_complete/cacao_diseases/cacao_photos/healthy/healthy_1806.jpg,0,d48887d32f5f012332143527efcfda43,df5f78622207a07a,cache_256/dataset_complete/cacao_diseases/cacao_photos/healthy/healthy_1806.png,A,no_usada,sana,1806
2647,dataset_complete/cacao_diseases/cacao_photos/healthy/healthy_1807.jpg,0,a4e7337926467ecd8e35445a2259ffd4,99c9e666d388c4e9,cache_256/dataset_complete/cacao_diseases/cacao_photos/healthy/healthy_1807.png,A,no_usada,sana,1807
2648,dataset_complete/cacao_diseases/cacao_photos/healthy/healthy_1808.jpg,0,ddc406a1c649cc8f9ed57560a672638d,df5f79222507a05a,cache_256/dataset_complete/cacao_diseases/cacao_photos/healthy/healthy_1808.png,A,no_usada,sana,1808
2649,dataset_complete/cacao_diseases/cacao_photos/healthy/healthy_1809.jpg,0,a9e543cf372145c4a924afdb3e57ff61,db4c3d2376c24b86,cache_256/dataset_complete/cacao_diseases/cacao_photos/healthy/healthy_1809.png,A,no_usada,sana,1809
2650,dataset_complete/cacao_diseases/cacao_photos/healthy/healthy_181.jpg,0,a98f996d6872e7646e48d40097277ae4,b8b3935176d39644,cache_256/dataset_complete/cacao_diseases/cacao_photos/healthy/healthy_181.png,A,no_usada,sana,181
2651,dataset_complete/cacao_diseases/cacao_photos/healthy/healthy_1810.jpg,0,06d60a41e7fe539d09bb4a21022fbfd2,d94b7d26e48f4894,cache_256/dataset_complete/cacao_diseases/cacao_photos/healthy/healthy_1810.png,A,no_usada,sana,1810
2652,dataset_complete/cacao_diseases/cacao_photos/healthy/healthy_1811.jpg,0,2707929b2e8a0d11c482652cf6d39308,db5e7d2027c4ce09,cache_256/dataset_complete/cacao_diseases/cacao_photos/healthy/healthy_1811.png,A,no_usada,sana,1811
2653,dataset_complete/cacao_diseases/cacao_photos/healthy/healthy_1812.jpg,0,624903a1c68ef7410c0b620e4244c451,db5b7d2026e4a4ca,cache_256/dataset_complete/cacao_diseases/cacao_photos/healthy/healthy_1812.png,A,no_usada,sana,1812
2654,dataset_complete/cacao_diseases/cacao_photos/healthy/healthy_1813.jpg,0,d65bcbf833fb92e8bc584f129900ddaa,8f5c787321a5e45a,cache_256/dataset_complete/cacao_diseases/cacao_photos/healthy/healthy_1813.png,A,no_usada,sana,1813
2655,dataset_complete/cacao_diseases/cacao_photos/healthy/healthy_1814.jpg,0,984b94676aab9c7f5b43ee26936d7273,989d1c23567b4e4d,cache_256/dataset_complete/cacao_diseases/cacao_photos/healthy/healthy_1814.png,A,no_usada,sana,1814
2656,dataset_complete/cacao_diseases/cacao_photos/healthy/healthy_1815.jpg,0,9e4892ade1539fd2cfb0b05252853eb0,d35b3f7a7501a04a,cache_256/dataset_complete/cacao_diseases/cacao_photos/healthy/healthy_1815.png,A,no_usada,sana,1815
2657,dataset_complete/cacao_diseases/cacao_photos/healthy/healthy_1816.jpg,0,12e5212c6f4b238e47c2cedde9d321c9,df5e782023a7501f,cache_256/dataset_complete/cacao_diseases/cacao_photos/healthy/healthy_1816.png,A,no_usada,sana,1816
2658,dataset_complete/cacao_diseases/cacao_photos/healthy/healthy_1817.jpg,0,b2562385a1cce6f3609bd9338312986c,d9dd7c6021a67067,cache_256/dataset_complete/cacao_diseases/cacao_photos/healthy/healthy_1817.png,A,no_usada,sana,1817
2659,dataset_complete/cacao_diseases/cacao_photos/healthy/healthy_1818.jpg,0,3bdad10a51a86e22bdab39fa155ae4fb,df5f786232a5a046,cache_256/dataset_complete/cacao_diseases/cacao_photos/healthy/healthy_1818.png,A,no_usada,sana,1818
2660,dataset_complete/cacao_diseases/cacao_photos/healthy/healthy_1819.jpg,0,d72357af55bd13f219ccf1be939dd20a,defc002329ddc9d8,cache_256/dataset_complete/cacao_diseases/cacao_photos/healthy/healthy_1819.png,A,no_usada,sana,1819
2661,dataset_complete/cacao_diseases/cacao_photos/healthy/healthy_182.jpg,0,de86e3366857c36275ec0e5bf80f1581,cd594c6346e2ada3,cache_256/dataset_complete/cacao_diseases/cacao_photos/healthy/healthy_182.png,A,no_usada,sana,182
2662,dataset_complete/cacao_diseases/cacao_photos/healthy/healthy_1820.jpg,0,90663dccd25c9170a974cc702e1a15fa,db4e7927e494c11a,cache_256/dataset_complete/cacao_diseases/cacao_photos/healthy/healthy_1820.png,A,no_usada,sana,1820
2663,dataset_complete/cacao_diseases/cacao_photos/healthy/healthy_1821.jpg,0,d60107c0fd5ba6e50dd5b2124b05733c,db5f6b30c5804e99,cache_256/dataset_complete/cacao_diseases/cacao_photos/healthy/healthy_1821.png,A,no_usada,sana,1821
2664,dataset_complete/cacao_diseases/cacao_photos/healthy/healthy_1822.jpg,0,2c9449e7a51d16b64b212725fd76da4d,df7d6023ac855899,cache_256/dataset_complete/cacao_diseases/cacao_photos/healthy/healthy_1822.png,A,no_usada,sana,1822
2665,dataset_complete/cacao_diseases/cacao_photos/healthy/healthy_1823.jpg,0,d616483e39a0c79cf0f37af804d07f24,de7c6021a7954f98,cache_256/dataset_complete/cacao_diseases/cacao_photos/healthy/healthy_1823.png,A,no_usada,sana,1823
2666,dataset_complete/cacao_diseases/cacao_photos/healthy/healthy_1824.jpg,0,babeb62529b94f7727c03ec66c71101d,dad8792127c6748e,cache_256/dataset_complete/cacao_diseases/cacao_photos/healthy/healthy_1824.png,A,no_usada,sana,1824
2667,dataset_complete/cacao_diseases/cacao_photos/healthy/healthy_1825.jpg,0,bb48c2d882650c3403380fec6ffc014b,f89e302f274a6f24,cache_256/dataset_complete/cacao_diseases/cacao_photos/healthy/healthy_1825.png,A,no_usada,sana,1825
2668,dataset_complete/cacao_diseases/cacao_photos/healthy/healthy_1826.jpg,0,2e85c63ce5da4a8cf2d1c95b720ff4fa,db593da026ce3037,cache_256/dataset_complete/cacao_diseases/cacao_photos/healthy/healthy_1826.png,A,no_usada,sana,1826
2669,dataset_complete/cacao_diseases/cacao_photos/healthy/healthy_1827.jpg,0,a9997a4ddf1379c205afcf67395e050d,df7f20809ec83ba4,cache_256/dataset_complete/cacao_diseases/cacao_photos/healthy/healthy_1827.png,A,no_usada,sana,1827
2670,dataset_complete/cacao_diseases/cacao_photos/healthy/healthy_1828.jpg,0,21772896dda4b43fb96b740715b75402,df7e3ca0a642b885,cache_256/dataset_complete/cacao_diseases/cacao_photos/healthy/healthy_1828.png,A,no_usada,sana,1828
2671,dataset_complete/cacao_diseases/cacao_photos/healthy/healthy_1829.jpg,0,6190c84fa807cc6c6327d0cea87b38fa,df5f792526047c81,cache_256/dataset_complete/cacao_diseases/cacao_photos/healthy/healthy_1829.png,A,no_usada,sana,1829
2672,dataset_complete/cacao_diseases/cacao_photos/healthy/healthy_183.jpg,0,bd54537f607c2c63be00a8d2642bd367,f0f30bb00e5cfc2c,cache_256/dataset_complete/cacao_diseases/cacao_photos/healthy/healthy_183.png,A,no_usada,sana,183
2673,dataset_complete/cacao_diseases/cacao_photos/healthy/healthy_1830.jpg,0,1d20f4664f8ebf602dd4a1c4e260d9c7,dd5e6823e71a8c89,cache_256/dataset_complete/cacao_diseases/cacao_photos/healthy/healthy_1830.png,A,no_usada,sana,1830
2674,dataset_complete/cacao_diseases/cacao_photos/healthy/healthy_1831.jpg,0,f09f5582f885e3c756eb44306ef5a0f6,e5a434267efe030b,cache_256/dataset_complete/cacao_diseases/cacao_photos/healthy/healthy_1831.png,A,no_usada,sana,1831
2675,dataset_complete/cacao_diseases/cacao_photos/healthy/healthy_1832.jpg,0,58905f80b06265a1083c39206805a3ca,df6f20828ec8bd61,cache_256/dataset_complete/cacao_diseases/cacao_photos/healthy/healthy_1832.png,A,no_usada,sana,1832
2676,dataset_complete/cacao_diseases/cacao_photos/healthy/healthy_1833.jpg,0,69157206dfed271b7df19ce71b2654bf,df6e3c2087ce809d,cache_256/dataset_complete/cacao_diseases/cacao_photos/healthy/healthy_1833.png,A,no_usada,sana,1833
2677,dataset_complete/cacao_diseases/cacao_photos/healthy/healthy_1834.jpg,0,22ec04fd3d337a881bd45d0fc5c312fc,df5c2827a74687a8,cache_256/dataset_complete/cacao_diseases/cacao_photos/healthy/healthy_1834.png,A,no_usada,sana,1834
2678,dataset_complete/cacao_diseases/cacao_photos/healthy/healthy_1835.jpg,0,aebf5bb26a02ec8c5fe7c515b83254c4,dfda382067c6948e,cache_256/dataset_complete/cacao_diseases/cacao_photos/healthy/healthy_1835.png,A,no_usada,sana,1835
2679,dataset_complete/cacao_diseases/cacao_photos/healthy/healthy_1836.jpg,0,72aa1820cf01223ef9477b257d7253e5,a68d1a2ce4a54fcd,cache_256/dataset_complete/cacao_diseases/cacao_photos/healthy/healthy_1836.png,A,no_usada,sana,1836
2680,dataset_complete/cacao_diseases/cacao_photos/healthy/healthy_1837.jpg,0,411219bf8ebed354b6877781388204d0,db1f7c21e682929c,cache_256/dataset_complete/cacao_diseases/cacao_photos/healthy/healthy_1837.png,A,no_usada,sana,1837
2681,dataset_complete/cacao_diseases/cacao_photos/healthy/healthy_1838.jpg,0,0c1cf600dc5df76335227cb5bfcc0327,dd1f7821272607b6,cache_256/dataset_complete/cacao_diseases/cacao_photos/healthy/healthy_1838.png,A,no_usada,sana,1838
2682,dataset_complete/cacao_diseases/cacao_photos/healthy/healthy_1839.jpg,0,bdd595b548df9c656b345606dc5f808d,d90d3cb3f3cc803c,cache_256/dataset_complete/cacao_diseases/cacao_photos/healthy/healthy_1839.png,A,no_usada,sana,1839
2683,dataset_complete/cacao_diseases/cacao_photos/healthy/healthy_184.jpg,0,5a619697d9a76205e19b39aa390bc50e,a620f83770dec3cc,cache_256/dataset_complete/cacao_diseases/cacao_photos/healthy/healthy_184.png,A,no_usada,sana,184
2684,dataset_complete/cacao_diseases/cacao_photos/healthy/healthy_1840.jpg,0,5ca92e17976c78d59b74a1c2a5f2a17b,d90c6cb0f247b21f,cache_256/dataset_complete/cacao_diseases/cacao_photos/healthy/healthy_1840.png,A,no_usada,sana,1840
2685,dataset_complete/cacao_diseases/cacao_photos/healthy/healthy_1841.jpg,0,9abdbc2e62fe17b16846de4622604c3f,b66909379c874ec6,cache_256/dataset_complete/cacao_diseases/cacao_photos/healthy/healthy_1841.png,A,no_usada,sana,1841
2686,dataset_complete/cacao_diseases/cacao_photos/healthy/healthy_1842.jpg,0,ebfeda0970035545d9b34000a41c77c4,f4b43dabeed01602,cache_256/dataset_complete/cacao_diseases/cacao_photos/healthy/healthy_1842.png,A,no_usada,sana,1842
2687,dataset_complete/cacao_diseases/cacao_photos/healthy/healthy_1843.jpg,0,8da05a273a0e88ad5a3ef233e5164edd,db5d6f3036637404,cache_256/dataset_complete/cacao_diseases/cacao_photos/healthy/healthy_1843.png,A,no_usada,sana,1843
2688,dataset_complete/cacao_diseases/cacao_photos/healthy/healthy_1844.jpg,0,799a6fc426e19f6d9eae70f26451c31e,df7e6c20a7c68889,cache_256/dataset_complete/cacao_diseases/cacao_photos/healthy/healthy_1844.png,A,no_usada,sana,1844
2689,dataset_complete/cacao_diseases/cacao_photos/healthy/healthy_1845.jpg,0,62b00eca7d7b371f0dc0929e1d39f622,db8d2eb5f203b019,cache_256/dataset_complete/cacao_diseases/cacao_photos/healthy/healthy_1845.png,A,no_usada,sana,1845
2690,dataset_complete/cacao_diseases/cacao_photos/healthy/healthy_1846.jpg,0,7fbc8473f9af90faa2ac4b413f6c4254,dbdf2d203203f607,cache_256/dataset_complete/cacao_diseases/cacao_photos/healthy/healthy_1846.png,A,no_usada,sana,1846
2691,dataset_complete/cacao_diseases/cacao_photos/healthy/healthy_1847.jpg,0,4d75325931ae823f34da5ff7336e6e79,daebf0268e89cc89,cache_256/dataset_complete/cacao_diseases/cacao_photos/healthy/healthy_1847.png,A,no_usada,sana,1847
2692,dataset_complete/cacao_diseases/cacao_photos/healthy/healthy_1848.jpg,0,f00d9b0ce2b73cd7892adc55fe73532e,df7e6c60a7613209,cache_256/dataset_complete/cacao_diseases/cacao_photos/healthy/healthy_1848.png,A,no_usada,sana,1848
2693,dataset_complete/cacao_diseases/cacao_photos/healthy/healthy_1849.jpg,0,b3584c305e1a76ce0192dff74d133379,cb0d6e71327a1b86,cache_256/dataset_complete/cacao_diseases/cacao_photos/healthy/healthy_1849.png,A,no_usada,sana,1849
2694,dataset_complete/cacao_diseases/cacao_photos/healthy/healthy_185.jpg,0,e04dae05d081c628c4a8baacc2483e88,f8ea2b6666e8e881,cache_256/dataset_complete/cacao_diseases/cacao_photos/healthy/healthy_185.png,A,no_usada,sana,185
2695,dataset_complete/cacao_diseases/cacao_photos/healthy/healthy_1850.jpg,0,192a28a4524e075f9e17ea970546f88b,d8097d31b643d29e,cache_256/dataset_complete/cacao_diseases/cacao_photos/healthy/healthy_1850.png,A,no_usada,sana,1850
2696,dataset_complete/cacao_diseases/cacao_photos/healthy/healthy_1851.jpg,0,5c987c3af1914369678b73dc965488b8,dfdf7c20b0232227,cache_256/dataset_complete/cacao_diseases/cacao_photos/healthy/healthy_1851.png,A,no_usada,sana,1851
2697,dataset_complete/cacao_diseases/cacao_photos/healthy/healthy_1852.jpg,0,7a7e7bbef47c54137966beffd0ea0e58,dfcf2c307233603c,cache_256/dataset_complete/cacao_diseases/cacao_photos/healthy/healthy_1852.png,A,no_usada,sana,1852
2698,dataset_complete/cacao_diseases/cacao_photos/healthy/healthy_1853.jpg,0,348936b8ccf001106e205b257b1e041d,c3f49e3c2d9d0c4a,cache_256/dataset_complete/cacao_diseases/cacao_photos/healthy/healthy_1853.png,A,no_usada,sana,1853
2699,dataset_complete/cacao_diseases/cacao_photos/healthy/healthy_1854.jpg,0,b04fecd8ebaac5eb73a55d0ba645b1bd,dfdc7c20a147222f,cache_256/dataset_complete/cacao_diseases/cacao_photos/healthy/healthy_1854.png,A,no_usada,sana,1854
2700,dataset_complete/cacao_diseases/cacao_photos/healthy/healthy_1855.jpg,0,a3bd9b1a14d9a9582eb53775318ad277,df7b7c2027861c8c,cache_256/dataset_complete/cacao_diseases/cacao_photos/healthy/healthy_1855.png,A,no_usada,sana,1855
2701,dataset_complete/cacao_diseases/cacao_photos/healthy/healthy_1856.jpg,0,fa7511d492526f2eed196fa130e9baf2,d95c7db0a6639681,cache_256/dataset_complete/cacao_diseases/cacao_photos/healthy/healthy_1856.png,A,no_usada,sana,1856
2702,dataset_complete/cacao_diseases/cacao_photos/healthy/healthy_1857.jpg,0,08db296660a7eb28d3e698baaa054e63,db7e7db1a7428600,cache_256/dataset_complete/cacao_diseases/cacao_photos/healthy/healthy_1857.png,A,no_usada,sana,1857
2703,dataset_complete/cacao_diseases/cacao_photos/healthy/healthy_1858.jpg,0,80c8e15b9972afa05acf0af9ab9ee6da,e0e3397231db5a19,cache_256/dataset_complete/cacao_diseases/cacao_photos/healthy/healthy_1858.png,A,no_usada,sana,1858
2704,dataset_complete/cacao_diseases/cacao_photos/healthy/healthy_1859.jpg,0,c6ed203a94c5efa6d357db502f49a6ab,dfdd2da13286b00e,cache_256/dataset_complete/cacao_diseases/cacao_photos/healthy/healthy_1859.png,A,no_usada,sana,1859
2705,dataset_complete/cacao_diseases/cacao_photos/healthy/healthy_186.jpg,0,317d388a466b97267b492194e689d37d,dc9d2923a726e2e2,cache_256/dataset_complete/cacao_diseases/cacao_photos/healthy/healthy_186.png,A,no_usada,sana,186
2706,dataset_complete/cacao_diseases/cacao_photos/healthy/healthy_1860.jpg,0,f22bc1f95eb0ca0594780d4415f952ff,d9146c27749a619f,cache_256/dataset_complete/cacao_diseases/cacao_photos/healthy/healthy_1860.png,A,no_usada,sana,1860
2707,dataset_complete/cacao_diseases/cacao_photos/healthy/healthy_1861.jpg,0,e17ab14279d8a018d46239f496376bec,da136c31f26d831e,cache_256/dataset_complete/cacao_diseases/cacao_photos/healthy/healthy_1861.png,A,no_usada,sana,1861
2708,dataset_complete/cacao_diseases/cacao_photos/healthy/healthy_1862.jpg,0,a750a93fbb00aae42b0aaa7dee77cd35,da9c6d21b464728f,cache_256/dataset_complete/cacao_diseases/cacao_photos/healthy/healthy_1862.png,A,no_usada,sana,1862
2709,dataset_complete/cacao_diseases/cacao_photos/healthy/healthy_1863.jpg,0,26b9106a628f72d330d81cd9b4572dff,da943d6963696487,cache_256/dataset_complete/cacao_diseases/cacao_photos/healthy/healthy_1863.png,A,no_usada,sana,1863
2710,dataset_complete/cacao_diseases/cacao_photos/healthy/healthy_1864.jpg,0,8532588d65b789f4f50f32830e360901,e1b02428664eddbf,cache_256/dataset_complete/cacao_diseases/cacao_photos/healthy/healthy_1864.png,A,no_usada,sana,1864
2711,dataset_complete/cacao_diseases/cacao_photos/healthy/healthy_1865.jpg,0,7279a490ae72e8f1d86cf3f3771c3df9,a31a466732c74bd9,cache_256/dataset_complete/cacao_diseases/cacao_photos/healthy/healthy_1865.png,A,no_usada,sana,1865
2712,dataset_complete/cacao_diseases/cacao_photos/healthy/healthy_1866.jpg,0,c5af2f061770066824782725cc794338,daacd97677d04150,cache_256/dataset_complete/cacao_diseases/cacao_photos/healthy/healthy_1866.png,A,no_usada,sana,1866
2713,dataset_complete/cacao_diseases/cacao_photos/healthy/healthy_1867.jpg,0,c512976650be00fd7326b91dd6946605,8fddd0731cb014bc,cache_256/dataset_complete/cacao_diseases/cacao_photos/healthy/healthy_1867.png,A,no_usada,sana,1867
2714,dataset_complete/cacao_diseases/cacao_photos/healthy/healthy_1868.jpg,0,a5a26df92feae503134de82353843f23,c7e279ef86989882,cache_256/dataset_complete/cacao_diseases/cacao_photos/healthy/healthy_1868.png,A,no_usada,sana,1868
2715,dataset_complete/cacao_diseases/cacao_photos/healthy/healthy_1869.jpg,0,898ef345e0214ae22dcfdf2278c30ba3,c59687274625e1ed,cache_256/dataset_complete/cacao_diseases/cacao_photos/healthy/healthy_1869.png,A,no_usada,sana,1869
2716,dataset_complete/cacao_diseases/cacao_photos/healthy/healthy_187.jpg,0,0909baf96e0605e7e35224f6e6f1831f,cb1d2d2b6b62c4c6,cache_256/dataset_complete/cacao_diseases/cacao_photos/healthy/healthy_187.png,A,no_usada,sana,187
2717,dataset_complete/cacao_diseases/cacao_photos/healthy/healthy_1870.jpg,0,c0e15983c89d17d1452bdd61768739f4,e8cc8f6623f2cb48,cache_256/dataset_complete/cacao_diseases/cacao_photos/healthy/healthy_1870.png,A,no_usada,sana,1870
2718,dataset_complete/cacao_diseases/cacao_photos/healthy/healthy_1871.jpg,0,bba54f1906a5d769a4db30bd862fbe87,d3c78528e3c0de95,cache_256/dataset_complete/cacao_diseases/cacao_photos/healthy/healthy_1871.png,A,no_usada,sana,1871
2719,dataset_complete/cacao_diseases/cacao_photos/healthy/healthy_1872.jpg,0,2c848a90344fc5be3bc1ef88eab5a3a4,df9d7e66b0d81808,cache_256/dataset_complete/cacao_diseases/cacao_photos/healthy/healthy_1872.png,A,no_usada,sana,1872
2720,dataset_complete/cacao_diseases/cacao_photos/healthy/healthy_1873.jpg,0,b02f73d7cb30b0ec13752f733af172e0,d0ec0b62e06be7b8,cache_256/dataset_complete/cacao_diseases/cacao_photos/healthy/healthy_1873.png,A,no_usada,sana,1873
2721,dataset_complete/cacao_diseases/cacao_photos/healthy/healthy_1874.jpg,0,7ef511e14fae90373cbbafab8db9e2a5,955ae6e4e2e2a989,cache_256/dataset_complete/cacao_diseases/cacao_photos/healthy/healthy_1874.png,A,no_usada,sana,1874
2722,dataset_complete/cacao_diseases/cacao_photos/healthy/healthy_1875.jpg,0,f35685f31010cb3958c31cd3ca2cc5e4,ea85f94e66b89099,cache_256/dataset_complete/cacao_diseases/cacao_photos/healthy/healthy_1875.png,A,no_usada,sana,1875
2723,dataset_complete/cacao_diseases/cacao_photos/healthy/healthy_1876.jpg,0,3b76fe68f21175795e4cf93c19365557,acf2a927616e4e94,cache_256/dataset_complete/cacao_diseases/cacao_photos/healthy/healthy_1876.png,A,no_usada,sana,1876
2724,dataset_complete/cacao_diseases/cacao_photos/healthy/healthy_1877.jpg,0,1133c476541d3cfbe0be9d760a2f807c,f1c929741d43f1b4,cache_256/dataset_complete/cacao_diseases/cacao_photos/healthy/healthy_1877.png,A,no_usada,sana,1877
2725,dataset_complete/cacao_diseases/cacao_photos/healthy/healthy_1878.jpg,0,c6c28749734e93b618f52fa03e08c346,f4183773b2968e91,cache_256/dataset_complete/cacao_diseases/cacao_photos/healthy/healthy_1878.png,A,no_usada,sana,1878
2726,dataset_complete/cacao_diseases/cacao_photos/healthy/healthy_1879.jpg,0,2dafa6728353f39c0cc801ae9835424d,fc8c4cb0a0529f9f,cache_256/dataset_complete/cacao_diseases/cacao_photos/healthy/healthy_1879.png,A,no_usada,sana,1879
2727,dataset_complete/cacao_diseases/cacao_photos/healthy/healthy_188.jpg,0,1b80c217feed004e1e209e2dee54b71f,d18ca224363e3e3f,cache_256/dataset_complete/cacao_diseases/cacao_photos/healthy/healthy_188.png,A,no_usada,sana,188
2728,dataset_complete/cacao_diseases/cacao_photos/healthy/healthy_1880.jpg,0,71bfb07c8193edf4042452d99fdbb8f4,f8bd3273e604f490,cache_256/dataset_complete/cacao_diseases/cacao_photos/healthy/healthy_1880.png,A,no_usada,sana,1880
2729,dataset_complete/cacao_diseases/cacao_photos/healthy/healthy_1881.jpg,0,aa07cc2a58910e0bf1b5f9c6acac5466,bdd6646e821c1ab3,cache_256/dataset_complete/cacao_diseases/cacao_photos/healthy/healthy_1881.png,A,no_usada,sana,1881
2730,dataset_complete/cacao_diseases/cacao_photos/healthy/healthy_1882.jpg,0,9ab5246346d1ff05ad1c7938afdd78d1,f6cc383333321e1e,cache_256/dataset_complete/cacao_diseases/cacao_photos/healthy/healthy_1882.png,A,no_usada,sana,1882
2731,dataset_complete/cacao_diseases/cacao_photos/healthy/healthy_1883.jpg,0,5639f42c03fc79e520eb88a2f065efc9,99fc9d6c38a130f2,cache_256/dataset_complete/cacao_diseases/cacao_photos/healthy/healthy_1883.png,A,no_usada,sana,1883
2732,dataset_complete/cacao_diseases/cacao_photos/healthy/healthy_1884.jpg,0,1844aedf132b1d5043de24ee19aa8d42,eaeccc551212d3d5,cache_256/dataset_complete/cacao_diseases/cacao_photos/healthy/healthy_1884.png,A,no_usada,sana,1884
2733,dataset_complete/cacao_diseases/cacao_photos/healthy/healthy_1885.jpg,0,0ff935880d4365b6ea198ce1f7b85413,d688cd36d0f2da89,cache_256/dataset_complete/cacao_diseases/cacao_photos/healthy/healthy_1885.png,A,no_usada,sana,1885
2734,dataset_complete/cacao_diseases/cacao_photos/healthy/healthy_1886.jpg,0,f5888d1275afa026a18417cc9196f049,b31dd96a4145273e,cache_256/dataset_complete/cacao_diseases/cacao_photos/healthy/healthy_1886.png,A,no_usada,sana,1886
2735,dataset_complete/cacao_diseases/cacao_photos/healthy/healthy_1887.jpg,0,07a71efe1b88cfb858dbf33a5dec70b9,f966a932a6b51651,cache_256/dataset_complete/cacao_diseases/cacao_photos/healthy/healthy_1887.png,A,no_usada,sana,1887
2736,dataset_complete/cacao_diseases/cacao_photos/healthy/healthy_1888.jpg,0,eae262d7eaffa307fb5cccb8df98be02,b6529fa9bc793820,cache_256/dataset_complete/cacao_diseases/cacao_photos/healthy/healthy_1888.png,A,no_usada,sana,1888
2737,dataset_complete/cacao_diseases/cacao_photos/healthy/healthy_1889.jpg,0,c9ddf9002e5897fd66c892000f83dbd3,d8272323cfe99638,cache_256/dataset_complete/cacao_diseases/cacao_photos/healthy/healthy_1889.png,A,no_usada,sana,1889
2738,dataset_complete/cacao_diseases/cacao_photos/healthy/healthy_189.jpg,0,bedf9001f2f61e341ce1724ffafe8775,e3e95850f8a7a91a,cache_256/dataset_complete/cacao_diseases/cacao_photos/healthy/healthy_189.png,A,no_usada,sana,189
2739,dataset_complete/cacao_diseases/cacao_photos/healthy/healthy_1890.jpg,0,eecd7575c3b844cc5c65cfe020ff9be3,ae1c4c164dcdd5ac,cache_256/dataset_complete/cacao_diseases/cacao_photos/healthy/healthy_1890.png,A,no_usada,sana,1890
2740,dataset_complete/cacao_diseases/cacao_photos/healthy/healthy_1891.jpg,0,d0a75443cd5e38a3a3875668d8012abb,c1598c49e9d6de94,cache_256/dataset_complete/cacao_diseases/cacao_photos/healthy/healthy_1891.png,A,no_usada,sana,1891
2741,dataset_complete/cacao_diseases/cacao_photos/healthy/healthy_1892.jpg,0,5c7601d9a5b2ab9014a97e609ccff904,ce093f70f131f033,cache_256/dataset_complete/cacao_diseases/cacao_photos/healthy/healthy_1892.png,A,no_usada,sana,1892
2742,dataset_complete/cacao_diseases/cacao_photos/healthy/healthy_1893.jpg,0,05b71601eb0829ef171205adef2349a5,ecc25809f24dc2ef,cache_256/dataset_complete/cacao_diseases/cacao_photos/healthy/healthy_1893.png,A,no_usada,sana,1893
2743,dataset_complete/cacao_diseases/cacao_photos/healthy/healthy_1894.jpg,0,4a04e8ca617b02c16bfd531765417f85,e66e893576881b8e,cache_256/dataset_complete/cacao_diseases/cacao_photos/healthy/healthy_1894.png,A,no_usada,sana,1894
2744,dataset_complete/cacao_diseases/cacao_photos/healthy/healthy_1895.jpg,0,3a53572a9f885b6f97ceabee9ded9921,f6f839678982191b,cache_256/dataset_complete/cacao_diseases/cacao_photos/healthy/healthy_1895.png,A,no_usada,sana,1895
2745,dataset_complete/cacao_diseases/cacao_photos/healthy/healthy_1896.jpg,0,312026b67dc2af2c71ad655db5aa51d8,e3ab9f73281554c8,cache_256/dataset_complete/cacao_diseases/cacao_photos/healthy/healthy_1896.png,A,no_usada,sana,1896
2746,dataset_complete/cacao_diseases/cacao_photos/healthy/healthy_1897.jpg,0,86a93dc3f87c6359d68770db7f8ff1bf,833d5a36367a226b,cache_256/dataset_complete/cacao_diseases/cacao_photos/healthy/healthy_1897.png,A,no_usada,sana,1897
2747,dataset_complete/cacao_diseases/cacao_photos/healthy/healthy_1898.jpg,0,6838462b022aa9479b52f07a4826ee8c,d81c0d2434677b3f,cache_256/dataset_complete/cacao_diseases/cacao_photos/healthy/healthy_1898.png,A,no_usada,sana,1898
2748,dataset_complete/cacao_diseases/cacao_photos/healthy/healthy_1899.jpg,0,a523c7bf4870c38e4af146ac0358ea7f,92dac9f087c38a97,cache_256/dataset_complete/cacao_diseases/cacao_photos/healthy/healthy_1899.png,A,no_usada,sana,1899
2749,dataset_complete/cacao_diseases/cacao_photos/healthy/healthy_190.jpg,0,3350c00943e6d3a5307993ded924bae9,d8a6ddb4d0d009db,cache_256/dataset_complete/cacao_diseases/cacao_photos/healthy/healthy_190.png,A,no_usada,sana,190
2750,dataset_complete/cacao_diseases/cacao_photos/healthy/healthy_1900.jpg,0,35a258ea181f4a1410dd4672cb3b4087,cebc3cc603e2a2b6,cache_256/dataset_complete/cacao_diseases/cacao_photos/healthy/healthy_1900.png,A,no_usada,sana,1900
2751,dataset_complete/cacao_diseases/cacao_photos/healthy/healthy_1901.jpg,0,be0fd9dbe01d25a77017d90434c7b2f1,fa7cce22661326c9,cache_256/dataset_complete/cacao_diseases/cacao_photos/healthy/healthy_1901.png,A,no_usada,sana,1901
2752,dataset_complete/cacao_diseases/cacao_photos/healthy/healthy_1902.jpg,0,d2c0a35291658b694fb376d7d5fed4c1,c0881676eaf0dd9e,cache_256/dataset_complete/cacao_diseases/cacao_photos/healthy/healthy_1902.png,A,no_usada,sana,1902
2753,dataset_complete/cacao_diseases/cacao_photos/healthy/healthy_1903.jpg,0,bad1b61c4995eea1e12bea2621e94934,eed02bb325998ca5,cache_256/dataset_complete/cacao_diseases/cacao_photos/healthy/healthy_1903.png,A,no_usada,sana,1903
2754,dataset_complete/cacao_diseases/cacao_photos/healthy/healthy_1904.jpg,0,71d8f1ef481321a49ecf68d290d42697,e61ddc26c2c28fb4,cache_256/dataset_complete/cacao_diseases/cacao_photos/healthy/healthy_1904.png,A,no_usada,sana,1904
2755,dataset_complete/cacao_diseases/cacao_photos/healthy/healthy_1905.jpg,0,52df376261c04094da85ad7553236665,d9982326f4e70e2d,cache_256/dataset_complete/cacao_diseases/cacao_photos/healthy/healthy_1905.png,A,no_usada,sana,1905
2756,dataset_complete/cacao_diseases/cacao_photos/healthy/healthy_1906.jpg,0,69f466d7666264f0cd39c371afa9579e,f2f0f3062ffe00e0,cache_256/dataset_complete/cacao_diseases/cacao_photos/healthy/healthy_1906.png,A,no_usada,sana,1906
2757,dataset_complete/cacao_diseases/cacao_photos/healthy/healthy_1907.jpg,0,74939f8bf0dfe641e27b66b0c064ae16,9c5ef1e22532cbd0,cache_256/dataset_complete/cacao_diseases/cacao_photos/healthy/healthy_1907.png,A,no_usada,sana,1907
2758,dataset_complete/cacao_diseases/cacao_photos/healthy/healthy_1908.jpg,0,706e0be94fd27e18fbd4dbb00d3d8535,feccc16e20372475,cache_256/dataset_complete/cacao_diseases/cacao_photos/healthy/healthy_1908.png,A,no_usada,sana,1908
2759,dataset_complete/cacao_diseases/cacao_photos/healthy/healthy_1909.jpg,0,b2d7d3431dbc15cef291a1867aff8cd4,9fdd5a69286d2584,cache_256/dataset_complete/cacao_diseases/cacao_photos/healthy/healthy_1909.png,A,no_usada,sana,1909
2760,dataset_complete/cacao_diseases/cacao_photos/healthy/healthy_191.jpg,0,f8a2f1f735146861a436ef6c679d1b91,f9e03360e7e3c708,cache_256/dataset_complete/cacao_diseases/cacao_photos/healthy/healthy_191.png,A,no_usada,sana,191
2761,dataset_complete/cacao_diseases/cacao_photos/healthy/healthy_1910.jpg,0,7bbb9d17f6d6063dfc43afaa992711d9,e60b9e67cac2a1f0,cache_256/dataset_complete/cacao_diseases/cacao_photos/healthy/healthy_1910.png,A,no_usada,sana,1910
2762,dataset_complete/cacao_diseases/cacao_photos/healthy/healthy_1911.jpg,0,5b72b8a53e4853bc78e65520d0278802,c33a562d0a16e9f3,cache_256/dataset_complete/cacao_diseases/cacao_photos/healthy/healthy_1911.png,A,no_usada,sana,1911
2763,dataset_complete/cacao_diseases/cacao_photos/healthy/healthy_1912.jpg,0,901d059a890139cf2d48d89a8fbcf070,cc216306cbff19e1,cache_256/dataset_complete/cacao_diseases/cacao_photos/healthy/healthy_1912.png,A,no_usada,sana,1912
2764,dataset_complete/cacao_diseases/cacao_photos/healthy/healthy_1913.jpg,0,0f0a7dcb6d1e509c654435b379fc8159,e0ec950de44eae74,cache_256/dataset_complete/cacao_diseases/cacao_photos/healthy/healthy_1913.png,A,no_usada,sana,1913
2765,dataset_complete/cacao_diseases/cacao_photos/healthy/healthy_1914.jpg,0,3f7963d7f2186e3cca9cc0c8d36a0c5f,b00c9cb2ace756ea,cache_256/dataset_complete/cacao_diseases/cacao_photos/healthy/healthy_1914.png,A,no_usada,sana,1914
2766,dataset_complete/cacao_diseases/cacao_photos/healthy/healthy_1915.jpg,0,5a15bb7cc4cd64f4c6897bb101e201ed,9a8a2eb57569219e,cache_256/dataset_complete/cacao_diseases/cacao_photos/healthy/healthy_1915.png,A,no_usada,sana,1915
2767,dataset_complete/cacao_diseases/cacao_photos/healthy/healthy_1916.jpg,0,1d354dd2f9ced7967019030c9ed4fc51,bb8459cd2378ba34,cache_256/dataset_complete/cacao_diseases/cacao_photos/healthy/healthy_1916.png,A,no_usada,sana,1916
2768,dataset_complete/cacao_diseases/cacao_photos/healthy/healthy_1917.jpg,0,54e886e77620444a04e23bc3a121fe44,9b199c3962b2719e,cache_256/dataset_complete/cacao_diseases/cacao_photos/healthy/healthy_1917.png,A,no_usada,sana,1917
2769,dataset_complete/cacao_diseases/cacao_photos/healthy/healthy_1918.jpg,0,18574633546d3eed0003a7a9cfb759a0,f36e1c2b2d01bc96,cache_256/dataset_complete/cacao_diseases/cacao_photos/healthy/healthy_1918.png,A,no_usada,sana,1918
2770,dataset_complete/cacao_diseases/cacao_photos/healthy/healthy_1919.jpg,0,1c509c15111c7bf015da6de867ef4f5a,a3e91af3539ec00e,cache_256/dataset_complete/cacao_diseases/cacao_photos/healthy/healthy_1919.png,A,no_usada,sana,1919
2771,dataset_complete/cacao_diseases/cacao_photos/healthy/healthy_192.jpg,0,501e5f14c0ad8a910b336b955c52b15c,c5a5383a33a383de,cache_256/dataset_complete/cacao_diseases/cacao_photos/healthy/healthy_192.png,A,no_usada,sana,192
2772,dataset_complete/cacao_diseases/cacao_photos/healthy/healthy_1920.jpg,0,5dad7fa28bb796193588c73bb0d2c74e,a23d4cf29d03ab47,cache_256/dataset_complete/cacao_diseases/cacao_photos/healthy/healthy_1920.png,A,no_usada,sana,1920
2773,dataset_complete/cacao_diseases/cacao_photos/healthy/healthy_1921.jpg,0,9806902a83e479641a54c99ecfd9e9f5,e3169c6a3c7f6830,cache_256/dataset_complete/cacao_diseases/cacao_photos/healthy/healthy_1921.png,A,no_usada,sana,1921
2774,dataset_complete/cacao_diseases/cacao_photos/healthy/healthy_1922.jpg,0,3ba0b34d4fd27647e2105bae29e7a96c,bd4e4cf1721b3381,cache_256/dataset_complete/cacao_diseases/cacao_photos/healthy/healthy_1922.png,A,no_usada,sana,1922
2775,dataset_complete/cacao_diseases/cacao_photos/healthy/healthy_1923.jpg,0,e59ea70c7737480505a323143511f9b6,b5150ab5fde20dc4,cache_256/dataset_complete/cacao_diseases/cacao_photos/healthy/healthy_1923.png,A,no_usada,sana,1923
2776,dataset_complete/cacao_diseases/cacao_photos/healthy/healthy_1924.jpg,0,31d848a9969f1ba4c4a5fa552742e8bb,933abda758a5a2c2,cache_256/dataset_complete/cacao_diseases/cacao_photos/healthy/healthy_1924.png,A,no_usada,sana,1924
2777,dataset_complete/cacao_diseases/cacao_photos/healthy/healthy_1925.jpg,0,f08aa527040ae5628f09ddacc0f1fa74,b7689da498961ada,cache_256/dataset_complete/cacao_diseases/cacao_photos/healthy/healthy_1925.png,A,no_usada,sana,1925
2778,dataset_complete/cacao_diseases/cacao_photos/healthy/healthy_1926.jpg,0,f5a99e5d2c4a0ad241adf416f1816c64,e462ad26a5b4b635,cache_256/dataset_complete/cacao_diseases/cacao_photos/healthy/healthy_1926.png,A,no_usada,sana,1926
2779,dataset_complete/cacao_diseases/cacao_photos/healthy/healthy_1927.jpg,0,3f43b5f8a4a4c8467594c58fb046ebba,f339083ff4f0e141,cache_256/dataset_complete/cacao_diseases/cacao_photos/healthy/healthy_1927.png,A,no_usada,sana,1927
2780,dataset_complete/cacao_diseases/cacao_photos/healthy/healthy_1928.jpg,0,80cac4363a7b27f7bca79bf02fb97dd5,e30e1ce09bf70275,cache_256/dataset_complete/cacao_diseases/cacao_photos/healthy/healthy_1928.png,A,no_usada,sana,1928
2781,dataset_complete/cacao_diseases/cacao_photos/healthy/healthy_1929.jpg,0,cb329223e85aa72fd473ed28d7d2518f,9f1ca9b550634da6,cache_256/dataset_complete/cacao_diseases/cacao_photos/healthy/healthy_1929.png,A,no_usada,sana,1929
2782,dataset_complete/cacao_diseases/cacao_photos/healthy/healthy_193.jpg,0,fc3d6d81393af8c8b69fbc92e2c2d1be,a49010e17e7e47e7,cache_256/dataset_complete/cacao_diseases/cacao_photos/healthy/healthy_193.png,A,no_usada,sana,193
2783,dataset_complete/cacao_diseases/cacao_photos/healthy/healthy_1930.jpg,0,fb58c6cff571b38a654f8b9ec473254b,a7785a36ada68998,cache_256/dataset_complete/cacao_diseases/cacao_photos/healthy/healthy_1930.png,A,no_usada,sana,1930
2784,dataset_complete/cacao_diseases/cacao_photos/healthy/healthy_1931.jpg,0,856c98772c4da7bf0f6bd188f5fa2cac,c86f47278e9edc08,cache_256/dataset_complete/cacao_diseases/cacao_photos/healthy/healthy_1931.png,A,no_usada,sana,1931
2785,dataset_complete/cacao_diseases/cacao_photos/healthy/healthy_1932.jpg,0,15aec64e4dd9b6a6cb2a0d4eb583eeaa,8e9c95654d6ec8c9,cache_256/dataset_complete/cacao_diseases/cacao_photos/healthy/healthy_1932.png,A,no_usada,sana,1932
2786,dataset_complete/cacao_diseases/cacao_photos/healthy/healthy_1933.jpg,0,f0ab06a8cf6548d37fbf4595bfff6ab6,f3373d69084e638a,cache_256/dataset_complete/cacao_diseases/cacao_photos/healthy/healthy_1933.png,A,no_usada,sana,1933
2787,dataset_complete/cacao_diseases/cacao_photos/healthy/healthy_1934.jpg,0,6422258cc8e65ee8f0897c59375bfa88,9c6c7070f7f6c0c1,cache_256/dataset_complete/cacao_diseases/cacao_photos/healthy/healthy_1934.png,A,no_usada,sana,1934
2788,dataset_complete/cacao_diseases/cacao_photos/healthy/healthy_1935.jpg,0,6486b8daf1679534aeb74f1262e6b8aa,cf830d4cf8a424df,cache_256/dataset_complete/cacao_diseases/cacao_photos/healthy/healthy_1935.png,A,no_usada,sana,1935
2789,dataset_complete/cacao_diseases/cacao_photos/healthy/healthy_1936.jpg,0,7cf0976c45bdce885fb3fea8969067e4,e4848c69f1755ba6,cache_256/dataset_complete/cacao_diseases/cacao_photos/healthy/healthy_1936.png,A,no_usada,sana,1936
2790,dataset_complete/cacao_diseases/cacao_photos/healthy/healthy_1937.jpg,0,41243691cf87fbed812fec6e64a9de19,9b66b812524e4eed,cache_256/dataset_complete/cacao_diseases/cacao_photos/healthy/healthy_1937.png,A,no_usada,sana,1937
2791,dataset_complete/cacao_diseases/cacao_photos/healthy/healthy_1938.jpg,0,42f8cae699aaec83acf9066674463183,b3b99a2735361c4a,cache_256/dataset_complete/cacao_diseases/cacao_photos/healthy/healthy_1938.png,A,no_usada,sana,1938
2792,dataset_complete/cacao_diseases/cacao_photos/healthy/healthy_1939.jpg,0,024df52e323817b083fe0163c5be0d09,eff49932702b5a41,cache_256/dataset_complete/cacao_diseases/cacao_photos/healthy/healthy_1939.png,A,no_usada,sana,1939
2793,dataset_complete/cacao_diseases/cacao_photos/healthy/healthy_194.jpg,0,2469f737c948127c5fe2f69ca5e04b2f,a91b3027768373f8,cache_256/dataset_complete/cacao_diseases/cacao_photos/healthy/healthy_194.png,A,no_usada,sana,194
2794,dataset_complete/cacao_diseases/cacao_photos/healthy/healthy_1940.jpg,0,81e48e8cc30a13a86571b9628e71b019,9eb98c2167756668,cache_256/dataset_complete/cacao_diseases/cacao_photos/healthy/healthy_1940.png,A,no_usada,sana,1940
2795,dataset_complete/cacao_diseases/cacao_photos/healthy/healthy_1941.jpg,0,dcdf0afd16598a7b504952ccda711cbd,a74c4d367fb282b0,cache_256/dataset_complete/cacao_diseases/cacao_photos/healthy/healthy_1941.png,A,no_usada,sana,1941
2796,dataset_complete/cacao_diseases/cacao_photos/healthy/healthy_1942.jpg,0,d26caec7a24a56d0eee5b2c06eb920ae,e21ab6f7512d0cc9,cache_256/dataset_complete/cacao_diseases/cacao_photos/healthy/healthy_1942.png,A,no_usada,sana,1942
2797,dataset_complete/cacao_diseases/cacao_photos/healthy/healthy_1943.jpg,0,0142756402ed40dcb069d434ca8a1616,ecee3352f81ce103,cache_256/dataset_complete/cacao_diseases/cacao_photos/healthy/healthy_1943.png,A,no_usada,sana,1943
2798,dataset_complete/cacao_diseases/cacao_photos/healthy/healthy_1944.jpg,0,5cebe031419c2d569cd6bb334cd73436,ad9fc2f2853843b8,cache_256/dataset_complete/cacao_diseases/cacao_photos/healthy/healthy_1944.png,A,no_usada,sana,1944
2799,dataset_complete/cacao_diseases/cacao_photos/healthy/healthy_1945.jpg,0,18259a058894ba7c02b03710f1b6bdd0,a73bc9a781b74017,cache_256/dataset_complete/cacao_diseases/cacao_photos/healthy/healthy_1945.png,A,no_usada,sana,1945
2800,dataset_complete/cacao_diseases/cacao_photos/healthy/healthy_1946.jpg,0,ae1b967984132ac149f83a381898e78d,eeecd11eb1d0b218,cache_256/dataset_complete/cacao_diseases/cacao_photos/healthy/healthy_1946.png,A,no_usada,sana,1946
2801,dataset_complete/cacao_diseases/cacao_photos/healthy/healthy_1947.jpg,0,02577c7b513bf356cc57ef12677b48c5,d8deb14137ce16b0,cache_256/dataset_complete/cacao_diseases/cacao_photos/healthy/healthy_1947.png,A,no_usada,sana,1947
2802,dataset_complete/cacao_diseases/cacao_photos/healthy/healthy_1948.jpg,0,85d58e72142f8fe9768436a556db1021,e3ab99067a2237b1,cache_256/dataset_complete/cacao_diseases/cacao_photos/healthy/healthy_1948.png,A,no_usada,sana,1948
2803,dataset_complete/cacao_diseases/cacao_photos/healthy/healthy_1949.jpg,0,70a2081f9d88fb8103caedc54b3d0811,c08f74600dbdc99f,cache_256/dataset_complete/cacao_diseases/cacao_photos/healthy/healthy_1949.png,A,no_usada,sana,1949
2804,dataset_complete/cacao_diseases/cacao_photos/healthy/healthy_195.jpg,0,46b8a0d9e7d7ccd8acdbb3972263dcf3,c98d74743cee0c1e,cache_256/dataset_complete/cacao_diseases/cacao_photos/healthy/healthy_195.png,A,no_usada,sana,195
2805,dataset_complete/cacao_diseases/cacao_photos/healthy/healthy_1950.jpg,0,f755b78b51ee8b98d12ef9b7984b8589,ddce3b78f1213221,cache_256/dataset_complete/cacao_diseases/cacao_photos/healthy/healthy_1950.png,A,no_usada,sana,1950
2806,dataset_complete/cacao_diseases/cacao_photos/healthy/healthy_1951.jpg,0,4b4b38bd98667072c44f50082913c5a4,cb08f16326f865b9,cache_256/dataset_complete/cacao_diseases/cacao_photos/healthy/healthy_1951.png,A,no_usada,sana,1951
2807,dataset_complete/cacao_diseases/cacao_photos/healthy/healthy_1952.jpg,0,28dc4b27c05dbdd91ce41054e0895937,cb839b7a63c9a149,cache_256/dataset_complete/cacao_diseases/cacao_photos/healthy/healthy_1952.png,A,no_usada,sana,1952
2808,dataset_complete/cacao_diseases/cacao_photos/healthy/healthy_1953.jpg,0,bcbbeae05964f3defc08106cb3946692,ca8c702637d3e3d8,cache_256/dataset_complete/cacao_diseases/cacao_photos/healthy/healthy_1953.png,A,no_usada,sana,1953
2809,dataset_complete/cacao_diseases/cacao_photos/healthy/healthy_1954.jpg,0,0e433875380aa406015dab7bb332727d,8787786687bc94b8,cache_256/dataset_complete/cacao_diseases/cacao_photos/healthy/healthy_1954.png,A,no_usada,sana,1954
2810,dataset_complete/cacao_diseases/cacao_photos/healthy/healthy_1955.jpg,0,60c5f87877b0ca809500d9d40cf014ae,c6b491212f3f8f98,cache_256/dataset_complete/cacao_diseases/cacao_photos/healthy/healthy_1955.png,A,no_usada,sana,1955
2811,dataset_complete/cacao_diseases/cacao_photos/healthy/healthy_1956.jpg,0,2e967031ea6a3c32025d87e4caecb620,dda0ac2725b591d9,cache_256/dataset_complete/cacao_diseases/cacao_photos/healthy/healthy_1956.png,A,no_usada,sana,1956
2812,dataset_complete/cacao_diseases/cacao_photos/healthy/healthy_1957.jpg,0,feea710a6a168719a6654140277c2843,ef66b03335164a9c,cache_256/dataset_complete/cacao_diseases/cacao_photos/healthy/healthy_1957.png,A,no_usada,sana,1957
2813,dataset_complete/cacao_diseases/cacao_photos/healthy/healthy_1958.jpg,0,eedaaf4a4733ea8641069eec740bd406,94cd72a4597d094f,cache_256/dataset_complete/cacao_diseases/cacao_photos/healthy/healthy_1958.png,A,no_usada,sana,1958
2814,dataset_complete/cacao_diseases/cacao_photos/healthy/healthy_1959.jpg,0,9b23fe6f1cdbcedf3c00ad2a41ab87a1,fb91866f9063a80f,cache_256/dataset_complete/cacao_diseases/cacao_photos/healthy/healthy_1959.png,A,no_usada,sana,1959
2815,dataset_complete/cacao_diseases/cacao_photos/healthy/healthy_196.jpg,0,670f2b338417c4d24090a30ff0a62ecf,919a3323a3a7b6b2,cache_256/dataset_complete/cacao_diseases/cacao_photos/healthy/healthy_196.png,A,no_usada,sana,196
2816,dataset_complete/cacao_diseases/cacao_photos/healthy/healthy_1960.jpg,0,5285197d7e53cf14cf86c3d735b572ec,a999e473027bb133,cache_256/dataset_complete/cacao_diseases/cacao_photos/healthy/healthy_1960.png,A,no_usada,sana,1960
2817,dataset_complete/cacao_diseases/cacao_photos/healthy/healthy_1961.jpg,0,bcd456f25d5edd75f4e53fbf96476677,b84d4822bd378f53,cache_256/dataset_complete/cacao_diseases/cacao_photos/healthy/healthy_1961.png,A,no_usada,sana,1961
2818,dataset_complete/cacao_diseases/cacao_photos/healthy/healthy_1962.jpg,0,e86a0021dd485cdad6636ee6d9246402,eb38e7b20e610cab,cache_256/dataset_complete/cacao_diseases/cacao_photos/healthy/healthy_1962.png,A,no_usada,sana,1962
2819,dataset_complete/cacao_diseases/cacao_photos/healthy/healthy_1963.jpg,0,f01612fa3705cb7e4ec509ab437ac00e,d109686721bd34df,cache_256/dataset_complete/cacao_diseases/cacao_photos/healthy/healthy_1963.png,A,no_usada,sana,1963
2820,dataset_complete/cacao_diseases/cacao_photos/healthy/healthy_1964.jpg,0,dbe58406258f444b7a02e1e0be57fad8,b6665b52e9c942a9,cache_256/dataset_complete/cacao_diseases/cacao_photos/healthy/healthy_1964.png,A,no_usada,sana,1964
2821,dataset_complete/cacao_diseases/cacao_photos/healthy/healthy_1965.jpg,0,e02cb42c63e913616e70cf4f1e89cb95,e0c80ba8c975e9bd,cache_256/dataset_complete/cacao_diseases/cacao_photos/healthy/healthy_1965.png,A,no_usada,sana,1965
2822,dataset_complete/cacao_diseases/cacao_photos/healthy/healthy_1966.jpg,0,b4c889eee3c3ad4b38e87017bab96b90,caa9dc7e2c0e0eca,cache_256/dataset_complete/cacao_diseases/cacao_photos/healthy/healthy_1966.png,A,no_usada,sana,1966
2823,dataset_complete/cacao_diseases/cacao_photos/healthy/healthy_1967.jpg,0,abfd5a117a32cfb79f5877ed634239aa,a64b09b463a7768b,cache_256/dataset_complete/cacao_diseases/cacao_photos/healthy/healthy_1967.png,A,no_usada,sana,1967
2824,dataset_complete/cacao_diseases/cacao_photos/healthy/healthy_1968.jpg,0,bc3e2b19b2ffeeea4527a59b3fb36f85,9e78d97c34f04d50,cache_256/dataset_complete/cacao_diseases/cacao_photos/healthy/healthy_1968.png,A,no_usada,sana,1968
2825,dataset_complete/cacao_diseases/cacao_photos/healthy/healthy_1969.jpg,0,d4ddddc31e7ea193ae1dbbf51c6a93d3,a63f7921edac4688,cache_256/dataset_complete/cacao_diseases/cacao_photos/healthy/healthy_1969.png,A,no_usada,sana,1969
2826,dataset_complete/cacao_diseases/cacao_photos/healthy/healthy_1970.jpg,0,9f5e37ad4d76446b258052a2740be718,e54f3926fa2831b2,cache_256/dataset_complete/cacao_diseases/cacao_photos/healthy/healthy_1970.png,A,no_usada,sana,1970
2827,dataset_complete/cacao_diseases/cacao_photos/healthy/healthy_1971.jpg,0,1154039278034fdf45ca21a3b73313ab,9fb357766248aa90,cache_256/dataset_complete/cacao_diseases/cacao_photos/healthy/healthy_1971.png,A,no_usada,sana,1971
2828,dataset_complete/cacao_diseases/cacao_photos/healthy/healthy_1972.jpg,0,b6ded6a22d860225c8e31b25fb0c3b1a,c976bc7124e6c70c,cache_256/dataset_complete/cacao_diseases/cacao_photos/healthy/healthy_1972.png,A,no_usada,sana,1972
2829,dataset_complete/cacao_diseases/cacao_photos/healthy/healthy_1973.jpg,0,44d884dbe27d1fc2fb19efde871e949e,f4181af2e792e2d8,cache_256/dataset_complete/cacao_diseases/cacao_photos/healthy/healthy_1973.png,A,no_usada,sana,1973
2830,dataset_complete/cacao_diseases/cacao_photos/healthy/healthy_1974.jpg,0,7457680be4787d8ca44ca8f0a80598d0,c80b39f3f2c449f4,cache_256/dataset_complete/cacao_diseases/cacao_photos/healthy/healthy_1974.png,A,no_usada,sana,1974
2831,dataset_complete/cacao_diseases/cacao_photos/healthy/healthy_1975.jpg,0,220ab8a14ab3da277a875980b3c5f822,8c7236e9d6c05795,cache_256/dataset_complete/cacao_diseases/cacao_photos/healthy/healthy_1975.png,A,no_usada,sana,1975
2832,dataset_complete/cacao_diseases/cacao_photos/healthy/healthy_1976.jpg,0,c9067e6574f79a55f7f91c0bed582d83,9be5f6a7c444145c,cache_256/dataset_complete/cacao_diseases/cacao_photos/healthy/healthy_1976.png,A,no_usada,sana,1976
2833,dataset_complete/cacao_diseases/cacao_photos/healthy/healthy_1977.jpg,0,bb62ee3b7e0e13e38b5962ecf0787ee9,d82ce37726f710c2,cache_256/dataset_complete/cacao_diseases/cacao_photos/healthy/healthy_1977.png,A,no_usada,sana,1977
2834,dataset_complete/cacao_diseases/cacao_photos/healthy/healthy_1978.jpg,0,cbe15cc013172903c3349bc3a7762a43,e6098d66c1e2f9b4,cache_256/dataset_complete/cacao_diseases/cacao_photos/healthy/healthy_1978.png,A,no_usada,sana,1978
2835,dataset_complete/cacao_diseases/cacao_photos/healthy/healthy_1979.jpg,0,feee875ad2c287e4c0d920cb1f5d9ede,825d7dece0e24785,cache_256/dataset_complete/cacao_diseases/cacao_photos/healthy/healthy_1979.png,A,no_usada,sana,1979
2836,dataset_complete/cacao_diseases/cacao_photos/healthy/healthy_1980.jpg,0,99fc37beb167c55f52672c4117452895,9923630ecec347e5,cache_256/dataset_complete/cacao_diseases/cacao_photos/healthy/healthy_1980.png,A,no_usada,sana,1980
2837,dataset_complete/cacao_diseases/cacao_photos/healthy/healthy_1981.jpg,0,3f5e744343b4b0bc56cf7372c6ad97c1,e404ca636af2a3af,cache_256/dataset_complete/cacao_diseases/cacao_photos/healthy/healthy_1981.png,A,no_usada,sana,1981
2838,dataset_complete/cacao_diseases/cacao_photos/healthy/healthy_1982.jpg,0,7a2337d20efccea8df0f600c946d2070,d386c9f09993f491,cache_256/dataset_complete/cacao_diseases/cacao_photos/healthy/healthy_1982.png,A,no_usada,sana,1982
2839,dataset_complete/cacao_diseases/cacao_photos/healthy/healthy_1983.jpg,0,a3cd17ed7da836119c1f8fce97776017,e727bc131ac514f2,cache_256/dataset_complete/cacao_diseases/cacao_photos/healthy/healthy_1983.png,A,no_usada,sana,1983
2840,dataset_complete/cacao_diseases/cacao_photos/healthy/healthy_1984.jpg,0,8c1e66fa9f5c09ceacfa16047b737841,cd292627cbc3e551,cache_256/dataset_complete/cacao_diseases/cacao_photos/healthy/healthy_1984.png,A,no_usada,sana,1984
2841,dataset_complete/cacao_diseases/cacao_photos/healthy/healthy_1985.jpg,0,73832d4afca6c137d3b79529b76cfed1,c6e83c62f2c9cd4c,cache_256/dataset_complete/cacao_diseases/cacao_photos/healthy/healthy_1985.png,A,no_usada,sana,1985
2842,dataset_complete/cacao_diseases/cacao_photos/healthy/healthy_1986.jpg,0,ffbdddeb9bbec030393d75fded89fd5c,98ed247e7880bb1d,cache_256/dataset_complete/cacao_diseases/cacao_photos/healthy/healthy_1986.png,A,no_usada,sana,1986
2843,dataset_complete/cacao_diseases/cacao_photos/healthy/healthy_1987.jpg,0,6ed6530e49ac2c52a7b7b366b78db4e7,8cacb42472737be1,cache_256/dataset_complete/cacao_diseases/cacao_photos/healthy/healthy_1987.png,A,no_usada,sana,1987
2844,dataset_complete/cacao_diseases/cacao_photos/healthy/healthy_1988.jpg,0,dc13f3aa77930fa8dac74618dab91f43,d3d2182a0fc7cf0d,cache_256/dataset_complete/cacao_diseases/cacao_photos/healthy/healthy_1988.png,A,no_usada,sana,1988
2845,dataset_complete/cacao_diseases/cacao_photos/healthy/healthy_1989.jpg,0,f97289cfc127eb9a6cf39502e7cf44f7,b2a624666e4f2aea,cache_256/dataset_complete/cacao_diseases/cacao_photos/healthy/healthy_1989.png,A,no_usada,sana,1989
2846,dataset_complete/cacao_diseases/cacao_photos/healthy/healthy_1990.jpg,0,5245f60a3ad58c4fd91dc97b5d13b2fd,e876120fdd488cfa,cache_256/dataset_complete/cacao_diseases/cacao_photos/healthy/healthy_1990.png,A,no_usada,sana,1990
2847,dataset_complete/cacao_diseases/cacao_photos/healthy/healthy_1991.jpg,0,3edc62fd11db6097b8c0c93822fdaeac,cde7626241c7cd8a,cache_256/dataset_complete/cacao_diseases/cacao_photos/healthy/healthy_1991.png,A,no_usada,sana,1991
2848,dataset_complete/cacao_diseases/cacao_photos/healthy/healthy_1992.jpg,0,c29719fbf75ddb9335674f0506eb6ac9,99b802627d555d5d,cache_256/dataset_complete/cacao_diseases/cacao_photos/healthy/healthy_1992.png,A,no_usada,sana,1992
2849,dataset_complete/cacao_diseases/cacao_photos/healthy/healthy_1993.jpg,0,4cfa1ea6c823d80768b0fbfa1c46c60a,89892623f2674f6e,cache_256/dataset_complete/cacao_diseases/cacao_photos/healthy/healthy_1993.png,A,no_usada,sana,1993
2850,dataset_complete/cacao_diseases/cacao_photos/healthy/healthy_1994.jpg,0,1bea3ef2bc9030e84e96798129c55123,a3b87623101ff7c8,cache_256/dataset_complete/cacao_diseases/cacao_photos/healthy/healthy_1994.png,A,no_usada,sana,1994
2851,dataset_complete/cacao_diseases/cacao_photos/healthy/healthy_1995.jpg,0,6c23ca177664bfd3bbd2b98a984fd496,9bdc60273f84998d,cache_256/dataset_complete/cacao_diseases/cacao_photos/healthy/healthy_1995.png,A,no_usada,sana,1995
2852,dataset_complete/cacao_diseases/cacao_photos/healthy/healthy_1996.jpg,0,4f8254c7e2c2f42b406598b15f298319,99d873343199b58e,cache_256/dataset_complete/cacao_diseases/cacao_photos/healthy/healthy_1996.png,A,no_usada,sana,1996
2853,dataset_complete/cacao_diseases/cacao_photos/healthy/healthy_1997.jpg,0,ce436864adafc6a2a758cf10d906f1fd,c8de7255a403b2f5,cache_256/dataset_complete/cacao_diseases/cacao_photos/healthy/healthy_1997.png,A,no_usada,sana,1997
2854,dataset_complete/cacao_diseases/cacao_photos/healthy/healthy_1998.jpg,0,0ae202ab1ccb32e1c69f5fc5fcb5a390,b8bd3366672c0e4c,cache_256/dataset_complete/cacao_diseases/cacao_photos/healthy/healthy_1998.png,A,no_usada,sana,1998
2855,dataset_complete/cacao_diseases/cacao_photos/healthy/healthy_1999.jpg,0,6460b9670827879fca9f642b9792017d,bc98982f966f454a,cache_256/dataset_complete/cacao_diseases/cacao_photos/healthy/healthy_1999.png,A,no_usada,sana,1999
2856,dataset_complete/cacao_diseases/cacao_photos/healthy/healthy_2000.jpg,0,a525935c8af93815d6c48344f61c9f4f,bce85f6c600e62ae,cache_256/dataset_complete/cacao_diseases/cacao_photos/healthy/healthy_2000.png,A,no_usada,sana,2000
2857,dataset_complete/cacao_diseases/cacao_photos/healthy/healthy_2001.jpg,0,c03075e7dab2d1951f303def10bff43f,ecfd1b03d015c3a5,cache_256/dataset_complete/cacao_diseases/cacao_photos/healthy/healthy_2001.png,A,no_usada,sana,2001
2858,dataset_complete/cacao_diseases/cacao_photos/healthy/healthy_2002.jpg,0,049121ce543b38f697a3466232213f3f,e9cd662e2212e3ab,cache_256/dataset_complete/cacao_diseases/cacao_photos/healthy/healthy_2002.png,A,no_usada,sana,2002
2859,dataset_complete/cacao_diseases/cacao_photos/healthy/healthy_2003.jpg,0,8781b4d37f0763071fcda0515e77af5d,b0913b22a69d7ef0,cache_256/dataset_complete/cacao_diseases/cacao_photos/healthy/healthy_2003.png,A,no_usada,sana,2003
2860,dataset_complete/cacao_diseases/cacao_photos/healthy/healthy_2004.jpg,0,bd1b2058efc0955f42c4a1ba8117acea,9b9a6336222ab68f,cache_256/dataset_complete/cacao_diseases/cacao_photos/healthy/healthy_2004.png,A,no_usada,sana,2004
2861,dataset_complete/cacao_diseases/cacao_photos/healthy/healthy_2005.jpg,0,1bf8c1a8616164272c7abb092a557274,e4ec23f5c86f2612,cache_256/dataset_complete/cacao_diseases/cacao_photos/healthy/healthy_2005.png,A,no_usada,sana,2005
2862,dataset_complete/cacao_diseases/cacao_photos/healthy/healthy_2006.jpg,0,782f60c5365e10d4bb7466fb2334f14f,c4ed9c5a7912e9a2,cache_256/dataset_complete/cacao_diseases/cacao_photos/healthy/healthy_2006.png,A,no_usada,sana,2006
2863,dataset_complete/cacao_diseases/cacao_photos/healthy/healthy_2007.jpg,0,348d05d3ea389dbfd3312eee0b5616f9,b5b8f0e3b666a052,cache_256/dataset_complete/cacao_diseases/cacao_photos/healthy/healthy_2007.png,A,no_usada,sana,2007
2864,dataset_complete/cacao_diseases/cacao_photos/healthy/healthy_2008.jpg,0,635bc6c15ac72773ef0e75bc2142e648,8c4d59e3b3e20ecc,cache_256/dataset_complete/cacao_diseases/cacao_photos/healthy/healthy_2008.png,A,no_usada,sana,2008
2865,dataset_complete/cacao_diseases/cacao_photos/healthy/healthy_2009.jpg,0,7d6b7aca693a8dd20f95c0e91555b6ea,c8ace1273768c2be,cache_256/dataset_complete/cacao_diseases/cacao_photos/healthy/healthy_2009.png,A,no_usada,sana,2009
2866,dataset_complete/cacao_diseases/cacao_photos/healthy/healthy_2010.jpg,0,0e7fa4e06f067c86182d72bce6e38018,a75a68291a2f764e,cache_256/dataset_complete/cacao_diseases/cacao_photos/healthy/healthy_2010.png,A,no_usada,sana,2010
2867,dataset_complete/cacao_diseases/cacao_photos/healthy/healthy_2011.jpg,0,b4bdb760ccb7a0359312f61017863fac,9c1269617ce4e69e,cache_256/dataset_complete/cacao_diseases/cacao_photos/healthy/healthy_2011.png,A,no_usada,sana,2011
2868,dataset_complete/cacao_diseases/cacao_photos/healthy/healthy_2012.jpg,0,ce59601929471bdf02b1d7b7d453cd44,dade42e485e6c097,cache_256/dataset_complete/cacao_diseases/cacao_photos/healthy/healthy_2012.png,A,no_usada,sana,2012
2869,dataset_complete/cacao_diseases/cacao_photos/healthy/healthy_2013.jpg,0,b67bf294f96cc9309955c9f998797d31,ad585067ada66aa6,cache_256/dataset_complete/cacao_diseases/cacao_photos/healthy/healthy_2013.png,A,no_usada,sana,2013
2870,dataset_complete/cacao_diseases/cacao_photos/healthy/healthy_2014.jpg,0,b3a4a630ee4c146883886476b2099a9c,e0cacfedc46cec08,cache_256/dataset_complete/cacao_diseases/cacao_photos/healthy/healthy_2014.png,A,no_usada,sana,2014
2871,dataset_complete/cacao_diseases/cacao_photos/healthy/healthy_2015.jpg,0,6d869f904af6a94a2847b48340907d97,8bc974263acaae8b,cache_256/dataset_complete/cacao_diseases/cacao_photos/healthy/healthy_2015.png,A,no_usada,sana,2015
2872,dataset_complete/cacao_diseases/cacao_photos/healthy/healthy_2016.jpg,0,638a2a3838eb3de9aaff6f042c423c56,dd4f732322a0af38,cache_256/dataset_complete/cacao_diseases/cacao_photos/healthy/healthy_2016.png,A,no_usada,sana,2016
2873,dataset_complete/cacao_diseases/cacao_photos/healthy/healthy_2017.jpg,0,82ac6de69b17488625798f22d6090b93,93c55960a3a6b576,cache_256/dataset_complete/cacao_diseases/cacao_photos/healthy/healthy_2017.png,A,no_usada,sana,2017
2874,dataset_complete/cacao_diseases/cacao_photos/healthy/healthy_2018.jpg,0,e3ef22a13b1230843842c57a6aec4d97,928a4cc4cfed8d93,cache_256/dataset_complete/cacao_diseases/cacao_photos/healthy/healthy_2018.png,A,no_usada,sana,2018
2875,dataset_complete/cacao_diseases/cacao_photos/healthy/healthy_2019.jpg,0,eb0feefecefec8808070493d786ce4c8,cd8a35f88f38620f,cache_256/dataset_complete/cacao_diseases/cacao_photos/healthy/healthy_2019.png,A,no_usada,sana,2019
2876,dataset_complete/cacao_diseases/cacao_photos/healthy/healthy_2020.jpg,0,2339320bf0543342ce8228ac243f8cd4,f89823730237fea2,cache_256/dataset_complete/cacao_diseases/cacao_photos/healthy/healthy_2020.png,A,no_usada,sana,2020
2877,dataset_complete/cacao_diseases/cacao_photos/healthy/healthy_2021.jpg,0,9d392e4018bc6ea0d57e7469f7a848a4,8ca9373359894b9d,cache_256/dataset_complete/cacao_diseases/cacao_photos/healthy/healthy_2021.png,A,no_usada,sana,2021
2878,dataset_complete/cacao_diseases/cacao_photos/healthy/healthy_2022.jpg,0,08a70b568469adb3147ce71af147da7b,a12ce532d7f84ae8,cache_256/dataset_complete/cacao_diseases/cacao_photos/healthy/healthy_2022.png,A,no_usada,sana,2022
2879,dataset_complete/cacao_diseases/cacao_photos/healthy/healthy_2023.jpg,0,23d047ea08d60d5306c43bf9fe8b92a2,9a835e3fb073b114,cache_256/dataset_complete/cacao_diseases/cacao_photos/healthy/healthy_2023.png,A,no_usada,sana,2023
2880,dataset_complete/cacao_diseases/cacao_photos/healthy/healthy_2024.jpg,0,6dff87ffaaef3990022047f3a7527b11,aea63593ebad0c28,cache_256/dataset_complete/cacao_diseases/cacao_photos/healthy/healthy_2024.png,A,no_usada,sana,2024
2881,dataset_complete/cacao_diseases/cacao_photos/healthy/healthy_2025.jpg,0,ef63e48a68871fcfd4d5b8f921e4993c,c9687fb1c4cda262,cache_256/dataset_complete/cacao_diseases/cacao_photos/healthy/healthy_2025.png,A,no_usada,sana,2025
2882,dataset_complete/cacao_diseases/cacao_photos/healthy/healthy_2026.jpg,0,8c59b1fd3eab34edbf33c5a3060bc87d,86cf5923b07171f4,cache_256/dataset_complete/cacao_diseases/cacao_photos/healthy/healthy_2026.png,A,no_usada,sana,2026
2883,dataset_complete/cacao_diseases/cacao_photos/healthy/healthy_2027.jpg,0,4d85235c3ef7f5a89de75114e10c2eae,defb6193964a110d,cache_256/dataset_complete/cacao_diseases/cacao_photos/healthy/healthy_2027.png,A,no_usada,sana,2027
2884,dataset_complete/cacao_diseases/cacao_photos/healthy/healthy_2028.jpg,0,2757227c89f23c1aa1b2127662943fef,f2920d0d25ec379d,cache_256/dataset_complete/cacao_diseases/cacao_photos/healthy/healthy_2028.png,A,no_usada,sana,2028
2885,dataset_complete/cacao_diseases/cacao_photos/healthy/healthy_2029.jpg,0,eee34aedbe4e4ca3931106e57769ada3,c1cdcd05e536f612,cache_256/dataset_complete/cacao_diseases/cacao_photos/healthy/healthy_2029.png,A,no_usada,sana,2029
2886,dataset_complete/cacao_diseases/cacao_photos/healthy/healthy_2030.jpg,0,eeb6df057903c76ca2042bf13c316d08,d0b8d82b2389cfd9,cache_256/dataset_complete/cacao_diseases/cacao_photos/healthy/healthy_2030.png,A,no_usada,sana,2030
2887,dataset_complete/cacao_diseases/cacao_photos/healthy/healthy_2031.jpg,0,c47fae80e253e279872273eeba8632eb,dad3060637676555,cache_256/dataset_complete/cacao_diseases/cacao_photos/healthy/healthy_2031.png,A,no_usada,sana,2031
2888,dataset_complete/cacao_diseases/cacao_photos/healthy/healthy_2032.jpg,0,019c799e618410836b62298078e8005e,ca6c953539271756,cache_256/dataset_complete/cacao_diseases/cacao_photos/healthy/healthy_2032.png,A,no_usada,sana,2032
2889,dataset_complete/cacao_diseases/cacao_photos/healthy/healthy_2033.jpg,0,0689c38901dae0ea4ae39ba75f75f51d,dfee0826b24d471c,cache_256/dataset_complete/cacao_diseases/cacao_photos/healthy/healthy_2033.png,A,no_usada,sana,2033
2890,dataset_complete/cacao_diseases/cacao_photos/healthy/healthy_2034.jpg,0,255cc6048665bc4bb48ff456be87ebdd,f32b4b76d4429ec0,cache_256/dataset_complete/cacao_diseases/cacao_photos/healthy/healthy_2034.png,A,no_usada,sana,2034
2891,dataset_complete/cacao_diseases/cacao_photos/healthy/healthy_2035.jpg,0,b334ee78bedee87001d4edb20421307b,e51c6586b1433fb2,cache_256/dataset_complete/cacao_diseases/cacao_photos/healthy/healthy_2035.png,A,no_usada,sana,2035
2892,dataset_complete/cacao_diseases/cacao_photos/healthy/healthy_2036.jpg,0,3affd389403d69eff9e7a31791a6e661,a60718f7693c7e60,cache_256/dataset_complete/cacao_diseases/cacao_photos/healthy/healthy_2036.png,A,no_usada,sana,2036
2893,dataset_complete/cacao_diseases/cacao_photos/healthy/healthy_2037.jpg,0,e069a1f19f2520867f539c785e22a3b8,8049dbcdadac6b58,cache_256/dataset_complete/cacao_diseases/cacao_photos/healthy/healthy_2037.png,A,no_usada,sana,2037
2894,dataset_complete/cacao_diseases/cacao_photos/healthy/healthy_2038.jpg,0,7b3320caa77cd09e4b85344b74bd4324,dc80a3f6a116fa0f,cache_256/dataset_complete/cacao_diseases/cacao_photos/healthy/healthy_2038.png,A,no_usada,sana,2038
2895,dataset_complete/cacao_diseases/cacao_photos/healthy/healthy_2039.jpg,0,75878fc91468b8e5ffc8e87a07127265,b823bcf07242f94d,cache_256/dataset_complete/cacao_diseases/cacao_photos/healthy/healthy_2039.png,A,no_usada,sana,2039
2896,dataset_complete/cacao_diseases/cacao_photos/healthy/healthy_2040.jpg,0,c5762dfcef00f6e8c7349f31a0fd0919,f8b8e16b0e6585b4,cache_256/dataset_complete/cacao_diseases/cacao_photos/healthy/healthy_2040.png,A,no_usada,sana,2040
2897,dataset_complete/cacao_diseases/cacao_photos/healthy/healthy_2041.jpg,0,650f9ed3c7290547961e83672ea4417d,9886666d5c9a6c57,cache_256/dataset_complete/cacao_diseases/cacao_photos/healthy/healthy_2041.png,A,no_usada,sana,2041
2898,dataset_complete/cacao_diseases/cacao_photos/healthy/healthy_2042.jpg,0,52fcff1e159fcee47a51671c038d8239,fc19d87628a26e2d,cache_256/dataset_complete/cacao_diseases/cacao_photos/healthy/healthy_2042.png,A,no_usada,sana,2042
2899,dataset_complete/cacao_diseases/cacao_photos/healthy/healthy_2043.jpg,0,cef01c15ff0c974d628fdd6cffe46a65,e3e5c86768213da3,cache_256/dataset_complete/cacao_diseases/cacao_photos/healthy/healthy_2043.png,A,no_usada,sana,2043
2900,dataset_complete/cacao_diseases/cacao_photos/healthy/healthy_2044.jpg,0,5bd99064f548c08d0a8478c062a6c430,8e8c38f26137f171,cache_256/dataset_complete/cacao_diseases/cacao_photos/healthy/healthy_2044.png,A,no_usada,sana,2044
2901,dataset_complete/cacao_diseases/cacao_photos/healthy/healthy_2045.jpg,0,d1cc94050554852f5631386a5e1d3134,ec171ae207be418f,cache_256/dataset_complete/cacao_diseases/cacao_photos/healthy/healthy_2045.png,A,no_usada,sana,2045
2902,dataset_complete/cacao_diseases/cacao_photos/healthy/healthy_2046.jpg,0,2dabd199f728703308b1c0d263962646,f904369386b154fd,cache_256/dataset_complete/cacao_diseases/cacao_photos/healthy/healthy_2046.png,A,no_usada,sana,2046
2903,dataset_complete/cacao_diseases/cacao_photos/healthy/healthy_2047.jpg,0,30ebf939d1dc500db3e73db9a92bfb61,ec1f18e65e87c303,cache_256/dataset_complete/cacao_diseases/cacao_photos/healthy/healthy_2047.png,A,no_usada,sana,2047
2904,dataset_complete/cacao_diseases/cacao_photos/healthy/healthy_2048.jpg,0,b517d84a419352ef885c7163ffde594d,88be2671cbe43571,cache_256/dataset_complete/cacao_diseases/cacao_photos/healthy/healthy_2048.png,A,no_usada,sana,2048
2905,dataset_complete/cacao_diseases/cacao_photos/healthy/healthy_2049.jpg,0,fda6c688554f8c20ac3be4331d67aa9f,e42528e7e2cc4f4e,cache_256/dataset_complete/cacao_diseases/cacao_photos/healthy/healthy_2049.png,A,no_usada,sana,2049
2906,dataset_complete/cacao_diseases/cacao_photos/healthy/healthy_2050.jpg,0,6f990504aa55fc205092a45369c3bd03,cec43530851be7cb,cache_256/dataset_complete/cacao_diseases/cacao_photos/healthy/healthy_2050.png,A,no_usada,sana,2050
2907,dataset_complete/cacao_diseases/cacao_photos/healthy/healthy_2051.jpg,0,d0b4dee8c3a26cdb88a77328edddc1ec,f9c2b11ee2a4e668,cache_256/dataset_complete/cacao_diseases/cacao_photos/healthy/healthy_2051.png,A,no_usada,sana,2051
2908,dataset_complete/cacao_diseases/cacao_photos/healthy/healthy_2159.jpg,0,6a8b94e4e1b087d1771e2032f04de23b,9631b7f40ca6447e,cache_256/dataset_complete/cacao_diseases/cacao_photos/healthy/healthy_2159.png,A,no_usada,sana,2159
2909,dataset_complete/cacao_diseases/cacao_photos/healthy/healthy_2160.jpg,0,20a53faf20b287542d0223850b79a95c,b2a79a70f127e0e2,cache_256/dataset_complete/cacao_diseases/cacao_photos/healthy/healthy_2160.png,A,no_usada,sana,2160
2910,dataset_complete/cacao_diseases/cacao_photos/healthy/healthy_2161.jpg,0,56e7ac4dfe189aaead695ff8d2332894,b3b41d71686602ef,cache_256/dataset_complete/cacao_diseases/cacao_photos/healthy/healthy_2161.png,A,no_usada,sana,2161
2911,dataset_complete/cacao_diseases/cacao_photos/healthy/healthy_2162.jpg,0,fb5e8086a9527fef79fc54bc9a2eb2c6,b22cece5c4ee98d0,cache_256/dataset_complete/cacao_diseases/cacao_photos/healthy/healthy_2162.png,A,no_usada,sana,2162
2912,dataset_complete/cacao_diseases/cacao_photos/healthy/healthy_2163.jpg,0,3559e8c6ca15bdc8930968b3041c74a2,d50de66361272cf4,cache_256/dataset_complete/cacao_diseases/cacao_photos/healthy/healthy_2163.png,A,no_usada,sana,2163
2913,dataset_complete/cacao_diseases/cacao_photos/healthy/healthy_2164.jpg,0,157d4b57e60ff534761759d59f013db3,a2ca4d7ef8c6c286,cache_256/dataset_complete/cacao_diseases/cacao_photos/healthy/healthy_2164.png,A,no_usada,sana,2164
2914,dataset_complete/cacao_diseases/cacao_photos/healthy/healthy_2165.jpg,0,65975ab63fb8e2a1af47fbcd5decb6e0,a3e9ed34534252b5,cache_256/dataset_complete/cacao_diseases/cacao_photos/healthy/healthy_2165.png,A,no_usada,sana,2165
2915,dataset_complete/cacao_diseases/cacao_photos/healthy/healthy_2166.jpg,0,14f9abb128ab2c55502539e3eb7d6091,c646793a2f51706e,cache_256/dataset_complete/cacao_diseases/cacao_photos/healthy/healthy_2166.png,A,no_usada,sana,2166
2916,dataset_complete/cacao_diseases/cacao_photos/healthy/healthy_2167.jpg,0,2d2896eda229f29aa91a7b1ea8df3713,e6e9c96e50e3b016,cache_256/dataset_complete/cacao_diseases/cacao_photos/healthy/healthy_2167.png,A,no_usada,sana,2167
2917,dataset_complete/cacao_diseases/cacao_photos/healthy/healthy_2168.jpg,0,9b67b8ab5ea7ef975b227b621d78c6e0,bfee101475622d59,cache_256/dataset_complete/cacao_diseases/cacao_photos/healthy/healthy_2168.png,A,no_usada,sana,2168
2918,dataset_complete/cacao_diseases/cacao_photos/healthy/healthy_2169.jpg,0,09925e185a52f5a481f72569f107c828,e79bb603a68c02bd,cache_256/dataset_complete/cacao_diseases/cacao_photos/healthy/healthy_2169.png,A,no_usada,sana,2169
2919,dataset_complete/cacao_diseases/cacao_photos/healthy/healthy_2170.jpg,0,161d1e7df57b7dc1436937b530736723,cacd95c1bb32e063,cache_256/dataset_complete/cacao_diseases/cacao_photos/healthy/healthy_2170.png,A,no_usada,sana,2170
2920,dataset_complete/cacao_diseases/cacao_photos/healthy/healthy_2171.jpg,0,9eba964c4f8c344ccfe2f9ae1112dd75,bfb9986958a06ca6,cache_256/dataset_complete/cacao_diseases/cacao_photos/healthy/healthy_2171.png,A,no_usada,sana,2171
2921,dataset_complete/cacao_diseases/cacao_photos/healthy/healthy_2172.jpg,0,0c7f309036e533aa00c48abf0deafff4,b634c0b2196bbe6c,cache_256/dataset_complete/cacao_diseases/cacao_photos/healthy/healthy_2172.png,A,no_usada,sana,2172
2922,dataset_complete/cacao_diseases/cacao_photos/healthy/healthy_2173.jpg,0,413256d0e39049ed64eb43b714187ccb,e629086bb2e6165f,cache_256/dataset_complete/cacao_diseases/cacao_photos/healthy/healthy_2173.png,A,no_usada,sana,2173
2923,dataset_complete/cacao_diseases/cacao_photos/healthy/healthy_2174.jpg,0,c366ba78b8d3134db9555fcede0e5492,ae52d8b57935b222,cache_256/dataset_complete/cacao_diseases/cacao_photos/healthy/healthy_2174.png,A,no_usada,sana,2174
2924,dataset_complete/cacao_diseases/cacao_photos/healthy/healthy_2175.jpg,0,4bd7338784a0b3cfb52c80af08b10d4d,a8742153535a75bd,cache_256/dataset_complete/cacao_diseases/cacao_photos/healthy/healthy_2175.png,A,no_usada,sana,2175
2925,dataset_complete/cacao_diseases/cacao_photos/healthy/healthy_2176.jpg,0,3a11287cf8aca63dfd0b5e4eec11b335,8e2c8c7160731f7e,cache_256/dataset_complete/cacao_diseases/cacao_photos/healthy/healthy_2176.png,A,no_usada,sana,2176
2926,dataset_complete/cacao_diseases/cacao_photos/healthy/healthy_2177.jpg,0,eeef7c8f2aa7679bf746a523d3304f09,e4e6dc525a0f2a4b,cache_256/dataset_complete/cacao_diseases/cacao_photos/healthy/healthy_2177.png,A,no_usada,sana,2177
2927,dataset_complete/cacao_diseases/cacao_photos/healthy/healthy_2178.jpg,0,4c7ee11ddd871c1806f8402250e6c51d,9e19c03e7f632263,cache_256/dataset_complete/cacao_diseases/cacao_photos/healthy/healthy_2178.png,A,no_usada,sana,2178
2928,dataset_complete/cacao_diseases/cacao_photos/healthy/healthy_2179.jpg,0,619a5687431f4fd736a05d9a0bc284fc,f33c9e60e4614567,cache_256/dataset_complete/cacao_diseases/cacao_photos/healthy/healthy_2179.png,A,no_usada,sana,2179
2929,dataset_complete/cacao_diseases/cacao_photos/healthy/healthy_2180.jpg,0,860a3d6ec1e2c7bed22a56adf1d73262,ccaa3ef0c147b478,cache_256/dataset_complete/cacao_diseases/cacao_photos/healthy/healthy_2180.png,A,no_usada,sana,2180
2930,dataset_complete/cacao_diseases/cacao_photos/healthy/healthy_2181.jpg,0,0d09c33bad7f194b3167ab43fb3b195a,dd91256f27a6d481,cache_256/dataset_complete/cacao_diseases/cacao_photos/healthy/healthy_2181.png,A,no_usada,sana,2181
2931,dataset_complete/cacao_diseases/cacao_photos/healthy/healthy_2182.jpg,0,2225a2ff881089ee52fc87403e809163,f3690c7371f2161a,cache_256/dataset_complete/cacao_diseases/cacao_photos/healthy/healthy_2182.png,A,no_usada,sana,2182
2932,dataset_complete/cacao_diseases/cacao_photos/healthy/healthy_2183.jpg,0,11548809a37b27c0fa0a678d6d8228ca,cdf0722133ebc8cc,cache_256/dataset_complete/cacao_diseases/cacao_photos/healthy/healthy_2183.png,A,no_usada,sana,2183
2933,dataset_complete/cacao_diseases/cacao_photos/healthy/healthy_2184.jpg,0,637f3f16e850b0219704a115b88307e9,984967365ed69985,cache_256/dataset_complete/cacao_diseases/cacao_photos/healthy/healthy_2184.png,A,no_usada,sana,2184
2934,dataset_complete/cacao_diseases/cacao_photos/healthy/healthy_2185.jpg,0,2d4876268bbc5fed925902edece3b4d7,8ccd7173626266ea,cache_256/dataset_complete/cacao_diseases/cacao_photos/healthy/healthy_2185.png,A,no_usada,sana,2185
2935,dataset_complete/cacao_diseases/cacao_photos/healthy/healthy_2186.jpg,0,d3c7fe967fe142886920a5f3a4c0cb82,c9f8c2770acbacc1,cache_256/dataset_complete/cacao_diseases/cacao_photos/healthy/healthy_2186.png,A,no_usada,sana,2186
2936,dataset_complete/cacao_diseases/cacao_photos/healthy/healthy_2187.jpg,0,fc050d7f57035928b67612c677e7a51b,8fa935755b184c4e,cache_256/dataset_complete/cacao_diseases/cacao_photos/healthy/healthy_2187.png,A,no_usada,sana,2187
2937,dataset_complete/cacao_diseases/cacao_photos/healthy/healthy_2188.jpg,0,87d8f00ebda5cce434f2135529b12610,b63be9e14c456515,cache_256/dataset_complete/cacao_diseases/cacao_photos/healthy/healthy_2188.png,A,no_usada,sana,2188
2938,dataset_complete/cacao_diseases/cacao_photos/healthy/healthy_2189.jpg,0,6205c0c15e58fc2664a66f0ec29b5e79,c96cf06617ac10df,cache_256/dataset_complete/cacao_diseases/cacao_photos/healthy/healthy_2189.png,A,no_usada,sana,2189
2939,dataset_complete/cacao_diseases/cacao_photos/healthy/healthy_2190.jpg,0,7f5774c204fdea5bf60a967ad6f082e2,a886f04c6d0ff6b4,cache_256/dataset_complete/cacao_diseases/cacao_photos/healthy/healthy_2190.png,A,no_usada,sana,2190
2940,dataset_complete/cacao_diseases/cacao_photos/healthy/healthy_2191.jpg,0,532793bef92199c2e19136a8015f13b3,8e6ca52e7ea24a96,cache_256/dataset_complete/cacao_diseases/cacao_photos/healthy/healthy_2191.png,A,no_usada,sana,2191
2941,dataset_complete/cacao_diseases/cacao_photos/healthy/healthy_2192.jpg,0,79a9d7cd4e609fca01b815d9cc1a723d,9d9de92b3a72222a,cache_256/dataset_complete/cacao_diseases/cacao_photos/healthy/healthy_2192.png,A,no_usada,sana,2192
2942,dataset_complete/cacao_diseases/cacao_photos/healthy/healthy_2193.jpg,0,c9115a6d911e65d88d6808b82f79e7ad,cadd1d2021676767,cache_256/dataset_complete/cacao_diseases/cacao_photos/healthy/healthy_2193.png,A,no_usada,sana,2193
2943,dataset_complete/cacao_diseases/cacao_photos/healthy/healthy_2194.jpg,0,1224755fcc3ffc12424228372c93ff93,b0084f67ef0ecf44,cache_256/dataset_complete/cacao_diseases/cacao_photos/healthy/healthy_2194.png,A,no_usada,sana,2194
2944,dataset_complete/cacao_diseases/cacao_photos/healthy/healthy_2195.jpg,0,55bd7e87d820ab3e7b4e8de81a5f67cb,bf504b665e8aa1ac,cache_256/dataset_complete/cacao_diseases/cacao_photos/healthy/healthy_2195.png,A,no_usada,sana,2195
2945,dataset_complete/cacao_diseases/cacao_photos/healthy/healthy_2196.jpg,0,38f5d245f673c7ac90b6423ddc4c457c,9c8c911e5b3ae1f1,cache_256/dataset_complete/cacao_diseases/cacao_photos/healthy/healthy_2196.png,A,no_usada,sana,2196
2946,dataset_complete/cacao_diseases/cacao_photos/healthy/healthy_2197.jpg,0,789f3c7ecedfe0302de52643c7239a85,db98acfc74343c30,cache_256/dataset_complete/cacao_diseases/cacao_photos/healthy/healthy_2197.png,A,no_usada,sana,2197
2947,dataset_complete/cacao_diseases/cacao_photos/healthy/healthy_2198.jpg,0,d9b6a668e80f0be2c2d7f3fec8a82028,c9d86575c6269aa3,cache_256/dataset_complete/cacao_diseases/cacao_photos/healthy/healthy_2198.png,A,no_usada,sana,2198
2948,dataset_complete/cacao_diseases/cacao_photos/healthy/healthy_2199.jpg,0,6b0e4ae40c6d4a8fe5def2ae7ebb24b3,d3534b2ddc6cb414,cache_256/dataset_complete/cacao_diseases/cacao_photos/healthy/healthy_2199.png,A,no_usada,sana,2199
2949,dataset_complete/cacao_diseases/cacao_photos/healthy/healthy_2200.jpg,0,bcd402db57559e4b6b0c471f77ce8ca7,d9c9f3521391959c,cache_256/dataset_complete/cacao_diseases/cacao_photos/healthy/healthy_2200.png,A,no_usada,sana,2200
2950,dataset_complete/cacao_diseases/cacao_photos/healthy/healthy_2201.jpg,0,6a2cb4d5f3309990e6e1a2e799b606fb,c2c22e3e39f9188f,cache_256/dataset_complete/cacao_diseases/cacao_photos/healthy/healthy_2201.png,A,no_usada,sana,2201
2951,dataset_complete/cacao_diseases/cacao_photos/healthy/healthy_2202.jpg,0,05e998cbf2d0c86c81e71fa566962ae5,9c8cf336e22606b7,cache_256/dataset_complete/cacao_diseases/cacao_photos/healthy/healthy_2202.png,A,no_usada,sana,2202
2952,dataset_complete/cacao_diseases/cacao_photos/healthy/healthy_2203.jpg,0,b9d801d3af3f7773ecefb72d45fd2351,9cc963f31706a8dc,cache_256/dataset_complete/cacao_diseases/cacao_photos/healthy/healthy_2203.png,A,no_usada,sana,2203
2953,dataset_complete/cacao_diseases/cacao_photos/healthy/healthy_2204.jpg,0,795167c048b63bb90b2a6f5b58d4fb6f,ccb74d2b237303e8,cache_256/dataset_complete/cacao_diseases/cacao_photos/healthy/healthy_2204.png,A,no_usada,sana,2204
2954,dataset_complete/cacao_diseases/cacao_photos/healthy/healthy_2205.jpg,0,ff7c4a43964bfea82f41f0ce0a6e3722,eaeb54750217b703,cache_256/dataset_complete/cacao_diseases/cacao_photos/healthy/healthy_2205.png,A,no_usada,sana,2205
2955,dataset_complete/cacao_diseases/cacao_photos/healthy/healthy_2206.jpg,0,d4ed88e69810e7728fee4a26b44d9420,b70603736a6d5c8e,cache_256/dataset_complete/cacao_diseases/cacao_photos/healthy/healthy_2206.png,A,no_usada,sana,2206
2956,dataset_complete/cacao_diseases/cacao_photos/healthy/healthy_2207.jpg,0,74d39ad95e721bb16aaa1eb49fb52927,9bb99f64e436c4a0,cache_256/dataset_complete/cacao_diseases/cacao_photos/healthy/healthy_2207.png,A,no_usada,sana,2207
2957,dataset_complete/cacao_diseases/cacao_photos/healthy/healthy_2208.jpg,0,f9251d6deb3eacff555fbd5f3e526494,8eecb8316b63ce09,cache_256/dataset_complete/cacao_diseases/cacao_photos/healthy/healthy_2208.png,A,no_usada,sana,2208
2958,dataset_complete/cacao_diseases/cacao_photos/healthy/healthy_2209.jpg,0,41a2fec0233e94fbf62fca5e8478c67e,b3785866ed45c15a,cache_256/dataset_complete/cacao_diseases/cacao_photos/healthy/healthy_2209.png,A,no_usada,sana,2209
2959,dataset_complete/cacao_diseases/cacao_photos/healthy/healthy_2210.jpg,0,b799249c9fc3235e7e3125f6498f5a5f,d2e28686edf6c948,cache_256/dataset_complete/cacao_diseases/cacao_photos/healthy/healthy_2210.png,A,no_usada,sana,2210
2960,dataset_complete/cacao_diseases/cacao_photos/healthy/healthy_2211.jpg,0,de6056357b02731a4b259a433a6d418d,e4fea862bc9d4854,cache_256/dataset_complete/cacao_diseases/cacao_photos/healthy/healthy_2211.png,A,no_usada,sana,2211
2961,dataset_complete/cacao_diseases/cacao_photos/healthy/healthy_2212.jpg,0,1ae94c50c9157a2d4f14da6a69bee305,c39be761452136a7,cache_256/dataset_complete/cacao_diseases/cacao_photos/healthy/healthy_2212.png,A,no_usada,sana,2212
2962,dataset_complete/cacao_diseases/cacao_photos/healthy/healthy_2213.jpg,0,0f72d80b7a1daac2c4799b0b9eabb835,fe640d2336b3788c,cache_256/dataset_complete/cacao_diseases/cacao_photos/healthy/healthy_2213.png,A,no_usada,sana,2213
2963,dataset_complete/cacao_diseases/cacao_photos/healthy/healthy_2214.jpg,0,a593b57b0505522fc34b9650388d74e7,9e5a659e588c5c69,cache_256/dataset_complete/cacao_diseases/cacao_photos/healthy/healthy_2214.png,A,no_usada,sana,2214
2964,dataset_complete/cacao_diseases/cacao_photos/healthy/healthy_2215.jpg,0,41277270899ee7f7526667f18330cb93,998623a6c6ef615c,cache_256/dataset_complete/cacao_diseases/cacao_photos/healthy/healthy_2215.png,A,no_usada,sana,2215
2965,dataset_complete/cacao_diseases/cacao_photos/healthy/healthy_2216.jpg,0,5557fd00f2e358b09740b84fcda56f0e,9dd9a6a61276326a,cache_256/dataset_complete/cacao_diseases/cacao_photos/healthy/healthy_2216.png,A,no_usada,sana,2216
2966,dataset_complete/cacao_diseases/cacao_photos/healthy/healthy_2217.jpg,0,32786bd9fdaaee7934faa544b0903b60,f46a09b6f21c69c9,cache_256/dataset_complete/cacao_diseases/cacao_photos/healthy/healthy_2217.png,A,no_usada,sana,2217
2967,dataset_complete/cacao_diseases/cacao_photos/healthy/healthy_2218.jpg,0,f7022ef287f0cfff8f2a81a38f3f171c,a6384b63a92fb887,cache_256/dataset_complete/cacao_diseases/cacao_photos/healthy/healthy_2218.png,A,no_usada,sana,2218
2968,dataset_complete/cacao_diseases/cacao_photos/healthy/healthy_2219.jpg,0,016173f77a22cd98b6944b12be702816,eb4ce66a38267d21,cache_256/dataset_complete/cacao_diseases/cacao_photos/healthy/healthy_2219.png,A,no_usada,sana,2219
2969,dataset_complete/cacao_diseases/cacao_photos/healthy/healthy_2220.jpg,0,b9616d4e157b836d327d3966df1b0cb1,ab8ca3f3c4a79291,cache_256/dataset_complete/cacao_diseases/cacao_photos/healthy/healthy_2220.png,A,no_usada,sana,2220
2970,dataset_complete/cacao_diseases/cacao_photos/healthy/healthy_2221.jpg,0,317d4ce2986e80e32e723f833e4f83fe,cccd32716263ef06,cache_256/dataset_complete/cacao_diseases/cacao_photos/healthy/healthy_2221.png,A,no_usada,sana,2221
2971,dataset_complete/cacao_diseases/cacao_photos/healthy/healthy_2222.jpg,0,c174e9fcafc4f69dcdc419f16cbae3fd,978b183ecdf880ad,cache_256/dataset_complete/cacao_diseases/cacao_photos/healthy/healthy_2222.png,A,no_usada,sana,2222
2972,dataset_complete/cacao_diseases/cacao_photos/healthy/healthy_2223.jpg,0,6cccdbd62caa5227a51b2ca6bd0710d0,eb8c8d30b0731af3,cache_256/dataset_complete/cacao_diseases/cacao_photos/healthy/healthy_2223.png,A,no_usada,sana,2223
2973,dataset_complete/cacao_diseases/cacao_photos/healthy/healthy_2224.jpg,0,776919fb5ce785bf73cf1484cdadc3a2,a6194f6b55c6c1c6,cache_256/dataset_complete/cacao_diseases/cacao_photos/healthy/healthy_2224.png,A,no_usada,sana,2224
2974,dataset_complete/cacao_diseases/cacao_photos/healthy/healthy_2225.jpg,0,3290f4a68419300f1ce3e437c2bf896d,a1495c671af3b1b1,cache_256/dataset_complete/cacao_diseases/cacao_photos/healthy/healthy_2225.png,A,no_usada,sana,2225
2975,dataset_complete/cacao_diseases/cacao_photos/healthy/healthy_2226.jpg,0,573ff369be5604046834e88971c084a4,ba5a4a69dc0591be,cache_256/dataset_complete/cacao_diseases/cacao_photos/healthy/healthy_2226.png,A,no_usada,sana,2226
2976,dataset_complete/cacao_diseases/cacao_photos/healthy/healthy_2227.jpg,0,b0059e1880e070d7d0aa22b2316273a2,c6de4d6368762a52,cache_256/dataset_complete/cacao_diseases/cacao_photos/healthy/healthy_2227.png,A,no_usada,sana,2227
2977,dataset_complete/cacao_diseases/cacao_photos/healthy/healthy_2228.jpg,0,087ada35aa68aa1a2ea1e68b7c21bc15,c59c053333b19d3e,cache_256/dataset_complete/cacao_diseases/cacao_photos/healthy/healthy_2228.png,A,no_usada,sana,2228
2978,dataset_complete/cacao_diseases/cacao_photos/healthy/healthy_2229.jpg,0,f0da7d0bdc82e5b55906cc8dd085b7a0,93d14f761627a325,cache_256/dataset_complete/cacao_diseases/cacao_photos/healthy/healthy_2229.png,A,no_usada,sana,2229
2979,dataset_complete/cacao_diseases/cacao_photos/healthy/healthy_2230.jpg,0,a1296b6b0618056f461a26c5c5ce8134,f4e878b089f6097a,cache_256/dataset_complete/cacao_diseases/cacao_photos/healthy/healthy_2230.png,A,no_usada,sana,2230
2980,dataset_complete/cacao_diseases/cacao_photos/healthy/healthy_2231.jpg,0,00b75caef033e0a244b127bb1de3d1a3,eb9c0db22270733b,cache_256/dataset_complete/cacao_diseases/cacao_photos/healthy/healthy_2231.png,A,no_usada,sana,2231
2981,dataset_complete/cacao_diseases/cacao_photos/healthy/healthy_2232.jpg,0,47b1bdd39b5a6c1ea90158c0401421bc,fb509a67149a0bad,cache_256/dataset_complete/cacao_diseases/cacao_photos/healthy/healthy_2232.png,A,no_usada,sana,2232
2982,dataset_complete/cacao_diseases/cacao_photos/healthy/healthy_2233.jpg,0,997cd59ba1e596753e41e760e532a447,f6d4dc631a52498b,cache_256/dataset_complete/cacao_diseases/cacao_photos/healthy/healthy_2233.png,A,no_usada,sana,2233
2983,dataset_complete/cacao_diseases/cacao_photos/healthy/healthy_2234.jpg,0,3d6f6b8408cc497c288b47eecce03096,c68c973269357a0f,cache_256/dataset_complete/cacao_diseases/cacao_photos/healthy/healthy_2234.png,A,no_usada,sana,2234
2984,dataset_complete/cacao_diseases/cacao_photos/healthy/healthy_2235.jpg,0,495e15e87c017517b13d5eec578abf66,cbaca130a161d7d7,cache_256/dataset_complete/cacao_diseases/cacao_photos/healthy/healthy_2235.png,A,no_usada,sana,2235
2985,dataset_complete/cacao_diseases/cacao_photos/healthy/healthy_2236.jpg,0,2050e43dcd03d53c5735983072e99cdf,931ea66f7c6c7820,cache_256/dataset_complete/cacao_diseases/cacao_photos/healthy/healthy_2236.png,A,no_usada,sana,2236
2986,dataset_complete/cacao_diseases/cacao_photos/healthy/healthy_2237.jpg,0,0edd82a953c0ee4f357b148051a553b2,b1e1f5b73821138d,cache_256/dataset_complete/cacao_diseases/cacao_photos/healthy/healthy_2237.png,A,no_usada,sana,2237
2987,dataset_complete/cacao_diseases/cacao_photos/healthy/healthy_2238.jpg,0,8fe014b1d0c9e2bb3e523395767dc1e6,a4e98c277e6ea4a4,cache_256/dataset_complete/cacao_diseases/cacao_photos/healthy/healthy_2238.png,A,no_usada,sana,2238
2988,dataset_complete/cacao_diseases/cacao_photos/healthy/healthy_2239.jpg,0,cbb7eacff57193875602ca4806470cf1,9ccd68622bfd825c,cache_256/dataset_complete/cacao_diseases/cacao_photos/healthy/healthy_2239.png,A,no_usada,sana,2239
2989,dataset_complete/cacao_diseases/cacao_photos/healthy/healthy_2240.jpg,0,5f294eec0db57cde1a08918cd843fe55,bcccb8b0b02f3674,cache_256/dataset_complete/cacao_diseases/cacao_photos/healthy/healthy_2240.png,A,no_usada,sana,2240
2990,dataset_complete/cacao_diseases/cacao_photos/healthy/healthy_2241.jpg,0,e6c64485d6f2c47ebdcb316e70eff606,cf8630693bc33396,cache_256/dataset_complete/cacao_diseases/cacao_photos/healthy/healthy_2241.png,A,no_usada,sana,2241
2991,dataset_complete/cacao_diseases/cacao_photos/healthy/healthy_2242.jpg,0,b4a46c1bcdb9a7b0938bd87f6449a974,9a9ce943463ae655,cache_256/dataset_complete/cacao_diseases/cacao_photos/healthy/healthy_2242.png,A,no_usada,sana,2242
2992,dataset_complete/cacao_diseases/cacao_photos/healthy/healthy_2243.jpg,0,4a1e994ec6414a5ecf31eb1ec39225be,f2ce79e6074b9481,cache_256/dataset_complete/cacao_diseases/cacao_photos/healthy/healthy_2243.png,A,no_usada,sana,2243
2993,dataset_complete/cacao_diseases/cacao_photos/healthy/healthy_2244.jpg,0,cac0f443872224e15f5e3f0d49ad866c,bf90ab0464f698d5,cache_256/dataset_complete/cacao_diseases/cacao_photos/healthy/healthy_2244.png,A,no_usada,sana,2244
2994,dataset_complete/cacao_diseases/cacao_photos/healthy/healthy_2245.jpg,0,a1e1dc2aff083a78f0a7ee6cd580e7aa,9b895c66f3831c99,cache_256/dataset_complete/cacao_diseases/cacao_photos/healthy/healthy_2245.png,A,no_usada,sana,2245
2995,dataset_complete/cacao_diseases/cacao_photos/healthy/healthy_2246.jpg,0,4509bf4739c409ee5c2b4d469edc739f,c3fe8763b0833cc1,cache_256/dataset_complete/cacao_diseases/cacao_photos/healthy/healthy_2246.png,A,no_usada,sana,2246
2996,dataset_complete/cacao_diseases/cacao_photos/healthy/healthy_2247.jpg,0,b8210150c581f4e1cdcf38b130529f5d,e47ac8049ec5f7e0,cache_256/dataset_complete/cacao_diseases/cacao_photos/healthy/healthy_2247.png,A,no_usada,sana,2247
2997,dataset_complete/cacao_diseases/cacao_photos/healthy/healthy_2248.jpg,0,a9587f90e284dd3c6bcef1f4866e0f6b,e81c4b612d7553a7,cache_256/dataset_complete/cacao_diseases/cacao_photos/healthy/healthy_2248.png,A,no_usada,sana,2248
2998,dataset_complete/cacao_diseases/cacao_photos/healthy/healthy_2249.jpg,0,205589543eac937c0741cf71acec2588,e51818271f7eeac2,cache_256/dataset_complete/cacao_diseases/cacao_photos/healthy/healthy_2249.png,A,no_usada,sana,2249
2999,dataset_complete/cacao_diseases/cacao_photos/healthy/healthy_2250.jpg,0,094195090bef54110b28712fe4be3c4c,e0dcc4614b2eee47,cache_256/dataset_complete/cacao_diseases/cacao_photos/healthy/healthy_2250.png,A,no_usada,sana,2250
3000,dataset_complete/cacao_diseases/cacao_photos/healthy/healthy_2251.jpg,0,e49022029be6216a748be6bc21b2952f,f64e8ebc101f69d0,cache_256/dataset_complete/cacao_diseases/cacao_photos/healthy/healthy_2251.png,A,no_usada,sana,2251
3001,dataset_complete/cacao_diseases/cacao_photos/healthy/healthy_2252.jpg,0,ac6464618068600bd0fe4f3973ed5d23,bbf86005dd9b5152,cache_256/dataset_complete/cacao_diseases/cacao_photos/healthy/healthy_2252.png,A,no_usada,sana,2252
3002,dataset_complete/cacao_diseases/cacao_photos/healthy/healthy_2253.jpg,0,8fbcb04d1b7597c1adf8f10dd246ca00,f1e8eca725a490d5,cache_256/dataset_complete/cacao_diseases/cacao_photos/healthy/healthy_2253.png,A,no_usada,sana,2253
3003,dataset_complete/cacao_diseases/cacao_photos/healthy/healthy_2254.jpg,0,f11d3060b41f4c06133907b4b5336df8,b79597171479c22a,cache_256/dataset_complete/cacao_diseases/cacao_photos/healthy/healthy_2254.png,A,no_usada,sana,2254
3004,dataset_complete/cacao_diseases/cacao_photos/healthy/healthy_2255.jpg,0,90f8f7c683afd4803a74990fa1621ef2,9bd94e3566512c33,cache_256/dataset_complete/cacao_diseases/cacao_photos/healthy/healthy_2255.png,A,no_usada,sana,2255
3005,dataset_complete/cacao_diseases/cacao_photos/healthy/healthy_2256.jpg,0,fe33e8f33feea297ba9c32281a9b2d71,ba490db47027bfb0,cache_256/dataset_complete/cacao_diseases/cacao_photos/healthy/healthy_2256.png,A,no_usada,sana,2256
3006,dataset_complete/cacao_diseases/cacao_photos/healthy/healthy_2257.jpg,0,2bf77d6326bd9808d02c7c41d7de5751,921d1b6e6526e6a3,cache_256/dataset_complete/cacao_diseases/cacao_photos/healthy/healthy_2257.png,A,no_usada,sana,2257
3007,dataset_complete/cacao_diseases/cacao_photos/healthy/healthy_2258.jpg,0,5d1626b234db6e5800e2d679762e1b90,d258c13974373637,cache_256/dataset_complete/cacao_diseases/cacao_photos/healthy/healthy_2258.png,A,no_usada,sana,2258
3008,dataset_complete/cacao_diseases/cacao_photos/healthy/healthy_2259.jpg,0,4bc7a234735e68c86bbeee3e78d2a59e,911d9b7365612778,cache_256/dataset_complete/cacao_diseases/cacao_photos/healthy/healthy_2259.png,A,no_usada,sana,2259
3009,dataset_complete/cacao_diseases/cacao_photos/healthy/healthy_2260.jpg,0,50c2195d379eb18dd0be2074e4f80bd1,a65cd471a9b5a863,cache_256/dataset_complete/cacao_diseases/cacao_photos/healthy/healthy_2260.png,A,no_usada,sana,2260
3010,dataset_complete/cacao_diseases/cacao_photos/healthy/healthy_2261.jpg,0,98fc5a0a770621f9b1769d52ee70ff94,9b9d193c7167e340,cache_256/dataset_complete/cacao_diseases/cacao_photos/healthy/healthy_2261.png,A,no_usada,sana,2261
3011,dataset_complete/cacao_diseases/cacao_photos/healthy/healthy_2262.jpg,0,f4dadfaf9aef1d3ea0f36f048efb9e4d,873cd84f23416377,cache_256/dataset_complete/cacao_diseases/cacao_photos/healthy/healthy_2262.png,A,no_usada,sana,2262
3012,dataset_complete/cacao_diseases/cacao_photos/healthy/healthy_2263.jpg,0,fa262c5170acd43c44c6db22c3de2a73,e40c4e37bce27155,cache_256/dataset_complete/cacao_diseases/cacao_photos/healthy/healthy_2263.png,A,no_usada,sana,2263
3013,dataset_complete/cacao_diseases/cacao_photos/healthy/healthy_2264.jpg,0,f227287933fb39211236cdaf6109347c,f60c9c256463cfe4,cache_256/dataset_complete/cacao_diseases/cacao_photos/healthy/healthy_2264.png,A,no_usada,sana,2264
3014,dataset_complete/cacao_diseases/cacao_photos/healthy/healthy_2265.jpg,0,dc0e65d896e311487af48fa65b03ae5a,865dd87fa834492b,cache_256/dataset_complete/cacao_diseases/cacao_photos/healthy/healthy_2265.png,A,no_usada,sana,2265
3015,dataset_complete/cacao_diseases/cacao_photos/healthy/healthy_2266.jpg,0,e94710b85f1dbf19597131f68104bf34,dc8c373d70e11e92,cache_256/dataset_complete/cacao_diseases/cacao_photos/healthy/healthy_2266.png,A,no_usada,sana,2266
3016,dataset_complete/cacao_diseases/cacao_photos/healthy/healthy_2267.jpg,0,1ac9e679a206ffc5fe337c437b88d38d,966e0971b0bfa685,cache_256/dataset_complete/cacao_diseases/cacao_photos/healthy/healthy_2267.png,A,no_usada,sana,2267
3017,dataset_complete/cacao_diseases/cacao_photos/healthy/healthy_2268.jpg,0,c21cc6581540b6497c224a6662a0c76e,8df53c132cc7c466,cache_256/dataset_complete/cacao_diseases/cacao_photos/healthy/healthy_2268.png,A,no_usada,sana,2268
3018,dataset_complete/cacao_diseases/cacao_photos/healthy/healthy_2269.jpg,0,c7a8465625241bee728bd9f3a6651cc7,ce8846f3710da7c5,cache_256/dataset_complete/cacao_diseases/cacao_photos/healthy/healthy_2269.png,A,no_usada,sana,2269
3019,dataset_complete/cacao_diseases/cacao_photos/healthy/healthy_2270.jpg,0,582762d177d6c80fc40dd0fc5bf5ce66,a99456e38a3867ec,cache_256/dataset_complete/cacao_diseases/cacao_photos/healthy/healthy_2270.png,A,no_usada,sana,2270
3020,dataset_complete/cacao_diseases/cacao_photos/healthy/healthy_2271.jpg,0,cd54923bcc62d566e7ba7913f8cfbcf6,e2ed4c36709cb1cc,cache_256/dataset_complete/cacao_diseases/cacao_photos/healthy/healthy_2271.png,A,no_usada,sana,2271
3021,dataset_complete/cacao_diseases/cacao_photos/healthy/healthy_2272.jpg,0,5b10edfc0627523c40fba6fd186ebe6b,fa284d3d33127cc9,cache_256/dataset_complete/cacao_diseases/cacao_photos/healthy/healthy_2272.png,A,no_usada,sana,2272
3022,dataset_complete/cacao_diseases/cacao_photos/healthy/healthy_2273.jpg,0,32ab04e638afb4c3839a715ced59da16,e36eacb1901b1e1e,cache_256/dataset_complete/cacao_diseases/cacao_photos/healthy/healthy_2273.png,A,no_usada,sana,2273
3023,dataset_complete/cacao_diseases/cacao_photos/healthy/healthy_2274.jpg,0,ce0b374d8cf3733ee432b8b487950813,ccc9bfa212e6512d,cache_256/dataset_complete/cacao_diseases/cacao_photos/healthy/healthy_2274.png,A,no_usada,sana,2274
3024,dataset_complete/cacao_diseases/cacao_photos/healthy/healthy_2275.jpg,0,27461c9bed631e1dd37d377da74f2a28,a6d458b1b17ad8d4,cache_256/dataset_complete/cacao_diseases/cacao_photos/healthy/healthy_2275.png,A,no_usada,sana,2275
3025,dataset_complete/cacao_diseases/cacao_photos/healthy/healthy_2276.jpg,0,9d0b827957e45198a232f8bbd269881f,e6888a25a575d5f2,cache_256/dataset_complete/cacao_diseases/cacao_photos/healthy/healthy_2276.png,A,no_usada,sana,2276
3026,dataset_complete/cacao_diseases/cacao_photos/healthy/healthy_2277.jpg,0,dbd7b30c500ad5a6090a82aeed8761a1,dc8b733163131d95,cache_256/dataset_complete/cacao_diseases/cacao_photos/healthy/healthy_2277.png,A,no_usada,sana,2277
3027,dataset_complete/cacao_diseases/cacao_photos/healthy/healthy_2278.jpg,0,b7edb639b050d11a46eec617b461e5db,a601387627b3e9e3,cache_256/dataset_complete/cacao_diseases/cacao_photos/healthy/healthy_2278.png,A,no_usada,sana,2278
3028,dataset_complete/cacao_diseases/cacao_photos/healthy/healthy_2291.jpg,0,232ab42fa2c35102e606a2aed6cc5e91,87589a38b9f17163,cache_256/dataset_complete/cacao_diseases/cacao_photos/healthy/healthy_2291.png,A,no_usada,sana,2291
3029,dataset_complete/cacao_diseases/cacao_photos/healthy/healthy_2292.jpg,0,634c8bfbec1503f4553ebb0f9dc08886,c303d6e62a6c70ed,cache_256/dataset_complete/cacao_diseases/cacao_photos/healthy/healthy_2292.png,A,no_usada,sana,2292
3030,dataset_complete/cacao_diseases/cacao_photos/healthy/healthy_2293.jpg,0,971a36673560e9edb707d0d655b64276,92bad9ce25a44ab6,cache_256/dataset_complete/cacao_diseases/cacao_photos/healthy/healthy_2293.png,A,no_usada,sana,2293
3031,dataset_complete/cacao_diseases/cacao_photos/healthy/healthy_2294.jpg,0,9d28807a12e29ac9cae273f1d17be782,e344cd73682b764a,cache_256/dataset_complete/cacao_diseases/cacao_photos/healthy/healthy_2294.png,A,no_usada,sana,2294
3032,dataset_complete/cacao_diseases/cacao_photos/healthy/healthy_2295.jpg,0,ca8b4426f5fc5b55ef48b3567128aeca,e7898c3e15636837,cache_256/dataset_complete/cacao_diseases/cacao_photos/healthy/healthy_2295.png,A,no_usada,sana,2295
3033,dataset_complete/cacao_diseases/cacao_photos/healthy/healthy_2296.jpg,0,bd6c39c0b247d9d5bec4c473503079be,aff9985211a75349,cache_256/dataset_complete/cacao_diseases/cacao_photos/healthy/healthy_2296.png,A,no_usada,sana,2296
3034,dataset_complete/cacao_diseases/cacao_photos/healthy/healthy_2297.jpg,0,beecea5c976fe946464121bfe5345c81,be8e89f8a24353f0,cache_256/dataset_complete/cacao_diseases/cacao_photos/healthy/healthy_2297.png,A,no_usada,sana,2297
3035,dataset_complete/cacao_diseases/cacao_photos/healthy/healthy_2298.jpg,0,5162a92790398d5c4a7fbe9f5e4abddc,ea1c66673f8b8115,cache_256/dataset_complete/cacao_diseases/cacao_photos/healthy/healthy_2298.png,A,no_usada,sana,2298
3036,dataset_complete/cacao_diseases/cacao_photos/healthy/healthy_2299.jpg,0,f4e3b47847771fb0d211e2d2ed3c21f0,e334dfe3082b5887,cache_256/dataset_complete/cacao_diseases/cacao_photos/healthy/healthy_2299.png,A,no_usada,sana,2299
3037,dataset_complete/cacao_diseases/cacao_photos/healthy/healthy_2300.jpg,0,baff715bf8e1102369db03c388f644ad,a0b71f78aae20bc6,cache_256/dataset_complete/cacao_diseases/cacao_photos/healthy/healthy_2300.png,A,no_usada,sana,2300
3038,dataset_complete/cacao_diseases/cacao_photos/healthy/healthy_2301.jpg,0,ec5c5437606a42cf3f68f852f7d12e25,8a4e977134b368d3,cache_256/dataset_complete/cacao_diseases/cacao_photos/healthy/healthy_2301.png,A,no_usada,sana,2301
3039,dataset_complete/cacao_diseases/cacao_photos/healthy/healthy_2302.jpg,0,9988bce5caa8f037058a484d522e1423,e4191c16bcea785d,cache_256/dataset_complete/cacao_diseases/cacao_photos/healthy/healthy_2302.png,A,no_usada,sana,2302
3040,dataset_complete/cacao_diseases/cacao_photos/healthy/healthy_2303.jpg,0,49268c7a7f788dbec206ce9c299216a8,e8b0de5225e1f2d8,cache_256/dataset_complete/cacao_diseases/cacao_photos/healthy/healthy_2303.png,A,no_usada,sana,2303
3041,dataset_complete/cacao_diseases/cacao_photos/healthy/healthy_2304.jpg,0,4e93af15a4d55cc7e321381d92634f6f,a5cddb3690b20e95,cache_256/dataset_complete/cacao_diseases/cacao_photos/healthy/healthy_2304.png,A,no_usada,sana,2304
3042,dataset_complete/cacao_diseases/cacao_photos/healthy/healthy_2305.jpg,0,e622802ff7f51f498873c24a506c2192,a399dd191b363163,cache_256/dataset_complete/cacao_diseases/cacao_photos/healthy/healthy_2305.png,A,no_usada,sana,2305
3043,dataset_complete/cacao_diseases/cacao_photos/healthy/healthy_2306.jpg,0,6d9eec2ae6b80da4cbcdd42a3bcb68af,c06b37a91d9dc09b,cache_256/dataset_complete/cacao_diseases/cacao_photos/healthy/healthy_2306.png,A,no_usada,sana,2306
3044,dataset_complete/cacao_diseases/cacao_photos/healthy/healthy_2307.jpg,0,8e6241f0c05bf95113e4f4dabd2daa70,f6c4092ef470d5cc,cache_256/dataset_complete/cacao_diseases/cacao_photos/healthy/healthy_2307.png,A,no_usada,sana,2307
3045,dataset_complete/cacao_diseases/cacao_photos/healthy/healthy_2308.jpg,0,57795f8e154c46606952706be31d37c0,ec5c1d359301f0f3,cache_256/dataset_complete/cacao_diseases/cacao_photos/healthy/healthy_2308.png,A,no_usada,sana,2308
3046,dataset_complete/cacao_diseases/cacao_photos/healthy/healthy_2309.jpg,0,666f072cf6d9a8302e64c4e6cdcd2923,c74cf939bc317032,cache_256/dataset_complete/cacao_diseases/cacao_photos/healthy/healthy_2309.png,A,no_usada,sana,2309
3047,dataset_complete/cacao_diseases/cacao_photos/healthy/healthy_2310.jpg,0,7ed35197c29cabb07cdddefaf15f3d34,9bda692454e4b45b,cache_256/dataset_complete/cacao_diseases/cacao_photos/healthy/healthy_2310.png,A,no_usada,sana,2310
3048,dataset_complete/cacao_diseases/cacao_photos/healthy/healthy_2311.jpg,0,03f935892256d9e0811988f38705bcb3,c1dc32323667e3e2,cache_256/dataset_complete/cacao_diseases/cacao_photos/healthy/healthy_2311.png,A,no_usada,sana,2311
3049,dataset_complete/cacao_diseases/cacao_photos/healthy/healthy_2312.jpg,0,aa506357fbd08955a82d7daa5ff5fd6a,f5edc94a6850f055,cache_256/dataset_complete/cacao_diseases/cacao_photos/healthy/healthy_2312.png,A,no_usada,sana,2312
3050,dataset_complete/cacao_diseases/cacao_photos/healthy/healthy_2313.jpg,0,32f3e238c9f4771ba1e14c2318955c56,aed1080353b7f297,cache_256/dataset_complete/cacao_diseases/cacao_photos/healthy/healthy_2313.png,A,no_usada,sana,2313
3051,dataset_complete/cacao_diseases/cacao_photos/healthy/healthy_2314.jpg,0,4d6efd8489511f09c68a2e8f07ed2ce2,f8e347c6adc94c48,cache_256/dataset_complete/cacao_diseases/cacao_photos/healthy/healthy_2314.png,A,no_usada,sana,2314
3052,dataset_complete/cacao_diseases/cacao_photos/healthy/healthy_2315.jpg,0,0c5e44dd6208a4d686d5e260628ddec7,e0dc89393843cbde,cache_256/dataset_complete/cacao_diseases/cacao_photos/healthy/healthy_2315.png,A,no_usada,sana,2315
3053,dataset_complete/cacao_diseases/cacao_photos/healthy/healthy_2316.jpg,0,2afa2ba6aa655ae572e4b7ac5cc5f541,c8b1722f456f2c3c,cache_256/dataset_complete/cacao_diseases/cacao_photos/healthy/healthy_2316.png,A,no_usada,sana,2316
3054,dataset_complete/cacao_diseases/cacao_photos/healthy/healthy_2317.jpg,0,06970e9a9a206dc1a46fb28e81b17863,d3969643514b53ea,cache_256/dataset_complete/cacao_diseases/cacao_photos/healthy/healthy_2317.png,A,no_usada,sana,2317
3055,dataset_complete/cacao_diseases/cacao_photos/healthy/healthy_2318.jpg,0,8823f021044255e1f7b742f81183ad44,f3d94b8ca50dc287,cache_256/dataset_complete/cacao_diseases/cacao_photos/healthy/healthy_2318.png,A,no_usada,sana,2318
3056,dataset_complete/cacao_diseases/cacao_photos/healthy/healthy_2319.jpg,0,b3d78d836df326c5a8d741fad92461fb,c72bc46bc742cdc8,cache_256/dataset_complete/cacao_diseases/cacao_photos/healthy/healthy_2319.png,A,no_usada,sana,2319
3057,dataset_complete/cacao_diseases/cacao_photos/healthy/healthy_2320.jpg,0,58e50519e0d2f3c01ac9d456b505d9f6,8c8f3333998bd8cc,cache_256/dataset_complete/cacao_diseases/cacao_photos/healthy/healthy_2320.png,A,no_usada,sana,2320
3058,dataset_complete/cacao_diseases/cacao_photos/healthy/healthy_2321.jpg,0,2e92a3e6f281a9324c2b5f1e2453bace,8bbff824e216a790,cache_256/dataset_complete/cacao_diseases/cacao_photos/healthy/healthy_2321.png,A,no_usada,sana,2321
3059,dataset_complete/cacao_diseases/cacao_photos/healthy/healthy_2322.jpg,0,f24cfad11a26d43c1a89e29c7b5e1bb2,a5a538565e56bc52,cache_256/dataset_complete/cacao_diseases/cacao_photos/healthy/healthy_2322.png,A,no_usada,sana,2322
3060,dataset_complete/cacao_diseases/cacao_photos/healthy/healthy_2323.jpg,0,31bee1c63142f99f2747a5a56fd3eb25,931bcf344a75b81c,cache_256/dataset_complete/cacao_diseases/cacao_photos/healthy/healthy_2323.png,A,no_usada,sana,2323
3061,dataset_complete/cacao_diseases/cacao_photos/healthy/healthy_2324.jpg,0,17800033f977717adadef91caad255ec,a4c8db34d316b1b5,cache_256/dataset_complete/cacao_diseases/cacao_photos/healthy/healthy_2324.png,A,no_usada,sana,2324
3062,dataset_complete/cacao_diseases/cacao_photos/healthy/healthy_2325.jpg,0,c3e355569b427927d90ca370a06466da,becd4e4e257d5110,cache_256/dataset_complete/cacao_diseases/cacao_photos/healthy/healthy_2325.png,A,no_usada,sana,2325
3063,dataset_complete/cacao_diseases/cacao_photos/healthy/healthy_2326.jpg,0,db520758d56ca36f579d0bf9ec18a800,a38de963a5b41f14,cache_256/dataset_complete/cacao_diseases/cacao_photos/healthy/healthy_2326.png,A,no_usada,sana,2326
3064,dataset_complete/cacao_diseases/cacao_photos/healthy/healthy_2327.jpg,0,3b2ff14002fa65c6439ed4ed339a9ce0,acbdec73525668c0,cache_256/dataset_complete/cacao_diseases/cacao_photos/healthy/healthy_2327.png,A,no_usada,sana,2327
3065,dataset_complete/cacao_diseases/cacao_photos/healthy/healthy_2328.jpg,0,665ecc60150310564bff68d4a551e6c6,e4e1906770647f74,cache_256/dataset_complete/cacao_diseases/cacao_photos/healthy/healthy_2328.png,A,no_usada,sana,2328
3066,dataset_complete/cacao_diseases/cacao_photos/healthy/healthy_2329.jpg,0,253d04d510c603c2d4b138b9306b5e25,81195c7171a3bf5a,cache_256/dataset_complete/cacao_diseases/cacao_photos/healthy/healthy_2329.png,A,no_usada,sana,2329
3067,dataset_complete/cacao_diseases/cacao_photos/healthy/healthy_2330.jpg,0,1605877ebec2a650b296431be72a1ed8,a6a15d92d0f26d72,cache_256/dataset_complete/cacao_diseases/cacao_photos/healthy/healthy_2330.png,A,no_usada,sana,2330
3068,dataset_complete/cacao_diseases/cacao_photos/healthy/healthy_2331.jpg,0,7bd22e54bed370a46cadf951e1fa2df3,acdc3360d6c6a8cd,cache_256/dataset_complete/cacao_diseases/cacao_photos/healthy/healthy_2331.png,A,no_usada,sana,2331
3069,dataset_complete/cacao_diseases/cacao_photos/healthy/healthy_2332.jpg,0,4dd6886024857fb808852cf2d6c7c590,e9933b19c63b06e2,cache_256/dataset_complete/cacao_diseases/cacao_photos/healthy/healthy_2332.png,A,no_usada,sana,2332
3070,dataset_complete/cacao_diseases/cacao_photos/healthy/healthy_2333.jpg,0,3aeab17668ba7f7b58c25221ceefa751,e3421e0b742f393e,cache_256/dataset_complete/cacao_diseases/cacao_photos/healthy/healthy_2333.png,A,no_usada,sana,2333
3071,dataset_complete/cacao_diseases/cacao_photos/healthy/healthy_2334.jpg,0,a06ed5cbce3a2a0fe585402b3ea70775,9f8f2dbc75106262,cache_256/dataset_complete/cacao_diseases/cacao_photos/healthy/healthy_2334.png,A,no_usada,sana,2334
3072,dataset_complete/cacao_diseases/cacao_photos/healthy/healthy_2335.jpg,0,b6d283f9cdefa6cfff710deae9fb5f7b,9c7bd9a6b0506f81,cache_256/dataset_complete/cacao_diseases/cacao_photos/healthy/healthy_2335.png,A,no_usada,sana,2335
3073,dataset_complete/cacao_diseases/cacao_photos/healthy/healthy_2336.jpg,0,4a6d5454bcc44bdcbccbbf9b69911252,9947263e5e9a9cc1,cache_256/dataset_complete/cacao_diseases/cacao_photos/healthy/healthy_2336.png,A,no_usada,sana,2336
3074,dataset_complete/cacao_diseases/cacao_photos/healthy/healthy_2337.jpg,0,c0ae159cb665e118e25ee46f12b25546,9ec44f23628d9cb5,cache_256/dataset_complete/cacao_diseases/cacao_photos/healthy/healthy_2337.png,A,no_usada,sana,2337
3075,dataset_complete/cacao_diseases/cacao_photos/healthy/healthy_2338.jpg,0,59ce3c13bd4b3b2f5e36617ca556037a,cc4e3372e10ceee4,cache_256/dataset_complete/cacao_diseases/cacao_photos/healthy/healthy_2338.png,A,no_usada,sana,2338
3076,dataset_complete/cacao_diseases/cacao_photos/healthy/healthy_2339.jpg,0,c8dc0b9b2f2f56931d96f9a31f08058f,cccc8f1a733235a3,cache_256/dataset_complete/cacao_diseases/cacao_photos/healthy/healthy_2339.png,A,no_usada,sana,2339
3077,dataset_complete/cacao_diseases/cacao_photos/healthy/healthy_2340.jpg,0,2d29c74d627609e4295d0cf22bc03b47,ecb53123795b4159,cache_256/dataset_complete/cacao_diseases/cacao_photos/healthy/healthy_2340.png,A,no_usada,sana,2340
3078,dataset_complete/cacao_diseases/cacao_photos/healthy/healthy_2341.jpg,0,e0a6ece60a18cd25923c1c956de255e0,cce9601eb9f919c1,cache_256/dataset_complete/cacao_diseases/cacao_photos/healthy/healthy_2341.png,A,no_usada,sana,2341
3079,dataset_complete/cacao_diseases/cacao_photos/healthy/healthy_2342.jpg,0,a9944fd35baab163c86438763bf44980,bc9cc13135f1165d,cache_256/dataset_complete/cacao_diseases/cacao_photos/healthy/healthy_2342.png,A,no_usada,sana,2342
3080,dataset_complete/cacao_diseases/cacao_photos/healthy/healthy_2343.jpg,0,c760c92771d16442cf35ab38f5f387b6,a7235960377ce1c9,cache_256/dataset_complete/cacao_diseases/cacao_photos/healthy/healthy_2343.png,A,no_usada,sana,2343
3081,dataset_complete/cacao_diseases/cacao_photos/healthy/healthy_2344.jpg,0,019616779a7b4b89c5cc3c3a1e237bff,8cad16648e3ef0f2,cache_256/dataset_complete/cacao_diseases/cacao_photos/healthy/healthy_2344.png,A,no_usada,sana,2344
3082,dataset_complete/cacao_diseases/cacao_photos/healthy/healthy_2345.jpg,0,210c4b21b0069a4ed9cd651728bc78c2,ce8260e0f4f8f2ba,cache_256/dataset_complete/cacao_diseases/cacao_photos/healthy/healthy_2345.png,A,no_usada,sana,2345
3083,dataset_complete/cacao_diseases/cacao_photos/healthy/healthy_2346.jpg,0,b58bda0ea4f6cdabca194b35cb1dc715,c8d8f533ba3a9b04,cache_256/dataset_complete/cacao_diseases/cacao_photos/healthy/healthy_2346.png,A,no_usada,sana,2346
3084,dataset_complete/cacao_diseases/cacao_photos/healthy/healthy_2347.jpg,0,f1a1bee801248c11d25130c1b733851b,bf1abb3f8301930a,cache_256/dataset_complete/cacao_diseases/cacao_photos/healthy/healthy_2347.png,A,no_usada,sana,2347
3085,dataset_complete/cacao_diseases/cacao_photos/healthy/healthy_2348.jpg,0,543d7d10cf34dc5717b83d6402bff73c,b88f5967b00beb88,cache_256/dataset_complete/cacao_diseases/cacao_photos/healthy/healthy_2348.png,A,no_usada,sana,2348
3086,dataset_complete/cacao_diseases/cacao_photos/healthy/healthy_2349.jpg,0,19cfb25d443542e2ea0e891b03d8a814,f9581c7c0ca3fa0b,cache_256/dataset_complete/cacao_diseases/cacao_photos/healthy/healthy_2349.png,A,no_usada,sana,2349
3087,dataset_complete/cacao_diseases/cacao_photos/healthy/healthy_2350.jpg,0,255dc6a494f10dd0662a0d5f21aa4f58,f3e0892380f3ba5b,cache_256/dataset_complete/cacao_diseases/cacao_photos/healthy/healthy_2350.png,A,no_usada,sana,2350
3088,dataset_complete/cacao_diseases/cacao_photos/healthy/healthy_2351.jpg,0,c630ab56816d0196a94cb4a877be6d0d,bffd68017c8203b5,cache_256/dataset_complete/cacao_diseases/cacao_photos/healthy/healthy_2351.png,A,no_usada,sana,2351
3089,dataset_complete/cacao_diseases/cacao_photos/healthy/healthy_2352.jpg,0,b8113aba0e6e2d2d0b56bcb6f2b19220,dddc1be50f0c0746,cache_256/dataset_complete/cacao_diseases/cacao_photos/healthy/healthy_2352.png,A,no_usada,sana,2352
3090,dataset_complete/cacao_diseases/cacao_photos/healthy/healthy_2353.jpg,0,6ebce4195d7d60e5633ba1856578c423,b05e1b632367c2b6,cache_256/dataset_complete/cacao_diseases/cacao_photos/healthy/healthy_2353.png,A,no_usada,sana,2353
3091,dataset_complete/cacao_diseases/cacao_photos/healthy/healthy_2354.jpg,0,5cca811201049bc637330d096b519a4b,e9db5427331183ab,cache_256/dataset_complete/cacao_diseases/cacao_photos/healthy/healthy_2354.png,A,no_usada,sana,2354
3092,dataset_complete/cacao_diseases/cacao_photos/healthy/healthy_2355.jpg,0,b89364b468e8552b600be9964ba20809,d9e834667f242725,cache_256/dataset_complete/cacao_diseases/cacao_photos/healthy/healthy_2355.png,A,no_usada,sana,2355
3093,dataset_complete/cacao_diseases/cacao_photos/healthy/healthy_2356.jpg,0,a193c3ed019c9cf0847fabcb156d4b29,be0e76b236b05427,cache_256/dataset_complete/cacao_diseases/cacao_photos/healthy/healthy_2356.png,A,no_usada,sana,2356
3094,dataset_complete/cacao_diseases/cacao_photos/healthy/healthy_2357.jpg,0,daa37346dd7f10d277ead657d8b544a6,db1f3060b26cb6cc,cache_256/dataset_complete/cacao_diseases/cacao_photos/healthy/healthy_2357.png,A,no_usada,sana,2357
3095,dataset_complete/cacao_diseases/cacao_photos/healthy/healthy_2358.jpg,0,aebef20c64875c2f67de170ea4c0cd23,c9272633b8589fc5,cache_256/dataset_complete/cacao_diseases/cacao_photos/healthy/healthy_2358.png,A,no_usada,sana,2358
3096,dataset_complete/cacao_diseases/cacao_photos/healthy/healthy_2359.jpg,0,19c9da1b4127d7133afd4816633a5333,cfe1ec62e682c8cc,cache_256/dataset_complete/cacao_diseases/cacao_photos/healthy/healthy_2359.png,A,no_usada,sana,2359
3097,dataset_complete/cacao_diseases/cacao_photos/healthy/healthy_2360.jpg,0,eacec087d8885d5708ede0be88c059f8,aece482f6b737220,cache_256/dataset_complete/cacao_diseases/cacao_photos/healthy/healthy_2360.png,A,no_usada,sana,2360
3098,dataset_complete/cacao_diseases/cacao_photos/healthy/healthy_2361.jpg,0,40c0188a20f209d99508142baf2fe964,c89d3771f2e3a015,cache_256/dataset_complete/cacao_diseases/cacao_photos/healthy/healthy_2361.png,A,no_usada,sana,2361
3099,dataset_complete/cacao_diseases/cacao_photos/healthy/healthy_2362.jpg,0,73054c888bb7b654b67fa7891221a633,9bad3472327393c8,cache_256/dataset_complete/cacao_diseases/cacao_photos/healthy/healthy_2362.png,A,no_usada,sana,2362
3100,dataset_complete/cacao_diseases/cacao_photos/healthy/healthy_2363.jpg,0,15f57576e2178a5f9ef683200603368f,d944f162d6c3d81b,cache_256/dataset_complete/cacao_diseases/cacao_photos/healthy/healthy_2363.png,A,no_usada,sana,2363
3101,dataset_complete/cacao_diseases/cacao_photos/healthy/healthy_2364.jpg,0,5624fadde63928a6c946e266b15d4f89,9d826b6b2478bc93,cache_256/dataset_complete/cacao_diseases/cacao_photos/healthy/healthy_2364.png,A,no_usada,sana,2364
3102,dataset_complete/cacao_diseases/cacao_photos/healthy/healthy_2365.jpg,0,59f4ece5ce57df49c17e0a160179430b,dca130321f4dec9e,cache_256/dataset_complete/cacao_diseases/cacao_photos/healthy/healthy_2365.png,A,no_usada,sana,2365
3103,dataset_complete/cacao_diseases/cacao_photos/healthy/healthy_2366.jpg,0,608b09c686c5687bae714aadcb79d63a,cd535c2ea3514b96,cache_256/dataset_complete/cacao_diseases/cacao_photos/healthy/healthy_2366.png,A,no_usada,sana,2366
3104,dataset_complete/cacao_diseases/cacao_photos/healthy/healthy_2367.jpg,0,d0ab01af1e957a20bfba5fd8e0cf03ec,f79617641a6a2d68,cache_256/dataset_complete/cacao_diseases/cacao_photos/healthy/healthy_2367.png,A,no_usada,sana,2367
3105,dataset_complete/cacao_diseases/cacao_photos/healthy/healthy_2368.jpg,0,55e4237da390a199d069728241db74ec,e7a73d301a070bae,cache_256/dataset_complete/cacao_diseases/cacao_photos/healthy/healthy_2368.png,A,no_usada,sana,2368
3106,dataset_complete/cacao_diseases/cacao_photos/healthy/healthy_2369.jpg,0,fa7ae4072f6d81a75f8ee33946a7036d,b4f779782722a4a1,cache_256/dataset_complete/cacao_diseases/cacao_photos/healthy/healthy_2369.png,A,no_usada,sana,2369
3107,dataset_complete/cacao_diseases/cacao_photos/healthy/healthy_2370.jpg,0,c7e926c9dfc3233b2cf53ce352fa472f,ac4b51b7c98e8699,cache_256/dataset_complete/cacao_diseases/cacao_photos/healthy/healthy_2370.png,A,no_usada,sana,2370
3108,dataset_complete/cacao_diseases/cacao_photos/healthy/healthy_2371.jpg,0,ca19a5ad6524c1280ed52aaad37c706a,99902573762fb546,cache_256/dataset_complete/cacao_diseases/cacao_photos/healthy/healthy_2371.png,A,no_usada,sana,2371
3109,dataset_complete/cacao_diseases/cacao_photos/healthy/healthy_2372.jpg,0,9d2b40ba920c6aa42fb5943357fe7a69,9c6929676bc2c6d2,cache_256/dataset_complete/cacao_diseases/cacao_photos/healthy/healthy_2372.png,A,no_usada,sana,2372
3110,dataset_complete/cacao_diseases/cacao_photos/healthy/healthy_2373.jpg,0,666ba8fd9e4e0402c8ada2dc3834f573,bdacb433334333a1,cache_256/dataset_complete/cacao_diseases/cacao_photos/healthy/healthy_2373.png,A,no_usada,sana,2373
3111,dataset_complete/cacao_diseases/cacao_photos/healthy/healthy_2374.jpg,0,8f3c0e9f8c57b9e7cf255bf83f37984b,e545acc0e6f8c4f8,cache_256/dataset_complete/cacao_diseases/cacao_photos/healthy/healthy_2374.png,A,no_usada,sana,2374
3112,dataset_complete/cacao_diseases/cacao_photos/healthy/healthy_2375.jpg,0,56c57acaab65c96ba3de9544c27389d7,bc15dd1f5c300e72,cache_256/dataset_complete/cacao_diseases/cacao_photos/healthy/healthy_2375.png,A,no_usada,sana,2375
3113,dataset_complete/cacao_diseases/cacao_photos/healthy/healthy_2376.jpg,0,64b7d8c0afd31d8c78fbc56a275e0e48,875cb330a1b77592,cache_256/dataset_complete/cacao_diseases/cacao_photos/healthy/healthy_2376.png,A,no_usada,sana,2376
3114,dataset_complete/cacao_diseases/cacao_photos/healthy/healthy_2377.jpg,0,e940af4d04be91da3962ca6cae45d0ce,b3374d61e19e0e2a,cache_256/dataset_complete/cacao_diseases/cacao_photos/healthy/healthy_2377.png,A,no_usada,sana,2377
3115,dataset_complete/cacao_diseases/cacao_photos/healthy/healthy_2378.jpg,0,1f189092b7faa4a946a03d2467867638,d8e95d36e20f1e14,cache_256/dataset_complete/cacao_diseases/cacao_photos/healthy/healthy_2378.png,A,no_usada,sana,2378
3116,dataset_complete/cacao_diseases/cacao_photos/healthy/healthy_2379.jpg,0,e628bb550c376ac8cfd02a79fe8baa1d,b18ded346a624679,cache_256/dataset_complete/cacao_diseases/cacao_photos/healthy/healthy_2379.png,A,no_usada,sana,2379
3117,dataset_complete/cacao_diseases/cacao_photos/healthy/healthy_2380.jpg,0,f7bf49ae0028089c58b03baedbb3309a,89a9a53877e6a2e8,cache_256/dataset_complete/cacao_diseases/cacao_photos/healthy/healthy_2380.png,A,no_usada,sana,2380
3118,dataset_complete/cacao_diseases/cacao_photos/healthy/healthy_2381.jpg,0,21f82b91d352f1220a2a6e9d3c1ce516,b4098df10b9f65c9,cache_256/dataset_complete/cacao_diseases/cacao_photos/healthy/healthy_2381.png,A,no_usada,sana,2381
3119,dataset_complete/cacao_diseases/cacao_photos/healthy/healthy_2382.jpg,0,87aa2f5707881abd28299163386574c7,cf8cf80c2466637e,cache_256/dataset_complete/cacao_diseases/cacao_photos/healthy/healthy_2382.png,A,no_usada,sana,2382
3120,dataset_complete/cacao_diseases/cacao_photos/healthy/healthy_2383.jpg,0,e11cec5a66c8a6a39c6af368ee9231a1,8bc035fe73113b54,cache_256/dataset_complete/cacao_diseases/cacao_photos/healthy/healthy_2383.png,A,no_usada,sana,2383
3121,dataset_complete/cacao_diseases/cacao_photos/healthy/healthy_2384.jpg,0,08c814a0830761fdb2047c7ffda23cfd,92f31c2cb817bd94,cache_256/dataset_complete/cacao_diseases/cacao_photos/healthy/healthy_2384.png,A,no_usada,sana,2384
3122,dataset_complete/cacao_diseases/cacao_photos/healthy/healthy_2385.jpg,0,ebcd8949db05bdad59595dfda0d9df16,cb09bce627a66cc4,cache_256/dataset_complete/cacao_diseases/cacao_photos/healthy/healthy_2385.png,A,no_usada,sana,2385
3123,dataset_complete/cacao_diseases/cacao_photos/healthy/healthy_2386.jpg,0,8c11956e5b3ddff83e3e580acabe8c1e,998c22707bb12fd9,cache_256/dataset_complete/cacao_diseases/cacao_photos/healthy/healthy_2386.png,A,no_usada,sana,2386
3124,dataset_complete/cacao_diseases/cacao_photos/healthy/healthy_2387.jpg,0,4ac55658c911e3a6f08f91b6e752af81,cc8cdb762468666e,cache_256/dataset_complete/cacao_diseases/cacao_photos/healthy/healthy_2387.png,A,no_usada,sana,2387
3125,dataset_complete/cacao_diseases/cacao_photos/healthy/healthy_2388.jpg,0,83a9d287277a98a5487c01b6bf13d6f8,cd0fd9760f08a578,cache_256/dataset_complete/cacao_diseases/cacao_photos/healthy/healthy_2388.png,A,no_usada,sana,2388
3126,dataset_complete/cacao_diseases/cacao_photos/healthy/healthy_2389.jpg,0,77e9229e1dc1ccf71585d84e7e9beae3,92b536326267b62e,cache_256/dataset_complete/cacao_diseases/cacao_photos/healthy/healthy_2389.png,A,no_usada,sana,2389
3127,dataset_complete/cacao_diseases/cacao_photos/healthy/healthy_2390.jpg,0,3c6a95b8989326410cebfdfcfe8935b7,821ddf303c620ff6,cache_256/dataset_complete/cacao_diseases/cacao_photos/healthy/healthy_2390.png,A,no_usada,sana,2390
3128,dataset_complete/cacao_diseases/cacao_photos/healthy/healthy_2391.jpg,0,18a78b74c03033c14d87010563f91c82,bff8b020a774c2aa,cache_256/dataset_complete/cacao_diseases/cacao_photos/healthy/healthy_2391.png,A,no_usada,sana,2391
3129,dataset_complete/cacao_diseases/cacao_photos/healthy/healthy_2392.jpg,0,6d9df171e9dc07dfd9b387f4390e5a1b,9bc95b62a61c5754,cache_256/dataset_complete/cacao_diseases/cacao_photos/healthy/healthy_2392.png,A,no_usada,sana,2392
3130,dataset_complete/cacao_diseases/cacao_photos/healthy/healthy_2393.jpg,0,bae76fa85f2186aa6436755f0fa23c46,bb8cf57a41320b33,cache_256/dataset_complete/cacao_diseases/cacao_photos/healthy/healthy_2393.png,A,no_usada,sana,2393
3131,dataset_complete/cacao_diseases/cacao_photos/healthy/healthy_2394.jpg,0,25c1c4513d4c2befbf0b83f0eb9348d9,98bc3553d9898aa7,cache_256/dataset_complete/cacao_diseases/cacao_photos/healthy/healthy_2394.png,A,no_usada,sana,2394
3132,dataset_complete/cacao_diseases/cacao_photos/healthy/healthy_2395.jpg,0,a03c4e1c721a914e1e45156c8dca3138,8a2d2772f38269ce,cache_256/dataset_complete/cacao_diseases/cacao_photos/healthy/healthy_2395.png,A,no_usada,sana,2395
3133,dataset_complete/cacao_diseases/cacao_photos/healthy/healthy_2396.jpg,0,eb0cd4d35c4c8dce2ccf000f270bb3d5,d9e46c724b3e1515,cache_256/dataset_complete/cacao_diseases/cacao_photos/healthy/healthy_2396.png,A,no_usada,sana,2396
3134,dataset_complete/cacao_diseases/cacao_photos/healthy/healthy_2397.jpg,0,683c143283c7203bc45467b25d67f2e8,c6db0b47cd454a6c,cache_256/dataset_complete/cacao_diseases/cacao_photos/healthy/healthy_2397.png,A,no_usada,sana,2397
3135,dataset_complete/cacao_diseases/cacao_photos/healthy/healthy_2398.jpg,0,617ea4c90b270661306e49ddb28efabe,cde4626723039bba,cache_256/dataset_complete/cacao_diseases/cacao_photos/healthy/healthy_2398.png,A,no_usada,sana,2398
3136,dataset_complete/cacao_diseases/cacao_photos/healthy/healthy_2399.jpg,0,b286a5aa126c4b2f6e9d3a4f97708219,f2249de6195f28aa,cache_256/dataset_complete/cacao_diseases/cacao_photos/healthy/healthy_2399.png,A,no_usada,sana,2399
3137,dataset_complete/cacao_diseases/cacao_photos/healthy/healthy_2400.jpg,0,4ba56e59b56940bcd26491b9dd1397eb,99cc65253436733b,cache_256/dataset_complete/cacao_diseases/cacao_photos/healthy/healthy_2400.png,A,no_usada,sana,2400
3138,dataset_complete/cacao_diseases/cacao_photos/healthy/healthy_2401.jpg,0,a0b1d500c95f71c971c47687f9787455,94e66b2e65a1b436,cache_256/dataset_complete/cacao_diseases/cacao_photos/healthy/healthy_2401.png,A,no_usada,sana,2401
3139,dataset_complete/cacao_diseases/cacao_photos/healthy/healthy_2402.jpg,0,43aa8d86f681e3de902605f469d5137c,daec786d65a217c0,cache_256/dataset_complete/cacao_diseases/cacao_photos/healthy/healthy_2402.png,A,no_usada,sana,2402
3140,dataset_complete/cacao_diseases/cacao_photos/healthy/healthy_2403.jpg,0,57edca20b1955b792331b5d8462f6174,f8e3c8a68597170e,cache_256/dataset_complete/cacao_diseases/cacao_photos/healthy/healthy_2403.png,A,no_usada,sana,2403
3141,dataset_complete/cacao_diseases/cacao_photos/healthy/healthy_2404.jpg,0,39ae742557bed6b675053c7de1b29a23,cb6e2455b9964b8a,cache_256/dataset_complete/cacao_diseases/cacao_photos/healthy/healthy_2404.png,A,no_usada,sana,2404
3142,dataset_complete/cacao_diseases/cacao_photos/healthy/healthy_2405.jpg,0,67aeca4e7a46a948c3711e587daf347a,c5b58d656a468fc4,cache_256/dataset_complete/cacao_diseases/cacao_photos/healthy/healthy_2405.png,A,no_usada,sana,2405
3143,dataset_complete/cacao_diseases/cacao_photos/healthy/healthy_2406.jpg,0,cbe49bcae05f2ff9a9df3fefb46b320c,cea6f0707272632b,cache_256/dataset_complete/cacao_diseases/cacao_photos/healthy/healthy_2406.png,A,no_usada,sana,2406
3144,dataset_complete/cacao_diseases/cacao_photos/healthy/healthy_2407.jpg,0,60fd07de5bc3f7fd81960377440bd2be,814b6e17b9c152fc,cache_256/dataset_complete/cacao_diseases/cacao_photos/healthy/healthy_2407.png,A,no_usada,sana,2407
3145,dataset_complete/cacao_diseases/cacao_photos/healthy/healthy_2408.jpg,0,83d49bb7987c0a99f6078118ee33e081,8f44b331f9c1c6c6,cache_256/dataset_complete/cacao_diseases/cacao_photos/healthy/healthy_2408.png,A,no_usada,sana,2408
3146,dataset_complete/cacao_diseases/cacao_photos/healthy/healthy_2409.jpg,0,edabb34c1b6c87ab412b0ba55fd1efca,e5a4293a37278e3c,cache_256/dataset_complete/cacao_diseases/cacao_photos/healthy/healthy_2409.png,A,no_usada,sana,2409
3147,dataset_complete/cacao_diseases/cacao_photos/healthy/healthy_2410.jpg,0,c1933148c4285d0b683884d0c3a14a88,8ee659565f1235a4,cache_256/dataset_complete/cacao_diseases/cacao_photos/healthy/healthy_2410.png,A,no_usada,sana,2410
3148,dataset_complete/cacao_diseases/cacao_photos/healthy/healthy_2411.jpg,0,45b8a19bb45b2adb48b1aea53c221b25,ed1079f7361e1c81,cache_256/dataset_complete/cacao_diseases/cacao_photos/healthy/healthy_2411.png,A,no_usada,sana,2411
3149,dataset_complete/cacao_diseases/cacao_photos/healthy/healthy_2412.jpg,0,a17ffa86e8f8281e6c27438ce0f45865,be0c861477b292fa,cache_256/dataset_complete/cacao_diseases/cacao_photos/healthy/healthy_2412.png,A,no_usada,sana,2412
3150,dataset_complete/cacao_diseases/cacao_photos/healthy/healthy_2413.jpg,0,202923cb46f490ed0689611f096d2c96,b68e58435ec8a8af,cache_256/dataset_complete/cacao_diseases/cacao_photos/healthy/healthy_2413.png,A,no_usada,sana,2413
3151,dataset_complete/cacao_diseases/cacao_photos/healthy/healthy_2414.jpg,0,e2b743e45b33fc4408233aaa23c9dafc,e64c19b3505ee8dc,cache_256/dataset_complete/cacao_diseases/cacao_photos/healthy/healthy_2414.png,A,no_usada,sana,2414
3152,dataset_complete/cacao_diseases/cacao_photos/healthy/healthy_2415.jpg,0,a161f6cdbedc5729e0979eb2d20b672f,a65bda16a1e90b69,cache_256/dataset_complete/cacao_diseases/cacao_photos/healthy/healthy_2415.png,A,no_usada,sana,2415
3153,dataset_complete/cacao_diseases/cacao_photos/healthy/healthy_2416.jpg,0,47e1eb449af6234ccf04053b25c345c4,a71e892d40761ef6,cache_256/dataset_complete/cacao_diseases/cacao_photos/healthy/healthy_2416.png,A,no_usada,sana,2416
3154,dataset_complete/cacao_diseases/cacao_photos/healthy/healthy_2417.jpg,0,3da8a8e7cdc3fe05405c4ae2b8f56b76,f348cd2fa0f5a492,cache_256/dataset_complete/cacao_diseases/cacao_photos/healthy/healthy_2417.png,A,no_usada,sana,2417
3155,dataset_complete/cacao_diseases/cacao_photos/healthy/healthy_2418.jpg,0,5103fd463b9c1d2ac011af5358009737,f9e041635714f4ae,cache_256/dataset_complete/cacao_diseases/cacao_photos/healthy/healthy_2418.png,A,no_usada,sana,2418
3156,dataset_complete/cacao_diseases/cacao_photos/healthy/healthy_2419.jpg,0,44c5874ea392158387ed73551cd111f5,d22d1d3227633e3c,cache_256/dataset_complete/cacao_diseases/cacao_photos/healthy/healthy_2419.png,A,no_usada,sana,2419
3157,dataset_complete/cacao_diseases/cacao_photos/healthy/healthy_2420.jpg,0,2faca1d3c14a4dd79bc2fb3acebd4fc0,f95c6362306773a8,cache_256/dataset_complete/cacao_diseases/cacao_photos/healthy/healthy_2420.png,A,no_usada,sana,2420
3158,dataset_complete/cacao_diseases/cacao_photos/healthy/healthy_2421.jpg,0,77a38575c87a81067f8e46b53748f44c,f65280304ae7efe4,cache_256/dataset_complete/cacao_diseases/cacao_photos/healthy/healthy_2421.png,A,no_usada,sana,2421
3159,dataset_complete/cacao_diseases/cacao_photos/healthy/healthy_2422.jpg,0,0717bfede5a611eacc05a4f47fa34a26,804c5d155cf2acbf,cache_256/dataset_complete/cacao_diseases/cacao_photos/healthy/healthy_2422.png,A,no_usada,sana,2422
3160,dataset_complete/cacao_diseases/cacao_photos/healthy/healthy_2423.jpg,0,8382d07ecc2088b5c093b0a3fa3ad831,cdb73733c14e8e04,cache_256/dataset_complete/cacao_diseases/cacao_photos/healthy/healthy_2423.png,A,no_usada,sana,2423
3161,dataset_complete/cacao_diseases/cacao_photos/healthy/healthy_2424.jpg,0,f05f8a6872dec77b9cfbe5fb2bee50d4,9e995d7d283870f0,cache_256/dataset_complete/cacao_diseases/cacao_photos/healthy/healthy_2424.png,A,no_usada,sana,2424
3162,dataset_complete/cacao_diseases/cacao_photos/healthy/healthy_2425.jpg,0,d92b6acdd66377210e8469ff43897ed0,cee5312693c8da1e,cache_256/dataset_complete/cacao_diseases/cacao_photos/healthy/healthy_2425.png,A,no_usada,sana,2425
3163,dataset_complete/cacao_diseases/cacao_photos/healthy/healthy_2426.jpg,0,51a97d7cf82b7440a1a3a9e0f4d30a20,c68d9d3c0f92c3e1,cache_256/dataset_complete/cacao_diseases/cacao_photos/healthy/healthy_2426.png,A,no_usada,sana,2426
3164,dataset_complete/cacao_diseases/cacao_photos/healthy/healthy_2427.jpg,0,37a4249188a4712eae01c24b2032d804,865919a71d1f1f83,cache_256/dataset_complete/cacao_diseases/cacao_photos/healthy/healthy_2427.png,A,no_usada,sana,2427
3165,dataset_complete/cacao_diseases/cacao_photos/healthy/healthy_2428.jpg,0,982b50b1d7eb24260ac0766995dcb4c0,98d0f4669c56cea5,cache_256/dataset_complete/cacao_diseases/cacao_photos/healthy/healthy_2428.png,A,no_usada,sana,2428
3166,dataset_complete/cacao_diseases/cacao_photos/healthy/healthy_2429.jpg,0,0172c564dd56d13543843f9af6448290,e4f19c7709a13969,cache_256/dataset_complete/cacao_diseases/cacao_photos/healthy/healthy_2429.png,A,no_usada,sana,2429
3167,dataset_complete/cacao_diseases/cacao_photos/healthy/healthy_2430.jpg,0,5a1849960a49133ed72a06b55201e3b0,8e858c44cb7dd1d9,cache_256/dataset_complete/cacao_diseases/cacao_photos/healthy/healthy_2430.png,A,no_usada,sana,2430
3168,dataset_complete/cacao_diseases/cacao_photos/healthy/healthy_2431.jpg,0,6525ac5a82c2074d3def05eff8995c06,df032af2626f5c03,cache_256/dataset_complete/cacao_diseases/cacao_photos/healthy/healthy_2431.png,A,no_usada,sana,2431
3169,dataset_complete/cacao_diseases/cacao_photos/healthy/healthy_2432.jpg,0,d7633fdbfb532ea5dd5995ac4803f4c4,e7149c2d1f783970,cache_256/dataset_complete/cacao_diseases/cacao_photos/healthy/healthy_2432.png,A,no_usada,sana,2432
3170,dataset_complete/cacao_diseases/cacao_photos/healthy/healthy_2433.jpg,0,2d1b65b3a40dff1c6e7d074da8002e30,c0381c63a3dd1ddb,cache_256/dataset_complete/cacao_diseases/cacao_photos/healthy/healthy_2433.png,A,no_usada,sana,2433
3171,dataset_complete/cacao_diseases/cacao_photos/healthy/healthy_2434.jpg,0,4cc172ae7208e81a5ce094aca8e5ec7b,e6085d7e596823b5,cache_256/dataset_complete/cacao_diseases/cacao_photos/healthy/healthy_2434.png,A,no_usada,sana,2434
3172,dataset_complete/cacao_diseases/cacao_photos/healthy/healthy_2435.jpg,0,750fd49f99ebd8f6c88a8bf845cd1afd,ccae3362c4e6cd4c,cache_256/dataset_complete/cacao_diseases/cacao_photos/healthy/healthy_2435.png,A,no_usada,sana,2435
3173,dataset_complete/cacao_diseases/cacao_photos/healthy/healthy_2436.jpg,0,beede1b7b3ebf928d56466eb83c5c321,aae8f1f171130597,cache_256/dataset_complete/cacao_diseases/cacao_photos/healthy/healthy_2436.png,A,no_usada,sana,2436
3174,dataset_complete/cacao_diseases/cacao_photos/healthy/healthy_2437.jpg,0,7db047d507cdbe91f9953bf31dc9a9e8,e2d844776beac1c2,cache_256/dataset_complete/cacao_diseases/cacao_photos/healthy/healthy_2437.png,A,no_usada,sana,2437
3175,dataset_complete/cacao_diseases/cacao_photos/healthy/healthy_2438.jpg,0,b238256171f70e97e2d5f8d640278f8d,a4b33a434c787a6e,cache_256/dataset_complete/cacao_diseases/cacao_photos/healthy/healthy_2438.png,A,no_usada,sana,2438
3176,dataset_complete/cacao_diseases/cacao_photos/healthy/healthy_2439.jpg,0,e633adac5f47b3d6ed8e728d471b0546,cf8988797a62e0e6,cache_256/dataset_complete/cacao_diseases/cacao_photos/healthy/healthy_2439.png,A,no_usada,sana,2439
3177,dataset_complete/cacao_diseases/cacao_photos/healthy/healthy_2440.jpg,0,27e868183f3fc594eed7afb71a71d4ab,ffaa01479cd0d859,cache_256/dataset_complete/cacao_diseases/cacao_photos/healthy/healthy_2440.png,A,no_usada,sana,2440
3178,dataset_complete/cacao_diseases/cacao_photos/healthy/healthy_2441.jpg,0,62e89b4e73a8ad81ef8763697ff0cf38,ff7c802087768f16,cache_256/dataset_complete/cacao_diseases/cacao_photos/healthy/healthy_2441.png,A,no_usada,sana,2441
3179,dataset_complete/cacao_diseases/cacao_photos/healthy/healthy_2442.jpg,0,777ca052625fab678cd69f5621ce133b,f5939439b0f8115e,cache_256/dataset_complete/cacao_diseases/cacao_photos/healthy/healthy_2442.png,A,no_usada,sana,2442
3180,dataset_complete/cacao_diseases/cacao_photos/healthy/healthy_2443.jpg,0,71d02d71e0ab06d1857c9a853f02b781,c69673314b1a8ebc,cache_256/dataset_complete/cacao_diseases/cacao_photos/healthy/healthy_2443.png,A,no_usada,sana,2443
3181,dataset_complete/cacao_diseases/cacao_photos/healthy/healthy_2444.jpg,0,616092407a431e72697ea2961dac1ed2,a1ba1db5caa93543,cache_256/dataset_complete/cacao_diseases/cacao_photos/healthy/healthy_2444.png,A,no_usada,sana,2444
3182,dataset_complete/cacao_diseases/cacao_photos/healthy/healthy_2445.jpg,0,722f87f8646b10dd38993b147eaba7a3,c9cbdc259f298e0c,cache_256/dataset_complete/cacao_diseases/cacao_photos/healthy/healthy_2445.png,A,no_usada,sana,2445
3183,dataset_complete/cacao_diseases/cacao_photos/healthy/healthy_2446.jpg,0,21b16ab170b7e71093618776e465925b,ec0e8c2992d6f1c7,cache_256/dataset_complete/cacao_diseases/cacao_photos/healthy/healthy_2446.png,A,no_usada,sana,2446
3184,dataset_complete/cacao_diseases/cacao_photos/healthy/healthy_2447.jpg,0,3b99a62e3544a34c824e3a27147c3fc1,e40ac1b64fc2adcd,cache_256/dataset_complete/cacao_diseases/cacao_photos/healthy/healthy_2447.png,A,no_usada,sana,2447
3185,dataset_complete/cacao_diseases/cacao_photos/healthy/healthy_2448.jpg,0,fb2a30c3875640c553465c872f517ed0,f9ad387e22889595,cache_256/dataset_complete/cacao_diseases/cacao_photos/healthy/healthy_2448.png,A,no_usada,sana,2448
3186,dataset_complete/cacao_diseases/cacao_photos/healthy/healthy_2449.jpg,0,19bf5ac3656dbc0dd37630dd7ee0cb41,cd91b4b7731643c8,cache_256/dataset_complete/cacao_diseases/cacao_photos/healthy/healthy_2449.png,A,no_usada,sana,2449
3187,dataset_complete/cacao_diseases/cacao_photos/healthy/healthy_2450.jpg,0,af0dac9ed3b17676ad143d735dfd4713,c7df8661602d2cda,cache_256/dataset_complete/cacao_diseases/cacao_photos/healthy/healthy_2450.png,A,no_usada,sana,2450
3188,dataset_complete/cacao_diseases/cacao_photos/healthy/healthy_2451.jpg,0,e85a55adfe62bee82423c424595b0910,90b94734325372f7,cache_256/dataset_complete/cacao_diseases/cacao_photos/healthy/healthy_2451.png,A,no_usada,sana,2451
3189,dataset_complete/cacao_diseases/cacao_photos/healthy/healthy_2452.jpg,0,f2ec935660f7144fa3b61999f7162574,b14cccf297115cbc,cache_256/dataset_complete/cacao_diseases/cacao_photos/healthy/healthy_2452.png,A,no_usada,sana,2452
3190,dataset_complete/cacao_diseases/cacao_photos/healthy/healthy_2453.jpg,0,2a965a8dd58daa2bd0816e90197f8f3c,d2bcc5e4b41612bd,cache_256/dataset_complete/cacao_diseases/cacao_photos/healthy/healthy_2453.png,A,no_usada,sana,2453
3191,dataset_complete/cacao_diseases/cacao_photos/healthy/healthy_2454.jpg,0,a2e03fa27330919053bd145d540a5066,ce631377da07053a,cache_256/dataset_complete/cacao_diseases/cacao_photos/healthy/healthy_2454.png,A,no_usada,sana,2454
3192,dataset_complete/cacao_diseases/cacao_photos/healthy/healthy_2455.jpg,0,7a91688f5bf441133257ad0560068018,82d1726ec5c6cbc5,cache_256/dataset_complete/cacao_diseases/cacao_photos/healthy/healthy_2455.png,A,no_usada,sana,2455
3193,dataset_complete/cacao_diseases/cacao_photos/healthy/healthy_2456.jpg,0,664a292a18aede73b67170729234ae97,cc9b333f5151d898,cache_256/dataset_complete/cacao_diseases/cacao_photos/healthy/healthy_2456.png,A,no_usada,sana,2456
3194,dataset_complete/cacao_diseases/cacao_photos/healthy/healthy_2457.jpg,0,64e9e7287e9fb57ae25b6df76b58cf58,cc8e3432b4511fdd,cache_256/dataset_complete/cacao_diseases/cacao_photos/healthy/healthy_2457.png,A,no_usada,sana,2457
3195,dataset_complete/cacao_diseases/cacao_photos/healthy/healthy_2458.jpg,0,060df639caf1bc6cbe471975546a2a10,95d58d277260a1dd,cache_256/dataset_complete/cacao_diseases/cacao_photos/healthy/healthy_2458.png,A,no_usada,sana,2458
3196,dataset_complete/cacao_diseases/cacao_photos/healthy/healthy_2459.jpg,0,105c8266a85225a8b368cfc1c6498062,e72f3b7968205cc2,cache_256/dataset_complete/cacao_diseases/cacao_photos/healthy/healthy_2459.png,A,no_usada,sana,2459
3197,dataset_complete/cacao_diseases/cacao_photos/healthy/healthy_2460.jpg,0,881672a8513975cd0e1cb09b3b3f0e7a,b73968e79db2a180,cache_256/dataset_complete/cacao_diseases/cacao_photos/healthy/healthy_2460.png,A,no_usada,sana,2460
3198,dataset_complete/cacao_diseases/cacao_photos/healthy/healthy_2461.jpg,0,9f2e251886323bb66aefd21e8602e178,e2ec847ab93195d1,cache_256/dataset_complete/cacao_diseases/cacao_photos/healthy/healthy_2461.png,A,no_usada,sana,2461
3199,dataset_complete/cacao_diseases/cacao_photos/healthy/healthy_2462.jpg,0,1917f6e878fc13e86461ae4346417a75,ee98d86da44e4a95,cache_256/dataset_complete/cacao_diseases/cacao_photos/healthy/healthy_2462.png,A,no_usada,sana,2462
3200,dataset_complete/cacao_diseases/cacao_photos/healthy/healthy_2463.jpg,0,28cf511d7762d86fd66eb912e030d197,e39c5c720227696f,cache_256/dataset_complete/cacao_diseases/cacao_photos/healthy/healthy_2463.png,A,no_usada,sana,2463
3201,dataset_complete/cacao_diseases/cacao_photos/healthy/healthy_2464.jpg,0,63943ebfaf57a189a7544c6c275748e5,9ac9ec64b6a3a525,cache_256/dataset_complete/cacao_diseases/cacao_photos/healthy/healthy_2464.png,A,no_usada,sana,2464
3202,dataset_complete/cacao_diseases/cacao_photos/healthy/healthy_2465.jpg,0,f7aa060a0967c4471b9298467bd3244b,b4888d2f97d7c28a,cache_256/dataset_complete/cacao_diseases/cacao_photos/healthy/healthy_2465.png,A,no_usada,sana,2465
3203,dataset_complete/cacao_diseases/cacao_photos/healthy/healthy_2466.jpg,0,f868b6219506578578c083decc716d68,9dcc5e2c2079f2b1,cache_256/dataset_complete/cacao_diseases/cacao_photos/healthy/healthy_2466.png,A,no_usada,sana,2466
3204,dataset_complete/cacao_diseases/cacao_photos/healthy/healthy_2467.jpg,0,99a403666564855f1eec4d152f278339,eeeaac65561612d1,cache_256/dataset_complete/cacao_diseases/cacao_photos/healthy/healthy_2467.png,A,no_usada,sana,2467
3205,dataset_complete/cacao_diseases/cacao_photos/healthy/healthy_2468.jpg,0,643a46f88e541b45d428f7e6cf3f9edf,a378fc26bc961a92,cache_256/dataset_complete/cacao_diseases/cacao_photos/healthy/healthy_2468.png,A,no_usada,sana,2468
3206,dataset_complete/cacao_diseases/cacao_photos/healthy/healthy_2469.jpg,0,f56089836955bab47f8573113c088095,d6d2596268667c0f,cache_256/dataset_complete/cacao_diseases/cacao_photos/healthy/healthy_2469.png,A,no_usada,sana,2469
3207,dataset_complete/cacao_diseases/cacao_photos/healthy/healthy_2470.jpg,0,bc8c4436cf0c049703c9e10fff982516,d8b8e163ee0ec985,cache_256/dataset_complete/cacao_diseases/cacao_photos/healthy/healthy_2470.png,A,no_usada,sana,2470
3208,dataset_complete/cacao_diseases/cacao_photos/healthy/healthy_2471.jpg,0,38eb0d3b0bfc4da491f495615c572622,f2cd7f233070183e,cache_256/dataset_complete/cacao_diseases/cacao_photos/healthy/healthy_2471.png,A,no_usada,sana,2471
3209,dataset_complete/cacao_diseases/cacao_photos/healthy/healthy_2472.jpg,0,ff32c71c56b5b53b9064e34cfc97916f,9ccd5d6461464e9e,cache_256/dataset_complete/cacao_diseases/cacao_photos/healthy/healthy_2472.png,A,no_usada,sana,2472
3210,dataset_complete/cacao_diseases/cacao_photos/healthy/healthy_2473.jpg,0,61689356cd7c17aa020e053c9b8b3611,eaa514762a22eb1f,cache_256/dataset_complete/cacao_diseases/cacao_photos/healthy/healthy_2473.png,A,no_usada,sana,2473
3211,dataset_complete/cacao_diseases/cacao_photos/healthy/healthy_2474.jpg,0,3d7b6d839c991b2a0d023be24a03d8e1,e6090c7d3d7e1352,cache_256/dataset_complete/cacao_diseases/cacao_photos/healthy/healthy_2474.png,A,no_usada,sana,2474
3212,dataset_complete/cacao_diseases/cacao_photos/healthy/healthy_2475.jpg,0,ef0750b9f1f1cd7945ec8646ce083ac3,b2b5d93148527f15,cache_256/dataset_complete/cacao_diseases/cacao_photos/healthy/healthy_2475.png,A,no_usada,sana,2475
3213,dataset_complete/cacao_diseases/cacao_photos/healthy/healthy_2476.jpg,0,a64f5858ee63107f376b898618e59645,85d9d861e32661f6,cache_256/dataset_complete/cacao_diseases/cacao_photos/healthy/healthy_2476.png,A,no_usada,sana,2476
3214,dataset_complete/cacao_diseases/cacao_photos/healthy/healthy_2477.jpg,0,08542ea78f1e7a7a49984a47c4473280,e3553e7612c6e419,cache_256/dataset_complete/cacao_diseases/cacao_photos/healthy/healthy_2477.png,A,no_usada,sana,2477
3215,dataset_complete/cacao_diseases/cacao_photos/healthy/healthy_2478.jpg,0,e0a3e33a7806b2cae4849d17523d42e3,868ca670f8f33c8e,cache_256/dataset_complete/cacao_diseases/cacao_photos/healthy/healthy_2478.png,A,no_usada,sana,2478
3216,dataset_complete/cacao_diseases/cacao_photos/healthy/healthy_2479.jpg,0,35f82d01d0446889c9e9b018cd1bfb1c,dae46c3312cbcdc4,cache_256/dataset_complete/cacao_diseases/cacao_photos/healthy/healthy_2479.png,A,no_usada,sana,2479
3217,dataset_complete/cacao_diseases/cacao_photos/healthy/healthy_2480.jpg,0,b3c31081e7890ba048bfad2f63d8f6da,c6cccdf68327e094,cache_256/dataset_complete/cacao_diseases/cacao_photos/healthy/healthy_2480.png,A,no_usada,sana,2480
3218,dataset_complete/cacao_diseases/cacao_photos/healthy/healthy_2481.jpg,0,07a9edba9af5f6e0a85b1daf002ce166,81c586f6f98726c9,cache_256/dataset_complete/cacao_diseases/cacao_photos/healthy/healthy_2481.png,A,no_usada,sana,2481
3219,dataset_complete/cacao_diseases/cacao_photos/healthy/healthy_2482.jpg,0,cbf47a3f99d249e922deb0e85bc01a77,ce2c7121c15fdec2,cache_256/dataset_complete/cacao_diseases/cacao_photos/healthy/healthy_2482.png,A,no_usada,sana,2482
3220,dataset_complete/cacao_diseases/cacao_photos/healthy/healthy_2483.jpg,0,1d2b28f828e35ba04f84fe4fa0c61679,b24c0d70764b6b4f,cache_256/dataset_complete/cacao_diseases/cacao_photos/healthy/healthy_2483.png,A,no_usada,sana,2483
3221,dataset_complete/cacao_diseases/cacao_photos/healthy/healthy_2484.jpg,0,5e8eaaac284ae881e16321d8660f23b6,d97473c98c7e3019,cache_256/dataset_complete/cacao_diseases/cacao_photos/healthy/healthy_2484.png,A,no_usada,sana,2484
3222,dataset_complete/cacao_diseases/cacao_photos/healthy/healthy_2485.jpg,0,399da98f93d77ff6855f470bbfdcb717,cedaa96220a5b597,cache_256/dataset_complete/cacao_diseases/cacao_photos/healthy/healthy_2485.png,A,no_usada,sana,2485
3223,dataset_complete/cacao_diseases/cacao_photos/healthy/healthy_2486.jpg,0,0234a9ddb395f5dd049ccbe516a4cc80,e6189946d3d5549e,cache_256/dataset_complete/cacao_diseases/cacao_photos/healthy/healthy_2486.png,A,no_usada,sana,2486
3224,dataset_complete/cacao_diseases/cacao_photos/healthy/healthy_2487.jpg,0,857a3d9bb410017d16572451c90756e0,c9896333999a9ccd,cache_256/dataset_complete/cacao_diseases/cacao_photos/healthy/healthy_2487.png,A,no_usada,sana,2487
3225,dataset_complete/cacao_diseases/cacao_photos/healthy/healthy_2488.jpg,0,9d462f47f605a2669c6d00985e9bc87e,83fffc663206e282,cache_256/dataset_complete/cacao_diseases/cacao_photos/healthy/healthy_2488.png,A,no_usada,sana,2488
3226,dataset_complete/cacao_diseases/cacao_photos/healthy/healthy_2489.jpg,0,3f3af0d5190951105014ad0e581e9ef5,af6a58738031ed69,cache_256/dataset_complete/cacao_diseases/cacao_photos/healthy/healthy_2489.png,A,no_usada,sana,2489
3227,dataset_complete/cacao_diseases/cacao_photos/healthy/healthy_2490.jpg,0,1c89f1517576a9f2269202fc96e1a8bd,f1577e61492921f4,cache_256/dataset_complete/cacao_diseases/cacao_photos/healthy/healthy_2490.png,A,no_usada,sana,2490
3228,dataset_complete/cacao_diseases/cacao_photos/healthy/healthy_2491.jpg,0,11a6a00ad06552659b52ff680239e761,979e8581da6b6943,cache_256/dataset_complete/cacao_diseases/cacao_photos/healthy/healthy_2491.png,A,no_usada,sana,2491
3229,dataset_complete/cacao_diseases/cacao_photos/healthy/healthy_2492.jpg,0,4078f312971fc6b7bdd8fe3404edbd8c,911d5c30616337fe,cache_256/dataset_complete/cacao_diseases/cacao_photos/healthy/healthy_2492.png,A,no_usada,sana,2492
3230,dataset_complete/cacao_diseases/cacao_photos/healthy/healthy_2493.jpg,0,19dfa31cc4b975452e8309d1781109cf,a7a5180c3d357be1,cache_256/dataset_complete/cacao_diseases/cacao_photos/healthy/healthy_2493.png,A,no_usada,sana,2493
3231,dataset_complete/cacao_diseases/cacao_photos/healthy/healthy_2494.jpg,0,9efe19f8b3d051f1047843a3653c03ac,a59212f1bd271f43,cache_256/dataset_complete/cacao_diseases/cacao_photos/healthy/healthy_2494.png,A,no_usada,sana,2494
3232,dataset_complete/cacao_diseases/cacao_photos/healthy/healthy_2520.jpg,0,b77ec1b7f155a250f416fd29ea9ee1a8,be1cc87c3c7061b3,cache_256/dataset_complete/cacao_diseases/cacao_photos/healthy/healthy_2520.png,A,no_usada,sana,2520
3233,dataset_complete/cacao_diseases/cacao_photos/healthy/healthy_2521.jpg,0,aa0420e63b95323adbbc1a981770900b,e4cc9e78c8350f6a,cache_256/dataset_complete/cacao_diseases/cacao_photos/healthy/healthy_2521.png,A,no_usada,sana,2521
3234,dataset_complete/cacao_diseases/cacao_photos/healthy/healthy_2522.jpg,0,9ce1ecce7412679b4650a262211273c8,ae16c3a18bc35c1f,cache_256/dataset_complete/cacao_diseases/cacao_photos/healthy/healthy_2522.png,A,no_usada,sana,2522
3235,dataset_complete/cacao_diseases/cacao_photos/healthy/healthy_2523.jpg,0,9df5078e20c1c6f714903479e6321561,b605cc665f266a6a,cache_256/dataset_complete/cacao_diseases/cacao_photos/healthy/healthy_2523.png,A,no_usada,sana,2523
3236,dataset_complete/cacao_diseases/cacao_photos/healthy/healthy_2524.jpg,0,d2b4e28869193f17c9af5bd546ea1356,e61b5b5c688f08f4,cache_256/dataset_complete/cacao_diseases/cacao_photos/healthy/healthy_2524.png,A,no_usada,sana,2524
3237,dataset_complete/cacao_diseases/cacao_photos/healthy/healthy_2525.jpg,0,e283e0369401b0a88de2b51b8367dede,db07dca6c1910d7c,cache_256/dataset_complete/cacao_diseases/cacao_photos/healthy/healthy_2525.png,A,no_usada,sana,2525
3238,dataset_complete/cacao_diseases/cacao_photos/healthy/healthy_2526.jpg,0,8b48a189c2d6f415064659841d04565e,c6cdd9c00862decf,cache_256/dataset_complete/cacao_diseases/cacao_photos/healthy/healthy_2526.png,A,no_usada,sana,2526
3239,dataset_complete/cacao_diseases/cacao_photos/healthy/healthy_2527.jpg,0,4531c237dc0db79bb806cdd067601b92,cacd92233be60f91,cache_256/dataset_complete/cacao_diseases/cacao_photos/healthy/healthy_2527.png,A,no_usada,sana,2527
3240,dataset_complete/cacao_diseases/cacao_photos/healthy/healthy_2528.jpg,0,b3e87a6748bf10cac620fe2485c764c5,ca9b99e7e03e0989,cache_256/dataset_complete/cacao_diseases/cacao_photos/healthy/healthy_2528.png,A,no_usada,sana,2528
3241,dataset_complete/cacao_diseases/cacao_photos/healthy/healthy_2529.jpg,0,4dbf968e9ace6c0e2a110128a03ca1e4,96bad63350307bb4,cache_256/dataset_complete/cacao_diseases/cacao_photos/healthy/healthy_2529.png,A,no_usada,sana,2529
3242,dataset_complete/cacao_diseases/cacao_photos/healthy/healthy_2530.jpg,0,3edcd199a65d58ae546d5a9f57a5efa3,8fa9e5200273763f,cache_256/dataset_complete/cacao_diseases/cacao_photos/healthy/healthy_2530.png,A,no_usada,sana,2530
3243,dataset_complete/cacao_diseases/cacao_photos/healthy/healthy_2531.jpg,0,f97f4da491b19acfd487bdd414b85951,b6b4d872ab29698c,cache_256/dataset_complete/cacao_diseases/cacao_photos/healthy/healthy_2531.png,A,no_usada,sana,2531
3244,dataset_complete/cacao_diseases/cacao_photos/healthy/healthy_2532.jpg,0,47d7861bf3dbebb9dd75a89f35fc093c,8d0e63b3314b59ad,cache_256/dataset_complete/cacao_diseases/cacao_photos/healthy/healthy_2532.png,A,no_usada,sana,2532
3245,dataset_complete/cacao_diseases/cacao_photos/healthy/healthy_2533.jpg,0,27dd665a4050d76c31a6a9380e0dcbef,e758b9f101a1e783,cache_256/dataset_complete/cacao_diseases/cacao_photos/healthy/healthy_2533.png,A,no_usada,sana,2533
3246,dataset_complete/cacao_diseases/cacao_photos/healthy/healthy_2534.jpg,0,7622c789ac1d7f1add98a25ebc5d8823,e494a36c446c6b7b,cache_256/dataset_complete/cacao_diseases/cacao_photos/healthy/healthy_2534.png,A,no_usada,sana,2534
3247,dataset_complete/cacao_diseases/cacao_photos/healthy/healthy_2535.jpg,0,1bebaca48689ef68d39ace6622cb0dbf,e7e5a425ac69a85a,cache_256/dataset_complete/cacao_diseases/cacao_photos/healthy/healthy_2535.png,A,no_usada,sana,2535
3248,dataset_complete/cacao_diseases/cacao_photos/healthy/healthy_2536.jpg,0,473bcb0edd773e2c4bca082b13826ed3,bd18155e2c363573,cache_256/dataset_complete/cacao_diseases/cacao_photos/healthy/healthy_2536.png,A,no_usada,sana,2536
3249,dataset_complete/cacao_diseases/cacao_photos/healthy/healthy_2537.jpg,0,d48723770009bd801a5b9c9fd3db7490,a70dcb2269367936,cache_256/dataset_complete/cacao_diseases/cacao_photos/healthy/healthy_2537.png,A,no_usada,sana,2537
3250,dataset_complete/cacao_diseases/cacao_photos/healthy/healthy_2538.jpg,0,fbd3df5fe509a43d95581cb14fa13494,9d9d74f383a90989,cache_256/dataset_complete/cacao_diseases/cacao_photos/healthy/healthy_2538.png,A,no_usada,sana,2538
3251,dataset_complete/cacao_diseases/cacao_photos/healthy/healthy_2539.jpg,0,1978ab4d54b7920b0c1451d71f63e605,f2998d0188755d3f,cache_256/dataset_complete/cacao_diseases/cacao_photos/healthy/healthy_2539.png,A,no_usada,sana,2539
3252,dataset_complete/cacao_diseases/cacao_photos/healthy/healthy_2540.jpg,0,130b13ec3c79ebeec2e7a3ee7df56601,965adb2ddc045c56,cache_256/dataset_complete/cacao_diseases/cacao_photos/healthy/healthy_2540.png,A,no_usada,sana,2540
3253,dataset_complete/cacao_diseases/cacao_photos/healthy/healthy_2541.jpg,0,2554bf462bd82b6b3127a62d294dda71,b71cdec38ea0c8c5,cache_256/dataset_complete/cacao_diseases/cacao_photos/healthy/healthy_2541.png,A,no_usada,sana,2541
3254,dataset_complete/cacao_diseases/cacao_photos/healthy/healthy_2542.jpg,0,fa5b95f22d2e23cdc30ec4ce5df70913,9c99c92de4e4a572,cache_256/dataset_complete/cacao_diseases/cacao_photos/healthy/healthy_2542.png,A,no_usada,sana,2542
3255,dataset_complete/cacao_diseases/cacao_photos/healthy/healthy_2543.jpg,0,41c22e6d5835bd2831a45ee45f8243d4,a3e8d916183cad67,cache_256/dataset_complete/cacao_diseases/cacao_photos/healthy/healthy_2543.png,A,no_usada,sana,2543
3256,dataset_complete/cacao_diseases/cacao_photos/healthy/healthy_2544.jpg,0,b8edb5d6c3dffd35e8cd69a52add3ba2,92d8eab1131297af,cache_256/dataset_complete/cacao_diseases/cacao_photos/healthy/healthy_2544.png,A,no_usada,sana,2544
3257,dataset_complete/cacao_diseases/cacao_photos/healthy/healthy_2545.jpg,0,95eeeabcf376cce8484b13d55d33bb82,a27d7c23474f4c58,cache_256/dataset_complete/cacao_diseases/cacao_photos/healthy/healthy_2545.png,A,no_usada,sana,2545
3258,dataset_complete/cacao_diseases/cacao_photos/healthy/healthy_2546.jpg,0,9fbab441fe03372880d8a82d551d856c,cccf554a1023faf4,cache_256/dataset_complete/cacao_diseases/cacao_photos/healthy/healthy_2546.png,A,no_usada,sana,2546
3259,dataset_complete/cacao_diseases/cacao_photos/healthy/healthy_2547.jpg,0,d88422e79828417a93eb39ea36b2e9aa,f2d89cb825525ea3,cache_256/dataset_complete/cacao_diseases/cacao_photos/healthy/healthy_2547.png,A,no_usada,sana,2547
3260,dataset_complete/cacao_diseases/cacao_photos/healthy/healthy_2548.jpg,0,37f566469b7bf43201dd79d6f4c6c813,d39afd604513b523,cache_256/dataset_complete/cacao_diseases/cacao_photos/healthy/healthy_2548.png,A,no_usada,sana,2548
3261,dataset_complete/cacao_diseases/cacao_photos/healthy/healthy_2549.jpg,0,1abe42022cf821e0244bbd6120cf40a6,95a5f24303972d9e,cache_256/dataset_complete/cacao_diseases/cacao_photos/healthy/healthy_2549.png,A,no_usada,sana,2549
3262,dataset_complete/cacao_diseases/cacao_photos/healthy/healthy_2550.jpg,0,1f5b09a223a61481e54ff6ea25d8d9d5,d44b17326cbc06cf,cache_256/dataset_complete/cacao_diseases/cacao_photos/healthy/healthy_2550.png,A,no_usada,sana,2550
3263,dataset_complete/cacao_diseases/cacao_photos/healthy/healthy_2551.jpg,0,bcc861bf8ec0cc2e1f7dfe5dbb59d2ce,d9dc1ff175e2020c,cache_256/dataset_complete/cacao_diseases/cacao_photos/healthy/healthy_2551.png,A,no_usada,sana,2551
3264,dataset_complete/cacao_diseases/cacao_photos/healthy/healthy_2552.jpg,0,ed0e3ba5032a8099807680142b64e70e,e74269a7450fb31c,cache_256/dataset_complete/cacao_diseases/cacao_photos/healthy/healthy_2552.png,A,no_usada,sana,2552
3265,dataset_complete/cacao_diseases/cacao_photos/healthy/healthy_2553.jpg,0,a2650db8d7e8b16f74028d9e0fb1f54c,efc48ce0e3638e62,cache_256/dataset_complete/cacao_diseases/cacao_photos/healthy/healthy_2553.png,A,no_usada,sana,2553
3266,dataset_complete/cacao_diseases/cacao_photos/healthy/healthy_2554.jpg,0,7083861ca65d9216e8bdcdbf4ca01e94,9c1cb33337f10959,cache_256/dataset_complete/cacao_diseases/cacao_photos/healthy/healthy_2554.png,A,no_usada,sana,2554
3267,dataset_complete/cacao_diseases/cacao_photos/healthy/healthy_2555.jpg,0,f6c958579a76a5c1574a9cfdf0644f0a,cef19b27e7c480c1,cache_256/dataset_complete/cacao_diseases/cacao_photos/healthy/healthy_2555.png,A,no_usada,sana,2555
3268,dataset_complete/cacao_diseases/cacao_photos/healthy/healthy_2652.jpg,0,b3a15f4678b94d3b2858d3b4b9c6cc1a,c61ea9e638f4258b,cache_256/dataset_complete/cacao_diseases/cacao_photos/healthy/healthy_2652.png,A,no_usada,sana,2652
3269,dataset_complete/cacao_diseases/cacao_photos/healthy/healthy_2653.jpg,0,8a1259fe3fe0ac00eba418f766c352ca,8e1e1823b3a77674,cache_256/dataset_complete/cacao_diseases/cacao_photos/healthy/healthy_2653.png,A,no_usada,sana,2653
3270,dataset_complete/cacao_diseases/cacao_photos/healthy/healthy_2654.jpg,0,7d026519345997515b301ddbcfa669bd,b1944af685b78b68,cache_256/dataset_complete/cacao_diseases/cacao_photos/healthy/healthy_2654.png,A,no_usada,sana,2654
3271,dataset_complete/cacao_diseases/cacao_photos/healthy/healthy_2655.jpg,0,7ec181a4b1fabec0835da309bc35ceac,8da86c32f22af365,cache_256/dataset_complete/cacao_diseases/cacao_photos/healthy/healthy_2655.png,A,no_usada,sana,2655
3272,dataset_complete/cacao_diseases/cacao_photos/healthy/healthy_2656.jpg,0,940f80d4a88e8683681b1d936771fa3f,8e28d637e31fd4c0,cache_256/dataset_complete/cacao_diseases/cacao_photos/healthy/healthy_2656.png,A,no_usada,sana,2656
3273,dataset_complete/cacao_diseases/cacao_photos/healthy/healthy_2657.jpg,0,34387bbeff225868460c8f15d6db1d47,d8082725f716f90f,cache_256/dataset_complete/cacao_diseases/cacao_photos/healthy/healthy_2657.png,A,no_usada,sana,2657
3274,dataset_complete/cacao_diseases/cacao_photos/healthy/healthy_2658.jpg,0,120cd7cd521da6c6fd244cbaeb6bab63,c14b3cf217a4f887,cache_256/dataset_complete/cacao_diseases/cacao_photos/healthy/healthy_2658.png,A,no_usada,sana,2658
3275,dataset_complete/cacao_diseases/cacao_photos/healthy/healthy_2659.jpg,0,1a593690089c2625861af33b866ffce3,9e5b8cb74b925198,cache_256/dataset_complete/cacao_diseases/cacao_photos/healthy/healthy_2659.png,A,no_usada,sana,2659
3276,dataset_complete/cacao_diseases/cacao_photos/healthy/healthy_2660.jpg,0,d747a030382b6ac553766fca649c351b,da6801e371162dfe,cache_256/dataset_complete/cacao_diseases/cacao_photos/healthy/healthy_2660.png,A,no_usada,sana,2660
3277,dataset_complete/cacao_diseases/cacao_photos/healthy/healthy_2661.jpg,0,fac7be9d876170f865f67cb84df64f08,b9b87066d27a9619,cache_256/dataset_complete/cacao_diseases/cacao_photos/healthy/healthy_2661.png,A,no_usada,sana,2661
3278,dataset_complete/cacao_diseases/cacao_photos/healthy/healthy_2662.jpg,0,37d49d9c72e425ae528d35d595435097,ef520eb1710e0add,cache_256/dataset_complete/cacao_diseases/cacao_photos/healthy/healthy_2662.png,A,no_usada,sana,2662
3279,dataset_complete/cacao_diseases/cacao_photos/healthy/healthy_2663.jpg,0,ca31f79a110a9786ef9e1690a600ba2e,fe1aa1e5706428ee,cache_256/dataset_complete/cacao_diseases/cacao_photos/healthy/healthy_2663.png,A,no_usada,sana,2663
3280,dataset_complete/cacao_diseases/cacao_photos/healthy/healthy_2664.jpg,0,cf08375d71a29179058f4767b9f969cf,c8d9ad73ba72e042,cache_256/dataset_complete/cacao_diseases/cacao_photos/healthy/healthy_2664.png,A,no_usada,sana,2664
3281,dataset_complete/cacao_diseases/cacao_photos/healthy/healthy_2665.jpg,0,6342238a8f61f94d78ef5020c897121d,919bd0b4d6415cfc,cache_256/dataset_complete/cacao_diseases/cacao_photos/healthy/healthy_2665.png,A,no_usada,sana,2665
3282,dataset_complete/cacao_diseases/cacao_photos/healthy/healthy_2666.jpg,0,6788366cc297505eba1aec423f49ac84,ad720b23d9fc7184,cache_256/dataset_complete/cacao_diseases/cacao_photos/healthy/healthy_2666.png,A,no_usada,sana,2666
3283,dataset_complete/cacao_diseases/cacao_photos/healthy/healthy_2667.jpg,0,9491fad93feda532df36e7388840a45a,f25e9f20a263f660,cache_256/dataset_complete/cacao_diseases/cacao_photos/healthy/healthy_2667.png,A,no_usada,sana,2667
3284,dataset_complete/cacao_diseases/cacao_photos/healthy/healthy_2668.jpg,0,98b52320a41cad10749806e375abb98e,b7bef8e008776241,cache_256/dataset_complete/cacao_diseases/cacao_photos/healthy/healthy_2668.png,A,no_usada,sana,2668
3285,dataset_complete/cacao_diseases/cacao_photos/healthy/healthy_2669.jpg,0,d4e37964c442b6ab356ea27143e35d48,fcf8f0f0a30742a5,cache_256/dataset_complete/cacao_diseases/cacao_photos/healthy/healthy_2669.png,A,no_usada,sana,2669
3286,dataset_complete/cacao_diseases/cacao_photos/healthy/healthy_2670.jpg,0,ac4ca2ad8dc4f77e82f6b53c88fbcb30,ecece4019ff0d838,cache_256/dataset_complete/cacao_diseases/cacao_photos/healthy/healthy_2670.png,A,no_usada,sana,2670
3287,dataset_complete/cacao_diseases/cacao_photos/healthy/healthy_2671.jpg,0,0d1b2166e8b6def6893c61aa46d56bd8,a8bd1561457e6669,cache_256/dataset_complete/cacao_diseases/cacao_photos/healthy/healthy_2671.png,A,no_usada,sana,2671
3288,dataset_complete/cacao_diseases/cacao_photos/healthy/healthy_2672.jpg,0,74acc2cb049e7fefcf699cd0fbf20db7,a2cd693674a1b58b,cache_256/dataset_complete/cacao_diseases/cacao_photos/healthy/healthy_2672.png,A,no_usada,sana,2672
3289,dataset_complete/cacao_diseases/cacao_photos/healthy/healthy_2673.jpg,0,2a859684cff8586f1018cc90c7edf7bf,c1e13f63652f28aa,cache_256/dataset_complete/cacao_diseases/cacao_photos/healthy/healthy_2673.png,A,no_usada,sana,2673
3290,dataset_complete/cacao_diseases/cacao_photos/healthy/healthy_2674.jpg,0,e715eb2c2bdc73b56255adf3acefb716,c64a0d91f03f2f36,cache_256/dataset_complete/cacao_diseases/cacao_photos/healthy/healthy_2674.png,A,no_usada,sana,2674
3291,dataset_complete/cacao_diseases/cacao_photos/healthy/healthy_2675.jpg,0,94db982cd3ed30632fe411b5018eb488,b2ebd9071e3a642a,cache_256/dataset_complete/cacao_diseases/cacao_photos/healthy/healthy_2675.png,A,no_usada,sana,2675
3292,dataset_complete/cacao_diseases/cacao_photos/healthy/healthy_2676.jpg,0,44c0f863bf84bf7f5af5cb33b1a4d41c,d7f289c2add34268,cache_256/dataset_complete/cacao_diseases/cacao_photos/healthy/healthy_2676.png,A,no_usada,sana,2676
3293,dataset_complete/cacao_diseases/cacao_photos/healthy/healthy_2677.jpg,0,8f33eb67a3fbaaf13afeaf60dcb4659d,ce77c9b2075a3298,cache_256/dataset_complete/cacao_diseases/cacao_photos/healthy/healthy_2677.png,A,no_usada,sana,2677
3294,dataset_complete/cacao_diseases/cacao_photos/healthy/healthy_2678.jpg,0,a5d29928fc06014bc8169c07a22eeada,a61e0c2dfde709a1,cache_256/dataset_complete/cacao_diseases/cacao_photos/healthy/healthy_2678.png,A,no_usada,sana,2678
3295,dataset_complete/cacao_diseases/cacao_photos/healthy/healthy_2679.jpg,0,b4f59b15858fe73145286ab24c0b4abd,a78ccea20ead54e3,cache_256/dataset_complete/cacao_diseases/cacao_photos/healthy/healthy_2679.png,A,no_usada,sana,2679
3296,dataset_complete/cacao_diseases/cacao_photos/healthy/healthy_2680.jpg,0,a8a7bd252dd4486f73078d6ee4fb23d7,f7a88956aea464ca,cache_256/dataset_complete/cacao_diseases/cacao_photos/healthy/healthy_2680.png,A,no_usada,sana,2680
3297,dataset_complete/cacao_diseases/cacao_photos/healthy/healthy_2681.jpg,0,b491dbdf463e9277cae4c2845d7f406e,dc8e5f2341c95cc9,cache_256/dataset_complete/cacao_diseases/cacao_photos/healthy/healthy_2681.png,A,no_usada,sana,2681
3298,dataset_complete/cacao_diseases/cacao_photos/healthy/healthy_2682.jpg,0,410b44aa7b5659e02ddbcc4df85e7d66,ceccf1755b21a12c,cache_256/dataset_complete/cacao_diseases/cacao_photos/healthy/healthy_2682.png,A,no_usada,sana,2682
3299,dataset_complete/cacao_diseases/cacao_photos/healthy/healthy_2683.jpg,0,05a77d6cca2bab4d44983d43b5a2336e,8e48d973d1771654,cache_256/dataset_complete/cacao_diseases/cacao_photos/healthy/healthy_2683.png,A,no_usada,sana,2683
3300,dataset_complete/cacao_diseases/cacao_photos/healthy/healthy_2684.jpg,0,870cb71d31f5af363e6305ff982cd947,9cba4b62535ed454,cache_256/dataset_complete/cacao_diseases/cacao_photos/healthy/healthy_2684.png,A,no_usada,sana,2684
3301,dataset_complete/cacao_diseases/cacao_photos/healthy/healthy_2685.jpg,0,7cd8f713c83a60e0bdca342fbebf8c1e,f3314cedb69601f0,cache_256/dataset_complete/cacao_diseases/cacao_photos/healthy/healthy_2685.png,A,no_usada,sana,2685
3302,dataset_complete/cacao_diseases/cacao_photos/healthy/healthy_2686.jpg,0,8d90c22847064a204e4e71c3bb9c5b7a,d9e68c666832af32,cache_256/dataset_complete/cacao_diseases/cacao_photos/healthy/healthy_2686.png,A,no_usada,sana,2686
3303,dataset_complete/cacao_diseases/cacao_photos/healthy/healthy_2687.jpg,0,a9126220f389738ee67b778a1d3a73b0,8cc74c7a33b1517c,cache_256/dataset_complete/cacao_diseases/cacao_photos/healthy/healthy_2687.png,A,no_usada,sana,2687
3304,dataset_complete/cacao_diseases/cacao_photos/healthy/healthy_2688.jpg,0,4534989404e39f40d9007880b9a21fe4,a4acda30b9f1e1e4,cache_256/dataset_complete/cacao_diseases/cacao_photos/healthy/healthy_2688.png,A,no_usada,sana,2688
3305,dataset_complete/cacao_diseases/cacao_photos/healthy/healthy_2689.jpg,0,0d10dca887839207dd43a316739b6f18,de98187e302635f3,cache_256/dataset_complete/cacao_diseases/cacao_photos/healthy/healthy_2689.png,A,no_usada,sana,2689
3306,dataset_complete/cacao_diseases/cacao_photos/healthy/healthy_2690.jpg,0,d7a955cd57899542c9e8f3beb06cceec,d4a82862e3ef4b9a,cache_256/dataset_complete/cacao_diseases/cacao_photos/healthy/healthy_2690.png,A,no_usada,sana,2690
3307,dataset_complete/cacao_diseases/cacao_photos/healthy/healthy_2691.jpg,0,bb7e26c5381cc11b510b966cf1060909,a26e196fe78b0e09,cache_256/dataset_complete/cacao_diseases/cacao_photos/healthy/healthy_2691.png,A,no_usada,sana,2691
3308,dataset_complete/cacao_diseases/cacao_photos/healthy/healthy_2692.jpg,0,257b27eaaabc5c98993058f3a32b021f,89495e7376a143d3,cache_256/dataset_complete/cacao_diseases/cacao_photos/healthy/healthy_2692.png,A,no_usada,sana,2692
3309,dataset_complete/cacao_diseases/cacao_photos/healthy/healthy_2693.jpg,0,387d5267f9732f4171f224e5b4b438d1,cd8ee636627224e5,cache_256/dataset_complete/cacao_diseases/cacao_photos/healthy/healthy_2693.png,A,no_usada,sana,2693
3310,dataset_complete/cacao_diseases/cacao_photos/healthy/healthy_2694.jpg,0,6920d3a0e8127c0033fd13e8c3ce8caf,86099873b1e269fb,cache_256/dataset_complete/cacao_diseases/cacao_photos/healthy/healthy_2694.png,A,no_usada,sana,2694
3311,dataset_complete/cacao_diseases/cacao_photos/healthy/healthy_2695.jpg,0,3cd6c6b123ed6b1895a3d1483ac01d94,8c8d333333f3f007,cache_256/dataset_complete/cacao_diseases/cacao_photos/healthy/healthy_2695.png,A,no_usada,sana,2695
3312,dataset_complete/cacao_diseases/cacao_photos/healthy/healthy_2696.jpg,0,4afdd991882bf933d8644c22ff9a68fc,88ace5e62327e6cc,cache_256/dataset_complete/cacao_diseases/cacao_photos/healthy/healthy_2696.png,A,no_usada,sana,2696
3313,dataset_complete/cacao_diseases/cacao_photos/healthy/healthy_2697.jpg,0,c51700564a094a790f3e1897d601a77c,93b13974899c5747,cache_256/dataset_complete/cacao_diseases/cacao_photos/healthy/healthy_2697.png,A,no_usada,sana,2697
3314,dataset_complete/cacao_diseases/cacao_photos/healthy/healthy_2698.jpg,0,4b509a28ca7efc0e5492f8bf25f3ad07,ccd53162525e4db9,cache_256/dataset_complete/cacao_diseases/cacao_photos/healthy/healthy_2698.png,A,no_usada,sana,2698
3315,dataset_complete/cacao_diseases/cacao_photos/healthy/healthy_2699.jpg,0,b5d7be3cf22a55b328e4317df178ea10,a9f00e753da6948e,cache_256/dataset_complete/cacao_diseases/cacao_photos/healthy/healthy_2699.png,A,no_usada,sana,2699
3316,dataset_complete/cacao_diseases/cacao_photos/healthy/healthy_2700.jpg,0,be9c84eb76f5a28aea3bd8fc0029cb59,da78d164e9044ebe,cache_256/dataset_complete/cacao_diseases/cacao_photos/healthy/healthy_2700.png,A,no_usada,sana,2700
3317,dataset_complete/cacao_diseases/cacao_photos/healthy/healthy_2701.jpg,0,ddad7f8f1b7f747ed863ecf59a10baf8,cabcf9372e9e8048,cache_256/dataset_complete/cacao_diseases/cacao_photos/healthy/healthy_2701.png,A,no_usada,sana,2701
3318,dataset_complete/cacao_diseases/cacao_photos/healthy/healthy_2702.jpg,0,18325f0fd6b8278a792dbcdc912777ae,a41dd87e70e1072f,cache_256/dataset_complete/cacao_diseases/cacao_photos/healthy/healthy_2702.png,A,no_usada,sana,2702
3319,dataset_complete/cacao_diseases/cacao_photos/healthy/healthy_2703.jpg,0,1bd1838f3570d688e309ca2d9ec2b123,c4d9ee2f8d063532,cache_256/dataset_complete/cacao_diseases/cacao_photos/healthy/healthy_2703.png,A,no_usada,sana,2703
3320,dataset_complete/cacao_diseases/cacao_photos/healthy/healthy_2704.jpg,0,7c5c2154a205cff419b8c5683c24955f,9ec3526b0d68e96c,cache_256/dataset_complete/cacao_diseases/cacao_photos/healthy/healthy_2704.png,A,no_usada,sana,2704
3321,dataset_complete/cacao_diseases/cacao_photos/healthy/healthy_2705.jpg,0,cbc1da2bb25c526b4d81c19f5b911873,ca585c753d0b1af4,cache_256/dataset_complete/cacao_diseases/cacao_photos/healthy/healthy_2705.png,A,no_usada,sana,2705
3322,dataset_complete/cacao_diseases/cacao_photos/healthy/healthy_2706.jpg,0,a062f14e524e330dcffa76778d815e69,ce581934a3e2f734,cache_256/dataset_complete/cacao_diseases/cacao_photos/healthy/healthy_2706.png,A,no_usada,sana,2706
3323,dataset_complete/cacao_diseases/cacao_photos/healthy/healthy_2707.jpg,0,3f3a363ad4e2e91e7d173a624fb9813c,f7fb0c13a013b11b,cache_256/dataset_complete/cacao_diseases/cacao_photos/healthy/healthy_2707.png,A,no_usada,sana,2707
3324,dataset_complete/cacao_diseases/cacao_photos/healthy/healthy_2708.jpg,0,cff015c7fbe51d37fe4bc25e46f113ea,8de12f1a5a529d2e,cache_256/dataset_complete/cacao_diseases/cacao_photos/healthy/healthy_2708.png,A,no_usada,sana,2708
3325,dataset_complete/cacao_diseases/cacao_photos/healthy/healthy_2709.jpg,0,cbbe0e3c79e0f79f0a78e3583b9fb8fb,818979ac38bcfc5c,cache_256/dataset_complete/cacao_diseases/cacao_photos/healthy/healthy_2709.png,A,no_usada,sana,2709
3326,dataset_complete/cacao_diseases/cacao_photos/healthy/healthy_2710.jpg,0,d73bcf9e34a3f2bd8a135ea1e3d91043,83ffc816386c3678,cache_256/dataset_complete/cacao_diseases/cacao_photos/healthy/healthy_2710.png,A,no_usada,sana,2710
3327,dataset_complete/cacao_diseases/cacao_photos/healthy/healthy_2711.jpg,0,d9670ffb38350bfe4dbcaabc7baf7c06,8b9939e4c6a692ba,cache_256/dataset_complete/cacao_diseases/cacao_photos/healthy/healthy_2711.png,A,no_usada,sana,2711
3328,dataset_complete/cacao_diseases/cacao_photos/healthy/healthy_2712.jpg,0,b738278ca452916b8893ea8c002b0e8a,bdb01e5961440fde,cache_256/dataset_complete/cacao_diseases/cacao_photos/healthy/healthy_2712.png,A,no_usada,sana,2712
3329,dataset_complete/cacao_diseases/cacao_photos/healthy/healthy_2713.jpg,0,d1445d5416022e3683849c1219320f3c,8f197dd03083a3af,cache_256/dataset_complete/cacao_diseases/cacao_photos/healthy/healthy_2713.png,A,no_usada,sana,2713
3330,dataset_complete/cacao_diseases/cacao_photos/healthy/healthy_2714.jpg,0,8c9c21da26e376df8ca231ac07eda3a9,a698dd146c87d0bb,cache_256/dataset_complete/cacao_diseases/cacao_photos/healthy/healthy_2714.png,A,no_usada,sana,2714
3331,dataset_complete/cacao_diseases/cacao_photos/healthy/healthy_2715.jpg,0,0e2324dbd2efe598e33b2c0dfaa10481,a4ba580d5416ebf6,cache_256/dataset_complete/cacao_diseases/cacao_photos/healthy/healthy_2715.png,A,no_usada,sana,2715
3332,dataset_complete/cacao_diseases/cacao_photos/healthy/healthy_2716.jpg,0,8e5f24129783a494b0f10d2230e78b6d,de589932736b62e0,cache_256/dataset_complete/cacao_diseases/cacao_photos/healthy/healthy_2716.png,A,no_usada,sana,2716
3333,dataset_complete/cacao_diseases/cacao_photos/healthy/healthy_2717.jpg,0,f6b89251e56dfe533c1b2d745cf82f24,d61c1c63676666cc,cache_256/dataset_complete/cacao_diseases/cacao_photos/healthy/healthy_2717.png,A,no_usada,sana,2717
3334,dataset_complete/cacao_diseases/cacao_photos/healthy/healthy_2718.jpg,0,f61abd6ce0a1d2ebed8dcfd90fd5cd8d,d7999793434d464a,cache_256/dataset_complete/cacao_diseases/cacao_photos/healthy/healthy_2718.png,A,no_usada,sana,2718
3335,dataset_complete/cacao_diseases/cacao_photos/healthy/healthy_2719.jpg,0,a70a94d54fbb09d34a3ba3c3bcb9c6f2,f1c9b13257c8e4d4,cache_256/dataset_complete/cacao_diseases/cacao_photos/healthy/healthy_2719.png,A,no_usada,sana,2719
3336,dataset_complete/cacao_diseases/cacao_photos/healthy/healthy_2720.jpg,0,373e5c4dba95642c7a0f6d12e67998c0,f3a5adb11b0ca48e,cache_256/dataset_complete/cacao_diseases/cacao_photos/healthy/healthy_2720.png,A,no_usada,sana,2720
3337,dataset_complete/cacao_diseases/cacao_photos/healthy/healthy_2721.jpg,0,1fce5a67efcbdd57584d968c884f9566,d378e9a502e7b21a,cache_256/dataset_complete/cacao_diseases/cacao_photos/healthy/healthy_2721.png,A,no_usada,sana,2721
3338,dataset_complete/cacao_diseases/cacao_photos/healthy/healthy_2722.jpg,0,811be3baf23037ff82ecde2ca8bac24b,d1c3ce6eac6cb444,cache_256/dataset_complete/cacao_diseases/cacao_photos/healthy/healthy_2722.png,A,no_usada,sana,2722
3339,dataset_complete/cacao_diseases/cacao_photos/healthy/healthy_2723.jpg,0,958dec53f3037891a09147e74a3eb7c0,cee03832701b1fbd,cache_256/dataset_complete/cacao_diseases/cacao_photos/healthy/healthy_2723.png,A,no_usada,sana,2723
3340,dataset_complete/cacao_diseases/cacao_photos/healthy/healthy_2724.jpg,0,d7dad8225ef778ca5b50ee0e53294b27,fc260f35a039f417,cache_256/dataset_complete/cacao_diseases/cacao_photos/healthy/healthy_2724.png,A,no_usada,sana,2724
3341,dataset_complete/cacao_diseases/cacao_photos/healthy/healthy_2725.jpg,0,f37d6de43f8243f692fec26c69f4029e,99b2674574bcab09,cache_256/dataset_complete/cacao_diseases/cacao_photos/healthy/healthy_2725.png,A,no_usada,sana,2725
3342,dataset_complete/cacao_diseases/cacao_photos/healthy/healthy_2726.jpg,0,743eb5a79c111f7fae0ce51d870d3fbf,d9d6057693909a8f,cache_256/dataset_complete/cacao_diseases/cacao_photos/healthy/healthy_2726.png,A,no_usada,sana,2726
3343,dataset_complete/cacao_diseases/cacao_photos/healthy/healthy_2727.jpg,0,bb7eee5413023d04d66f22c93866561f,cbce74217152bb92,cache_256/dataset_complete/cacao_diseases/cacao_photos/healthy/healthy_2727.png,A,no_usada,sana,2727
3344,dataset_complete/cacao_diseases/cacao_photos/healthy/healthy_2728.jpg,0,c5ef82edb9371cc5697391ced41402a8,dec71d0868617679,cache_256/dataset_complete/cacao_diseases/cacao_photos/healthy/healthy_2728.png,A,no_usada,sana,2728
3345,dataset_complete/cacao_diseases/cacao_photos/healthy/healthy_2729.jpg,0,7757d38f1d48cfb3e6e8af6220e122e7,cd89f90009e3277f,cache_256/dataset_complete/cacao_diseases/cacao_photos/healthy/healthy_2729.png,A,no_usada,sana,2729
3346,dataset_complete/cacao_diseases/cacao_photos/healthy/healthy_2730.jpg,0,71ddf0f37a939963b54930a70a6e843a,e309d9570df878b0,cache_256/dataset_complete/cacao_diseases/cacao_photos/healthy/healthy_2730.png,A,no_usada,sana,2730
3347,dataset_complete/cacao_diseases/cacao_photos/healthy/healthy_2731.jpg,0,fed9065a133a627084708e547f012e4e,d6d99957756203a2,cache_256/dataset_complete/cacao_diseases/cacao_photos/healthy/healthy_2731.png,A,no_usada,sana,2731
3348,dataset_complete/cacao_diseases/cacao_photos/healthy/healthy_2732.jpg,0,5546bd7661dd3bb910f0073639debe2e,873e9870599af2b4,cache_256/dataset_complete/cacao_diseases/cacao_photos/healthy/healthy_2732.png,A,no_usada,sana,2732
3349,dataset_complete/cacao_diseases/cacao_photos/healthy/healthy_2733.jpg,0,047a43b4dfa06d019bcb5a15349f0747,b1bc8562ee1f9d80,cache_256/dataset_complete/cacao_diseases/cacao_photos/healthy/healthy_2733.png,A,no_usada,sana,2733
3350,dataset_complete/cacao_diseases/cacao_photos/healthy/healthy_2734.jpg,0,be02514be331077be8ca6a3e00e6ffad,b23f8d7d40e03f24,cache_256/dataset_complete/cacao_diseases/cacao_photos/healthy/healthy_2734.png,A,no_usada,sana,2734
3351,dataset_complete/cacao_diseases/cacao_photos/healthy/healthy_2735.jpg,0,7038c2f76f92d34bb2dcffa4cdfa8d6b,d837082ff34c4e0f,cache_256/dataset_complete/cacao_diseases/cacao_photos/healthy/healthy_2735.png,A,no_usada,sana,2735
3352,dataset_complete/cacao_diseases/cacao_photos/healthy/healthy_2736.jpg,0,1de95822de88fe2728cbf4a24d488015,a67948135f277ea0,cache_256/dataset_complete/cacao_diseases/cacao_photos/healthy/healthy_2736.png,A,no_usada,sana,2736
3353,dataset_complete/cacao_diseases/cacao_photos/healthy/healthy_2737.jpg,0,14eb7dd3d28a8f83d5cc964082462d4c,926a292dd4eb167c,cache_256/dataset_complete/cacao_diseases/cacao_photos/healthy/healthy_2737.png,A,no_usada,sana,2737
3354,dataset_complete/cacao_diseases/cacao_photos/healthy/healthy_2738.jpg,0,4f50dd41f3afe767d30f031c603a7493,933dad245453b556,cache_256/dataset_complete/cacao_diseases/cacao_photos/healthy/healthy_2738.png,A,no_usada,sana,2738
3355,dataset_complete/cacao_diseases/cacao_photos/healthy/healthy_2739.jpg,0,2c942427883cef9ff4a2f71c39561958,97509fb2dc4b4ac8,cache_256/dataset_complete/cacao_diseases/cacao_photos/healthy/healthy_2739.png,A,no_usada,sana,2739
3356,dataset_complete/cacao_diseases/cacao_photos/healthy/healthy_2740.jpg,0,15a6c66eeefee4ce739b9f156ae9657e,84854c2a3f7b3a76,cache_256/dataset_complete/cacao_diseases/cacao_photos/healthy/healthy_2740.png,A,no_usada,sana,2740
3357,dataset_complete/cacao_diseases/cacao_photos/healthy/healthy_2741.jpg,0,db1cf146969633064ecf275828aac14f,c9e345bbf0575301,cache_256/dataset_complete/cacao_diseases/cacao_photos/healthy/healthy_2741.png,A,no_usada,sana,2741
3358,dataset_complete/cacao_diseases/cacao_photos/healthy/healthy_2742.jpg,0,c8837edfc09d0ed24a385f0380eb7b67,c3d31a9ff1690705,cache_256/dataset_complete/cacao_diseases/cacao_photos/healthy/healthy_2742.png,A,no_usada,sana,2742
3359,dataset_complete/cacao_diseases/cacao_photos/healthy/healthy_2743.jpg,0,b1cb9c3e614843e5465cc24d6acfcb34,e750cb2d9df008b6,cache_256/dataset_complete/cacao_diseases/cacao_photos/healthy/healthy_2743.png,A,no_usada,sana,2743
3360,dataset_complete/cacao_diseases/cacao_photos/healthy/healthy_2744.jpg,0,61512d46e803606f624bfa245af88c09,b7c7db6441681d2a,cache_256/dataset_complete/cacao_diseases/cacao_photos/healthy/healthy_2744.png,A,no_usada,sana,2744
3361,dataset_complete/cacao_diseases/cacao_photos/healthy/healthy_2745.jpg,0,741c0f3e5d4c9f72c80f2e9709b2fb55,834f6c327a3b91c9,cache_256/dataset_complete/cacao_diseases/cacao_photos/healthy/healthy_2745.png,A,no_usada,sana,2745
3362,dataset_complete/cacao_diseases/cacao_photos/healthy/healthy_2746.jpg,0,e5ab963536d784e92707b1780620329a,868f96abe5819297,cache_256/dataset_complete/cacao_diseases/cacao_photos/healthy/healthy_2746.png,A,no_usada,sana,2746
3363,dataset_complete/cacao_diseases/cacao_photos/healthy/healthy_2747.jpg,0,e7e8ca085e85d8af94113bd9f945dfa9,9a59cd2576a67642,cache_256/dataset_complete/cacao_diseases/cacao_photos/healthy/healthy_2747.png,A,no_usada,sana,2747
3364,dataset_complete/cacao_diseases/cacao_photos/healthy/healthy_2819.jpg,0,5ac298817cbc9a0d51bf2dafaa94a830,e51f48a706875e87,cache_256/dataset_complete/cacao_diseases/cacao_photos/healthy/healthy_2819.png,A,no_usada,sana,2819
3365,dataset_complete/cacao_diseases/cacao_photos/healthy/healthy_2820.jpg,0,5db02d7fd973b8a50de19e521f1f854b,d9930cf7c099d9c1,cache_256/dataset_complete/cacao_diseases/cacao_photos/healthy/healthy_2820.png,A,no_usada,sana,2820
3366,dataset_complete/cacao_diseases/cacao_photos/healthy/healthy_2821.jpg,0,9ffe6a2502f10c77cddeffbc00f396a8,dd084e065ef169d3,cache_256/dataset_complete/cacao_diseases/cacao_photos/healthy/healthy_2821.png,A,no_usada,sana,2821
3367,dataset_complete/cacao_diseases/cacao_photos/healthy/healthy_2822.jpg,0,14592e44d1b96f8c9c744ce554974f06,e20e617237d9cacc,cache_256/dataset_complete/cacao_diseases/cacao_photos/healthy/healthy_2822.png,A,no_usada,sana,2822
3368,dataset_complete/cacao_diseases/cacao_photos/healthy/healthy_2823.jpg,0,b3b78299b6d0acbb09a202ada81de946,876a0db548e3e6a6,cache_256/dataset_complete/cacao_diseases/cacao_photos/healthy/healthy_2823.png,A,no_usada,sana,2823
3369,dataset_complete/cacao_diseases/cacao_photos/healthy/healthy_2824.jpg,0,0f10548efd9fcff44dfb173e3d93bf3a,d3e0cc1d1e205bb7,cache_256/dataset_complete/cacao_diseases/cacao_photos/healthy/healthy_2824.png,A,no_usada,sana,2824
3370,dataset_complete/cacao_diseases/cacao_photos/healthy/healthy_2825.jpg,0,da7d127983171ec9220069f7091b7a6e,c6e8813f3167f341,cache_256/dataset_complete/cacao_diseases/cacao_photos/healthy/healthy_2825.png,A,no_usada,sana,2825
3371,dataset_complete/cacao_diseases/cacao_photos/healthy/healthy_2826.jpg,0,db22dd2e095ce725421c83690fb10ab0,e21ddc6031e073e7,cache_256/dataset_complete/cacao_diseases/cacao_photos/healthy/healthy_2826.png,A,no_usada,sana,2826
3372,dataset_complete/cacao_diseases/cacao_photos/healthy/healthy_2827.jpg,0,82727f5fcedf30104d9c903e2d844581,b8ed1f70fc02f205,cache_256/dataset_complete/cacao_diseases/cacao_photos/healthy/healthy_2827.png,A,no_usada,sana,2827
3373,dataset_complete/cacao_diseases/cacao_photos/healthy/healthy_2828.jpg,0,c8a111e7ae46ac1304c1538b34574be1,9f35d932792e6608,cache_256/dataset_complete/cacao_diseases/cacao_photos/healthy/healthy_2828.png,A,no_usada,sana,2828
3374,dataset_complete/cacao_diseases/cacao_photos/healthy/healthy_2829.jpg,0,1dbe610de68d339c47b8addcfa3c26dc,f76059e3f7692280,cache_256/dataset_complete/cacao_diseases/cacao_photos/healthy/healthy_2829.png,A,no_usada,sana,2829
3375,dataset_complete/cacao_diseases/cacao_photos/healthy/healthy_2830.jpg,0,4e673642fb4b9f7f899c39d00f032b8c,c6f0a133e77d6190,cache_256/dataset_complete/cacao_diseases/cacao_photos/healthy/healthy_2830.png,A,no_usada,sana,2830
3376,dataset_complete/cacao_diseases/cacao_photos/healthy/healthy_2831.jpg,0,3dd75e997d85045df22300e3d563c491,d865b03e879ca51d,cache_256/dataset_complete/cacao_diseases/cacao_photos/healthy/healthy_2831.png,A,no_usada,sana,2831
3377,dataset_complete/cacao_diseases/cacao_photos/healthy/healthy_2832.jpg,0,1285bc5408c3e6f8f4570656682daaf6,97e5cc320b034bed,cache_256/dataset_complete/cacao_diseases/cacao_photos/healthy/healthy_2832.png,A,no_usada,sana,2832
3378,dataset_complete/cacao_diseases/cacao_photos/healthy/healthy_2833.jpg,0,2a814ba1de1b36ff217dca70c7742f80,cce47262f3b1e0c9,cache_256/dataset_complete/cacao_diseases/cacao_photos/healthy/healthy_2833.png,A,no_usada,sana,2833
3379,dataset_complete/cacao_diseases/cacao_photos/healthy/healthy_2834.jpg,0,3e292f9b9167b02658e2b6df3a08684c,ccce19634176f0f2,cache_256/dataset_complete/cacao_diseases/cacao_photos/healthy/healthy_2834.png,A,no_usada,sana,2834
3380,dataset_complete/cacao_diseases/cacao_photos/healthy/healthy_2835.jpg,0,d840d63e96f582563ed2b5641f9b52f2,e2eeed7851699086,cache_256/dataset_complete/cacao_diseases/cacao_photos/healthy/healthy_2835.png,A,no_usada,sana,2835
3381,dataset_complete/cacao_diseases/cacao_photos/healthy/healthy_2836.jpg,0,5d5f4cdf60209d81ca3bb8bd1fdddb6f,86a6e034e1f7625b,cache_256/dataset_complete/cacao_diseases/cacao_photos/healthy/healthy_2836.png,A,no_usada,sana,2836
3382,dataset_complete/cacao_diseases/cacao_photos/healthy/healthy_2837.jpg,0,1217575f946fb45a3163405d3848c6d5,f34f4f602c23b417,cache_256/dataset_complete/cacao_diseases/cacao_photos/healthy/healthy_2837.png,A,no_usada,sana,2837
3383,dataset_complete/cacao_diseases/cacao_photos/healthy/healthy_2838.jpg,0,1ce4b743cdafd724e59c0d99fe6582dd,c12c3d261ef3e0e3,cache_256/dataset_complete/cacao_diseases/cacao_photos/healthy/healthy_2838.png,A,no_usada,sana,2838
3384,dataset_complete/cacao_diseases/cacao_photos/healthy/healthy_2839.jpg,0,644757f37bc61bfc7ef50c7bb94a984b,8b4cd9a3b395a2e1,cache_256/dataset_complete/cacao_diseases/cacao_photos/healthy/healthy_2839.png,A,no_usada,sana,2839
3385,dataset_complete/cacao_diseases/cacao_photos/healthy/healthy_2840.jpg,0,d4197aaf26e059ee7b839270c12ef1e1,e2f89c9812bba61e,cache_256/dataset_complete/cacao_diseases/cacao_photos/healthy/healthy_2840.png,A,no_usada,sana,2840
3386,dataset_complete/cacao_diseases/cacao_photos/healthy/healthy_2841.jpg,0,c197011a52d0479c35dcd56415187a57,f45c1e12eb634857,cache_256/dataset_complete/cacao_diseases/cacao_photos/healthy/healthy_2841.png,A,no_usada,sana,2841
3387,dataset_complete/cacao_diseases/cacao_photos/healthy/healthy_2842.jpg,0,262a1bec6f8e981b64b31e8a8bcca528,8fb86cd450d73487,cache_256/dataset_complete/cacao_diseases/cacao_photos/healthy/healthy_2842.png,A,no_usada,sana,2842
3388,dataset_complete/cacao_diseases/cacao_photos/healthy/healthy_2843.jpg,0,f37217f2d8e421ce06e501f57b208a65,9cb461606371f375,cache_256/dataset_complete/cacao_diseases/cacao_photos/healthy/healthy_2843.png,A,no_usada,sana,2843
3389,dataset_complete/cacao_diseases/cacao_photos/healthy/healthy_2844.jpg,0,2a36a90e0120611b36539c0e6ba5da81,eec84b37c3431a1e,cache_256/dataset_complete/cacao_diseases/cacao_photos/healthy/healthy_2844.png,A,no_usada,sana,2844
3390,dataset_complete/cacao_diseases/cacao_photos/healthy/healthy_2845.jpg,0,c2bc396793197070daf4e5cc618e8571,d6c3cbe1a1271d0e,cache_256/dataset_complete/cacao_diseases/cacao_photos/healthy/healthy_2845.png,A,no_usada,sana,2845
3391,dataset_complete/cacao_diseases/cacao_photos/healthy/healthy_2846.jpg,0,c8e4e1fcbf46a694a26f219e7e78ba0c,9e7938f0422f4daa,cache_256/dataset_complete/cacao_diseases/cacao_photos/healthy/healthy_2846.png,A,no_usada,sana,2846
3392,dataset_complete/cacao_diseases/cacao_photos/healthy/healthy_2847.jpg,0,5ac5576c0ee9775d0733d9dbaec66477,8f86795f23726461,cache_256/dataset_complete/cacao_diseases/cacao_photos/healthy/healthy_2847.png,A,no_usada,sana,2847
3393,dataset_complete/cacao_diseases/cacao_photos/healthy/healthy_2848.jpg,0,ac98241b9abfb7a1c54e958bef0f4031,f4fc3ca2a0e0876e,cache_256/dataset_complete/cacao_diseases/cacao_photos/healthy/healthy_2848.png,A,no_usada,sana,2848
3394,dataset_complete/cacao_diseases/cacao_photos/healthy/healthy_2849.jpg,0,bb18d0ce150a3be8208bfed1bee32955,830cdc739e968b93,cache_256/dataset_complete/cacao_diseases/cacao_photos/healthy/healthy_2849.png,A,no_usada,sana,2849
3395,dataset_complete/cacao_diseases/cacao_photos/healthy/healthy_2850.jpg,0,3b63c8f55236c025236c1cd0832a25f0,beb39ef7a9602a00,cache_256/dataset_complete/cacao_diseases/cacao_photos/healthy/healthy_2850.png,A,no_usada,sana,2850
3396,dataset_complete/cacao_diseases/cacao_photos/healthy/healthy_2851.jpg,0,7904096e2a224276eb4634a6ec915833,9399e462137ba956,cache_256/dataset_complete/cacao_diseases/cacao_photos/healthy/healthy_2851.png,A,no_usada,sana,2851
3397,dataset_complete/cacao_diseases/cacao_photos/healthy/healthy_2852.jpg,0,67cc76ccda90d76c159f0ebc7ead1f98,b61b8d665a2889f6,cache_256/dataset_complete/cacao_diseases/cacao_photos/healthy/healthy_2852.png,A,no_usada,sana,2852
3398,dataset_complete/cacao_diseases/cacao_photos/healthy/healthy_2853.jpg,0,1b9fcda1292d292e5fdaa00838420d44,95b809f1e8abd64c,cache_256/dataset_complete/cacao_diseases/cacao_photos/healthy/healthy_2853.png,A,no_usada,sana,2853
3399,dataset_complete/cacao_diseases/cacao_photos/healthy/healthy_2854.jpg,0,5c184ac87cc8d9438663ce4ddbe2b358,d603a1d5a4383f9e,cache_256/dataset_complete/cacao_diseases/cacao_photos/healthy/healthy_2854.png,A,no_usada,sana,2854
3400,dataset_complete/cacao_diseases/cacao_photos/healthy/healthy_2855.jpg,0,bf0259fff249e6461179161873605296,f272593f3c3806b4,cache_256/dataset_complete/cacao_diseases/cacao_photos/healthy/healthy_2855.png,A,no_usada,sana,2855
3401,dataset_complete/cacao_diseases/cacao_photos/healthy/healthy_2856.jpg,0,0bf8173a5794d7f27736f8255c9b7562,e2398a63ace2e372,cache_256/dataset_complete/cacao_diseases/cacao_photos/healthy/healthy_2856.png,A,no_usada,sana,2856
3402,dataset_complete/cacao_diseases/cacao_photos/healthy/healthy_2857.jpg,0,5529a4f13d8458a32321a9fddd731029,cc639864e9780f1f,cache_256/dataset_complete/cacao_diseases/cacao_photos/healthy/healthy_2857.png,A,no_usada,sana,2857
3403,dataset_complete/cacao_diseases/cacao_photos/healthy/healthy_2858.jpg,0,5bb0cf750574ead8eb47811ee515e3ef,94b15c60e64ef6a9,cache_256/dataset_complete/cacao_diseases/cacao_photos/healthy/healthy_2858.png,A,no_usada,sana,2858
3404,dataset_complete/cacao_diseases/cacao_photos/healthy/healthy_2859.jpg,0,dbb7eef528c5e4d1e21a7548529dc659,caea8586fbd44496,cache_256/dataset_complete/cacao_diseases/cacao_photos/healthy/healthy_2859.png,A,no_usada,sana,2859
3405,dataset_complete/cacao_diseases/cacao_photos/healthy/healthy_2860.jpg,0,8a08859ac97d2b668d57c8b193566e21,bef85953f0d45203,cache_256/dataset_complete/cacao_diseases/cacao_photos/healthy/healthy_2860.png,A,no_usada,sana,2860
3406,dataset_complete/cacao_diseases/cacao_photos/healthy/healthy_2861.jpg,0,5405be76c42635f10a7cad998b2ba1e4,fc043df039bcb8b0,cache_256/dataset_complete/cacao_diseases/cacao_photos/healthy/healthy_2861.png,A,no_usada,sana,2861
3407,dataset_complete/cacao_diseases/cacao_photos/healthy/healthy_2862.jpg,0,bebfae0327efdf2ac9e22f55d3ea6435,a433d8b78d52a99c,cache_256/dataset_complete/cacao_diseases/cacao_photos/healthy/healthy_2862.png,A,no_usada,sana,2862
3408,dataset_complete/cacao_diseases/cacao_photos/healthy/healthy_2863.jpg,0,56e5a7b7b7360f239978ca8951b7fc14,9cf26158a7a52676,cache_256/dataset_complete/cacao_diseases/cacao_photos/healthy/healthy_2863.png,A,no_usada,sana,2863
3409,dataset_complete/cacao_diseases/cacao_photos/healthy/healthy_2864.jpg,0,f90af6cb40acab97b3baf9b15e268f5b,ca9685abe3070bf1,cache_256/dataset_complete/cacao_diseases/cacao_photos/healthy/healthy_2864.png,A,no_usada,sana,2864
3410,dataset_complete/cacao_diseases/cacao_photos/healthy/healthy_2865.jpg,0,4b2660d612c5f258dc732a73a0e874e1,fc8e3433633a3171,cache_256/dataset_complete/cacao_diseases/cacao_photos/healthy/healthy_2865.png,A,no_usada,sana,2865
3411,dataset_complete/cacao_diseases/cacao_photos/healthy/healthy_2866.jpg,0,d70b73da3f5bb560926a8ded864a4127,cf460de52a1753a9,cache_256/dataset_complete/cacao_diseases/cacao_photos/healthy/healthy_2866.png,A,no_usada,sana,2866
3412,dataset_complete/cacao_diseases/cacao_photos/healthy/healthy_2867.jpg,0,ffef6136b5b1fdf3442f49db1b42e48a,b3a53953a2f60387,cache_256/dataset_complete/cacao_diseases/cacao_photos/healthy/healthy_2867.png,A,no_usada,sana,2867
3413,dataset_complete/cacao_diseases/cacao_photos/healthy/healthy_2868.jpg,0,8be022e0ce8bc8b625d29463e084c0b4,c7469c325cf383b1,cache_256/dataset_complete/cacao_diseases/cacao_photos/healthy/healthy_2868.png,A,no_usada,sana,2868
3414,dataset_complete/cacao_diseases/cacao_photos/healthy/healthy_2869.jpg,0,cbd7df0d257f10ac793008a1f5009e32,c7f13e3939183a15,cache_256/dataset_complete/cacao_diseases/cacao_photos/healthy/healthy_2869.png,A,no_usada,sana,2869
3415,dataset_complete/cacao_diseases/cacao_photos/healthy/healthy_2870.jpg,0,20911c198f4fe97fd582b51b9dbdf779,c6c9583cb64af1b1,cache_256/dataset_complete/cacao_diseases/cacao_photos/healthy/healthy_2870.png,A,no_usada,sana,2870
3416,dataset_complete/cacao_diseases/cacao_photos/healthy/healthy_2871.jpg,0,11e91ebd34231266d0b254e39ab975da,fae1c6758a7841f0,cache_256/dataset_complete/cacao_diseases/cacao_photos/healthy/healthy_2871.png,A,no_usada,sana,2871
3417,dataset_complete/cacao_diseases/cacao_photos/healthy/healthy_2872.jpg,0,fc3eeb62f15430cd02bf757586ce124a,f8df1d3222722ea8,cache_256/dataset_complete/cacao_diseases/cacao_photos/healthy/healthy_2872.png,A,no_usada,sana,2872
3418,dataset_complete/cacao_diseases/cacao_photos/healthy/healthy_2873.jpg,0,b9f396e77aa1c738dbfbd41a24b55794,9b089863aca64ebf,cache_256/dataset_complete/cacao_diseases/cacao_photos/healthy/healthy_2873.png,A,no_usada,sana,2873
3419,dataset_complete/cacao_diseases/cacao_photos/healthy/healthy_2874.jpg,0,ce772af3c7e83dc441e6677604e6b74f,ce993036260df9cd,cache_256/dataset_complete/cacao_diseases/cacao_photos/healthy/healthy_2874.png,A,no_usada,sana,2874
3420,dataset_complete/cacao_diseases/cacao_photos/healthy/healthy_2875.jpg,0,ba17a2961126e33a23acb47529b436cb,87d4eee65c4ab860,cache_256/dataset_complete/cacao_diseases/cacao_photos/healthy/healthy_2875.png,A,no_usada,sana,2875
3421,dataset_complete/cacao_diseases/cacao_photos/healthy/healthy_2876.jpg,0,3bbfccb6581825977fa9b1ff33e95277,d489fc9c283ba06f,cache_256/dataset_complete/cacao_diseases/cacao_photos/healthy/healthy_2876.png,A,no_usada,sana,2876
3422,dataset_complete/cacao_diseases/cacao_photos/healthy/healthy_2877.jpg,0,3c0304705a98936cb0287a088b63a00f,afb5453664b2127a,cache_256/dataset_complete/cacao_diseases/cacao_photos/healthy/healthy_2877.png,A,no_usada,sana,2877
3423,dataset_complete/cacao_diseases/cacao_photos/healthy/healthy_2878.jpg,0,72c130e7f62c512c29e7119ac438ed6a,f0cd096541f2d75a,cache_256/dataset_complete/cacao_diseases/cacao_photos/healthy/healthy_2878.png,A,no_usada,sana,2878
3424,dataset_complete/cacao_diseases/cacao_photos/healthy/healthy_2879.jpg,0,1ceaa8a0181a28d4de06fa00835083ca,a73c1d226b6bce05,cache_256/dataset_complete/cacao_diseases/cacao_photos/healthy/healthy_2879.png,A,no_usada,sana,2879
3425,dataset_complete/cacao_diseases/cacao_photos/healthy/healthy_2880.jpg,0,66408724ed8073221faeeb6f473dc24c,eac4593499bac5c3,cache_256/dataset_complete/cacao_diseases/cacao_photos/healthy/healthy_2880.png,A,no_usada,sana,2880
3426,dataset_complete/cacao_diseases/cacao_photos/healthy/healthy_2881.jpg,0,a5ad7a1f89b899d8c1e135f677ee897d,b7c9c16c672e2436,cache_256/dataset_complete/cacao_diseases/cacao_photos/healthy/healthy_2881.png,A,no_usada,sana,2881
3427,dataset_complete/cacao_diseases/cacao_photos/healthy/healthy_2882.jpg,0,f699417f2847c1c41a05c644d4d37354,f6c749a20c168eeb,cache_256/dataset_complete/cacao_diseases/cacao_photos/healthy/healthy_2882.png,A,no_usada,sana,2882
3428,dataset_complete/cacao_diseases/cacao_photos/healthy/healthy_2883.jpg,0,9adfcd638bbcac741b7bcbd7ad531b03,8ecdb98760976a86,cache_256/dataset_complete/cacao_diseases/cacao_photos/healthy/healthy_2883.png,A,no_usada,sana,2883
3429,dataset_complete/cacao_diseases/cacao_photos/healthy/healthy_2884.jpg,0,008edf23071e8f324ba83b88481d6310,e63c833f50f1f812,cache_256/dataset_complete/cacao_diseases/cacao_photos/healthy/healthy_2884.png,A,no_usada,sana,2884
3430,dataset_complete/cacao_diseases/cacao_photos/healthy/healthy_2885.jpg,0,06bc70ab019bb28d6de2aa8f86496796,ac92d121f33ae335,cache_256/dataset_complete/cacao_diseases/cacao_photos/healthy/healthy_2885.png,A,no_usada,sana,2885
3431,dataset_complete/cacao_diseases/cacao_photos/healthy/healthy_2886.jpg,0,81759b743adee1f98c4ff25dfe521231,cbdc3280fd0339f1,cache_256/dataset_complete/cacao_diseases/cacao_photos/healthy/healthy_2886.png,A,no_usada,sana,2886
3432,dataset_complete/cacao_diseases/cacao_photos/healthy/healthy_2887.jpg,0,f778d1c2ff32de57e9b1d455615eb043,83838dbf0f38a31e,cache_256/dataset_complete/cacao_diseases/cacao_photos/healthy/healthy_2887.png,A,no_usada,sana,2887
3433,dataset_complete/cacao_diseases/cacao_photos/healthy/healthy_2888.jpg,0,aa4c7c6ec9dc2078d8a8b7e1209871c5,b6a98f684967e146,cache_256/dataset_complete/cacao_diseases/cacao_photos/healthy/healthy_2888.png,A,no_usada,sana,2888
3434,dataset_complete/cacao_diseases/cacao_photos/healthy/healthy_2889.jpg,0,eb8c6262578197a87308b2c9f5381288,83e6cca75c490e5e,cache_256/dataset_complete/cacao_diseases/cacao_photos/healthy/healthy_2889.png,A,no_usada,sana,2889
3435,dataset_complete/cacao_diseases/cacao_photos/healthy/healthy_2890.jpg,0,b23d0efd4b7d19b92091917b71dea5d0,8e5068559aba9abd,cache_256/dataset_complete/cacao_diseases/cacao_photos/healthy/healthy_2890.png,A,no_usada,sana,2890
3436,dataset_complete/cacao_diseases/cacao_photos/healthy/healthy_2891.jpg,0,5564d033fc3516efe4b94342d9bff77a,f32d545ad9400efa,cache_256/dataset_complete/cacao_diseases/cacao_photos/healthy/healthy_2891.png,A,no_usada,sana,2891
3437,dataset_complete/cacao_diseases/cacao_photos/healthy/healthy_2892.jpg,0,65daf1c1277644dc2ab220497342545a,cfd924bff10021e3,cache_256/dataset_complete/cacao_diseases/cacao_photos/healthy/healthy_2892.png,A,no_usada,sana,2892
3438,dataset_complete/cacao_diseases/cacao_photos/healthy/healthy_2893.jpg,0,0280d1d4bb46b7669abb4f39d04e3b05,d8b6703f4e49c1e1,cache_256/dataset_complete/cacao_diseases/cacao_photos/healthy/healthy_2893.png,A,no_usada,sana,2893
3439,dataset_complete/cacao_diseases/cacao_photos/healthy/healthy_2894.jpg,0,e7c13f7648c5ba8cd53449c050eb6ac4,8ebc84a1b92cb5ad,cache_256/dataset_complete/cacao_diseases/cacao_photos/healthy/healthy_2894.png,A,no_usada,sana,2894
3440,dataset_complete/cacao_diseases/cacao_photos/healthy/healthy_2895.jpg,0,61f3df4c701a7c4cc959a342099075cb,c2e08d2ffd74085e,cache_256/dataset_complete/cacao_diseases/cacao_photos/healthy/healthy_2895.png,A,no_usada,sana,2895
3441,dataset_complete/cacao_diseases/cacao_photos/healthy/healthy_2896.jpg,0,4f00592c6f1f348b7e7673c8f7519831,cba68cf1de1ec209,cache_256/dataset_complete/cacao_diseases/cacao_photos/healthy/healthy_2896.png,A,no_usada,sana,2896
3442,dataset_complete/cacao_diseases/cacao_photos/healthy/healthy_2897.jpg,0,6dbaa683d1278ae8b1fd5bf3dff676f4,87c95c2559686c6f,cache_256/dataset_complete/cacao_diseases/cacao_photos/healthy/healthy_2897.png,A,no_usada,sana,2897
3443,dataset_complete/cacao_diseases/cacao_photos/healthy/healthy_2898.jpg,0,4d4706d4e8870ccf3ec10fb29c89d96b,82e3d8f2b5b83d90,cache_256/dataset_complete/cacao_diseases/cacao_photos/healthy/healthy_2898.png,A,no_usada,sana,2898
3444,dataset_complete/cacao_diseases/cacao_photos/healthy/healthy_2899.jpg,0,f807368614c9b6391685388c2f78b19c,9a4c5c4387a68f8f,cache_256/dataset_complete/cacao_diseases/cacao_photos/healthy/healthy_2899.png,A,no_usada,sana,2899
3445,dataset_complete/cacao_diseases/cacao_photos/healthy/healthy_2900.jpg,0,a11dc97b347eae331239d07bbfda23f8,9e90b3b6038b5b4b,cache_256/dataset_complete/cacao_diseases/cacao_photos/healthy/healthy_2900.png,A,no_usada,sana,2900
3446,dataset_complete/cacao_diseases/cacao_photos/healthy/healthy_2901.jpg,0,54aa5a11b9009a593e5339b412c44d48,a316adb0983355f3,cache_256/dataset_complete/cacao_diseases/cacao_photos/healthy/healthy_2901.png,A,no_usada,sana,2901
3447,dataset_complete/cacao_diseases/cacao_photos/healthy/healthy_2902.jpg,0,63661577fbd60b7bb0e80653786007a4,ee600e6973a973b0,cache_256/dataset_complete/cacao_diseases/cacao_photos/healthy/healthy_2902.png,A,no_usada,sana,2902
3448,dataset_complete/cacao_diseases/cacao_photos/healthy/healthy_2903.jpg,0,5197a134d7801464a2be1a7816a9ecee,e5434fb7b17130a1,cache_256/dataset_complete/cacao_diseases/cacao_photos/healthy/healthy_2903.png,A,no_usada,sana,2903
3449,dataset_complete/cacao_diseases/cacao_photos/healthy/healthy_2904.jpg,0,5ab36440aad7cd96104f54c9093065be,b9c8f08e4a9d5a8b,cache_256/dataset_complete/cacao_diseases/cacao_photos/healthy/healthy_2904.png,A,no_usada,sana,2904
3450,dataset_complete/cacao_diseases/cacao_photos/healthy/healthy_2905.jpg,0,ec64a9d6850194a61c6e57ce308243d1,c4f3590344b4f35e,cache_256/dataset_complete/cacao_diseases/cacao_photos/healthy/healthy_2905.png,A,no_usada,sana,2905
3451,dataset_complete/cacao_diseases/cacao_photos/healthy/healthy_2906.jpg,0,ec85a3633b5dd2ced4e807357c02be96,b5bf76a25e205451,cache_256/dataset_complete/cacao_diseases/cacao_photos/healthy/healthy_2906.png,A,no_usada,sana,2906
3452,dataset_complete/cacao_diseases/cacao_photos/healthy/healthy_2907.jpg,0,11bd1d149bc782a02889411e1a931395,e6c378d82bfaf040,cache_256/dataset_complete/cacao_diseases/cacao_photos/healthy/healthy_2907.png,A,no_usada,sana,2907
3453,dataset_complete/cacao_diseases/cacao_photos/healthy/healthy_2908.jpg,0,b37bb9915c50fb3282ec3b40318f84c1,aa8b95f37132325a,cache_256/dataset_complete/cacao_diseases/cacao_photos/healthy/healthy_2908.png,A,no_usada,sana,2908
3454,dataset_complete/cacao_diseases/cacao_photos/healthy/healthy_2909.jpg,0,aa68cb49291fe4b16b59f5bfeef3104e,d9db33969626a0e4,cache_256/dataset_complete/cacao_diseases/cacao_photos/healthy/healthy_2909.png,A,no_usada,sana,2909
3455,dataset_complete/cacao_diseases/cacao_photos/healthy/healthy_2910.jpg,0,2fe48d64522eca329f6f0e401a997c1c,e81c31327f83b297,cache_256/dataset_complete/cacao_diseases/cacao_photos/healthy/healthy_2910.png,A,no_usada,sana,2910
3456,dataset_complete/cacao_diseases/cacao_photos/healthy/healthy_2911.jpg,0,904a8e55e5fe23f17c279e79b5a7eafd,f6f28a78e1e1a01d,cache_256/dataset_complete/cacao_diseases/cacao_photos/healthy/healthy_2911.png,A,no_usada,sana,2911
3457,dataset_complete/cacao_diseases/cacao_photos/healthy/healthy_2912.jpg,0,177879db55828f436b8b3b5a9bb02968,9ea9b632721a329b,cache_256/dataset_complete/cacao_diseases/cacao_photos/healthy/healthy_2912.png,A,no_usada,sana,2912
3458,dataset_complete/cacao_diseases/cacao_photos/healthy/healthy_2913.jpg,0,d7dc07bbdaa2632fcca0ee8d6e394e4a,9c80595cb553627f,cache_256/dataset_complete/cacao_diseases/cacao_photos/healthy/healthy_2913.png,A,no_usada,sana,2913
3459,dataset_complete/cacao_diseases/cacao_photos/healthy/healthy_2914.jpg,0,7135eecda1dc7967bd8417909cae092a,d23bd8d3599078c3,cache_256/dataset_complete/cacao_diseases/cacao_photos/healthy/healthy_2914.png,A,no_usada,sana,2914
3460,dataset_complete/cacao_diseases/cacao_photos/healthy/healthy_2915.jpg,0,ad272a01344ddd7f1bb5399641be83b3,bf1cb4b418fe3141,cache_256/dataset_complete/cacao_diseases/cacao_photos/healthy/healthy_2915.png,A,no_usada,sana,2915
3461,dataset_complete/cacao_diseases/cacao_photos/healthy/healthy_2916.jpg,0,88b31458f85a462167395882517e3856,99d8e8a0aef482f9,cache_256/dataset_complete/cacao_diseases/cacao_photos/healthy/healthy_2916.png,A,no_usada,sana,2916
3462,dataset_complete/cacao_diseases/cacao_photos/healthy/healthy_2917.jpg,0,38570b5631a778acd03d8599d5fccd2f,fc1c905149ab9dcd,cache_256/dataset_complete/cacao_diseases/cacao_photos/healthy/healthy_2917.png,A,no_usada,sana,2917
3463,dataset_complete/cacao_diseases/cacao_photos/healthy/healthy_2918.jpg,0,8ce25feb67d89bd64c5f0ef73249def0,cc3d70a36b3a43e1,cache_256/dataset_complete/cacao_diseases/cacao_photos/healthy/healthy_2918.png,A,no_usada,sana,2918
3464,dataset_complete/cacao_diseases/cacao_photos/healthy/healthy_2919.jpg,0,c1d728b02da6cd8b4ce92e554209a31f,f1934d5b4c454d4b,cache_256/dataset_complete/cacao_diseases/cacao_photos/healthy/healthy_2919.png,A,no_usada,sana,2919
3465,dataset_complete/cacao_diseases/cacao_photos/healthy/healthy_292.jpg,0,2400da71dbbf9feda5951e36d1c0a488,9219fb65277e60c2,cache_256/dataset_complete/cacao_diseases/cacao_photos/healthy/healthy_292.png,A,no_usada,sana,292
3466,dataset_complete/cacao_diseases/cacao_photos/healthy/healthy_2920.jpg,0,2fb989db33951841f65c2f41713ce279,9bb3594849cb5a1e,cache_256/dataset_complete/cacao_diseases/cacao_photos/healthy/healthy_2920.png,A,no_usada,sana,2920
3467,dataset_complete/cacao_diseases/cacao_photos/healthy/healthy_2921.jpg,0,803e798fa4f122901c5f40892f05aa38,f3f48c2088fc5c6e,cache_256/dataset_complete/cacao_diseases/cacao_photos/healthy/healthy_2921.png,A,no_usada,sana,2921
3468,dataset_complete/cacao_diseases/cacao_photos/healthy/healthy_2922.jpg,0,9c186d63674fa4e672e99f26407caf33,b2fe612167c5954c,cache_256/dataset_complete/cacao_diseases/cacao_photos/healthy/healthy_2922.png,A,no_usada,sana,2922
3469,dataset_complete/cacao_diseases/cacao_photos/healthy/healthy_2923.jpg,0,82acf0b6faaddfbc3935b6bee6bef3e1,e6e349155d0cc795,cache_256/dataset_complete/cacao_diseases/cacao_photos/healthy/healthy_2923.png,A,no_usada,sana,2923
3470,dataset_complete/cacao_diseases/cacao_photos/healthy/healthy_2924.jpg,0,bf9beb8de414d02ffce01467e9c29436,e3ec9df01df0003b,cache_256/dataset_complete/cacao_diseases/cacao_photos/healthy/healthy_2924.png,A,no_usada,sana,2924
3471,dataset_complete/cacao_diseases/cacao_photos/healthy/healthy_2925.jpg,0,c247179af8df9c2db0c08114a846cc96,b0f93df3e270240d,cache_256/dataset_complete/cacao_diseases/cacao_photos/healthy/healthy_2925.png,A,no_usada,sana,2925
3472,dataset_complete/cacao_diseases/cacao_photos/healthy/healthy_2926.jpg,0,48e3f3c43c43acd61c0abf4fefaf290e,bbb6a18132592cf6,cache_256/dataset_complete/cacao_diseases/cacao_photos/healthy/healthy_2926.png,A,no_usada,sana,2926
3473,dataset_complete/cacao_diseases/cacao_photos/healthy/healthy_2927.jpg,0,97a567724bc1beb79fb72356231c8b69,b21f9be945a594b0,cache_256/dataset_complete/cacao_diseases/cacao_photos/healthy/healthy_2927.png,A,no_usada,sana,2927
3474,dataset_complete/cacao_diseases/cacao_photos/healthy/healthy_2928.jpg,0,f348d494c3a854502e8b83d198507a1d,f31dd23e95126943,cache_256/dataset_complete/cacao_diseases/cacao_photos/healthy/healthy_2928.png,A,no_usada,sana,2928
3475,dataset_complete/cacao_diseases/cacao_photos/healthy/healthy_2929.jpg,0,e5c7277dfb384c5fb5408c380ad3ccf5,e3d1c3422a3cfdb0,cache_256/dataset_complete/cacao_diseases/cacao_photos/healthy/healthy_2929.png,A,no_usada,sana,2929
3476,dataset_complete/cacao_diseases/cacao_photos/healthy/healthy_293.jpg,0,f65c4dac0cf1445cd945b90d3aacc1df,d669987429193fd8,cache_256/dataset_complete/cacao_diseases/cacao_photos/healthy/healthy_293.png,A,no_usada,sana,293
3477,dataset_complete/cacao_diseases/cacao_photos/healthy/healthy_2930.jpg,0,3cab450d4a721405b6d2c163a0b1beea,b3ac0c7221f37a0f,cache_256/dataset_complete/cacao_diseases/cacao_photos/healthy/healthy_2930.png,A,no_usada,sana,2930
3478,dataset_complete/cacao_diseases/cacao_photos/healthy/healthy_2931.jpg,0,fc0d3fd4c85cba1f841e0a9e2b8ea0a4,a69d1cf81bc931c5,cache_256/dataset_complete/cacao_diseases/cacao_photos/healthy/healthy_2931.png,A,no_usada,sana,2931
3479,dataset_complete/cacao_diseases/cacao_photos/healthy/healthy_2932.jpg,0,ed2e4bb3299380947b35eb225ab52a71,a5f84e332863d2e9,cache_256/dataset_complete/cacao_diseases/cacao_photos/healthy/healthy_2932.png,A,no_usada,sana,2932
3480,dataset_complete/cacao_diseases/cacao_photos/healthy/healthy_2933.jpg,0,1b816809ca34410a95f3b04ec76e6a3c,9d8c15367292fa8d,cache_256/dataset_complete/cacao_diseases/cacao_photos/healthy/healthy_2933.png,A,no_usada,sana,2933
3481,dataset_complete/cacao_diseases/cacao_photos/healthy/healthy_2934.jpg,0,62001794b99e5b41a757c029737ad98a,a15d5c9a012d3f97,cache_256/dataset_complete/cacao_diseases/cacao_photos/healthy/healthy_2934.png,A,no_usada,sana,2934
3482,dataset_complete/cacao_diseases/cacao_photos/healthy/healthy_2935.jpg,0,c9aecf47c788f09c8c66006690916e2b,d8091cf30517ef9a,cache_256/dataset_complete/cacao_diseases/cacao_photos/healthy/healthy_2935.png,A,no_usada,sana,2935
3483,dataset_complete/cacao_diseases/cacao_photos/healthy/healthy_2936.jpg,0,58e940e39faaa8528ce7671834e2d70b,c67ec51a6986ec45,cache_256/dataset_complete/cacao_diseases/cacao_photos/healthy/healthy_2936.png,A,no_usada,sana,2936
3484,dataset_complete/cacao_diseases/cacao_photos/healthy/healthy_2937.jpg,0,32c71dba155e140764f0962c33bf1d97,e66c59615736811f,cache_256/dataset_complete/cacao_diseases/cacao_photos/healthy/healthy_2937.png,A,no_usada,sana,2937
3485,dataset_complete/cacao_diseases/cacao_photos/healthy/healthy_2938.jpg,0,c947844d43525912f91e34658511ad30,e36f18be290e07c6,cache_256/dataset_complete/cacao_diseases/cacao_photos/healthy/healthy_2938.png,A,no_usada,sana,2938
3486,dataset_complete/cacao_diseases/cacao_photos/healthy/healthy_2939.jpg,0,1841edea2cb1d46b0fc002bd4193a727,b56b0de2a5d76980,cache_256/dataset_complete/cacao_diseases/cacao_photos/healthy/healthy_2939.png,A,no_usada,sana,2939
3487,dataset_complete/cacao_diseases/cacao_photos/healthy/healthy_294.jpg,0,9879f9a8930b2900588be0bfe59efda5,a4a22a36ffc96313,cache_256/dataset_complete/cacao_diseases/cacao_photos/healthy/healthy_294.png,A,no_usada,sana,294
3488,dataset_complete/cacao_diseases/cacao_photos/healthy/healthy_2940.jpg,0,d7973524b40f1a7b5c43d5b4df42b461,9229d17abc323d27,cache_256/dataset_complete/cacao_diseases/cacao_photos/healthy/healthy_2940.png,A,no_usada,sana,2940
3489,dataset_complete/cacao_diseases/cacao_photos/healthy/healthy_2941.jpg,0,7af8e63d480a17b4cdf80d76f123a85e,b6ae18ed44858cde,cache_256/dataset_complete/cacao_diseases/cacao_photos/healthy/healthy_2941.png,A,no_usada,sana,2941
3490,dataset_complete/cacao_diseases/cacao_photos/healthy/healthy_2942.jpg,0,7096efcffb29a5cbab686475f30c0ba5,c9a0e586561e7e2e,cache_256/dataset_complete/cacao_diseases/cacao_photos/healthy/healthy_2942.png,A,no_usada,sana,2942
3491,dataset_complete/cacao_diseases/cacao_photos/healthy/healthy_2943.jpg,0,57eca40d612551a807a4cbbe2dfacfab,e23d8c2e6f270563,cache_256/dataset_complete/cacao_diseases/cacao_photos/healthy/healthy_2943.png,A,no_usada,sana,2943
3492,dataset_complete/cacao_diseases/cacao_photos/healthy/healthy_2944.jpg,0,f55cf5bae4827df38dc44ce82171fd5b,92e935367a50caea,cache_256/dataset_complete/cacao_diseases/cacao_photos/healthy/healthy_2944.png,A,no_usada,sana,2944
3493,dataset_complete/cacao_diseases/cacao_photos/healthy/healthy_2945.jpg,0,b40f6940be6ccfeadfa3de3989e0d459,9ac07b66e0f6ac2c,cache_256/dataset_complete/cacao_diseases/cacao_photos/healthy/healthy_2945.png,A,no_usada,sana,2945
3494,dataset_complete/cacao_diseases/cacao_photos/healthy/healthy_2946.jpg,0,a0242d721b35b66a01a5583266c98047,92dac6e14e2dea68,cache_256/dataset_complete/cacao_diseases/cacao_photos/healthy/healthy_2946.png,A,no_usada,sana,2946
3495,dataset_complete/cacao_diseases/cacao_photos/healthy/healthy_2947.jpg,0,165f8e9c457c3102377391841207124f,ceec3019d1f3f501,cache_256/dataset_complete/cacao_diseases/cacao_photos/healthy/healthy_2947.png,A,no_usada,sana,2947
3496,dataset_complete/cacao_diseases/cacao_photos/healthy/healthy_2948.jpg,0,c918a92915a1c9a5dbde375793b151e0,ccccf4d0d39d4a86,cache_256/dataset_complete/cacao_diseases/cacao_photos/healthy/healthy_2948.png,A,no_usada,sana,2948
3497,dataset_complete/cacao_diseases/cacao_photos/healthy/healthy_2949.jpg,0,45a687d5b8a91cccea83c1d7335346aa,9c86f0a7e6b54899,cache_256/dataset_complete/cacao_diseases/cacao_photos/healthy/healthy_2949.png,A,no_usada,sana,2949
3498,dataset_complete/cacao_diseases/cacao_photos/healthy/healthy_295.jpg,0,b9f112b0f2bd79cc298921a2e279485e,bb666e750aa3a0c3,cache_256/dataset_complete/cacao_diseases/cacao_photos/healthy/healthy_295.png,A,no_usada,sana,295
3499,dataset_complete/cacao_diseases/cacao_photos/healthy/healthy_2950.jpg,0,422e807490bbaa8e0d1946e57273722f,c9cce12387071e9f,cache_256/dataset_complete/cacao_diseases/cacao_photos/healthy/healthy_2950.png,A,no_usada,sana,2950
3500,dataset_complete/cacao_diseases/cacao_photos/healthy/healthy_2951.jpg,0,7c94f6afaa0b6f993ec584d2dbe38fca,fbe42cbb19591390,cache_256/dataset_complete/cacao_diseases/cacao_photos/healthy/healthy_2951.png,A,no_usada,sana,2951
3501,dataset_complete/cacao_diseases/cacao_photos/healthy/healthy_2952.jpg,0,6e7e03d4b9448fbc3dc679072aba59a3,beb1c14ba8f560e2,cache_256/dataset_complete/cacao_diseases/cacao_photos/healthy/healthy_2952.png,A,no_usada,sana,2952
3502,dataset_complete/cacao_diseases/cacao_photos/healthy/healthy_2953.jpg,0,a27b09b22d92c4853dd8d9a87ff27c6f,d22d0d93f11c0fe6,cache_256/dataset_complete/cacao_diseases/cacao_photos/healthy/healthy_2953.png,A,no_usada,sana,2953
3503,dataset_complete/cacao_diseases/cacao_photos/healthy/healthy_2954.jpg,0,32beb7ad0c49975e7a722bea954e136f,e7ec49030d2df8c3,cache_256/dataset_complete/cacao_diseases/cacao_photos/healthy/healthy_2954.png,A,no_usada,sana,2954
3504,dataset_complete/cacao_diseases/cacao_photos/healthy/healthy_2955.jpg,0,bd6c293e88be8e4d8308a8dfe619521e,f0cbef2621313f30,cache_256/dataset_complete/cacao_diseases/cacao_photos/healthy/healthy_2955.png,A,no_usada,sana,2955
3505,dataset_complete/cacao_diseases/cacao_photos/healthy/healthy_2956.jpg,0,a20c11dcaede6b6a8367175877a94a17,c3240cf2f2513beb,cache_256/dataset_complete/cacao_diseases/cacao_photos/healthy/healthy_2956.png,A,no_usada,sana,2956
3506,dataset_complete/cacao_diseases/cacao_photos/healthy/healthy_2957.jpg,0,3e2ad4efb2f32a1360fda88608035f43,974a0fb2d22e85f4,cache_256/dataset_complete/cacao_diseases/cacao_photos/healthy/healthy_2957.png,A,no_usada,sana,2957
3507,dataset_complete/cacao_diseases/cacao_photos/healthy/healthy_2958.jpg,0,8603e2ce30aaec4f7c521686c27e61a9,c78e8da2905363f3,cache_256/dataset_complete/cacao_diseases/cacao_photos/healthy/healthy_2958.png,A,no_usada,sana,2958
3508,dataset_complete/cacao_diseases/cacao_photos/healthy/healthy_2959.jpg,0,3007a21ad018259377cb85ad9fc1af70,cd8f2324f28346dd,cache_256/dataset_complete/cacao_diseases/cacao_photos/healthy/healthy_2959.png,A,no_usada,sana,2959
3509,dataset_complete/cacao_diseases/cacao_photos/healthy/healthy_296.jpg,0,b7c6f79142d4b3600a9150e83b71840c,b9213d76576c12a5,cache_256/dataset_complete/cacao_diseases/cacao_photos/healthy/healthy_296.png,A,no_usada,sana,296
3510,dataset_complete/cacao_diseases/cacao_photos/healthy/healthy_2960.jpg,0,5996b4858e66716c0f47570b3ebe15e0,a28d9fb4bd32380b,cache_256/dataset_complete/cacao_diseases/cacao_photos/healthy/healthy_2960.png,A,no_usada,sana,2960
3511,dataset_complete/cacao_diseases/cacao_photos/healthy/healthy_2961.jpg,0,5a97af0717d3d059c0fb875a576e3d7d,b43b1971b4f1e8d0,cache_256/dataset_complete/cacao_diseases/cacao_photos/healthy/healthy_2961.png,A,no_usada,sana,2961
3512,dataset_complete/cacao_diseases/cacao_photos/healthy/healthy_2962.jpg,0,8edda5f693201dae5c42829a8ce8702e,defd183ab81cac82,cache_256/dataset_complete/cacao_diseases/cacao_photos/healthy/healthy_2962.png,A,no_usada,sana,2962
3513,dataset_complete/cacao_diseases/cacao_photos/healthy/healthy_2963.jpg,0,b76152edaeef7584ad7dbf4a3fac2c87,d9f897413cc084fb,cache_256/dataset_complete/cacao_diseases/cacao_photos/healthy/healthy_2963.png,A,no_usada,sana,2963
3514,dataset_complete/cacao_diseases/cacao_photos/healthy/healthy_2964.jpg,0,3794417a74e7a8d9e3f110565aedd41e,afac303b77cb40c4,cache_256/dataset_complete/cacao_diseases/cacao_photos/healthy/healthy_2964.png,A,no_usada,sana,2964
3515,dataset_complete/cacao_diseases/cacao_photos/healthy/healthy_2965.jpg,0,1359b042d0a72992d9a8ace4cd59c904,8cae4c48b5b4737a,cache_256/dataset_complete/cacao_diseases/cacao_photos/healthy/healthy_2965.png,A,no_usada,sana,2965
3516,dataset_complete/cacao_diseases/cacao_photos/healthy/healthy_2966.jpg,0,7a0f3ecbfec7e4c4063ed4cba9b0a040,d90f76342662eed0,cache_256/dataset_complete/cacao_diseases/cacao_photos/healthy/healthy_2966.png,A,no_usada,sana,2966
3517,dataset_complete/cacao_diseases/cacao_photos/healthy/healthy_2967.jpg,0,b9220868f1e9a2d0146c57712784eb81,91e0a834b2f379cb,cache_256/dataset_complete/cacao_diseases/cacao_photos/healthy/healthy_2967.png,A,no_usada,sana,2967
3518,dataset_complete/cacao_diseases/cacao_photos/healthy/healthy_2968.jpg,0,c48910e37c6fdb9b7b944012e0d3bb7b,e1e4df76214a0f4a,cache_256/dataset_complete/cacao_diseases/cacao_photos/healthy/healthy_2968.png,A,no_usada,sana,2968
3519,dataset_complete/cacao_diseases/cacao_photos/healthy/healthy_2969.jpg,0,42b8494ca60d929c7891910fcf1bee88,f8cc8b6801eb15dd,cache_256/dataset_complete/cacao_diseases/cacao_photos/healthy/healthy_2969.png,A,no_usada,sana,2969
3520,dataset_complete/cacao_diseases/cacao_photos/healthy/healthy_297.jpg,0,904d6035ab220cab737ce3d51a5e919f,899f3f347016a5a9,cache_256/dataset_complete/cacao_diseases/cacao_photos/healthy/healthy_297.png,A,no_usada,sana,297
3521,dataset_complete/cacao_diseases/cacao_photos/healthy/healthy_2970.jpg,0,07ca67f066a6e9df058f2c01e4f5a776,b1a49d7170b40f9d,cache_256/dataset_complete/cacao_diseases/cacao_photos/healthy/healthy_2970.png,A,no_usada,sana,2970
3522,dataset_complete/cacao_diseases/cacao_photos/healthy/healthy_2971.jpg,0,40403cc8d1c89e23e813cf479ebdf6a7,cb85ac062f8f27a3,cache_256/dataset_complete/cacao_diseases/cacao_photos/healthy/healthy_2971.png,A,no_usada,sana,2971
3523,dataset_complete/cacao_diseases/cacao_photos/healthy/healthy_2972.jpg,0,39a333776e189cf7fdf3f9d00d280672,b6307942a5b44fb6,cache_256/dataset_complete/cacao_diseases/cacao_photos/healthy/healthy_2972.png,A,no_usada,sana,2972
3524,dataset_complete/cacao_diseases/cacao_photos/healthy/healthy_2973.jpg,0,9d49d3999caefbce5c449b1063fc2cc1,8cce4ca5a55233b7,cache_256/dataset_complete/cacao_diseases/cacao_photos/healthy/healthy_2973.png,A,no_usada,sana,2973
3525,dataset_complete/cacao_diseases/cacao_photos/healthy/healthy_2974.jpg,0,3a6878e4cdf4d719036e1efe0e3f2e14,9b99599f636060e5,cache_256/dataset_complete/cacao_diseases/cacao_photos/healthy/healthy_2974.png,A,no_usada,sana,2974
3526,dataset_complete/cacao_diseases/cacao_photos/healthy/healthy_2975.jpg,0,0c258b606753c58760697a6eb29e8332,9bcae89c4fbd5140,cache_256/dataset_complete/cacao_diseases/cacao_photos/healthy/healthy_2975.png,A,no_usada,sana,2975
3527,dataset_complete/cacao_diseases/cacao_photos/healthy/healthy_2976.jpg,0,1d0a21be169a42b8f9e83d1b83352e8d,92179dfa80e72c95,cache_256/dataset_complete/cacao_diseases/cacao_photos/healthy/healthy_2976.png,A,no_usada,sana,2976
3528,dataset_complete/cacao_diseases/cacao_photos/healthy/healthy_2977.jpg,0,e51df57311cd8763b2ce6f2989f5bcbc,96cfca77412a6722,cache_256/dataset_complete/cacao_diseases/cacao_photos/healthy/healthy_2977.png,A,no_usada,sana,2977
3529,dataset_complete/cacao_diseases/cacao_photos/healthy/healthy_2978.jpg,0,2f6943bba1732817c6f3a0f10ba863c3,a339f8c19fd81b82,cache_256/dataset_complete/cacao_diseases/cacao_photos/healthy/healthy_2978.png,A,no_usada,sana,2978
3530,dataset_complete/cacao_diseases/cacao_photos/healthy/healthy_2979.jpg,0,510228db93d6ae6fefef79d1b5fce3cb,d17ee4c10e995ca5,cache_256/dataset_complete/cacao_diseases/cacao_photos/healthy/healthy_2979.png,A,no_usada,sana,2979
3531,dataset_complete/cacao_diseases/cacao_photos/healthy/healthy_298.jpg,0,b6171f6788e646c299bd69e73bd351b4,ccc673838b1b9f60,cache_256/dataset_complete/cacao_diseases/cacao_photos/healthy/healthy_298.png,A,no_usada,sana,298
3532,dataset_complete/cacao_diseases/cacao_photos/healthy/healthy_2980.jpg,0,b1ea54c64326cb0c5ccd7d95fe446970,db746ce7d0919183,cache_256/dataset_complete/cacao_diseases/cacao_photos/healthy/healthy_2980.png,A,no_usada,sana,2980
3533,dataset_complete/cacao_diseases/cacao_photos/healthy/healthy_2981.jpg,0,8e1708eaead208e462b3c7ad3a3aa8a9,9ba299a2b45c1ebc,cache_256/dataset_complete/cacao_diseases/cacao_photos/healthy/healthy_2981.png,A,no_usada,sana,2981
3534,dataset_complete/cacao_diseases/cacao_photos/healthy/healthy_2982.jpg,0,2cf43f5ceee6134c0c1f58d2d694d93e,dbb2242b2c4c6f6c,cache_256/dataset_complete/cacao_diseases/cacao_photos/healthy/healthy_2982.png,A,no_usada,sana,2982
3535,dataset_complete/cacao_diseases/cacao_photos/healthy/healthy_2983.jpg,0,511b989fea978cba089e956896b78c8e,c88c70637386ee1f,cache_256/dataset_complete/cacao_diseases/cacao_photos/healthy/healthy_2983.png,A,no_usada,sana,2983
3536,dataset_complete/cacao_diseases/cacao_photos/healthy/healthy_2984.jpg,0,e2d98de673c21acda279bd8cc0d96fec,f9b83c3d1a878394,cache_256/dataset_complete/cacao_diseases/cacao_photos/healthy/healthy_2984.png,A,no_usada,sana,2984
3537,dataset_complete/cacao_diseases/cacao_photos/healthy/healthy_2985.jpg,0,a9040c885c196bc5f4c70babe419e058,9ba189effc50c21a,cache_256/dataset_complete/cacao_diseases/cacao_photos/healthy/healthy_2985.png,A,no_usada,sana,2985
3538,dataset_complete/cacao_diseases/cacao_photos/healthy/healthy_2986.jpg,0,6e1af7222236abc39bf10dde04be6bd4,b6b691f9fb602034,cache_256/dataset_complete/cacao_diseases/cacao_photos/healthy/healthy_2986.png,A,no_usada,sana,2986
3539,dataset_complete/cacao_diseases/cacao_photos/healthy/healthy_2987.jpg,0,92d4c931086f6d06e75b4cfa852cf153,83b0cc6ba2bf5b48,cache_256/dataset_complete/cacao_diseases/cacao_photos/healthy/healthy_2987.png,A,no_usada,sana,2987
3540,dataset_complete/cacao_diseases/cacao_photos/healthy/healthy_2988.jpg,0,5fde75e48b5b97d17a1096466207c8b8,e048cd70293e3afe,cache_256/dataset_complete/cacao_diseases/cacao_photos/healthy/healthy_2988.png,A,no_usada,sana,2988
3541,dataset_complete/cacao_diseases/cacao_photos/healthy/healthy_2989.jpg,0,f9a7ba18e54fbddf1bb80f2779763b49,cf84913372fb3981,cache_256/dataset_complete/cacao_diseases/cacao_photos/healthy/healthy_2989.png,A,no_usada,sana,2989
3542,dataset_complete/cacao_diseases/cacao_photos/healthy/healthy_299.jpg,0,31d2178d6a6cfb6fef53f5c46a5f033a,8cbe70b163c6ad0d,cache_256/dataset_complete/cacao_diseases/cacao_photos/healthy/healthy_299.png,A,no_usada,sana,299
3543,dataset_complete/cacao_diseases/cacao_photos/healthy/healthy_2990.jpg,0,e8d76b26f21cd6bb081c984bf258b169,c784b83633279e8e,cache_256/dataset_complete/cacao_diseases/cacao_photos/healthy/healthy_2990.png,A,no_usada,sana,2990
3544,dataset_complete/cacao_diseases/cacao_photos/healthy/healthy_2991.jpg,0,e5ccd0015e52cd4c7d07302fb03ad051,8be450ad35aead52,cache_256/dataset_complete/cacao_diseases/cacao_photos/healthy/healthy_2991.png,A,no_usada,sana,2991
3545,dataset_complete/cacao_diseases/cacao_photos/healthy/healthy_2992.jpg,0,055a3107ee4939ea65a11b3a05137196,96c65359b0787a35,cache_256/dataset_complete/cacao_diseases/cacao_photos/healthy/healthy_2992.png,A,no_usada,sana,2992
3546,dataset_complete/cacao_diseases/cacao_photos/healthy/healthy_2993.jpg,0,88294409ee4798f8a3a50008e9347084,ceae2b6545d66289,cache_256/dataset_complete/cacao_diseases/cacao_photos/healthy/healthy_2993.png,A,no_usada,sana,2993
3547,dataset_complete/cacao_diseases/cacao_photos/healthy/healthy_2994.jpg,0,7187afb40fb14e9ea9b989c4ae9c124a,b3265f4f4840d0f7,cache_256/dataset_complete/cacao_diseases/cacao_photos/healthy/healthy_2994.png,A,no_usada,sana,2994
3548,dataset_complete/cacao_diseases/cacao_photos/healthy/healthy_2995.jpg,0,72827dd0861bedcba679ebe80e69db10,8bdc88663166a757,cache_256/dataset_complete/cacao_diseases/cacao_photos/healthy/healthy_2995.png,A,no_usada,sana,2995
3549,dataset_complete/cacao_diseases/cacao_photos/healthy/healthy_2996.jpg,0,248f7cbcfe129b6dd74438a59ac478fb,d6bc99497ff030a0,cache_256/dataset_complete/cacao_diseases/cacao_photos/healthy/healthy_2996.png,A,no_usada,sana,2996
3550,dataset_complete/cacao_diseases/cacao_photos/healthy/healthy_2997.jpg,0,b9ecd2d16555fe23baf018065202ec16,8c908ce2a73fd33a,cache_256/dataset_complete/cacao_diseases/cacao_photos/healthy/healthy_2997.png,A,no_usada,sana,2997
3551,dataset_complete/cacao_diseases/cacao_photos/healthy/healthy_2998.jpg,0,788907f6c4d0337886fb02cb6e69b65b,92890d6ded702fe1,cache_256/dataset_complete/cacao_diseases/cacao_photos/healthy/healthy_2998.png,A,no_usada,sana,2998
3552,dataset_complete/cacao_diseases/cacao_photos/healthy/healthy_2999.jpg,0,ff3a27caa3c1e427f9dad3afe567b4da,9ef9a9632e063e90,cache_256/dataset_complete/cacao_diseases/cacao_photos/healthy/healthy_2999.png,A,no_usada,sana,2999
3553,dataset_complete/cacao_diseases/cacao_photos/healthy/healthy_300.jpg,0,a050252cde47b3e637cc1c7280db181a,ccd1e661cd1d386a,cache_256/dataset_complete/cacao_diseases/cacao_photos/healthy/healthy_300.png,A,no_usada,sana,300
3554,dataset_complete/cacao_diseases/cacao_photos/healthy/healthy_3000.jpg,0,454d58be5fdd40d9007318ba34442e5c,dbcb2814346176fa,cache_256/dataset_complete/cacao_diseases/cacao_photos/healthy/healthy_3000.png,A,no_usada,sana,3000
3555,dataset_complete/cacao_diseases/cacao_photos/healthy/healthy_3001.jpg,0,54f1a8d416073006ee818864503d291f,ebef2da6a9838144,cache_256/dataset_complete/cacao_diseases/cacao_photos/healthy/healthy_3001.png,A,no_usada,sana,3001
3556,dataset_complete/cacao_diseases/cacao_photos/healthy/healthy_3002.jpg,0,849fe039b7f31b5c361c15ab59b5454d,c9b178603f63432f,cache_256/dataset_complete/cacao_diseases/cacao_photos/healthy/healthy_3002.png,A,no_usada,sana,3002
3557,dataset_complete/cacao_diseases/cacao_photos/healthy/healthy_3003.jpg,0,b33c5a904b953dd0900612bda9a35892,a70ecc748cb3ba25,cache_256/dataset_complete/cacao_diseases/cacao_photos/healthy/healthy_3003.png,A,no_usada,sana,3003
3558,dataset_complete/cacao_diseases/cacao_photos/healthy/healthy_3004.jpg,0,3efca1e5b02bc322907d05a27a54d813,e7eae52ece801cc1,cache_256/dataset_complete/cacao_diseases/cacao_photos/healthy/healthy_3004.png,A,no_usada,sana,3004
3559,dataset_complete/cacao_diseases/cacao_photos/healthy/healthy_3005.jpg,0,d0188db6c83d32a5188d7125009450d9,ccc8ed2c75266fa0,cache_256/dataset_complete/cacao_diseases/cacao_photos/healthy/healthy_3005.png,A,no_usada,sana,3005
3560,dataset_complete/cacao_diseases/cacao_photos/healthy/healthy_3006.jpg,0,5fe212b0f92acb4478c18ae200a0573d,92f0a5f0b17796b0,cache_256/dataset_complete/cacao_diseases/cacao_photos/healthy/healthy_3006.png,A,no_usada,sana,3006
3561,dataset_complete/cacao_diseases/cacao_photos/healthy/healthy_3007.jpg,0,de1a63653b757ef69ac144679933fdaf,b79dc0816ec6e24e,cache_256/dataset_complete/cacao_diseases/cacao_photos/healthy/healthy_3007.png,A,no_usada,sana,3007
3562,dataset_complete/cacao_diseases/cacao_photos/healthy/healthy_3008.jpg,0,e83ba564029409f0f72630e892a2b2a7,b09b0f1e6843576e,cache_256/dataset_complete/cacao_diseases/cacao_photos/healthy/healthy_3008.png,A,no_usada,sana,3008
3563,dataset_complete/cacao_diseases/cacao_photos/healthy/healthy_3009.jpg,0,661fb83b47c85a849539fffd62fa4b2e,a6b119777a2270e9,cache_256/dataset_complete/cacao_diseases/cacao_photos/healthy/healthy_3009.png,A,no_usada,sana,3009
3564,dataset_complete/cacao_diseases/cacao_photos/healthy/healthy_301.jpg,0,59c9c4edd3b6b0c26406d706b34f4948,836f654e78723313,cache_256/dataset_complete/cacao_diseases/cacao_photos/healthy/healthy_301.png,A,no_usada,sana,301
3565,dataset_complete/cacao_diseases/cacao_photos/healthy/healthy_3010.jpg,0,fe6c5daf6c4ebd02095c0432a8aebb61,93703d78f5e5848c,cache_256/dataset_complete/cacao_diseases/cacao_photos/healthy/healthy_3010.png,A,no_usada,sana,3010
3566,dataset_complete/cacao_diseases/cacao_photos/healthy/healthy_3011.jpg,0,f316da3bc035f6412dbc4bb29e3d8337,e56d8d225113ffc0,cache_256/dataset_complete/cacao_diseases/cacao_photos/healthy/healthy_3011.png,A,no_usada,sana,3011
3567,dataset_complete/cacao_diseases/cacao_photos/healthy/healthy_3012.jpg,0,815e802e4ee1bb54c001c47c1c804d28,d2e6c9e56673e022,cache_256/dataset_complete/cacao_diseases/cacao_photos/healthy/healthy_3012.png,A,no_usada,sana,3012
3568,dataset_complete/cacao_diseases/cacao_photos/healthy/healthy_3013.jpg,0,51aabc72fd83024031b72bebbd990994,cfcde4369c0a1cb2,cache_256/dataset_complete/cacao_diseases/cacao_photos/healthy/healthy_3013.png,A,no_usada,sana,3013
3569,dataset_complete/cacao_diseases/cacao_photos/healthy/healthy_3014.jpg,0,777ee3ca2065918602e2f9b8cbee9461,f6f6596669633201,cache_256/dataset_complete/cacao_diseases/cacao_photos/healthy/healthy_3014.png,A,no_usada,sana,3014
3570,dataset_complete/cacao_diseases/cacao_photos/healthy/healthy_3015.jpg,0,8da3a12f1752ea1d5f0ca3f3e10fb1bb,e6e595f232d12a19,cache_256/dataset_complete/cacao_diseases/cacao_photos/healthy/healthy_3015.png,A,no_usada,sana,3015
3571,dataset_complete/cacao_diseases/cacao_photos/healthy/healthy_3016.jpg,0,e694af046918112048ae743edc077d89,955dd8e0e8e15933,cache_256/dataset_complete/cacao_diseases/cacao_photos/healthy/healthy_3016.png,A,no_usada,sana,3016
3572,dataset_complete/cacao_diseases/cacao_photos/healthy/healthy_3017.jpg,0,f36b633742f8db384bb5c20655664e1d,d2e34867c10c3dfc,cache_256/dataset_complete/cacao_diseases/cacao_photos/healthy/healthy_3017.png,A,no_usada,sana,3017
3573,dataset_complete/cacao_diseases/cacao_photos/healthy/healthy_3018.jpg,0,6945c20703b39ffc33734100c957aef2,c769c9e3c94b9492,cache_256/dataset_complete/cacao_diseases/cacao_photos/healthy/healthy_3018.png,A,no_usada,sana,3018
3574,dataset_complete/cacao_diseases/cacao_photos/healthy/healthy_3019.jpg,0,f8cbf4a05eff7059552786b845713cc3,e9a5346232f1e335,cache_256/dataset_complete/cacao_diseases/cacao_photos/healthy/healthy_3019.png,A,no_usada,sana,3019
3575,dataset_complete/cacao_diseases/cacao_photos/healthy/healthy_302.jpg,0,39786c6f662f4688ce81e023705fd292,ba9863b336436ba4,cache_256/dataset_complete/cacao_diseases/cacao_photos/healthy/healthy_302.png,A,no_usada,sana,302
3576,dataset_complete/cacao_diseases/cacao_photos/healthy/healthy_3020.jpg,0,687ce24673015a71ca88b3777d5533d8,c5848e52e193f9e3,cache_256/dataset_complete/cacao_diseases/cacao_photos/healthy/healthy_3020.png,A,no_usada,sana,3020
3577,dataset_complete/cacao_diseases/cacao_photos/healthy/healthy_3021.jpg,0,edb47d717d9cda86ddd22ad5ed2638a0,fead0931b29149d5,cache_256/dataset_complete/cacao_diseases/cacao_photos/healthy/healthy_3021.png,A,no_usada,sana,3021
3578,dataset_complete/cacao_diseases/cacao_photos/healthy/healthy_3022.jpg,0,0fa4e442d613b837158a06f9c05d8a78,f3c809a07672276f,cache_256/dataset_complete/cacao_diseases/cacao_photos/healthy/healthy_3022.png,A,no_usada,sana,3022
3579,dataset_complete/cacao_diseases/cacao_photos/healthy/healthy_3023.jpg,0,d60cba24b128bcbf702d9138d85b0250,d68d48a7f9f29094,cache_256/dataset_complete/cacao_diseases/cacao_photos/healthy/healthy_3023.png,A,no_usada,sana,3023
3580,dataset_complete/cacao_diseases/cacao_photos/healthy/healthy_3024.jpg,0,57ea71a4bab70909924e61621c4ad993,e58c9bf3c90b0ac9,cache_256/dataset_complete/cacao_diseases/cacao_photos/healthy/healthy_3024.png,A,no_usada,sana,3024
3581,dataset_complete/cacao_diseases/cacao_photos/healthy/healthy_3025.jpg,0,5295e9722c4f45c901f58732e36cd865,85c98b6ced6523a5,cache_256/dataset_complete/cacao_diseases/cacao_photos/healthy/healthy_3025.png,A,no_usada,sana,3025
3582,dataset_complete/cacao_diseases/cacao_photos/healthy/healthy_3026.jpg,0,4b4198030b40d9cae536ab5a5accccc7,e4f61807c3f107f1,cache_256/dataset_complete/cacao_diseases/cacao_photos/healthy/healthy_3026.png,A,no_usada,sana,3026
3583,dataset_complete/cacao_diseases/cacao_photos/healthy/healthy_3027.jpg,0,eef1fad4337eafa9caef6760f6503bf6,abbb5e6244366334,cache_256/dataset_complete/cacao_diseases/cacao_photos/healthy/healthy_3027.png,A,no_usada,sana,3027
3584,dataset_complete/cacao_diseases/cacao_photos/healthy/healthy_3028.jpg,0,17e914a3f2094618b08f4b21fcbb3bbf,e5ca18eec38407be,cache_256/dataset_complete/cacao_diseases/cacao_photos/healthy/healthy_3028.png,A,no_usada,sana,3028
3585,dataset_complete/cacao_diseases/cacao_photos/healthy/healthy_3029.jpg,0,9ee714469a07b39ae69f25b51aba2a2b,9fb2f51c30198f13,cache_256/dataset_complete/cacao_diseases/cacao_photos/healthy/healthy_3029.png,A,no_usada,sana,3029
3586,dataset_complete/cacao_diseases/cacao_photos/healthy/healthy_303.jpg,0,b8da25a3e5d3d3612658fbcc89b79af1,9b9e31702b62c27e,cache_256/dataset_complete/cacao_diseases/cacao_photos/healthy/healthy_303.png,A,no_usada,sana,303
3587,dataset_complete/cacao_diseases/cacao_photos/healthy/healthy_3030.jpg,0,922c89b1cb73c09cbab9b3e1945349f4,84b52b6b367663a4,cache_256/dataset_complete/cacao_diseases/cacao_photos/healthy/healthy_3030.png,A,no_usada,sana,3030
3588,dataset_complete/cacao_diseases/cacao_photos/healthy/healthy_3031.jpg,0,d641d3962f4417ca019109af977eddec,863ad8a0237e36be,cache_256/dataset_complete/cacao_diseases/cacao_photos/healthy/healthy_3031.png,A,no_usada,sana,3031
3589,dataset_complete/cacao_diseases/cacao_photos/healthy/healthy_3032.jpg,0,70057044cca400414a0938ce8ac9fb1a,974a4b6da1a75456,cache_256/dataset_complete/cacao_diseases/cacao_photos/healthy/healthy_3032.png,A,no_usada,sana,3032
3590,dataset_complete/cacao_diseases/cacao_photos/healthy/healthy_3033.jpg,0,50590fe1fb6ef74949cca0baae8b404a,c95d2f6320f05bd8,cache_256/dataset_complete/cacao_diseases/cacao_photos/healthy/healthy_3033.png,A,no_usada,sana,3033
3591,dataset_complete/cacao_diseases/cacao_photos/healthy/healthy_3034.jpg,0,badb624a1150d15a9d30c6267ab60787,93b3bcb7682e4322,cache_256/dataset_complete/cacao_diseases/cacao_photos/healthy/healthy_3034.png,A,no_usada,sana,3034
3592,dataset_complete/cacao_diseases/cacao_photos/healthy/healthy_3035.jpg,0,e59635819b4e8cf5a2e19bc085365985,8bb03f338cf6b811,cache_256/dataset_complete/cacao_diseases/cacao_photos/healthy/healthy_3035.png,A,no_usada,sana,3035
3593,dataset_complete/cacao_diseases/cacao_photos/healthy/healthy_3036.jpg,0,3efe4256efdcd22dd78e08a48f39128d,99317926bc5c7ab0,cache_256/dataset_complete/cacao_diseases/cacao_photos/healthy/healthy_3036.png,A,no_usada,sana,3036
3594,dataset_complete/cacao_diseases/cacao_photos/healthy/healthy_3037.jpg,0,e40988b126828cfd071e1ffa040a3b01,f2f15956796a4aa0,cache_256/dataset_complete/cacao_diseases/cacao_photos/healthy/healthy_3037.png,A,no_usada,sana,3037
3595,dataset_complete/cacao_diseases/cacao_photos/healthy/healthy_3038.jpg,0,7f82b59e88b0a3e3bfb36942644186b4,db8d98321b74f125,cache_256/dataset_complete/cacao_diseases/cacao_photos/healthy/healthy_3038.png,A,no_usada,sana,3038
3596,dataset_complete/cacao_diseases/cacao_photos/healthy/healthy_3039.jpg,0,0b5e3aeaabd6e15830e92050da2265ac,dbe92c67263c1c98,cache_256/dataset_complete/cacao_diseases/cacao_photos/healthy/healthy_3039.png,A,no_usada,sana,3039
3597,dataset_complete/cacao_diseases/cacao_photos/healthy/healthy_304.jpg,0,c313d2f9ef71dd954deb9a9970a43721,c6470b3de1723716,cache_256/dataset_complete/cacao_diseases/cacao_photos/healthy/healthy_304.png,A,no_usada,sana,304
3598,dataset_complete/cacao_diseases/cacao_photos/healthy/healthy_3040.jpg,0,a1141cb7834b917ac48084994c8db589,93acdc746c417c0f,cache_256/dataset_complete/cacao_diseases/cacao_photos/healthy/healthy_3040.png,A,no_usada,sana,3040
3599,dataset_complete/cacao_diseases/cacao_photos/healthy/healthy_3041.jpg,0,2ef53e32fa264f237c6abbc3a462f0d4,f3c64c6be4a42a65,cache_256/dataset_complete/cacao_diseases/cacao_photos/healthy/healthy_3041.png,A,no_usada,sana,3041
3600,dataset_complete/cacao_diseases/cacao_photos/healthy/healthy_3042.jpg,0,015adb07a59e571f11a186efca807094,ecfdf83a50702147,cache_256/dataset_complete/cacao_diseases/cacao_photos/healthy/healthy_3042.png,A,no_usada,sana,3042
3601,dataset_complete/cacao_diseases/cacao_photos/healthy/healthy_3043.jpg,0,8fff9bcaeee1ead9b1c7fdacabd013fd,c74c1e6115f1e13b,cache_256/dataset_complete/cacao_diseases/cacao_photos/healthy/healthy_3043.png,A,no_usada,sana,3043
3602,dataset_complete/cacao_diseases/cacao_photos/healthy/healthy_3044.jpg,0,ea887715b07d84910ad2c57067055410,ccedf5068bd8411b,cache_256/dataset_complete/cacao_diseases/cacao_photos/healthy/healthy_3044.png,A,no_usada,sana,3044
3603,dataset_complete/cacao_diseases/cacao_photos/healthy/healthy_3045.jpg,0,1834445ac4ed51db818a41c2d02c1416,99ac6d5c575b6428,cache_256/dataset_complete/cacao_diseases/cacao_photos/healthy/healthy_3045.png,A,no_usada,sana,3045
3604,dataset_complete/cacao_diseases/cacao_photos/healthy/healthy_3046.jpg,0,39b868af2624244928cfaa5f536b5490,96cd8da4acb2b2b2,cache_256/dataset_complete/cacao_diseases/cacao_photos/healthy/healthy_3046.png,A,no_usada,sana,3046
3605,dataset_complete/cacao_diseases/cacao_photos/healthy/healthy_3047.jpg,0,7f3e8f73600209f4ab09e37b278d9359,e7e2a9fc9450d950,cache_256/dataset_complete/cacao_diseases/cacao_photos/healthy/healthy_3047.png,A,no_usada,sana,3047
3606,dataset_complete/cacao_diseases/cacao_photos/healthy/healthy_3048.jpg,0,34348dc2e5d9f4f353af732cd4834165,cb6826b71b33e1e0,cache_256/dataset_complete/cacao_diseases/cacao_photos/healthy/healthy_3048.png,A,no_usada,sana,3048
3607,dataset_complete/cacao_diseases/cacao_photos/healthy/healthy_3049.jpg,0,03f9fd6ecb79d52820a86688ab522ee0,f66d49e2ec026c3c,cache_256/dataset_complete/cacao_diseases/cacao_photos/healthy/healthy_3049.png,A,no_usada,sana,3049
3608,dataset_complete/cacao_diseases/cacao_photos/healthy/healthy_305.jpg,0,2a151f2de2c0312bf406c94604282d15,c666e868a9be30cb,cache_256/dataset_complete/cacao_diseases/cacao_photos/healthy/healthy_305.png,A,no_usada,sana,305
3609,dataset_complete/cacao_diseases/cacao_photos/healthy/healthy_3050.jpg,0,4369d4ec330cba81c43ca99c7884ac9a,b8ed33296511e8e5,cache_256/dataset_complete/cacao_diseases/cacao_photos/healthy/healthy_3050.png,A,no_usada,sana,3050
3610,dataset_complete/cacao_diseases/cacao_photos/healthy/healthy_3051.jpg,0,6712586c313df3ed6f552e7d57f1b91f,b778c32720634b5e,cache_256/dataset_complete/cacao_diseases/cacao_photos/healthy/healthy_3051.png,A,no_usada,sana,3051
3611,dataset_complete/cacao_diseases/cacao_photos/healthy/healthy_3052.jpg,0,9b152801353b42d4af53cc13db439f40,a30ad83e59ba0dda,cache_256/dataset_complete/cacao_diseases/cacao_photos/healthy/healthy_3052.png,A,no_usada,sana,3052
3612,dataset_complete/cacao_diseases/cacao_photos/healthy/healthy_3053.jpg,0,151c358070ea3d64746333de0e6b0ffa,a4db8ce1ad68514f,cache_256/dataset_complete/cacao_diseases/cacao_photos/healthy/healthy_3053.png,A,no_usada,sana,3053
3613,dataset_complete/cacao_diseases/cacao_photos/healthy/healthy_3054.jpg,0,78d83b8c66f08e43864ff95d46bae6b3,a386580b09cd5bfd,cache_256/dataset_complete/cacao_diseases/cacao_photos/healthy/healthy_3054.png,A,no_usada,sana,3054
3614,dataset_complete/cacao_diseases/cacao_photos/healthy/healthy_3055.jpg,0,465776d2541f08cf8c85db3cbb2df8c2,c38ede83090f16bd,cache_256/dataset_complete/cacao_diseases/cacao_photos/healthy/healthy_3055.png,A,no_usada,sana,3055
3615,dataset_complete/cacao_diseases/cacao_photos/healthy/healthy_3056.jpg,0,18c4394d16d90e92d310205083b458d3,c2bc1f647b48cb89,cache_256/dataset_complete/cacao_diseases/cacao_photos/healthy/healthy_3056.png,A,no_usada,sana,3056
3616,dataset_complete/cacao_diseases/cacao_photos/healthy/healthy_3057.jpg,0,647452948c7b6e91f4cea1606b4a7393,9ee9ec222536707a,cache_256/dataset_complete/cacao_diseases/cacao_photos/healthy/healthy_3057.png,A,no_usada,sana,3057
3617,dataset_complete/cacao_diseases/cacao_photos/healthy/healthy_3058.jpg,0,72394a0d401e5cd1f0256f26593765dd,f34648613c2a37f6,cache_256/dataset_complete/cacao_diseases/cacao_photos/healthy/healthy_3058.png,A,no_usada,sana,3058
3618,dataset_complete/cacao_diseases/cacao_photos/healthy/healthy_3059.jpg,0,c101361ed89f895e8a2de4cc29e3bb65,9f8d8cb69c345961,cache_256/dataset_complete/cacao_diseases/cacao_photos/healthy/healthy_3059.png,A,no_usada,sana,3059
3619,dataset_complete/cacao_diseases/cacao_photos/healthy/healthy_306.jpg,0,a73943ef7470198b185925e57306906f,e639185671e6e3e0,cache_256/dataset_complete/cacao_diseases/cacao_photos/healthy/healthy_306.png,A,no_usada,sana,306
3620,dataset_complete/cacao_diseases/cacao_photos/healthy/healthy_3060.jpg,0,f2d164494cf27168463e86f1569919a8,aefa4911da58d465,cache_256/dataset_complete/cacao_diseases/cacao_photos/healthy/healthy_3060.png,A,no_usada,sana,3060
3621,dataset_complete/cacao_diseases/cacao_photos/healthy/healthy_3061.jpg,0,22e7088398202c6278014c0842085e36,9abc80e1637f66d0,cache_256/dataset_complete/cacao_diseases/cacao_photos/healthy/healthy_3061.png,A,no_usada,sana,3061
3622,dataset_complete/cacao_diseases/cacao_photos/healthy/healthy_3062.jpg,0,77c43dec3e4320fa61187793accf2b1c,ee5fbc7052115263,cache_256/dataset_complete/cacao_diseases/cacao_photos/healthy/healthy_3062.png,A,no_usada,sana,3062
3623,dataset_complete/cacao_diseases/cacao_photos/healthy/healthy_3063.jpg,0,050af553b9433ad473293f216c8d464f,e2fdc2033ce2aba1,cache_256/dataset_complete/cacao_diseases/cacao_photos/healthy/healthy_3063.png,A,no_usada,sana,3063
3624,dataset_complete/cacao_diseases/cacao_photos/healthy/healthy_3064.jpg,0,3dc6e158ee801321cce1a7634477c1ee,b8961d566661662f,cache_256/dataset_complete/cacao_diseases/cacao_photos/healthy/healthy_3064.png,A,no_usada,sana,3064
3625,dataset_complete/cacao_diseases/cacao_photos/healthy/healthy_3065.jpg,0,c2bbb0b905af670016f77c0e1a810b70,e5cc4bf3f10d0507,cache_256/dataset_complete/cacao_diseases/cacao_photos/healthy/healthy_3065.png,A,no_usada,sana,3065
3626,dataset_complete/cacao_diseases/cacao_photos/healthy/healthy_3066.jpg,0,86006f243d7d79bab9e0103dfe7b9a54,cc8858b77363e0b6,cache_256/dataset_complete/cacao_diseases/cacao_photos/healthy/healthy_3066.png,A,no_usada,sana,3066
3627,dataset_complete/cacao_diseases/cacao_photos/healthy/healthy_3067.jpg,0,56b3cd9ef085b43c1336eca27e9cdacb,b78d6874f422d6a2,cache_256/dataset_complete/cacao_diseases/cacao_photos/healthy/healthy_3067.png,A,no_usada,sana,3067
3628,dataset_complete/cacao_diseases/cacao_photos/healthy/healthy_3068.jpg,0,70ce2491a8058df03058a99ee2c21878,bacfc1e2d1f27300,cache_256/dataset_complete/cacao_diseases/cacao_photos/healthy/healthy_3068.png,A,no_usada,sana,3068
3629,dataset_complete/cacao_diseases/cacao_photos/healthy/healthy_3069.jpg,0,011abe0b9a754ca490387a6c92c6bc9d,a69cd9313b6226a7,cache_256/dataset_complete/cacao_diseases/cacao_photos/healthy/healthy_3069.png,A,no_usada,sana,3069
3630,dataset_complete/cacao_diseases/cacao_photos/healthy/healthy_307.jpg,0,2e6ffc963b0a7a7a5d579fa153fea8e3,f65c58622d2f259c,cache_256/dataset_complete/cacao_diseases/cacao_photos/healthy/healthy_307.png,A,no_usada,sana,307
3631,dataset_complete/cacao_diseases/cacao_photos/healthy/healthy_3070.jpg,0,1b2e3e3346df5e001f56754813ab11e5,c9a9aebfc09c3688,cache_256/dataset_complete/cacao_diseases/cacao_photos/healthy/healthy_3070.png,A,no_usada,sana,3070
3632,dataset_complete/cacao_diseases/cacao_photos/healthy/healthy_3071.jpg,0,bbbebb25dff5fc420c6d1881f6195578,dfc2c9fdac09c8c0,cache_256/dataset_complete/cacao_diseases/cacao_photos/healthy/healthy_3071.png,A,no_usada,sana,3071
3633,dataset_complete/cacao_diseases/cacao_photos/healthy/healthy_3072.jpg,0,dd97547a761369159f6be0874ad698f0,ca8cbcf038f9a781,cache_256/dataset_complete/cacao_diseases/cacao_photos/healthy/healthy_3072.png,A,no_usada,sana,3072
3634,dataset_complete/cacao_diseases/cacao_photos/healthy/healthy_3073.jpg,0,a352145d0caba743c842e13c5f2f0364,adcac7b77170209a,cache_256/dataset_complete/cacao_diseases/cacao_photos/healthy/healthy_3073.png,A,no_usada,sana,3073
3635,dataset_complete/cacao_diseases/cacao_photos/healthy/healthy_3074.jpg,0,027a33fe37bd39f69659fb133d4f544b,c90c31b61cb33b1f,cache_256/dataset_complete/cacao_diseases/cacao_photos/healthy/healthy_3074.png,A,no_usada,sana,3074
3636,dataset_complete/cacao_diseases/cacao_photos/healthy/healthy_3075.jpg,0,86fb99911a732cfae9a883231ea394cb,8cf8dc87eb1b240e,cache_256/dataset_complete/cacao_diseases/cacao_photos/healthy/healthy_3075.png,A,no_usada,sana,3075
3637,dataset_complete/cacao_diseases/cacao_photos/healthy/healthy_3076.jpg,0,70210e7c70ffae35c69495e2d61b8295,d7cccc722b412d6a,cache_256/dataset_complete/cacao_diseases/cacao_photos/healthy/healthy_3076.png,A,no_usada,sana,3076
3638,dataset_complete/cacao_diseases/cacao_photos/healthy/healthy_3077.jpg,0,7b8ea7b3708a1cbb5805682e4ec8a84c,d1ec0d326672c35d,cache_256/dataset_complete/cacao_diseases/cacao_photos/healthy/healthy_3077.png,A,no_usada,sana,3077
3639,dataset_complete/cacao_diseases/cacao_photos/healthy/healthy_3078.jpg,0,ac31bf8c337a834ef72a06420d39c9be,edb3187331d136e0,cache_256/dataset_complete/cacao_diseases/cacao_photos/healthy/healthy_3078.png,A,no_usada,sana,3078
3640,dataset_complete/cacao_diseases/cacao_photos/healthy/healthy_3079.jpg,0,bfa940680099842d46a7bae1b6b33e72,a6b4564a315fb338,cache_256/dataset_complete/cacao_diseases/cacao_photos/healthy/healthy_3079.png,A,no_usada,sana,3079
3641,dataset_complete/cacao_diseases/cacao_photos/healthy/healthy_308.jpg,0,a8e9e35870b130658dfd487baec641d7,c6301d33615df38d,cache_256/dataset_complete/cacao_diseases/cacao_photos/healthy/healthy_308.png,A,no_usada,sana,308
3642,dataset_complete/cacao_diseases/cacao_photos/healthy/healthy_3080.jpg,0,23a7c1009b6acaa9ee86b96edfd13bc7,d71e8d7b0625f403,cache_256/dataset_complete/cacao_diseases/cacao_photos/healthy/healthy_3080.png,A,no_usada,sana,3080
3643,dataset_complete/cacao_diseases/cacao_photos/healthy/healthy_3081.jpg,0,8e993dacac763deb55319f63abd2219f,905d6b6e7584b21e,cache_256/dataset_complete/cacao_diseases/cacao_photos/healthy/healthy_3081.png,A,no_usada,sana,3081
3644,dataset_complete/cacao_diseases/cacao_photos/healthy/healthy_3082.jpg,0,f81a2af75fc6cc12a705b0ed55d59993,afb88953b0e6a1c3,cache_256/dataset_complete/cacao_diseases/cacao_photos/healthy/healthy_3082.png,A,no_usada,sana,3082
3645,dataset_complete/cacao_diseases/cacao_photos/healthy/healthy_309.jpg,0,54105ee17d21e72a338039288c1cc661,e141f8720bf3a33c,cache_256/dataset_complete/cacao_diseases/cacao_photos/healthy/healthy_309.png,A,no_usada,sana,309
3646,dataset_complete/cacao_diseases/cacao_photos/healthy/healthy_310.jpg,0,f5448768f6305b227ec8f9a0ea691b5e,f1e63437521a8acd,cache_256/dataset_complete/cacao_diseases/cacao_photos/healthy/healthy_310.png,A,no_usada,sana,310
3647,dataset_complete/cacao_diseases/cacao_photos/healthy/healthy_311.jpg,0,aa76c58cca93b4fe7b1391032e15829e,ebbc06e22c574be0,cache_256/dataset_complete/cacao_diseases/cacao_photos/healthy/healthy_311.png,A,no_usada,sana,311
3648,dataset_complete/cacao_diseases/cacao_photos/healthy/healthy_312.jpg,0,d8fbd9a8696ef0a103b448d485a492ed,83a2ec656e786378,cache_256/dataset_complete/cacao_diseases/cacao_photos/healthy/healthy_312.png,A,no_usada,sana,312
3649,dataset_complete/cacao_diseases/cacao_photos/healthy/healthy_313.jpg,0,0aa326d76d6b038cc56364c8ee5cd962,9a4fac64d5a15437,cache_256/dataset_complete/cacao_diseases/cacao_photos/healthy/healthy_313.png,A,no_usada,sana,313
3650,dataset_complete/cacao_diseases/cacao_photos/healthy/healthy_314.jpg,0,fbfcf87a1b72e8edf001ebb90cb1f5ef,ede23630f3b54618,cache_256/dataset_complete/cacao_diseases/cacao_photos/healthy/healthy_314.png,A,no_usada,sana,314
3651,dataset_complete/cacao_diseases/cacao_photos/healthy/healthy_315.jpg,0,8311b5454c26ec9c2bfe75d31b670ce5,ccbb23a1e2a8de4c,cache_256/dataset_complete/cacao_diseases/cacao_photos/healthy/healthy_315.png,A,no_usada,sana,315
3652,dataset_complete/cacao_diseases/cacao_photos/healthy/healthy_316.jpg,0,ae1259fe2b09913a0aa45639d95b3218,acef270793d6184c,cache_256/dataset_complete/cacao_diseases/cacao_photos/healthy/healthy_316.png,A,no_usada,sana,316
3653,dataset_complete/cacao_diseases/cacao_photos/healthy/healthy_3167.jpg,0,1c8ac596a387f5c9add76a1f964acd63,8e58f9214137bcf2,cache_256/dataset_complete/cacao_diseases/cacao_photos/healthy/healthy_3167.png,A,no_usada,sana,3167
3654,dataset_complete/cacao_diseases/cacao_photos/healthy/healthy_3168.jpg,0,fa552ef95787e8ef0ad9b12e48e2addb,e3ac95362152f2e3,cache_256/dataset_complete/cacao_diseases/cacao_photos/healthy/healthy_3168.png,A,no_usada,sana,3168
3655,dataset_complete/cacao_diseases/cacao_photos/healthy/healthy_3169.jpg,0,893036eb397a6af55f2b88c15169f0bc,cddc78217343da98,cache_256/dataset_complete/cacao_diseases/cacao_photos/healthy/healthy_3169.png,A,no_usada,sana,3169
3656,dataset_complete/cacao_diseases/cacao_photos/healthy/healthy_317.jpg,0,84b53daaadce6f6c9868fc12810ec2f4,b52c09e3e9ae12dc,cache_256/dataset_complete/cacao_diseases/cacao_photos/healthy/healthy_317.png,A,no_usada,sana,317
3657,dataset_complete/cacao_diseases/cacao_photos/healthy/healthy_3170.jpg,0,62189a1a6797945f376f905448bba918,cc431eb770586a79,cache_256/dataset_complete/cacao_diseases/cacao_photos/healthy/healthy_3170.png,A,no_usada,sana,3170
3658,dataset_complete/cacao_diseases/cacao_photos/healthy/healthy_3171.jpg,0,14ed49a774d060a8912f88a6c45e3a40,dcd1042e63b772a3,cache_256/dataset_complete/cacao_diseases/cacao_photos/healthy/healthy_3171.png,A,no_usada,sana,3171
3659,dataset_complete/cacao_diseases/cacao_photos/healthy/healthy_3172.jpg,0,54b23161ff359b4a34153cf177eea728,e4c92f71706561a7,cache_256/dataset_complete/cacao_diseases/cacao_photos/healthy/healthy_3172.png,A,no_usada,sana,3172
3660,dataset_complete/cacao_diseases/cacao_photos/healthy/healthy_3173.jpg,0,e51f9f993bd181877c526d8450a8b358,fa1b9b6b21862c56,cache_256/dataset_complete/cacao_diseases/cacao_photos/healthy/healthy_3173.png,A,no_usada,sana,3173
3661,dataset_complete/cacao_diseases/cacao_photos/healthy/healthy_3174.jpg,0,2270a9bd6e171858e87bc47f145ca7a0,dacd1fe460063c76,cache_256/dataset_complete/cacao_diseases/cacao_photos/healthy/healthy_3174.png,A,no_usada,sana,3174
3662,dataset_complete/cacao_diseases/cacao_photos/healthy/healthy_3175.jpg,0,8c2fcc1d33222f8a0e27eb45fb14e793,a6a60f0e3ff42435,cache_256/dataset_complete/cacao_diseases/cacao_photos/healthy/healthy_3175.png,A,no_usada,sana,3175
3663,dataset_complete/cacao_diseases/cacao_photos/healthy/healthy_3176.jpg,0,727847da910d98f2147c9f2e8b35717e,e4781816bd93ac8f,cache_256/dataset_complete/cacao_diseases/cacao_photos/healthy/healthy_3176.png,A,no_usada,sana,3176
3664,dataset_complete/cacao_diseases/cacao_photos/healthy/healthy_3177.jpg,0,e002ec41094f46780a3b683645319bbd,a7e44c687c7033b3,cache_256/dataset_complete/cacao_diseases/cacao_photos/healthy/healthy_3177.png,A,no_usada,sana,3177
3665,dataset_complete/cacao_diseases/cacao_photos/healthy/healthy_3178.jpg,0,96b7975e34b6fcbc3a399c7af994a867,f06cb823f617da81,cache_256/dataset_complete/cacao_diseases/cacao_photos/healthy/healthy_3178.png,A,no_usada,sana,3178
3666,dataset_complete/cacao_diseases/cacao_photos/healthy/healthy_3179.jpg,0,3cb787a653128a26d46716896f7afbd9,86c8a4616727fcf2,cache_256/dataset_complete/cacao_diseases/cacao_photos/healthy/healthy_3179.png,A,no_usada,sana,3179
3667,dataset_complete/cacao_diseases/cacao_photos/healthy/healthy_318.jpg,0,635b789f80beda8fbf8f25b867b82c4a,b27b990243b277d4,cache_256/dataset_complete/cacao_diseases/cacao_photos/healthy/healthy_318.png,A,no_usada,sana,318
3668,dataset_complete/cacao_diseases/cacao_photos/healthy/healthy_3180.jpg,0,07ba2048d72c287e6ea957f848413bc0,e25a5df329692265,cache_256/dataset_complete/cacao_diseases/cacao_photos/healthy/healthy_3180.png,A,no_usada,sana,3180
3669,dataset_complete/cacao_diseases/cacao_photos/healthy/healthy_3181.jpg,0,9b00ea019c11268564c2717578abc2e2,ceed3c323a3121bc,cache_256/dataset_complete/cacao_diseases/cacao_photos/healthy/healthy_3181.png,A,no_usada,sana,3181
3670,dataset_complete/cacao_diseases/cacao_photos/healthy/healthy_3182.jpg,0,0ddb4401b7f9ebde40739b5aa71c12e0,9dbda562616b6192,cache_256/dataset_complete/cacao_diseases/cacao_photos/healthy/healthy_3182.png,A,no_usada,sana,3182
3671,dataset_complete/cacao_diseases/cacao_photos/healthy/healthy_3183.jpg,0,b59e8ccfc22fcb48f9269c190e0e199b,92190f47e4be3e58,cache_256/dataset_complete/cacao_diseases/cacao_photos/healthy/healthy_3183.png,A,no_usada,sana,3183
3672,dataset_complete/cacao_diseases/cacao_photos/healthy/healthy_3184.jpg,0,f236ec2a80c764fdc655d1160b0d2991,8f4ab42c5ca5755a,cache_256/dataset_complete/cacao_diseases/cacao_photos/healthy/healthy_3184.png,A,no_usada,sana,3184
3673,dataset_complete/cacao_diseases/cacao_photos/healthy/healthy_3185.jpg,0,1af696b4002baf2eb5dc0f3b5031271b,cb4e71e9760aa513,cache_256/dataset_complete/cacao_diseases/cacao_photos/healthy/healthy_3185.png,A,no_usada,sana,3185
3674,dataset_complete/cacao_diseases/cacao_photos/healthy/healthy_3186.jpg,0,c59555f76bf0a00a6072bc6291d5bfd9,cef2bc2a03d0551f,cache_256/dataset_complete/cacao_diseases/cacao_photos/healthy/healthy_3186.png,A,no_usada,sana,3186
3675,dataset_complete/cacao_diseases/cacao_photos/healthy/healthy_3187.jpg,0,3bf0a84c8b2d82e76de0e68db75ab83e,dc9f711b23b18742,cache_256/dataset_complete/cacao_diseases/cacao_photos/healthy/healthy_3187.png,A,no_usada,sana,3187
3676,dataset_complete/cacao_diseases/cacao_photos/healthy/healthy_3188.jpg,0,453896c1547b8fc9c7c3333da0ca92c4,c3864b48f45b655b,cache_256/dataset_complete/cacao_diseases/cacao_photos/healthy/healthy_3188.png,A,no_usada,sana,3188
3677,dataset_complete/cacao_diseases/cacao_photos/healthy/healthy_3189.jpg,0,19cffaf8b03ebba7f103c92ac8b12457,9b64cc0e6f24f352,cache_256/dataset_complete/cacao_diseases/cacao_photos/healthy/healthy_3189.png,A,no_usada,sana,3189
3678,dataset_complete/cacao_diseases/cacao_photos/healthy/healthy_319.jpg,0,b5bfbd2b22e30a38f88eb9715d047f38,df6509350cdd8d83,cache_256/dataset_complete/cacao_diseases/cacao_photos/healthy/healthy_319.png,A,no_usada,sana,319
3679,dataset_complete/cacao_diseases/cacao_photos/healthy/healthy_3190.jpg,0,761fa52d3227f9729b7ad7904367f780,dcb9276c660e17b0,cache_256/dataset_complete/cacao_diseases/cacao_photos/healthy/healthy_3190.png,A,no_usada,sana,3190
3680,dataset_complete/cacao_diseases/cacao_photos/healthy/healthy_3191.jpg,0,3947246b20c5ac751d303eaeb1ed4e3e,f26a6d647413a2f1,cache_256/dataset_complete/cacao_diseases/cacao_photos/healthy/healthy_3191.png,A,no_usada,sana,3191
3681,dataset_complete/cacao_diseases/cacao_photos/healthy/healthy_3192.jpg,0,c33be95507b24a7a6e10f57a05d17745,8d977425069b1ecd,cache_256/dataset_complete/cacao_diseases/cacao_photos/healthy/healthy_3192.png,A,no_usada,sana,3192
3682,dataset_complete/cacao_diseases/cacao_photos/healthy/healthy_3193.jpg,0,478bfc7a900cbbd692872e579cd98dca,ccec28f3f14a49ac,cache_256/dataset_complete/cacao_diseases/cacao_photos/healthy/healthy_3193.png,A,no_usada,sana,3193
3683,dataset_complete/cacao_diseases/cacao_photos/healthy/healthy_3194.jpg,0,97431f5094134ee871e6dde104004ce8,e28cdbb28b1708eb,cache_256/dataset_complete/cacao_diseases/cacao_photos/healthy/healthy_3194.png,A,no_usada,sana,3194
3684,dataset_complete/cacao_diseases/cacao_photos/healthy/healthy_3195.jpg,0,99c5a80dfab04ec3698c315cbe6315d5,8d1a342d6e22e5e7,cache_256/dataset_complete/cacao_diseases/cacao_photos/healthy/healthy_3195.png,A,no_usada,sana,3195
3685,dataset_complete/cacao_diseases/cacao_photos/healthy/healthy_3196.jpg,0,efadb8846a461eb30e3fab826778c236,f0883e7e370aa987,cache_256/dataset_complete/cacao_diseases/cacao_photos/healthy/healthy_3196.png,A,no_usada,sana,3196
3686,dataset_complete/cacao_diseases/cacao_photos/healthy/healthy_3197.jpg,0,b1929988e7e0ff3f52858766d054f095,eb8cc8151963b1f5,cache_256/dataset_complete/cacao_diseases/cacao_photos/healthy/healthy_3197.png,A,no_usada,sana,3197
3687,dataset_complete/cacao_diseases/cacao_photos/healthy/healthy_3198.jpg,0,45ed57d6798fe9ab1e1fb194a3bfe3d6,d1688417321f3ff1,cache_256/dataset_complete/cacao_diseases/cacao_photos/healthy/healthy_3198.png,A,no_usada,sana,3198
3688,dataset_complete/cacao_diseases/cacao_photos/healthy/healthy_3199.jpg,0,3499b2002ccf4012fec7a099bf430402,e3590d2d78b470e3,cache_256/dataset_complete/cacao_diseases/cacao_photos/healthy/healthy_3199.png,A,no_usada,sana,3199
3689,dataset_complete/cacao_diseases/cacao_photos/healthy/healthy_320.jpg,0,86584f377935c25cf1810ebd8c6f53a0,f34c0d724a764cf4,cache_256/dataset_complete/cacao_diseases/cacao_photos/healthy/healthy_320.png,A,no_usada,sana,320
3690,dataset_complete/cacao_diseases/cacao_photos/healthy/healthy_3200.jpg,0,9c932ad57ca5030dfac68656d81ae24e,c94d1d7cb102d39b,cache_256/dataset_complete/cacao_diseases/cacao_photos/healthy/healthy_3200.png,A,no_usada,sana,3200
3691,dataset_complete/cacao_diseases/cacao_photos/healthy/healthy_3201.jpg,0,821a510763c9cd88c866069e5ba55426,a3924f7403663fe2,cache_256/dataset_complete/cacao_diseases/cacao_photos/healthy/healthy_3201.png,A,no_usada,sana,3201
3692,dataset_complete/cacao_diseases/cacao_photos/healthy/healthy_3202.jpg,0,d1ae89024f74512c8b8f46b9753dc8c5,da685c7c2d03f19a,cache_256/dataset_complete/cacao_diseases/cacao_photos/healthy/healthy_3202.png,A,no_usada,sana,3202
3693,dataset_complete/cacao_diseases/cacao_photos/healthy/healthy_3203.jpg,0,b99dcc507712951ba4a697e01504b5a3,c90a463f3d79234e,cache_256/dataset_complete/cacao_diseases/cacao_photos/healthy/healthy_3203.png,A,no_usada,sana,3203
3694,dataset_complete/cacao_diseases/cacao_photos/healthy/healthy_3204.jpg,0,c0a0ed172e236a0ffd7a11f60f08f18e,a5498aab89bdd15a,cache_256/dataset_complete/cacao_diseases/cacao_photos/healthy/healthy_3204.png,A,no_usada,sana,3204
3695,dataset_complete/cacao_diseases/cacao_photos/healthy/healthy_3205.jpg,0,18e922202b9046acb5397d5acfc9ceda,969dc07dd5726894,cache_256/dataset_complete/cacao_diseases/cacao_photos/healthy/healthy_3205.png,A,no_usada,sana,3205
3696,dataset_complete/cacao_diseases/cacao_photos/healthy/healthy_3206.jpg,0,e2994fff2a998aafa6c40c897cdfe552,b2b0c9b76d5236a1,cache_256/dataset_complete/cacao_diseases/cacao_photos/healthy/healthy_3206.png,A,no_usada,sana,3206
3697,dataset_complete/cacao_diseases/cacao_photos/healthy/healthy_3207.jpg,0,08a5c9e5e75d28acb17d554bb84b6517,d0bc120eefc73853,cache_256/dataset_complete/cacao_diseases/cacao_photos/healthy/healthy_3207.png,A,no_usada,sana,3207
3698,dataset_complete/cacao_diseases/cacao_photos/healthy/healthy_3208.jpg,0,1cde676aafeb94956f2e4585b80d1fb0,c2a132377b6765a4,cache_256/dataset_complete/cacao_diseases/cacao_photos/healthy/healthy_3208.png,A,no_usada,sana,3208
3699,dataset_complete/cacao_diseases/cacao_photos/healthy/healthy_3209.jpg,0,5515eb68ae44accc3212b60231444db3,d86f6107671b2731,cache_256/dataset_complete/cacao_diseases/cacao_photos/healthy/healthy_3209.png,A,no_usada,sana,3209
3700,dataset_complete/cacao_diseases/cacao_photos/healthy/healthy_321.jpg,0,7cdb3b745b456ebe3bb8235e2afbdbb2,c36e7c351b070d9c,cache_256/dataset_complete/cacao_diseases/cacao_photos/healthy/healthy_321.png,A,no_usada,sana,321
3701,dataset_complete/cacao_diseases/cacao_photos/healthy/healthy_3210.jpg,0,d7a38bcc77c84bb34c0938f5d73fdb25,bdc64c6cb858b8b4,cache_256/dataset_complete/cacao_diseases/cacao_photos/healthy/healthy_3210.png,A,no_usada,sana,3210
3702,dataset_complete/cacao_diseases/cacao_photos/healthy/healthy_3211.jpg,0,fbcfe5d66b44cdbb33c1fa81270f9234,8f748e0e8ae9f446,cache_256/dataset_complete/cacao_diseases/cacao_photos/healthy/healthy_3211.png,A,no_usada,sana,3211
3703,dataset_complete/cacao_diseases/cacao_photos/healthy/healthy_3212.jpg,0,a381f3eda1b4a4a009da62adba5b32f0,f2cc4c3a2ca8ad1f,cache_256/dataset_complete/cacao_diseases/cacao_photos/healthy/healthy_3212.png,A,no_usada,sana,3212
3704,dataset_complete/cacao_diseases/cacao_photos/healthy/healthy_3213.jpg,0,9bedc1ba79d568460f895b9c4b480459,ce8caca532337333,cache_256/dataset_complete/cacao_diseases/cacao_photos/healthy/healthy_3213.png,A,no_usada,sana,3213
3705,dataset_complete/cacao_diseases/cacao_photos/healthy/healthy_3214.jpg,0,1abf1869f10c0d62e50c7ccc8c8bdd2e,8fd98c7132723d70,cache_256/dataset_complete/cacao_diseases/cacao_photos/healthy/healthy_3214.png,A,no_usada,sana,3214
3706,dataset_complete/cacao_diseases/cacao_photos/healthy/healthy_3215.jpg,0,21c4b5d401cd46c71efc5236fa7752f6,ce4ccbf525077852,cache_256/dataset_complete/cacao_diseases/cacao_photos/healthy/healthy_3215.png,A,no_usada,sana,3215
3707,dataset_complete/cacao_diseases/cacao_photos/healthy/healthy_3216.jpg,0,09aea49556c4c08dfe857e077ff55781,cb585433153b7e86,cache_256/dataset_complete/cacao_diseases/cacao_photos/healthy/healthy_3216.png,A,no_usada,sana,3216
3708,dataset_complete/cacao_diseases/cacao_photos/healthy/healthy_3217.jpg,0,bd2ae97ad1f90e72f44caa7673ef1b52,e8d8bd365a2a2663,cache_256/dataset_complete/cacao_diseases/cacao_photos/healthy/healthy_3217.png,A,no_usada,sana,3217
3709,dataset_complete/cacao_diseases/cacao_photos/healthy/healthy_3218.jpg,0,aaef0f1e1eec30a80d5d014cc35cce07,d57e2c27371312c3,cache_256/dataset_complete/cacao_diseases/cacao_photos/healthy/healthy_3218.png,A,no_usada,sana,3218
3710,dataset_complete/cacao_diseases/cacao_photos/healthy/healthy_3219.jpg,0,52f3385a50f4e7890c3b6bdac61dbb4e,b5840eab566dba54,cache_256/dataset_complete/cacao_diseases/cacao_photos/healthy/healthy_3219.png,A,no_usada,sana,3219
3711,dataset_complete/cacao_diseases/cacao_photos/healthy/healthy_322.jpg,0,44e45b3023b3aa15c53f6de68ebd52e2,9e134c71749ee88d,cache_256/dataset_complete/cacao_diseases/cacao_photos/healthy/healthy_322.png,A,no_usada,sana,322
3712,dataset_complete/cacao_diseases/cacao_photos/healthy/healthy_3220.jpg,0,f61ca543389fbf30ca691cc321b63c90,8789cfe3c82bb0d1,cache_256/dataset_complete/cacao_diseases/cacao_photos/healthy/healthy_3220.png,A,no_usada,sana,3220
3713,dataset_complete/cacao_diseases/cacao_photos/healthy/healthy_3221.jpg,0,e6e4314c589116b3ee91c724d67fb23d,b0b149484d5f7f8c,cache_256/dataset_complete/cacao_diseases/cacao_photos/healthy/healthy_3221.png,A,no_usada,sana,3221
3714,dataset_complete/cacao_diseases/cacao_photos/healthy/healthy_3222.jpg,0,0f11b54fcf4d64622054eeb24c2116fd,c9e4e432b572e82b,cache_256/dataset_complete/cacao_diseases/cacao_photos/healthy/healthy_3222.png,A,no_usada,sana,3222
3715,dataset_complete/cacao_diseases/cacao_photos/healthy/healthy_3223.jpg,0,f2cddce2232f381ab1b63dab04032fe2,df161c603266339f,cache_256/dataset_complete/cacao_diseases/cacao_photos/healthy/healthy_3223.png,A,no_usada,sana,3223
3716,dataset_complete/cacao_diseases/cacao_photos/healthy/healthy_3224.jpg,0,8e482ffa71da6f642929f14161e219ae,832ccbf0d954d7d0,cache_256/dataset_complete/cacao_diseases/cacao_photos/healthy/healthy_3224.png,A,no_usada,sana,3224
3717,dataset_complete/cacao_diseases/cacao_photos/healthy/healthy_3225.jpg,0,c33b9bf17455e9a48b596ab45d484fa7,ae80d1f35532e176,cache_256/dataset_complete/cacao_diseases/cacao_photos/healthy/healthy_3225.png,A,no_usada,sana,3225
3718,dataset_complete/cacao_diseases/cacao_photos/healthy/healthy_3226.jpg,0,fec66b2e3cf69ae20c641db7885595b7,a7edac645a2a3163,cache_256/dataset_complete/cacao_diseases/cacao_photos/healthy/healthy_3226.png,A,no_usada,sana,3226
3719,dataset_complete/cacao_diseases/cacao_photos/healthy/healthy_3227.jpg,0,f01edb6c7e5497ebcae2d8e23bc90b18,d8fdf5208616d9b0,cache_256/dataset_complete/cacao_diseases/cacao_photos/healthy/healthy_3227.png,A,no_usada,sana,3227
3720,dataset_complete/cacao_diseases/cacao_photos/healthy/healthy_3228.jpg,0,598e6f365c19d0727bee858b8b2abc64,d4184f767e868e58,cache_256/dataset_complete/cacao_diseases/cacao_photos/healthy/healthy_3228.png,A,no_usada,sana,3228
3721,dataset_complete/cacao_diseases/cacao_photos/healthy/healthy_3229.jpg,0,91eac58c275768246f0a3f82a6eaf200,98cc4575ee3214b7,cache_256/dataset_complete/cacao_diseases/cacao_photos/healthy/healthy_3229.png,A,no_usada,sana,3229
3722,dataset_complete/cacao_diseases/cacao_photos/healthy/healthy_323.jpg,0,d48703cab3fd0dc596d203cb210e8ffb,f1b43c3b1d4d0cc5,cache_256/dataset_complete/cacao_diseases/cacao_photos/healthy/healthy_323.png,A,no_usada,sana,323
3723,dataset_complete/cacao_diseases/cacao_photos/healthy/healthy_3230.jpg,0,595a8c3b6d0a0d762125365842d015d5,c9c8e9a5f06bbe20,cache_256/dataset_complete/cacao_diseases/cacao_photos/healthy/healthy_3230.png,A,no_usada,sana,3230
3724,dataset_complete/cacao_diseases/cacao_photos/healthy/healthy_3231.jpg,0,8810905c889828c81c6fc37be503a04b,c5f688e87a1e6a52,cache_256/dataset_complete/cacao_diseases/cacao_photos/healthy/healthy_3231.png,A,no_usada,sana,3231
3725,dataset_complete/cacao_diseases/cacao_photos/healthy/healthy_3232.jpg,0,285fd31c333e2509b3dd36cd188422bb,ce0d6db8ea1c35c4,cache_256/dataset_complete/cacao_diseases/cacao_photos/healthy/healthy_3232.png,A,no_usada,sana,3232
3726,dataset_complete/cacao_diseases/cacao_photos/healthy/healthy_3233.jpg,0,06864fdb7762345ae196820cbc64417b,d75888233764267f,cache_256/dataset_complete/cacao_diseases/cacao_photos/healthy/healthy_3233.png,A,no_usada,sana,3233
3727,dataset_complete/cacao_diseases/cacao_photos/healthy/healthy_3234.jpg,0,60b5f8ff29194d9871b25578e022ebf8,9e147967e8c88cda,cache_256/dataset_complete/cacao_diseases/cacao_photos/healthy/healthy_3234.png,A,no_usada,sana,3234
3728,dataset_complete/cacao_diseases/cacao_photos/healthy/healthy_3235.jpg,0,0303671811ab128a07093621312c5713,a73ff8e0c578c049,cache_256/dataset_complete/cacao_diseases/cacao_photos/healthy/healthy_3235.png,A,no_usada,sana,3235
3729,dataset_complete/cacao_diseases/cacao_photos/healthy/healthy_3236.jpg,0,441d3e3e2f89b3bd5e92689fb0370931,f31b1a73e9e1a04a,cache_256/dataset_complete/cacao_diseases/cacao_photos/healthy/healthy_3236.png,A,no_usada,sana,3236
3730,dataset_complete/cacao_diseases/cacao_photos/healthy/healthy_3237.jpg,0,c369505c294c73b86d4e9f44b9797dcf,da9bda6c8c205e66,cache_256/dataset_complete/cacao_diseases/cacao_photos/healthy/healthy_3237.png,A,no_usada,sana,3237
3731,dataset_complete/cacao_diseases/cacao_photos/healthy/healthy_3238.jpg,0,9c1ecf97c95f07a31f8d110309c74dac,a435bf644aa7cd48,cache_256/dataset_complete/cacao_diseases/cacao_photos/healthy/healthy_3238.png,A,no_usada,sana,3238
3732,dataset_complete/cacao_diseases/cacao_photos/healthy/healthy_3239.jpg,0,be9c7a653ba4c805a8d7d6a5de7eff6f,f64849f3834ba572,cache_256/dataset_complete/cacao_diseases/cacao_photos/healthy/healthy_3239.png,A,no_usada,sana,3239
3733,dataset_complete/cacao_diseases/cacao_photos/healthy/healthy_324.jpg,0,cbb77c4553ce9d641b9a760d3d1e6172,f3f6954f054ab0a8,cache_256/dataset_complete/cacao_diseases/cacao_photos/healthy/healthy_324.png,A,no_usada,sana,324
3734,dataset_complete/cacao_diseases/cacao_photos/healthy/healthy_3240.jpg,0,6cb48e088a1df73b50dfae07514866ab,a5e70b1eece0e606,cache_256/dataset_complete/cacao_diseases/cacao_photos/healthy/healthy_3240.png,A,no_usada,sana,3240
3735,dataset_complete/cacao_diseases/cacao_photos/healthy/healthy_3241.jpg,0,73f9998efddf93167583ed5582e27f20,cc9d1c4f5941cad3,cache_256/dataset_complete/cacao_diseases/cacao_photos/healthy/healthy_3241.png,A,no_usada,sana,3241
3736,dataset_complete/cacao_diseases/cacao_photos/healthy/healthy_3242.jpg,0,3ae688a20407b89ebe78decc4224eb61,bca938340b66aa7e,cache_256/dataset_complete/cacao_diseases/cacao_photos/healthy/healthy_3242.png,A,no_usada,sana,3242
3737,dataset_complete/cacao_diseases/cacao_photos/healthy/healthy_3243.jpg,0,b2d22cc92082e53c65e16e54d471d103,851d5c38b0b657ab,cache_256/dataset_complete/cacao_diseases/cacao_photos/healthy/healthy_3243.png,A,no_usada,sana,3243
3738,dataset_complete/cacao_diseases/cacao_photos/healthy/healthy_3244.jpg,0,649d604570aef66f39f51f6149bda934,90b19bb6d629956a,cache_256/dataset_complete/cacao_diseases/cacao_photos/healthy/healthy_3244.png,A,no_usada,sana,3244
3739,dataset_complete/cacao_diseases/cacao_photos/healthy/healthy_3245.jpg,0,9ba7a7bbdd06654a59429b6250cd883d,e2f18b6b51361536,cache_256/dataset_complete/cacao_diseases/cacao_photos/healthy/healthy_3245.png,A,no_usada,sana,3245
3740,dataset_complete/cacao_diseases/cacao_photos/healthy/healthy_3246.jpg,0,099018c6c740b8ddd6bd9f239731e48b,e6a7de5a18a55a18,cache_256/dataset_complete/cacao_diseases/cacao_photos/healthy/healthy_3246.png,A,no_usada,sana,3246
3741,dataset_complete/cacao_diseases/cacao_photos/healthy/healthy_3247.jpg,0,9c3edba1a0bf1e255ac4dfd7749eccde,c0d1592933b477ec,cache_256/dataset_complete/cacao_diseases/cacao_photos/healthy/healthy_3247.png,A,no_usada,sana,3247
3742,dataset_complete/cacao_diseases/cacao_photos/healthy/healthy_3248.jpg,0,0abee32058c77205687c9ed762d88769,cc5c89e33cc69696,cache_256/dataset_complete/cacao_diseases/cacao_photos/healthy/healthy_3248.png,A,no_usada,sana,3248
3743,dataset_complete/cacao_diseases/cacao_photos/healthy/healthy_3249.jpg,0,6c1a07ae9ae243204d6a71b720c2b56c,a34b49adad763432,cache_256/dataset_complete/cacao_diseases/cacao_photos/healthy/healthy_3249.png,A,no_usada,sana,3249
3744,dataset_complete/cacao_diseases/cacao_photos/healthy/healthy_325.jpg,0,fcc67a7e86c207dca56673c189741d39,ea7065a607d88b2f,cache_256/dataset_complete/cacao_diseases/cacao_photos/healthy/healthy_325.png,A,no_usada,sana,325
3745,dataset_complete/cacao_diseases/cacao_photos/healthy/healthy_3250.jpg,0,bc2d8e4a113066f92a290a7eb1d009e3,e7cc587ae3a0361a,cache_256/dataset_complete/cacao_diseases/cacao_photos/healthy/healthy_3250.png,A,no_usada,sana,3250
3746,dataset_complete/cacao_diseases/cacao_photos/healthy/healthy_3251.jpg,0,e8504d3e8645b40e34cab301f402ac24,b2a47c722e3cac8e,cache_256/dataset_complete/cacao_diseases/cacao_photos/healthy/healthy_3251.png,A,no_usada,sana,3251
3747,dataset_complete/cacao_diseases/cacao_photos/healthy/healthy_3252.jpg,0,8f4349aea1add1cc3d2872680f30baa1,e60f4ae1bdb20536,cache_256/dataset_complete/cacao_diseases/cacao_photos/healthy/healthy_3252.png,A,no_usada,sana,3252
3748,dataset_complete/cacao_diseases/cacao_photos/healthy/healthy_3253.jpg,0,c9b74829e50f914bae7848fed6c3df11,9f8dec243af0b0e8,cache_256/dataset_complete/cacao_diseases/cacao_photos/healthy/healthy_3253.png,A,no_usada,sana,3253
3749,dataset_complete/cacao_diseases/cacao_photos/healthy/healthy_3254.jpg,0,d1965a352cbd54bb75393fd6f6c4c7df,c2d68d3c473bc2b1,cache_256/dataset_complete/cacao_diseases/cacao_photos/healthy/healthy_3254.png,A,no_usada,sana,3254
3750,dataset_complete/cacao_diseases/cacao_photos/healthy/healthy_3255.jpg,0,bf150dddb0b7f81d7392831ceb66a1b3,9e8c31b643e58e9c,cache_256/dataset_complete/cacao_diseases/cacao_photos/healthy/healthy_3255.png,A,no_usada,sana,3255
3751,dataset_complete/cacao_diseases/cacao_photos/healthy/healthy_3256.jpg,0,206bb11523ebee1631caf708846f2b99,9c86f90e93d29749,cache_256/dataset_complete/cacao_diseases/cacao_photos/healthy/healthy_3256.png,A,no_usada,sana,3256
3752,dataset_complete/cacao_diseases/cacao_photos/healthy/healthy_3257.jpg,0,47b1634916b1d552ca15896691711da2,ccd858e33e1f05e1,cache_256/dataset_complete/cacao_diseases/cacao_photos/healthy/healthy_3257.png,A,no_usada,sana,3257
3753,dataset_complete/cacao_diseases/cacao_photos/healthy/healthy_3258.jpg,0,964a3eabfd76cb2acae08221be16a352,9c1d8df6530bd258,cache_256/dataset_complete/cacao_diseases/cacao_photos/healthy/healthy_3258.png,A,no_usada,sana,3258
3754,dataset_complete/cacao_diseases/cacao_photos/healthy/healthy_3259.jpg,0,06bae8ed13333ff3723e8d1a56158dc9,ede4c7f2e222ad20,cache_256/dataset_complete/cacao_diseases/cacao_photos/healthy/healthy_3259.png,A,no_usada,sana,3259
3755,dataset_complete/cacao_diseases/cacao_photos/healthy/healthy_326.jpg,0,c02f60476c8c0d6db664353d1cda0d8b,f2b1f063879e9c84,cache_256/dataset_complete/cacao_diseases/cacao_photos/healthy/healthy_326.png,A,no_usada,sana,326
3756,dataset_complete/cacao_diseases/cacao_photos/healthy/healthy_3260.jpg,0,2ac5c39281cac81e9ea5c5feab56c953,8c0d9cb2e52fb478,cache_256/dataset_complete/cacao_diseases/cacao_photos/healthy/healthy_3260.png,A,no_usada,sana,3260
3757,dataset_complete/cacao_diseases/cacao_photos/healthy/healthy_3261.jpg,0,4512037dfaff058591cec3e163577bf6,c2271c7c619c6bf1,cache_256/dataset_complete/cacao_diseases/cacao_photos/healthy/healthy_3261.png,A,no_usada,sana,3261
3758,dataset_complete/cacao_diseases/cacao_photos/healthy/healthy_3262.jpg,0,1008b26a5e9787d521fda40c31d1529b,ebd9c6d18897ba40,cache_256/dataset_complete/cacao_diseases/cacao_photos/healthy/healthy_3262.png,A,no_usada,sana,3262
3759,dataset_complete/cacao_diseases/cacao_photos/healthy/healthy_3263.jpg,0,900088ec3242ec73af84fd9857c45791,c6e438be30967713,cache_256/dataset_complete/cacao_diseases/cacao_photos/healthy/healthy_3263.png,A,no_usada,sana,3263
3760,dataset_complete/cacao_diseases/cacao_photos/healthy/healthy_3264.jpg,0,768332a108c360470a9605383135f321,c810ee37b33ec616,cache_256/dataset_complete/cacao_diseases/cacao_photos/healthy/healthy_3264.png,A,no_usada,sana,3264
3761,dataset_complete/cacao_diseases/cacao_photos/healthy/healthy_3265.jpg,0,61175d5f05863a90884bb3cea19cc4e2,c7e12727b186195b,cache_256/dataset_complete/cacao_diseases/cacao_photos/healthy/healthy_3265.png,A,no_usada,sana,3265
3762,dataset_complete/cacao_diseases/cacao_photos/healthy/healthy_3266.jpg,0,92c9398e43e3f018e1bb8d0480998ac0,999eb1a7a20cee19,cache_256/dataset_complete/cacao_diseases/cacao_photos/healthy/healthy_3266.png,A,no_usada,sana,3266
3763,dataset_complete/cacao_diseases/cacao_photos/healthy/healthy_3267.jpg,0,e36da86e15bad78ec3d5e18d22461948,ae1d7df0235223e4,cache_256/dataset_complete/cacao_diseases/cacao_photos/healthy/healthy_3267.png,A,no_usada,sana,3267
3764,dataset_complete/cacao_diseases/cacao_photos/healthy/healthy_3268.jpg,0,930faf827c882024d0be84de98e6261c,9e8c517636367263,cache_256/dataset_complete/cacao_diseases/cacao_photos/healthy/healthy_3268.png,A,no_usada,sana,3268
3765,dataset_complete/cacao_diseases/cacao_photos/healthy/healthy_3269.jpg,0,86f865b0546c7d184e45112417d3286e,9d873cb435b8bc18,cache_256/dataset_complete/cacao_diseases/cacao_photos/healthy/healthy_3269.png,A,no_usada,sana,3269
3766,dataset_complete/cacao_diseases/cacao_photos/healthy/healthy_327.jpg,0,1984a89001c9e03f8657e26837f23eaf,e5fcbc705069b292,cache_256/dataset_complete/cacao_diseases/cacao_photos/healthy/healthy_327.png,A,no_usada,sana,327
3767,dataset_complete/cacao_diseases/cacao_photos/healthy/healthy_3270.jpg,0,9d8a014b12dbd60fe39c972809e650b5,e76aaf30e83d5e00,cache_256/dataset_complete/cacao_diseases/cacao_photos/healthy/healthy_3270.png,A,no_usada,sana,3270
3768,dataset_complete/cacao_diseases/cacao_photos/healthy/healthy_3271.jpg,0,20f32c157140757a3c5fd27e175065eb,b9d2fda016623655,cache_256/dataset_complete/cacao_diseases/cacao_photos/healthy/healthy_3271.png,A,no_usada,sana,3271
3769,dataset_complete/cacao_diseases/cacao_photos/healthy/healthy_3272.jpg,0,c1de80fbbcd03a3c181ac4fd883c4725,e6a098721bfa419f,cache_256/dataset_complete/cacao_diseases/cacao_photos/healthy/healthy_3272.png,A,no_usada,sana,3272
3770,dataset_complete/cacao_diseases/cacao_photos/healthy/healthy_3273.jpg,0,4286b32f62f9012e37ad2b87bf5689a3,ee3b986fc9c040d6,cache_256/dataset_complete/cacao_diseases/cacao_photos/healthy/healthy_3273.png,A,no_usada,sana,3273
3771,dataset_complete/cacao_diseases/cacao_photos/healthy/healthy_3274.jpg,0,864ae3f082f5113437132b83ed9a9c58,c998786326cfeb09,cache_256/dataset_complete/cacao_diseases/cacao_photos/healthy/healthy_3274.png,A,no_usada,sana,3274
3772,dataset_complete/cacao_diseases/cacao_photos/healthy/healthy_3275.jpg,0,3f839b299e39ebb382baba3f5c346fdb,c07cbca06974b45f,cache_256/dataset_complete/cacao_diseases/cacao_photos/healthy/healthy_3275.png,A,no_usada,sana,3275
3773,dataset_complete/cacao_diseases/cacao_photos/healthy/healthy_3276.jpg,0,6f04d6a49d3b6bdc5cbd62a35f97fb79,cafd0e37c8366126,cache_256/dataset_complete/cacao_diseases/cacao_photos/healthy/healthy_3276.png,A,no_usada,sana,3276
3774,dataset_complete/cacao_diseases/cacao_photos/healthy/healthy_3277.jpg,0,5080e2ff242a9f427706e0e845d1c2c4,861b993533a9b2e3,cache_256/dataset_complete/cacao_diseases/cacao_photos/healthy/healthy_3277.png,A,no_usada,sana,3277
3775,dataset_complete/cacao_diseases/cacao_photos/healthy/healthy_3278.jpg,0,1dec9669c43e40b637e7e4f576f73c4a,e10d1e6cfd7440e3,cache_256/dataset_complete/cacao_diseases/cacao_photos/healthy/healthy_3278.png,A,no_usada,sana,3278
3776,dataset_complete/cacao_diseases/cacao_photos/healthy/healthy_3279.jpg,0,3abc1c106bf47fc315f62457f0dcb31d,db9d97635ea34012,cache_256/dataset_complete/cacao_diseases/cacao_photos/healthy/healthy_3279.png,A,no_usada,sana,3279
3777,dataset_complete/cacao_diseases/cacao_photos/healthy/healthy_328.jpg,0,0bb7c02cd73f17ad2d9afd278ce1c077,db24b0be9ec49c58,cache_256/dataset_complete/cacao_diseases/cacao_photos/healthy/healthy_328.png,A,no_usada,sana,328
3778,dataset_complete/cacao_diseases/cacao_photos/healthy/healthy_3280.jpg,0,f64058a6b885b39cea797be9584b25d8,f7cec42e4805ac76,cache_256/dataset_complete/cacao_diseases/cacao_photos/healthy/healthy_3280.png,A,no_usada,sana,3280
3779,dataset_complete/cacao_diseases/cacao_photos/healthy/healthy_3281.jpg,0,9cd87fb0c34821940c113233241af968,ca891c2b797672e2,cache_256/dataset_complete/cacao_diseases/cacao_photos/healthy/healthy_3281.png,A,no_usada,sana,3281
3780,dataset_complete/cacao_diseases/cacao_photos/healthy/healthy_3282.jpg,0,329cee2014041d4b7da3862591a7f406,a3e2386e3c1cc59e,cache_256/dataset_complete/cacao_diseases/cacao_photos/healthy/healthy_3282.png,A,no_usada,sana,3282
3781,dataset_complete/cacao_diseases/cacao_photos/healthy/healthy_3283.jpg,0,538f81fd719bcc618774c795385afb99,8d6ce026a473d357,cache_256/dataset_complete/cacao_diseases/cacao_photos/healthy/healthy_3283.png,A,no_usada,sana,3283
3782,dataset_complete/cacao_diseases/cacao_photos/healthy/healthy_3284.jpg,0,6a90186efb405a5af7abed5953b71e0d,ea5f90b1b21337b0,cache_256/dataset_complete/cacao_diseases/cacao_photos/healthy/healthy_3284.png,A,no_usada,sana,3284
3783,dataset_complete/cacao_diseases/cacao_photos/healthy/healthy_3285.jpg,0,e7e5bc02acd64066df4994970a9a6d63,8bbc5873e30bc295,cache_256/dataset_complete/cacao_diseases/cacao_photos/healthy/healthy_3285.png,A,no_usada,sana,3285
3784,dataset_complete/cacao_diseases/cacao_photos/healthy/healthy_3286.jpg,0,5dd1c3e76cc69b5a931f216160fcb665,c9e3433a321e5f94,cache_256/dataset_complete/cacao_diseases/cacao_photos/healthy/healthy_3286.png,A,no_usada,sana,3286
3785,dataset_complete/cacao_diseases/cacao_photos/healthy/healthy_3287.jpg,0,f16eef3db66f3a18a2410bcccaabfcca,ecad605a52e9cbd0,cache_256/dataset_complete/cacao_diseases/cacao_photos/healthy/healthy_3287.png,A,no_usada,sana,3287
3786,dataset_complete/cacao_diseases/cacao_photos/healthy/healthy_3288.jpg,0,ca2abc3c264e0af977eeead2f7f29527,e51e9fb07141270f,cache_256/dataset_complete/cacao_diseases/cacao_photos/healthy/healthy_3288.png,A,no_usada,sana,3288
3787,dataset_complete/cacao_diseases/cacao_photos/healthy/healthy_3289.jpg,0,fe476ede4bfe4790308b701ff262687d,ade272b4175c4ad2,cache_256/dataset_complete/cacao_diseases/cacao_photos/healthy/healthy_3289.png,A,no_usada,sana,3289
3788,dataset_complete/cacao_diseases/cacao_photos/healthy/healthy_329.jpg,0,668904a445640f9a30b81684630e5771,f163e8734a2d6c98,cache_256/dataset_complete/cacao_diseases/cacao_photos/healthy/healthy_329.png,A,no_usada,sana,329
3789,dataset_complete/cacao_diseases/cacao_photos/healthy/healthy_3290.jpg,0,306e33aa6aadcc3fdc519dbca66d453f,aea656696551623b,cache_256/dataset_complete/cacao_diseases/cacao_photos/healthy/healthy_3290.png,A,no_usada,sana,3290
3790,dataset_complete/cacao_diseases/cacao_photos/healthy/healthy_3291.jpg,0,4575472a0d7e74de28efe8cc9a66437e,d674ca06398d13f3,cache_256/dataset_complete/cacao_diseases/cacao_photos/healthy/healthy_3291.png,A,no_usada,sana,3291
3791,dataset_complete/cacao_diseases/cacao_photos/healthy/healthy_3292.jpg,0,d2998b0a0301b4a9f2f6632d22ecccf3,ca2cb5b72077302f,cache_256/dataset_complete/cacao_diseases/cacao_photos/healthy/healthy_3292.png,A,no_usada,sana,3292
3792,dataset_complete/cacao_diseases/cacao_photos/healthy/healthy_3293.jpg,0,2f74d415c39973b2faf93a61bfdc5a2a,b55b1e74a12643b6,cache_256/dataset_complete/cacao_diseases/cacao_photos/healthy/healthy_3293.png,A,no_usada,sana,3293
3793,dataset_complete/cacao_diseases/cacao_photos/healthy/healthy_3294.jpg,0,21d71c27c4467b1f736584e27ad25ac0,9e090965bd3571f2,cache_256/dataset_complete/cacao_diseases/cacao_photos/healthy/healthy_3294.png,A,no_usada,sana,3294
3794,dataset_complete/cacao_diseases/cacao_photos/healthy/healthy_3295.jpg,0,81d13d5f3727c925ae6203e428807a33,c3878d2ffc0f0ce0,cache_256/dataset_complete/cacao_diseases/cacao_photos/healthy/healthy_3295.png,A,no_usada,sana,3295
3795,dataset_complete/cacao_diseases/cacao_photos/healthy/healthy_3296.jpg,0,8c4e53a25e2792f1f27b5f454ccf3e96,da0975662c9ed899,cache_256/dataset_complete/cacao_diseases/cacao_photos/healthy/healthy_3296.png,A,no_usada,sana,3296
3796,dataset_complete/cacao_diseases/cacao_photos/healthy/healthy_3297.jpg,0,bd0b1e22b021cdd548076c59ba932630,cd0746767e1d1e81,cache_256/dataset_complete/cacao_diseases/cacao_photos/healthy/healthy_3297.png,A,no_usada,sana,3297
3797,dataset_complete/cacao_diseases/cacao_photos/healthy/healthy_3298.jpg,0,4129b872295cafe8d7f736616d526b42,da7d67a186d115a2,cache_256/dataset_complete/cacao_diseases/cacao_photos/healthy/healthy_3298.png,A,no_usada,sana,3298
3798,dataset_complete/cacao_diseases/cacao_photos/healthy/healthy_3299.jpg,0,14901b2acac9e5d11a503b7a4070ce09,e667e82c50610ebf,cache_256/dataset_complete/cacao_diseases/cacao_photos/healthy/healthy_3299.png,A,no_usada,sana,3299
3799,dataset_complete/cacao_diseases/cacao_photos/healthy/healthy_330.jpg,0,e3abb958f32a1c7b669ab8d2ec786360,c8ee0f3390ddd1c8,cache_256/dataset_complete/cacao_diseases/cacao_photos/healthy/healthy_330.png,A,no_usada,sana,330
3800,dataset_complete/cacao_diseases/cacao_photos/healthy/healthy_3300.jpg,0,b225939c81677099e108c59baf603596,df5c65a385c49ca1,cache_256/dataset_complete/cacao_diseases/cacao_photos/healthy/healthy_3300.png,A,no_usada,sana,3300
3801,dataset_complete/cacao_diseases/cacao_photos/healthy/healthy_3301.jpg,0,7462fdd067e75b05379cd81bf11f224b,e63aac3e6a867451,cache_256/dataset_complete/cacao_diseases/cacao_photos/healthy/healthy_3301.png,A,no_usada,sana,3301
3802,dataset_complete/cacao_diseases/cacao_photos/healthy/healthy_3302.jpg,0,833ac7c76083673e53f83ae762eb8d78,f95923b616d188e9,cache_256/dataset_complete/cacao_diseases/cacao_photos/healthy/healthy_3302.png,A,no_usada,sana,3302
3803,dataset_complete/cacao_diseases/cacao_photos/healthy/healthy_3303.jpg,0,453c59ac9174e03988f71ebefe6b8ebf,ccbb3326ce680af2,cache_256/dataset_complete/cacao_diseases/cacao_photos/healthy/healthy_3303.png,A,no_usada,sana,3303
3804,dataset_complete/cacao_diseases/cacao_photos/healthy/healthy_3304.jpg,0,d3f35b6b17757c35d8134793a649ed72,cccc686be333448f,cache_256/dataset_complete/cacao_diseases/cacao_photos/healthy/healthy_3304.png,A,no_usada,sana,3304
3805,dataset_complete/cacao_diseases/cacao_photos/healthy/healthy_3305.jpg,0,8d9139f7d8cd16600e21c57a58cdfb07,db48a137dab9152a,cache_256/dataset_complete/cacao_diseases/cacao_photos/healthy/healthy_3305.png,A,no_usada,sana,3305
3806,dataset_complete/cacao_diseases/cacao_photos/healthy/healthy_3306.jpg,0,42217b51f8f52d8989bec7e54ab12504,db5d24a796d0aa85,cache_256/dataset_complete/cacao_diseases/cacao_photos/healthy/healthy_3306.png,A,no_usada,sana,3306
3807,dataset_complete/cacao_diseases/cacao_photos/healthy/healthy_3307.jpg,0,0a4846d9a3b035b1d72f2e931d9f47ad,d8582fa62fd60aa9,cache_256/dataset_complete/cacao_diseases/cacao_photos/healthy/healthy_3307.png,A,no_usada,sana,3307
3808,dataset_complete/cacao_diseases/cacao_photos/healthy/healthy_3308.jpg,0,644928d1487f77f1c2bbf321d6097002,de5caf2316528ad1,cache_256/dataset_complete/cacao_diseases/cacao_photos/healthy/healthy_3308.png,A,no_usada,sana,3308
3809,dataset_complete/cacao_diseases/cacao_photos/healthy/healthy_3309.jpg,0,f7bdc8807ce5c95b7a5d83bcd030f4da,cef13137f9e070a0,cache_256/dataset_complete/cacao_diseases/cacao_photos/healthy/healthy_3309.png,A,no_usada,sana,3309
3810,dataset_complete/cacao_diseases/cacao_photos/healthy/healthy_331.jpg,0,374c980446c3ef895cdee612d4b405aa,f1de160980aebdf0,cache_256/dataset_complete/cacao_diseases/cacao_photos/healthy/healthy_331.png,A,no_usada,sana,331
3811,dataset_complete/cacao_diseases/cacao_photos/healthy/healthy_3310.jpg,0,86b67d7b083c21f33a08999b70696729,99f063b97632a613,cache_256/dataset_complete/cacao_diseases/cacao_photos/healthy/healthy_3310.png,A,no_usada,sana,3310
3812,dataset_complete/cacao_diseases/cacao_photos/healthy/healthy_332.jpg,0,604fc557ff6574059228fa09122ce9e8,d88d32731dd564c5,cache_256/dataset_complete/cacao_diseases/cacao_photos/healthy/healthy_332.png,A,no_usada,sana,332
3813,dataset_complete/cacao_diseases/cacao_photos/healthy/healthy_333.jpg,0,5daf2cac63b290c857eba60a7fbb1d79,e41ef6a189cd9782,cache_256/dataset_complete/cacao_diseases/cacao_photos/healthy/healthy_333.png,A,no_usada,sana,333
3814,dataset_complete/cacao_diseases/cacao_photos/healthy/healthy_334.jpg,0,c0ecef641eaf5d8989c85bf1c8d3ad1e,8b5cf4e37a402da9,cache_256/dataset_complete/cacao_diseases/cacao_photos/healthy/healthy_334.png,A,no_usada,sana,334
3815,dataset_complete/cacao_diseases/cacao_photos/healthy/healthy_335.jpg,0,c710efe2a34f9bccc8478e946c13eadc,c6e2ec74965ab00f,cache_256/dataset_complete/cacao_diseases/cacao_photos/healthy/healthy_335.png,A,no_usada,sana,335
3816,dataset_complete/cacao_diseases/cacao_photos/healthy/healthy_336.jpg,0,55dc02b992c09122714c66d964651eeb,a31dec230ba781d7,cache_256/dataset_complete/cacao_diseases/cacao_photos/healthy/healthy_336.png,A,no_usada,sana,336
3817,dataset_complete/cacao_diseases/cacao_photos/healthy/healthy_337.jpg,0,3f0b0aa00a1a95b7e773869282b6760a,c9c5253333f30367,cache_256/dataset_complete/cacao_diseases/cacao_photos/healthy/healthy_337.png,A,no_usada,sana,337
3818,dataset_complete/cacao_diseases/cacao_photos/healthy/healthy_338.jpg,0,3f78646099d611018a4b0e4be8e36535,c1e6cc7e0e6ca3a4,cache_256/dataset_complete/cacao_diseases/cacao_photos/healthy/healthy_338.png,A,no_usada,sana,338
3819,dataset_complete/cacao_diseases/cacao_photos/healthy/healthy_339.jpg,0,9901e17205f5d5283b0a015bf4f617e7,8e3df92102676bc3,cache_256/dataset_complete/cacao_diseases/cacao_photos/healthy/healthy_339.png,A,no_usada,sana,339
3820,dataset_complete/cacao_diseases/cacao_photos/healthy/healthy_340.jpg,0,d400e8e56b89d31497acf5bb0ad2e41c,a91c46f7fc418d1a,cache_256/dataset_complete/cacao_diseases/cacao_photos/healthy/healthy_340.png,A,no_usada,sana,340
3821,dataset_complete/cacao_diseases/cacao_photos/healthy/healthy_341.jpg,0,0b683218da9addc8386db7e78c7495b2,898a1d1c7aa476fc,cache_256/dataset_complete/cacao_diseases/cacao_photos/healthy/healthy_341.png,A,no_usada,sana,341
3822,dataset_complete/cacao_diseases/cacao_photos/healthy/healthy_342.jpg,0,03313a99878e8133e427437d1a20baef,e1099c707d26abf2,cache_256/dataset_complete/cacao_diseases/cacao_photos/healthy/healthy_342.png,A,no_usada,sana,342
3823,dataset_complete/cacao_diseases/cacao_photos/healthy/healthy_343.jpg,0,2de4c74f427b5365239865ed774b79ac,fb6545e412bef900,cache_256/dataset_complete/cacao_diseases/cacao_photos/healthy/healthy_343.png,A,no_usada,sana,343
3824,dataset_complete/cacao_diseases/cacao_photos/healthy/healthy_344.jpg,0,5e36b3d31874d6bf4c12cceadbb7f90d,b04e9134c7c8277f,cache_256/dataset_complete/cacao_diseases/cacao_photos/healthy/healthy_344.png,A,no_usada,sana,344
3825,dataset_complete/cacao_diseases/cacao_photos/healthy/healthy_345.jpg,0,ef94e78b1eab3240340faa7efa02596d,873c49b63c945b4b,cache_256/dataset_complete/cacao_diseases/cacao_photos/healthy/healthy_345.png,A,no_usada,sana,345
3826,dataset_complete/cacao_diseases/cacao_photos/healthy/healthy_346.jpg,0,82d66e5d1269b18adcd6725b0d99f547,f4b99d35c92e0586,cache_256/dataset_complete/cacao_diseases/cacao_photos/healthy/healthy_346.png,A,no_usada,sana,346
3827,dataset_complete/cacao_diseases/cacao_photos/healthy/healthy_347.jpg,0,9cd266cf6ce61abb25bfdd812eefa5ca,e34fc86aac2c25b5,cache_256/dataset_complete/cacao_diseases/cacao_photos/healthy/healthy_347.png,A,no_usada,sana,347
3828,dataset_complete/cacao_diseases/cacao_photos/healthy/healthy_348.jpg,0,648fdca07760452e58b223b5cfad4c08,bc8462b0ad5e55a7,cache_256/dataset_complete/cacao_diseases/cacao_photos/healthy/healthy_348.png,A,no_usada,sana,348
3829,dataset_complete/cacao_diseases/cacao_photos/healthy/healthy_349.jpg,0,a85546ec4573b2463ffe537c710a20d5,f72b6d641cc89cc8,cache_256/dataset_complete/cacao_diseases/cacao_photos/healthy/healthy_349.png,A,no_usada,sana,349
3830,dataset_complete/cacao_diseases/cacao_photos/healthy/healthy_350.jpg,0,da3e2a9d4db0b410152e1adf1a540071,dab8d153573ece00,cache_256/dataset_complete/cacao_diseases/cacao_photos/healthy/healthy_350.png,A,no_usada,sana,350
3831,dataset_complete/cacao_diseases/cacao_photos/healthy/healthy_351.jpg,0,ddd496cfaa9ac80964eacf90ea88445d,dc4678b2343ae3c5,cache_256/dataset_complete/cacao_diseases/cacao_photos/healthy/healthy_351.png,A,no_usada,sana,351
3832,dataset_complete/cacao_diseases/cacao_photos/healthy/healthy_352.jpg,0,be0c3b4110dcf3685c9b4da5bcf66455,8d8226337b758dc9,cache_256/dataset_complete/cacao_diseases/cacao_photos/healthy/healthy_352.png,A,no_usada,sana,352
3833,dataset_complete/cacao_diseases/cacao_photos/healthy/healthy_353.jpg,0,d51e432e9819eeb5d80639180d7b96e0,9989f962facc0c8e,cache_256/dataset_complete/cacao_diseases/cacao_photos/healthy/healthy_353.png,A,no_usada,sana,353
3834,dataset_complete/cacao_diseases/cacao_photos/healthy/healthy_354.jpg,0,b059bac47b86544de481249b88490919,c1ac1e27b69f80d9,cache_256/dataset_complete/cacao_diseases/cacao_photos/healthy/healthy_354.png,A,no_usada,sana,354
3835,dataset_complete/cacao_diseases/cacao_photos/healthy/healthy_355.jpg,0,ee5a0e5573cf411f15fd52e2bed72124,be97856772e01389,cache_256/dataset_complete/cacao_diseases/cacao_photos/healthy/healthy_355.png,A,no_usada,sana,355
3836,dataset_complete/cacao_diseases/cacao_photos/healthy/healthy_356.jpg,0,cb7ba407bfbefd1097d663ac148d1d8b,bccf533231af8a88,cache_256/dataset_complete/cacao_diseases/cacao_photos/healthy/healthy_356.png,A,no_usada,sana,356
3837,dataset_complete/cacao_diseases/cacao_photos/healthy/healthy_357.jpg,0,fc0cf1478224d3e64901f64ab49ddd4f,e25d99b0710bb745,cache_256/dataset_complete/cacao_diseases/cacao_photos/healthy/healthy_357.png,A,no_usada,sana,357
3838,dataset_complete/cacao_diseases/cacao_photos/healthy/healthy_358.jpg,0,e5eb3fe2dec80ec6265c9865724d76bb,9c9c4b51f73095b2,cache_256/dataset_complete/cacao_diseases/cacao_photos/healthy/healthy_358.png,A,no_usada,sana,358
3839,dataset_complete/cacao_diseases/cacao_photos/healthy/healthy_359.jpg,0,0546da8189eeb9f3fe304aca273d800b,c37c6c61b0b13537,cache_256/dataset_complete/cacao_diseases/cacao_photos/healthy/healthy_359.png,A,no_usada,sana,359
3840,dataset_complete/cacao_diseases/cacao_photos/healthy/healthy_360.jpg,0,3c4e632d8bf921ff741ec5f5bdaac76b,e83a3ac847dc72e1,cache_256/dataset_complete/cacao_diseases/cacao_photos/healthy/healthy_360.png,A,no_usada,sana,360
3841,dataset_complete/cacao_diseases/cacao_photos/healthy/healthy_361.jpg,0,c158bf93e5318274b8c3639fecf549a6,bef88225b0b778c4,cache_256/dataset_complete/cacao_diseases/cacao_photos/healthy/healthy_361.png,A,no_usada,sana,361
3842,dataset_complete/cacao_diseases/cacao_photos/healthy/healthy_362.jpg,0,92e8f7084e5f2aed3863e4e85133d028,dbc4461d289197d7,cache_256/dataset_complete/cacao_diseases/cacao_photos/healthy/healthy_362.png,B,no_usada,sana,362
3843,dataset_complete/cacao_diseases/cacao_photos/healthy/healthy_363.jpg,0,9c141d1c8b0d0a6911be9e78df2ae940,f9a70de41980bb8d,cache_256/dataset_complete/cacao_diseases/cacao_photos/healthy/healthy_363.png,B,no_usada,sana,363
3844,dataset_complete/cacao_diseases/cacao_photos/healthy/healthy_364.jpg,0,fe8f8b5ab11dd7b86f362a3a32f4747c,d2eb8c16be5a1694,cache_256/dataset_complete/cacao_diseases/cacao_photos/healthy/healthy_364.png,B,no_usada,sana,364
3845,dataset_complete/cacao_diseases/cacao_photos/healthy/healthy_365.jpg,0,8697f45e084726e3c23fd2b918607606,e7e42dbe8615f042,cache_256/dataset_complete/cacao_diseases/cacao_photos/healthy/healthy_365.png,B,no_usada,sana,365
3846,dataset_complete/cacao_diseases/cacao_photos/healthy/healthy_366.jpg,0,cc3bcb6f760c8a947159e1534772e42c,8c6ce629e736629a,cache_256/dataset_complete/cacao_diseases/cacao_photos/healthy/healthy_366.png,B,no_usada,sana,366
3847,dataset_complete/cacao_diseases/cacao_photos/healthy/healthy_367.jpg,0,2bb8e0f113a4d259abbe539f0e3a636c,b6bd24b22190b69f,cache_256/dataset_complete/cacao_diseases/cacao_photos/healthy/healthy_367.png,B,no_usada,sana,367
3848,dataset_complete/cacao_diseases/cacao_photos/healthy/healthy_368.jpg,0,f71b3289873b12ce299330088dcaa2ee,c64a3d1c7819c7f2,cache_256/dataset_complete/cacao_diseases/cacao_photos/healthy/healthy_368.png,B,no_usada,sana,368
3849,dataset_complete/cacao_diseases/cacao_photos/healthy/healthy_369.jpg,0,e3c0a00aaabe6646c958bbb2a35eeb4b,bebd89e05322f445,cache_256/dataset_complete/cacao_diseases/cacao_photos/healthy/healthy_369.png,B,no_usada,sana,369
3850,dataset_complete/cacao_diseases/cacao_photos/healthy/healthy_370.jpg,0,9a503937bd7a618116efac894b63be26,f7798075a24392e3,cache_256/dataset_complete/cacao_diseases/cacao_photos/healthy/healthy_370.png,A,no_usada,sana,370
3851,dataset_complete/cacao_diseases/cacao_photos/healthy/healthy_371.jpg,0,cc61ab94fd7b5f0ddd387703ee1b182f,98408b7efc8cc8fa,cache_256/dataset_complete/cacao_diseases/cacao_photos/healthy/healthy_371.png,B,no_usada,sana,371
3852,dataset_complete/cacao_diseases/cacao_photos/healthy/healthy_372.jpg,0,cdc5be3b45befaa7b92a0511f9e1b942,d26a193ee7f54604,cache_256/dataset_complete/cacao_diseases/cacao_photos/healthy/healthy_372.png,B,no_usada,sana,372
3853,dataset_complete/cacao_diseases/cacao_photos/healthy/healthy_373.jpg,0,20a70356fc0ce9252e68847f308cb7ec,8b26ad27a345762d,cache_256/dataset_complete/cacao_diseases/cacao_photos/healthy/healthy_373.png,B,no_usada,sana,373
3854,dataset_complete/cacao_diseases/cacao_photos/healthy/healthy_374.jpg,0,8074aa1035032dc62d5f24433b80df6c,b9e87b2743a0ac4b,cache_256/dataset_complete/cacao_diseases/cacao_photos/healthy/healthy_374.png,B,no_usada,sana,374
3855,dataset_complete/cacao_diseases/cacao_photos/healthy/healthy_375.jpg,0,da4ecce5ba994c5abd76c768ccac5a78,e44fe22743eac5c2,cache_256/dataset_complete/cacao_diseases/cacao_photos/healthy/healthy_375.png,B,no_usada,sana,375
3856,dataset_complete/cacao_diseases/cacao_photos/healthy/healthy_376.jpg,0,aa0ad0009ede252043dd3e8ff8e59086,d9e56727e6039e08,cache_256/dataset_complete/cacao_diseases/cacao_photos/healthy/healthy_376.png,B,no_usada,sana,376
3857,dataset_complete/cacao_diseases/cacao_photos/healthy/healthy_377.jpg,0,d9691e2867b5aa4e07dd5c8b52ce2f71,99a93e64e6aa8cf0,cache_256/dataset_complete/cacao_diseases/cacao_photos/healthy/healthy_377.png,B,no_usada,sana,377
3858,dataset_complete/cacao_diseases/cacao_photos/healthy/healthy_378.jpg,0,95056b7eebde78224d4a1424645949df,f3124d2d2845f6f8,cache_256/dataset_complete/cacao_diseases/cacao_photos/healthy/healthy_378.png,B,no_usada,sana,378
3859,dataset_complete/cacao_diseases/cacao_photos/healthy/healthy_379.jpg,0,9ce2776561e5f4cde139c612bb61e169,e3e90a03731347be,cache_256/dataset_complete/cacao_diseases/cacao_photos/healthy/healthy_379.png,B,no_usada,sana,379
3860,dataset_complete/cacao_diseases/cacao_photos/healthy/healthy_380.jpg,0,fef8317a07d7cc38c10ddcae9215a710,b0e6591cf2c0cef8,cache_256/dataset_complete/cacao_diseases/cacao_photos/healthy/healthy_380.png,B,no_usada,sana,380
3861,dataset_complete/cacao_diseases/cacao_photos/healthy/healthy_381.jpg,0,e0484a239cdc78a8f3895b74609d8f0b,c9444c36fa7873b8,cache_256/dataset_complete/cacao_diseases/cacao_photos/healthy/healthy_381.png,A,no_usada,sana,381
3862,dataset_complete/cacao_diseases/cacao_photos/healthy/healthy_382.jpg,0,d69f94066343cde9835e1cb022038224,84364b69a7bc527a,cache_256/dataset_complete/cacao_diseases/cacao_photos/healthy/healthy_382.png,B,no_usada,sana,382
3863,dataset_complete/cacao_diseases/cacao_photos/healthy/healthy_383.jpg,0,60f9dd589b264065821ba2d04a4a1637,cf3eec5b0451b843,cache_256/dataset_complete/cacao_diseases/cacao_photos/healthy/healthy_383.png,B,no_usada,sana,383
3864,dataset_complete/cacao_diseases/cacao_photos/healthy/healthy_384.jpg,0,be22c5777169eb37e53479150ce3e1a4,942d7ac9258a6fb4,cache_256/dataset_complete/cacao_diseases/cacao_photos/healthy/healthy_384.png,B,no_usada,sana,384
3865,dataset_complete/cacao_diseases/cacao_photos/healthy/healthy_385.jpg,0,dfa13e0ba3822e8ad51adf0e56ef419e,d316ec1636f312c3,cache_256/dataset_complete/cacao_diseases/cacao_photos/healthy/healthy_385.png,B,no_usada,sana,385
3866,dataset_complete/cacao_diseases/cacao_photos/healthy/healthy_386.jpg,0,a60fac18e09fb19f6c7d2f7cffdcfeb0,eefd1f8271060e98,cache_256/dataset_complete/cacao_diseases/cacao_photos/healthy/healthy_386.png,B,no_usada,sana,386
3867,dataset_complete/cacao_diseases/cacao_photos/healthy/healthy_387.jpg,0,382e20613c4cd5313b771b2f3219fd1d,ddeed9e2eb200246,cache_256/dataset_complete/cacao_diseases/cacao_photos/healthy/healthy_387.png,B,no_usada,sana,387
3868,dataset_complete/cacao_diseases/cacao_photos/healthy/healthy_388.jpg,0,5423d25b6fd3d131a2bc0126900dce2b,c7fd3d833c98828c,cache_256/dataset_complete/cacao_diseases/cacao_photos/healthy/healthy_388.png,B,no_usada,sana,388
3869,dataset_complete/cacao_diseases/cacao_photos/healthy/healthy_389.jpg,0,53aae9e5da72b65e5e1aeef4cf1a8a97,cce9a0d267d4d551,cache_256/dataset_complete/cacao_diseases/cacao_photos/healthy/healthy_389.png,B,no_usada,sana,389
3870,dataset_complete/cacao_diseases/cacao_photos/healthy/healthy_390.jpg,0,63ed364e0681ae073312b85fc39c6325,cc396638473c87f8,cache_256/dataset_complete/cacao_diseases/cacao_photos/healthy/healthy_390.png,B,no_usada,sana,390
3871,dataset_complete/cacao_diseases/cacao_photos/healthy/healthy_391.jpg,0,23edb57ce3671b4308b6749eb69265c0,e3a4142f290b637f,cache_256/dataset_complete/cacao_diseases/cacao_photos/healthy/healthy_391.png,B,no_usada,sana,391
3872,dataset_complete/cacao_diseases/cacao_photos/healthy/healthy_392.jpg,0,40adf8cbd9e009eff1184a6c728bb184,c9ed6771f03380a9,cache_256/dataset_complete/cacao_diseases/cacao_photos/healthy/healthy_392.png,A,no_usada,sana,392
3873,dataset_complete/cacao_diseases/cacao_photos/healthy/healthy_393.jpg,0,5225ed870e5599e000ae72dee1cedda4,9b9673313b4845ec,cache_256/dataset_complete/cacao_diseases/cacao_photos/healthy/healthy_393.png,B,no_usada,sana,393
3874,dataset_complete/cacao_diseases/cacao_photos/healthy/healthy_394.jpg,0,295067435009c39bacc613191ca2290b,c9dcb230e4aaf4ac,cache_256/dataset_complete/cacao_diseases/cacao_photos/healthy/healthy_394.png,B,no_usada,sana,394
3875,dataset_complete/cacao_diseases/cacao_photos/healthy/healthy_395.jpg,0,33398bcce294ab69684faee55bd72492,986973764dc61b89,cache_256/dataset_complete/cacao_diseases/cacao_photos/healthy/healthy_395.png,B,no_usada,sana,395
3876,dataset_complete/cacao_diseases/cacao_photos/healthy/healthy_396.jpg,0,85bc7bc30535ad23128f5006ca0c57e8,de14b60378b343b9,cache_256/dataset_complete/cacao_diseases/cacao_photos/healthy/healthy_396.png,B,no_usada,sana,396
3877,dataset_complete/cacao_diseases/cacao_photos/healthy/healthy_397.jpg,0,f2f86de45927528bb2790b1cbd612110,cc0ab8a313e10bff,cache_256/dataset_complete/cacao_diseases/cacao_photos/healthy/healthy_397.png,B,no_usada,sana,397
3878,dataset_complete/cacao_diseases/cacao_photos/healthy/healthy_398.jpg,0,2c73d8deac2967758851044e85854ad1,f40e59a2197a536d,cache_256/dataset_complete/cacao_diseases/cacao_photos/healthy/healthy_398.png,B,no_usada,sana,398
3879,dataset_complete/cacao_diseases/cacao_photos/healthy/healthy_399.jpg,0,03d9934e4fed88519d8c2bf8b7b26d62,f62d09a41776f252,cache_256/dataset_complete/cacao_diseases/cacao_photos/healthy/healthy_399.png,B,no_usada,sana,399
3880,dataset_complete/cacao_diseases/cacao_photos/healthy/healthy_400.jpg,0,098650ed88c9ea9739f5b251d3aa542d,e2199cee789623e1,cache_256/dataset_complete/cacao_diseases/cacao_photos/healthy/healthy_400.png,B,no_usada,sana,400
3881,dataset_complete/cacao_diseases/cacao_photos/healthy/healthy_401.jpg,0,1d98307b3ac97cef9973c7ec14082e47,ca315df023c1f42f,cache_256/dataset_complete/cacao_diseases/cacao_photos/healthy/healthy_401.png,B,no_usada,sana,401
3882,dataset_complete/cacao_diseases/cacao_photos/healthy/healthy_402.jpg,0,4fbdf6652173f458b8c3e1c9db191233,e77b9c3748306b09,cache_256/dataset_complete/cacao_diseases/cacao_photos/healthy/healthy_402.png,B,no_usada,sana,402
3883,dataset_complete/cacao_diseases/cacao_photos/healthy/healthy_403.jpg,0,56f475032e350b01e1001eeaa48e37d0,9deb31b44cccac2a,cache_256/dataset_complete/cacao_diseases/cacao_photos/healthy/healthy_403.png,A,no_usada,sana,403
3884,dataset_complete/cacao_diseases/cacao_photos/healthy/healthy_404.jpg,0,ea6bf6940aa4523ca352092ab0673f39,e6039c4ea9e6c3e2,cache_256/dataset_complete/cacao_diseases/cacao_photos/healthy/healthy_404.png,B,no_usada,sana,404
3885,dataset_complete/cacao_diseases/cacao_photos/healthy/healthy_405.jpg,0,d54c5a4b2c8248a7beed5879066ce336,e6a41cc679b8271b,cache_256/dataset_complete/cacao_diseases/cacao_photos/healthy/healthy_405.png,B,no_usada,sana,405
3886,dataset_complete/cacao_diseases/cacao_photos/healthy/healthy_406.jpg,0,72b0fa38f382c75aae173acafaaf7d91,a675893d8595a2cb,cache_256/dataset_complete/cacao_diseases/cacao_photos/healthy/healthy_406.png,B,no_usada,sana,406
3887,dataset_complete/cacao_diseases/cacao_photos/healthy/healthy_407.jpg,0,0636500917818b7ac856daf667db6709,ccee8302f6b034b7,cache_256/dataset_complete/cacao_diseases/cacao_photos/healthy/healthy_407.png,B,no_usada,sana,407
3888,dataset_complete/cacao_diseases/cacao_photos/healthy/healthy_408.jpg,0,4ca4f79ce207d9a7d4ced39afdea7415,d5cab229c3d91da4,cache_256/dataset_complete/cacao_diseases/cacao_photos/healthy/healthy_408.png,B,no_usada,sana,408
3889,dataset_complete/cacao_diseases/cacao_photos/healthy/healthy_409.jpg,0,2819395681befd300482c5331ce19f7b,9480791ff3a914bb,cache_256/dataset_complete/cacao_diseases/cacao_photos/healthy/healthy_409.png,B,no_usada,sana,409
3890,dataset_complete/cacao_diseases/cacao_photos/healthy/healthy_410.jpg,0,1ab60ade2edffbdfeb61cc92a84dd2ff,c54785e2727f90c9,cache_256/dataset_complete/cacao_diseases/cacao_photos/healthy/healthy_410.png,B,no_usada,sana,410
3891,dataset_complete/cacao_diseases/cacao_photos/healthy/healthy_471.jpg,0,f171837280a3d05cb054274a08b1fcf9,ec5ee9c6c8981553,cache_256/dataset_complete/cacao_diseases/cacao_photos/healthy/healthy_471.png,B,no_usada,sana,471
3892,dataset_complete/cacao_diseases/cacao_photos/healthy/healthy_472.jpg,0,3fa614e7265cd876ba1b871d2b9c8d3a,99a6670964e7c29e,cache_256/dataset_complete/cacao_diseases/cacao_photos/healthy/healthy_472.png,B,no_usada,sana,472
3893,dataset_complete/cacao_diseases/cacao_photos/healthy/healthy_473.jpg,0,994e19055e724745a9f253c5611226da,e61ab12565666b6a,cache_256/dataset_complete/cacao_diseases/cacao_photos/healthy/healthy_473.png,B,no_usada,sana,473
3894,dataset_complete/cacao_diseases/cacao_photos/healthy/healthy_474.jpg,0,07866d83d97f99551a689247d218a3fd,aae5353793c3c434,cache_256/dataset_complete/cacao_diseases/cacao_photos/healthy/healthy_474.png,B,no_usada,sana,474
3895,dataset_complete/cacao_diseases/cacao_photos/healthy/healthy_475.jpg,0,3d3e9af513cec34f771a57fb46545c95,cd3d66bc0fe0980e,cache_256/dataset_complete/cacao_diseases/cacao_photos/healthy/healthy_475.png,B,no_usada,sana,475
3896,dataset_complete/cacao_diseases/cacao_photos/healthy/healthy_476.jpg,0,d444a49f8686732a137619c12d309d76,d8878827c553da5d,cache_256/dataset_complete/cacao_diseases/cacao_photos/healthy/healthy_476.png,B,no_usada,sana,476
3897,dataset_complete/cacao_diseases/cacao_photos/healthy/healthy_477.jpg,0,8f4efd2a1d6392ca73aa538dfa1353f4,ce59b1e83551ea16,cache_256/dataset_complete/cacao_diseases/cacao_photos/healthy/healthy_477.png,B,no_usada,sana,477
3898,dataset_complete/cacao_diseases/cacao_photos/healthy/healthy_478.jpg,0,73c724f558ab8adf617b1344199af016,fa1519f621dc312b,cache_256/dataset_complete/cacao_diseases/cacao_photos/healthy/healthy_478.png,B,no_usada,sana,478
3899,dataset_complete/cacao_diseases/cacao_photos/healthy/healthy_479.jpg,0,5e4df02bba9d20891f54bb7260e4ebef,aad2589e3d0be6c1,cache_256/dataset_complete/cacao_diseases/cacao_photos/healthy/healthy_479.png,B,no_usada,sana,479
3900,dataset_complete/cacao_diseases/cacao_photos/healthy/healthy_480.jpg,0,9c839d28440be908384a76589c67c175,9a43f864613a3d97,cache_256/dataset_complete/cacao_diseases/cacao_photos/healthy/healthy_480.png,B,no_usada,sana,480
3901,dataset_complete/cacao_diseases/cacao_photos/healthy/healthy_481.jpg,0,c08a051253f5a441429306bb574b9aca,ecc971331703c7cc,cache_256/dataset_complete/cacao_diseases/cacao_photos/healthy/healthy_481.png,A,no_usada,sana,481
3902,dataset_complete/cacao_diseases/cacao_photos/healthy/healthy_482.jpg,0,37113d80aa60b81e0477b50b00be8de2,adc25a0c699e2f56,cache_256/dataset_complete/cacao_diseases/cacao_photos/healthy/healthy_482.png,B,no_usada,sana,482
3903,dataset_complete/cacao_diseases/cacao_photos/healthy/healthy_483.jpg,0,fb6198d1a301876f588406824964f66c,e6735c3d2b00e1c7,cache_256/dataset_complete/cacao_diseases/cacao_photos/healthy/healthy_483.png,B,no_usada,sana,483
3904,dataset_complete/cacao_diseases/cacao_photos/healthy/healthy_484.jpg,0,2c8337ece0e5aab322669f94facb4df3,8611bd4333fc3cb4,cache_256/dataset_complete/cacao_diseases/cacao_photos/healthy/healthy_484.png,B,no_usada,sana,484
3905,dataset_complete/cacao_diseases/cacao_photos/healthy/healthy_485.jpg,0,8e6b6474d817c31231961043f3bcff34,c8ea751f36d3c141,cache_256/dataset_complete/cacao_diseases/cacao_photos/healthy/healthy_485.png,B,no_usada,sana,485
3906,dataset_complete/cacao_diseases/cacao_photos/healthy/healthy_486.jpg,0,e35706d85771f1460340fbac24c879df,d9a1a126765e1e5c,cache_256/dataset_complete/cacao_diseases/cacao_photos/healthy/healthy_486.png,B,no_usada,sana,486
3907,dataset_complete/cacao_diseases/cacao_photos/healthy/healthy_487.jpg,0,38cfa58b82c033fd6959fd0a8040f36c,922d65e324077d7c,cache_256/dataset_complete/cacao_diseases/cacao_photos/healthy/healthy_487.png,B,no_usada,sana,487
3908,dataset_complete/cacao_diseases/cacao_photos/healthy/healthy_488.jpg,0,47aafeaaf12a9afb6655f207d85558e9,a3790df43cd06c9a,cache_256/dataset_complete/cacao_diseases/cacao_photos/healthy/healthy_488.png,B,no_usada,sana,488
3909,dataset_complete/cacao_diseases/cacao_photos/healthy/healthy_489.jpg,0,a63da190f64bc581ac20c00cbd5d103b,9e9ba4658d85b465,cache_256/dataset_complete/cacao_diseases/cacao_photos/healthy/healthy_489.png,B,no_usada,sana,489
3910,dataset_complete/cacao_diseases/cacao_photos/healthy/healthy_490.jpg,0,bd76bf0955e0b09350264765a483e5d2,90f17b678f708c58,cache_256/dataset_complete/cacao_diseases/cacao_photos/healthy/healthy_490.png,B,no_usada,sana,490
3911,dataset_complete/cacao_diseases/cacao_photos/healthy/healthy_491.jpg,0,2c3c2c22ed1af5182d9a2fc844f2003a,cecc9878b3e7c260,cache_256/dataset_complete/cacao_diseases/cacao_photos/healthy/healthy_491.png,B,no_usada,sana,491
3912,dataset_complete/cacao_diseases/cacao_photos/healthy/healthy_492.jpg,0,f92b5b20eb96e2531775ef4f02f96402,f3819c3339b416dc,cache_256/dataset_complete/cacao_diseases/cacao_photos/healthy/healthy_492.png,A,no_usada,sana,492
3913,dataset_complete/cacao_diseases/cacao_photos/healthy/healthy_493.jpg,0,894db65e6d5425835addc34a778faee8,b01e9b6db812af52,cache_256/dataset_complete/cacao_diseases/cacao_photos/healthy/healthy_493.png,B,no_usada,sana,493
3914,dataset_complete/cacao_diseases/cacao_photos/healthy/healthy_494.jpg,0,cf26cff5ae8a0494e8e202e0635ed1be,a539bc3661a1873e,cache_256/dataset_complete/cacao_diseases/cacao_photos/healthy/healthy_494.png,B,no_usada,sana,494
3915,dataset_complete/cacao_diseases/cacao_photos/healthy/healthy_495.jpg,0,457862046cf3fad6666e4d07c4ef97c6,eb6f5842f52355a0,cache_256/dataset_complete/cacao_diseases/cacao_photos/healthy/healthy_495.png,B,no_usada,sana,495
3916,dataset_complete/cacao_diseases/cacao_photos/healthy/healthy_496.jpg,0,7caf5c325207b71090214685cf126601,b1b11bae50f4a15b,cache_256/dataset_complete/cacao_diseases/cacao_photos/healthy/healthy_496.png,B,no_usada,sana,496
3917,dataset_complete/cacao_diseases/cacao_photos/healthy/healthy_497.jpg,0,3b70a83c41dc1c44b1e303c2f529d790,b1b119af50b7a156,cache_256/dataset_complete/cacao_diseases/cacao_photos/healthy/healthy_497.png,B,no_usada,sana,497
3918,dataset_complete/cacao_diseases/cacao_photos/healthy/healthy_498.jpg,0,0a152cd8ab3c14472e1d735d383ba6d9,c77058b33cd0e4cd,cache_256/dataset_complete/cacao_diseases/cacao_photos/healthy/healthy_498.png,B,no_usada,sana,498
3919,dataset_complete/cacao_diseases/cacao_photos/healthy/healthy_499.jpg,0,44ed5f96975a03e038f964d0826973c5,8cb4d969e1e4f0e2,cache_256/dataset_complete/cacao_diseases/cacao_photos/healthy/healthy_499.png,B,no_usada,sana,499
3920,dataset_complete/cacao_diseases/cacao_photos/healthy/healthy_500.jpg,0,4e8acfcacd9a385d601e4598e3d1ec60,be0b491370d6fb0c,cache_256/dataset_complete/cacao_diseases/cacao_photos/healthy/healthy_500.png,B,no_usada,sana,500
3921,dataset_complete/cacao_diseases/cacao_photos/healthy/healthy_501.jpg,0,a59fd599bf75ddc63ea06ce1cc377baf,9f107e75604fb988,cache_256/dataset_complete/cacao_diseases/cacao_photos/healthy/healthy_501.png,B,no_usada,sana,501
3922,dataset_complete/cacao_diseases/cacao_photos/healthy/healthy_502.jpg,0,a990c131d4d44e51419a263d2586328e,c8c1c6e706ce8e3e,cache_256/dataset_complete/cacao_diseases/cacao_photos/healthy/healthy_502.png,B,no_usada,sana,502
3923,dataset_complete/cacao_diseases/cacao_photos/healthy/healthy_503.jpg,0,6725dcf451f877a7805b8c933b2e8d70,c84b277356f252d8,cache_256/dataset_complete/cacao_diseases/cacao_photos/healthy/healthy_503.png,A,no_usada,sana,503
3924,dataset_complete/cacao_diseases/cacao_photos/healthy/healthy_504.jpg,0,cd7d2cbe3df82d4824a1b5c0aa6d3f47,cec9e9b31a3d1219,cache_256/dataset_complete/cacao_diseases/cacao_photos/healthy/healthy_504.png,B,no_usada,sana,504
3925,dataset_complete/cacao_diseases/cacao_photos/healthy/healthy_505.jpg,0,b13a6d73e56d454588a248ba56b775cc,ccac241e3332e3eb,cache_256/dataset_complete/cacao_diseases/cacao_photos/healthy/healthy_505.png,B,no_usada,sana,505
3926,dataset_complete/cacao_diseases/cacao_photos/healthy/healthy_506.jpg,0,6205b930182c246e01ae3c93c19e9d6b,893eb8627d52c687,cache_256/dataset_complete/cacao_diseases/cacao_photos/healthy/healthy_506.png,B,no_usada,sana,506
3927,dataset_complete/cacao_diseases/cacao_photos/healthy/healthy_507.jpg,0,fcc5949e64f34bb11e7b550d9d82955b,ceb0bc003d277e6a,cache_256/dataset_complete/cacao_diseases/cacao_photos/healthy/healthy_507.png,B,no_usada,sana,507
3928,dataset_complete/cacao_diseases/cacao_photos/healthy/healthy_508.jpg,0,2db095f98de2e9851241e7de3d3692b4,fc0a987e39371a23,cache_256/dataset_complete/cacao_diseases/cacao_photos/healthy/healthy_508.png,B,no_usada,sana,508
3929,dataset_complete/cacao_diseases/cacao_photos/healthy/healthy_509.jpg,0,1a59cca60cb3e22cf38eb84bd7c40779,e4e54923ad7f5c04,cache_256/dataset_complete/cacao_diseases/cacao_photos/healthy/healthy_509.png,B,no_usada,sana,509
3930,dataset_complete/cacao_diseases/cacao_photos/healthy/healthy_510.jpg,0,3f72ee6493d2421f32c6f2381fc6a1cb,de45d10927d8e3cc,cache_256/dataset_complete/cacao_diseases/cacao_photos/healthy/healthy_510.png,B,no_usada,sana,510
3931,dataset_complete/cacao_diseases/cacao_photos/healthy/healthy_511.jpg,0,95cf04cb626823bc4534322be1ed1638,b7b8380787d51a1d,cache_256/dataset_complete/cacao_diseases/cacao_photos/healthy/healthy_511.png,B,no_usada,sana,511
3932,dataset_complete/cacao_diseases/cacao_photos/healthy/healthy_512.jpg,0,b90f3521881c68720e2cfe390800c67b,c270443869f7a5d7,cache_256/dataset_complete/cacao_diseases/cacao_photos/healthy/healthy_512.png,B,no_usada,sana,512
3933,dataset_complete/cacao_diseases/cacao_photos/healthy/healthy_513.jpg,0,67a3dbc4b51fffbc5f6b88628f1fc9b8,ecf22927de8d81d0,cache_256/dataset_complete/cacao_diseases/cacao_photos/healthy/healthy_513.png,B,no_usada,sana,513
3934,dataset_complete/cacao_diseases/cacao_photos/healthy/healthy_514.jpg,0,2b1dae918ccade3bdba138cf3137c458,d8993567273692b2,cache_256/dataset_complete/cacao_diseases/cacao_photos/healthy/healthy_514.png,A,no_usada,sana,514
3935,dataset_complete/cacao_diseases/cacao_photos/healthy/healthy_515.jpg,0,591d8206031172b02ed044452e9cb181,8358c3278ee604ff,cache_256/dataset_complete/cacao_diseases/cacao_photos/healthy/healthy_515.png,B,no_usada,sana,515
3936,dataset_complete/cacao_diseases/cacao_photos/healthy/healthy_516.jpg,0,350a0ca62eda6a60c73351904c337e86,a34ea7e2aed46243,cache_256/dataset_complete/cacao_diseases/cacao_photos/healthy/healthy_516.png,B,no_usada,sana,516
3937,dataset_complete/cacao_diseases/cacao_photos/healthy/healthy_517.jpg,0,6d5b640cc7364d973efc5a4703e07512,99d156e8c8c9ad65,cache_256/dataset_complete/cacao_diseases/cacao_photos/healthy/healthy_517.png,B,no_usada,sana,517
3938,dataset_complete/cacao_diseases/cacao_photos/healthy/healthy_518.jpg,0,245327f8202ea7be12b8e6eabb56b36a,88d55333ab4d6665,cache_256/dataset_complete/cacao_diseases/cacao_photos/healthy/healthy_518.png,B,no_usada,sana,518
3939,dataset_complete/cacao_diseases/cacao_photos/healthy/healthy_519.jpg,0,20cdf136f7518d800c95762808122332,9a4d6c24edd3a61a,cache_256/dataset_complete/cacao_diseases/cacao_photos/healthy/healthy_519.png,B,no_usada,sana,519
3940,dataset_complete/cacao_diseases/cacao_photos/healthy/healthy_520.jpg,0,34f3ea9f5a266c2a6e1bb1d103344e27,96f8d821d972c729,cache_256/dataset_complete/cacao_diseases/cacao_photos/healthy/healthy_520.png,B,no_usada,sana,520
3941,dataset_complete/cacao_diseases/cacao_photos/healthy/healthy_521.jpg,0,a3f06de6b22a95c2375ccc594282866e,86e758e1741bacb1,cache_256/dataset_complete/cacao_diseases/cacao_photos/healthy/healthy_521.png,B,no_usada,sana,521
3942,dataset_complete/cacao_diseases/cacao_photos/healthy/healthy_522.jpg,0,6599d44f05b383e869a505100d29189e,8b4498b6733733b1,cache_256/dataset_complete/cacao_diseases/cacao_photos/healthy/healthy_522.png,B,no_usada,sana,522
3943,dataset_complete/cacao_diseases/cacao_photos/healthy/healthy_523.jpg,0,d06cbb9b6bc593133d11f0053045f950,8f6c56c3bf868186,cache_256/dataset_complete/cacao_diseases/cacao_photos/healthy/healthy_523.png,B,no_usada,sana,523
3944,dataset_complete/cacao_diseases/cacao_photos/healthy/healthy_524.jpg,0,ff453dac1dc6876563009fc8508d27c1,986960b1f6f2c4c7,cache_256/dataset_complete/cacao_diseases/cacao_photos/healthy/healthy_524.png,B,no_usada,sana,524
3945,dataset_complete/cacao_diseases/cacao_photos/healthy/healthy_525.jpg,0,d6f3273f71f183853b8406772cfa02a6,cf84a576b3333072,cache_256/dataset_complete/cacao_diseases/cacao_photos/healthy/healthy_525.png,A,no_usada,sana,525
3946,dataset_complete/cacao_diseases/cacao_photos/healthy/healthy_526.jpg,0,1e4f90780853ba13687c32dd183bf5d3,99d869f6e089589d,cache_256/dataset_complete/cacao_diseases/cacao_photos/healthy/healthy_526.png,B,no_usada,sana,526
3947,dataset_complete/cacao_diseases/cacao_photos/healthy/healthy_527.jpg,0,1117146156137149f868fef9807020f3,d9e80566b7463752,cache_256/dataset_complete/cacao_diseases/cacao_photos/healthy/healthy_527.png,B,no_usada,sana,527
3948,dataset_complete/cacao_diseases/cacao_photos/healthy/healthy_528.jpg,0,f0f100e569e8d2b318729a1fec0563d2,e50bee507655358a,cache_256/dataset_complete/cacao_diseases/cacao_photos/healthy/healthy_528.png,B,no_usada,sana,528
3949,dataset_complete/cacao_diseases/cacao_photos/healthy/healthy_529.jpg,0,2773f3778b3b08d6cb36249b33c042b6,d0f86d278692a55b,cache_256/dataset_complete/cacao_diseases/cacao_photos/healthy/healthy_529.png,B,no_usada,sana,529
3950,dataset_complete/cacao_diseases/cacao_photos/healthy/healthy_530.jpg,0,20a44b4fe924039936dd09ab88dccd67,c3cd5d672820673d,cache_256/dataset_complete/cacao_diseases/cacao_photos/healthy/healthy_530.png,B,no_usada,sana,530
3951,dataset_complete/cacao_diseases/cacao_photos/healthy/healthy_531.jpg,0,ef25e64816dd704a221adb27fb16ede1,83e1c92c357b7159,cache_256/dataset_complete/cacao_diseases/cacao_photos/healthy/healthy_531.png,B,no_usada,sana,531
3952,dataset_complete/cacao_diseases/cacao_photos/healthy/healthy_532.jpg,0,b5cd59c1411157bbed3691400e7ea1dd,d6b1ecfb38328306,cache_256/dataset_complete/cacao_diseases/cacao_photos/healthy/healthy_532.png,B,no_usada,sana,532
3953,dataset_complete/cacao_diseases/cacao_photos/healthy/healthy_533.jpg,0,78a9d43d22cd76dbb57b6063cda6086e,e226005c3de1f7f4,cache_256/dataset_complete/cacao_diseases/cacao_photos/healthy/healthy_533.png,B,no_usada,sana,533
3954,dataset_complete/cacao_diseases/cacao_photos/healthy/healthy_534.jpg,0,21f2aaf52b5395eb45f675435309ce87,e456097d43b476f0,cache_256/dataset_complete/cacao_diseases/cacao_photos/healthy/healthy_534.png,B,no_usada,sana,534
3955,dataset_complete/cacao_diseases/cacao_photos/healthy/healthy_535.jpg,0,6ce8fdf1d5ba9a64bedb64804485c392,923b7953f3a7102c,cache_256/dataset_complete/cacao_diseases/cacao_photos/healthy/healthy_535.png,B,no_usada,sana,535
3956,dataset_complete/cacao_diseases/cacao_photos/healthy/healthy_536.jpg,0,80beed67a637eda769e9f22bd51e71b0,d5c8ad2672b7324a,cache_256/dataset_complete/cacao_diseases/cacao_photos/healthy/healthy_536.png,A,no_usada,sana,536
3957,dataset_complete/cacao_diseases/cacao_photos/healthy/healthy_537.jpg,0,e5b7d1ec530ddebeaeb57bc8a6f92d56,fd7be914815a0b54,cache_256/dataset_complete/cacao_diseases/cacao_photos/healthy/healthy_537.png,B,no_usada,sana,537
3958,dataset_complete/cacao_diseases/cacao_photos/healthy/healthy_538.jpg,0,0dae767c6844af8a84a48371a69017d2,9da3a5b702b76849,cache_256/dataset_complete/cacao_diseases/cacao_photos/healthy/healthy_538.png,B,no_usada,sana,538
3959,dataset_complete/cacao_diseases/cacao_photos/healthy/healthy_539.jpg,0,32aba52993d876ebf02df758e84ecf6d,ebe5deee80c5c050,cache_256/dataset_complete/cacao_diseases/cacao_photos/healthy/healthy_539.png,B,no_usada,sana,539
3960,dataset_complete/cacao_diseases/cacao_photos/healthy/healthy_540.jpg,0,b1a4ec6d45d1f85efecf91971bc02bcb,d8f6730e07193ab8,cache_256/dataset_complete/cacao_diseases/cacao_photos/healthy/healthy_540.png,B,no_usada,sana,540
3961,dataset_complete/cacao_diseases/cacao_photos/healthy/healthy_541.jpg,0,5778766dd4252ca4bd09ec45eea6f38c,a7e399030ae59af1,cache_256/dataset_complete/cacao_diseases/cacao_photos/healthy/healthy_541.png,B,no_usada,sana,541
3962,dataset_complete/cacao_diseases/cacao_photos/healthy/healthy_542.jpg,0,204e3e8cc4f833dc0d0486a0a2686e78,c5633c74c28595be,cache_256/dataset_complete/cacao_diseases/cacao_photos/healthy/healthy_542.png,B,no_usada,sana,542
3963,dataset_complete/cacao_diseases/cacao_photos/healthy/healthy_543.jpg,0,81754c30b62c83c88e19acf775fbf2b5,cef39d0c06a1a375,cache_256/dataset_complete/cacao_diseases/cacao_photos/healthy/healthy_543.png,B,no_usada,sana,543
3964,dataset_complete/cacao_diseases/cacao_photos/healthy/healthy_544.jpg,0,3d202c9e0b46c80a517e452df8878f63,83343960e30fef1d,cache_256/dataset_complete/cacao_diseases/cacao_photos/healthy/healthy_544.png,B,no_usada,sana,544
3965,dataset_complete/cacao_diseases/cacao_photos/healthy/healthy_545.jpg,0,e5f97be434fe299c2404e0b416ec21e9,da48d53023f6b3b2,cache_256/dataset_complete/cacao_diseases/cacao_photos/healthy/healthy_545.png,B,no_usada,sana,545
3966,dataset_complete/cacao_diseases/cacao_photos/healthy/healthy_546.jpg,0,8065b270179f8864db835d669b3abfe6,92411f1f65e76c94,cache_256/dataset_complete/cacao_diseases/cacao_photos/healthy/healthy_546.png,B,no_usada,sana,546
3967,dataset_complete/cacao_diseases/cacao_photos/healthy/healthy_547.jpg,0,26a9bb7f550fa91ab5c7c891fe23544b,c58d9aad1d44b87c,cache_256/dataset_complete/cacao_diseases/cacao_photos/healthy/healthy_547.png,A,no_usada,sana,547
3968,dataset_complete/cacao_diseases/cacao_photos/healthy/healthy_548.jpg,0,90d6b0882b7faa515b9ad483ae337dd2,e7e80e36d342219f,cache_256/dataset_complete/cacao_diseases/cacao_photos/healthy/healthy_548.png,B,no_usada,sana,548
3969,dataset_complete/cacao_diseases/cacao_photos/healthy/healthy_549.jpg,0,461976da1313178a9f9df57003d246ca,b9560ba5616fc6a4,cache_256/dataset_complete/cacao_diseases/cacao_photos/healthy/healthy_549.png,B,no_usada,sana,549
3970,dataset_complete/cacao_diseases/cacao_photos/healthy/healthy_550.jpg,0,9f1cc8ea766eeb50f1b9a015dcb6d65f,8c4f74a9f25939b0,cache_256/dataset_complete/cacao_diseases/cacao_photos/healthy/healthy_550.png,B,no_usada,sana,550
3971,dataset_complete/cacao_diseases/cacao_photos/healthy/healthy_551.jpg,0,60f9c38ab1ce464238ad6cf253ae7e1a,e7b1d0f03da170c3,cache_256/dataset_complete/cacao_diseases/cacao_photos/healthy/healthy_551.png,B,no_usada,sana,551
3972,dataset_complete/cacao_diseases/cacao_photos/healthy/healthy_552.jpg,0,08fe6ce3ae8296c39bd5ed5e1f9d569d,d9e46d992643992e,cache_256/dataset_complete/cacao_diseases/cacao_photos/healthy/healthy_552.png,B,no_usada,sana,552
3973,dataset_complete/cacao_diseases/cacao_photos/healthy/healthy_553.jpg,0,e50b85c6003b314a82c2da911f426cda,e3225c773078f1e4,cache_256/dataset_complete/cacao_diseases/cacao_photos/healthy/healthy_553.png,B,no_usada,sana,553
3974,dataset_complete/cacao_diseases/cacao_photos/healthy/healthy_554.jpg,0,284e71b2bd190754ec1191657e63d6f5,8c0eec833759a5b3,cache_256/dataset_complete/cacao_diseases/cacao_photos/healthy/healthy_554.png,B,no_usada,sana,554
3975,dataset_complete/cacao_diseases/cacao_photos/healthy/healthy_555.jpg,0,2e5763f4198a56a33041a7f650a50e9f,fcb0591eb50257a9,cache_256/dataset_complete/cacao_diseases/cacao_photos/healthy/healthy_555.png,B,no_usada,sana,555
3976,dataset_complete/cacao_diseases/cacao_photos/healthy/healthy_556.jpg,0,6c310f7c341659b4bbe8ad6da11e4b52,aa3d6415533eb8c3,cache_256/dataset_complete/cacao_diseases/cacao_photos/healthy/healthy_556.png,B,no_usada,sana,556
3977,dataset_complete/cacao_diseases/cacao_photos/healthy/healthy_557.jpg,0,ae485c13c69b950884ce983860012ccc,9a684de372d672c2,cache_256/dataset_complete/cacao_diseases/cacao_photos/healthy/healthy_557.png,B,no_usada,sana,557
3978,dataset_complete/cacao_diseases/cacao_photos/healthy/healthy_558.jpg,0,f44d0bbdc7842aaf46e58cbd13ed8c41,da756f36c094ab03,cache_256/dataset_complete/cacao_diseases/cacao_photos/healthy/healthy_558.png,A,no_usada,sana,558
3979,dataset_complete/cacao_diseases/cacao_photos/healthy/healthy_559.jpg,0,28bd3da8f76a0cf18049abdf15475b30,e6ce8c361234593f,cache_256/dataset_complete/cacao_diseases/cacao_photos/healthy/healthy_559.png,A,no_usada,sana,559
3980,dataset_complete/cacao_diseases/cacao_photos/healthy/healthy_560.jpg,0,5740c366a642458f7b25a561875d66a8,9ca564ab8adcbc8c,cache_256/dataset_complete/cacao_diseases/cacao_photos/healthy/healthy_560.png,B,no_usada,sana,560
3981,dataset_complete/cacao_diseases/cacao_photos/healthy/healthy_561.jpg,0,4a143136db0fc606809ad505dcf25732,87499da685e4e45e,cache_256/dataset_complete/cacao_diseases/cacao_photos/healthy/healthy_561.png,B,no_usada,sana,561
3982,dataset_complete/cacao_diseases/cacao_photos/healthy/healthy_562.jpg,0,aa652996d24f335f0712e1c092c0db3a,c19bad397c047ac3,cache_256/dataset_complete/cacao_diseases/cacao_photos/healthy/healthy_562.png,B,no_usada,sana,562
3983,dataset_complete/cacao_diseases/cacao_photos/healthy/healthy_563.jpg,0,dacc97424aeab2a63bf11219f63da139,9c25a9e7334ccaac,cache_256/dataset_complete/cacao_diseases/cacao_photos/healthy/healthy_563.png,B,no_usada,sana,563
3984,dataset_complete/cacao_diseases/cacao_photos/healthy/healthy_564.jpg,0,79028f5e4d1547162027c021b51af9e2,cce7a4a313834f4d,cache_256/dataset_complete/cacao_diseases/cacao_photos/healthy/healthy_564.png,B,no_usada,sana,564
3985,dataset_complete/cacao_diseases/cacao_photos/healthy/healthy_698.jpg,0,f08a1b5d4d534afa48bf4f3cb91e773d,b3ec1856e7831ab8,cache_256/dataset_complete/cacao_diseases/cacao_photos/healthy/healthy_698.png,B,no_usada,sana,698
3986,dataset_complete/cacao_diseases/cacao_photos/healthy/healthy_699.jpg,0,7b852c129da86f3f3808eb387c81d5a1,99c9a0afe231ef50,cache_256/dataset_complete/cacao_diseases/cacao_photos/healthy/healthy_699.png,B,no_usada,sana,699
3987,dataset_complete/cacao_diseases/cacao_photos/healthy/healthy_700.jpg,0,7de19bcd7973f38a6b5a9abf4c77dfe1,8a679c2c70b4d6ec,cache_256/dataset_complete/cacao_diseases/cacao_photos/healthy/healthy_700.png,B,no_usada,sana,700
3988,dataset_complete/cacao_diseases/cacao_photos/healthy/healthy_701.jpg,0,2bcfbd868825aa5a8c32424e728f1343,c3be96063d888bcb,cache_256/dataset_complete/cacao_diseases/cacao_photos/healthy/healthy_701.png,B,no_usada,sana,701
3989,dataset_complete/cacao_diseases/cacao_photos/healthy/healthy_702.jpg,0,6ea9d04cd67b9b0ecd9b1d341f7de542,cf6074ebc13c8bc1,cache_256/dataset_complete/cacao_diseases/cacao_photos/healthy/healthy_702.png,B,no_usada,sana,702
3990,dataset_complete/cacao_diseases/cacao_photos/healthy/healthy_703.jpg,0,c5f193c277756fbeca18ab38531a509a,969e1171616aee4e,cache_256/dataset_complete/cacao_diseases/cacao_photos/healthy/healthy_703.png,A,no_usada,sana,703
3991,dataset_complete/cacao_diseases/cacao_photos/healthy/healthy_704.jpg,0,4fc6ace4459ec3fcb7e1e4d2fb5a87b2,ddeabc62c365d084,cache_256/dataset_complete/cacao_diseases/cacao_photos/healthy/healthy_704.png,B,no_usada,sana,704
3992,dataset_complete/cacao_diseases/cacao_photos/healthy/healthy_705.jpg,0,2c194d68d6d90f977c35c508c5d9ec96,8c5c5ab6b949b992,cache_256/dataset_complete/cacao_diseases/cacao_photos/healthy/healthy_705.png,B,no_usada,sana,705
3993,dataset_complete/cacao_diseases/cacao_photos/healthy/healthy_706.jpg,0,4ab69677681b985a83663eb905994669,dc3fa93b22d8a24c,cache_256/dataset_complete/cacao_diseases/cacao_photos/healthy/healthy_706.png,B,no_usada,sana,706
3994,dataset_complete/cacao_diseases/cacao_photos/healthy/healthy_707.jpg,0,6cdebb7758a9d8bd5810125b227e6afd,967cd1a432f2b62a,cache_256/dataset_complete/cacao_diseases/cacao_photos/healthy/healthy_707.png,B,no_usada,sana,707
3995,dataset_complete/cacao_diseases/cacao_photos/healthy/healthy_708.jpg,0,02061cdc64e13f3550ef10eb67e1b92c,d8bc0c4df36c42ab,cache_256/dataset_complete/cacao_diseases/cacao_photos/healthy/healthy_708.png,B,no_usada,sana,708
3996,dataset_complete/cacao_diseases/cacao_photos/healthy/healthy_709.jpg,0,475a51fb19b2a8fdb92ad490a520f187,da4dc13c43cec4cd,cache_256/dataset_complete/cacao_diseases/cacao_photos/healthy/healthy_709.png,B,no_usada,sana,709
3997,dataset_complete/cacao_diseases/cacao_photos/healthy/healthy_710.jpg,0,5c09c47452934950c98c64a44976dacb,8d320737f6df4841,cache_256/dataset_complete/cacao_diseases/cacao_photos/healthy/healthy_710.png,B,no_usada,sana,710
3998,dataset_complete/cacao_diseases/cacao_photos/healthy/healthy_711.jpg,0,738ef144662cac1f40476a441bb68d86,e6cb0969e7f41294,cache_256/dataset_complete/cacao_diseases/cacao_photos/healthy/healthy_711.png,B,no_usada,sana,711
3999,dataset_complete/cacao_diseases/cacao_photos/healthy/healthy_712.jpg,0,abffa77a78a1fbecbd1c1d759b3dd9ea,c88d33663663cf70,cache_256/dataset_complete/cacao_diseases/cacao_photos/healthy/healthy_712.png,B,no_usada,sana,712
4000,dataset_complete/cacao_diseases/cacao_photos/healthy/healthy_713.jpg,0,0048fd308ccbd2d65ebeeee8e0126f3a,e5a4abe35390781d,cache_256/dataset_complete/cacao_diseases/cacao_photos/healthy/healthy_713.png,B,no_usada,sana,713
4001,dataset_complete/cacao_diseases/cacao_photos/healthy/healthy_714.jpg,0,77ec46b00c47b7f4897c4a390156baef,981b9b3ca1e343d5,cache_256/dataset_complete/cacao_diseases/cacao_photos/healthy/healthy_714.png,A,no_usada,sana,714
4002,dataset_complete/cacao_diseases/cacao_photos/healthy/healthy_715.jpg,0,7fd7a0b7e3553ad282883ab1df6a2bac,9f948727754435a3,cache_256/dataset_complete/cacao_diseases/cacao_photos/healthy/healthy_715.png,B,no_usada,sana,715
4003,dataset_complete/cacao_diseases/cacao_photos/healthy/healthy_716.jpg,0,f997f4447a04312e672241a5a35d1662,ec46707713047fb2,cache_256/dataset_complete/cacao_diseases/cacao_photos/healthy/healthy_716.png,B,no_usada,sana,716
4004,dataset_complete/cacao_diseases/cacao_photos/healthy/healthy_717.jpg,0,374c054d18d2f267287e4eea06ea42a1,ccf3e746621c910f,cache_256/dataset_complete/cacao_diseases/cacao_photos/healthy/healthy_717.png,B,no_usada,sana,717
4005,dataset_complete/cacao_diseases/cacao_photos/healthy/healthy_718.jpg,0,f273e688def6c962e13b4f27ea0ee10a,83c3c1267c36bcad,cache_256/dataset_complete/cacao_diseases/cacao_photos/healthy/healthy_718.png,B,no_usada,sana,718
4006,dataset_complete/cacao_diseases/cacao_photos/healthy/healthy_719.jpg,0,c3bb5222204b217ff64697139aaf0fc0,de7dc6132619470d,cache_256/dataset_complete/cacao_diseases/cacao_photos/healthy/healthy_719.png,B,no_usada,sana,719
4007,dataset_complete/cacao_diseases/cacao_photos/healthy/healthy_720.jpg,0,d5281506bb12c46c24b79eb953702381,cfec91b47a42b388,cache_256/dataset_complete/cacao_diseases/cacao_photos/healthy/healthy_720.png,B,no_usada,sana,720
4008,dataset_complete/cacao_diseases/cacao_photos/healthy/healthy_721.jpg,0,6531bd810d31ade011ddd979b5aa897c,d9ce0d70383fa199,cache_256/dataset_complete/cacao_diseases/cacao_photos/healthy/healthy_721.png,B,no_usada,sana,721
4009,dataset_complete/cacao_diseases/cacao_photos/healthy/healthy_722.jpg,0,04e797522f41a83fb9bd93c57dbf8f14,9bb41c6a764b434b,cache_256/dataset_complete/cacao_diseases/cacao_photos/healthy/healthy_722.png,B,no_usada,sana,722
4010,dataset_complete/cacao_diseases/cacao_photos/healthy/healthy_723.jpg,0,a6bdcfad9480f004df3ae13002c9401a,89c5e6849499be5b,cache_256/dataset_complete/cacao_diseases/cacao_photos/healthy/healthy_723.png,B,no_usada,sana,723
4011,dataset_complete/cacao_diseases/cacao_photos/healthy/healthy_724.jpg,0,d25054cdda373935197e5e1128bf2477,d8be180f174f4d45,cache_256/dataset_complete/cacao_diseases/cacao_photos/healthy/healthy_724.png,B,no_usada,sana,724
4012,dataset_complete/cacao_diseases/cacao_photos/healthy/healthy_725.jpg,0,968a2b453d872a279718ae4093538be9,cee1f800f676c742,cache_256/dataset_complete/cacao_diseases/cacao_photos/healthy/healthy_725.png,A,no_usada,sana,725
4013,dataset_complete/cacao_diseases/cacao_photos/healthy/healthy_726.jpg,0,30ffe97eaa258804a7ef9d0355398197,a0b51d4f2b55f039,cache_256/dataset_complete/cacao_diseases/cacao_photos/healthy/healthy_726.png,B,no_usada,sana,726
4014,dataset_complete/cacao_diseases/cacao_photos/healthy/healthy_727.jpg,0,f39f49dd4bddcd2028b84cd35fb627b5,a70fd86b991a523a,cache_256/dataset_complete/cacao_diseases/cacao_photos/healthy/healthy_727.png,B,no_usada,sana,727
4015,dataset_complete/cacao_diseases/cacao_photos/healthy/healthy_728.jpg,0,e5dd73f5929a0e27d5caa71977373ded,8b82bc4c3c86bf4b,cache_256/dataset_complete/cacao_diseases/cacao_photos/healthy/healthy_728.png,B,no_usada,sana,728
4016,dataset_complete/cacao_diseases/cacao_photos/healthy/healthy_729.jpg,0,1177aa93b9589c93ecd5224170fc90ba,84b59f1ddacb1898,cache_256/dataset_complete/cacao_diseases/cacao_photos/healthy/healthy_729.png,B,no_usada,sana,729
4017,dataset_complete/cacao_diseases/cacao_photos/healthy/healthy_730.jpg,0,63c580c233ba28d54bead9b3c34f8b7c,dcfcf13333d9c080,cache_256/dataset_complete/cacao_diseases/cacao_photos/healthy/healthy_730.png,B,no_usada,sana,730
4018,dataset_complete/cacao_diseases/cacao_photos/healthy/healthy_731.jpg,0,fc2c62f776226b846ed78bc9549e8f85,cc0fbd7620b3d107,cache_256/dataset_complete/cacao_diseases/cacao_photos/healthy/healthy_731.png,B,no_usada,sana,731
4019,dataset_complete/cacao_diseases/cacao_photos/healthy/healthy_732.jpg,0,641ad6361700370813360a41c4fcc462,e107edf12c2d2cb4,cache_256/dataset_complete/cacao_diseases/cacao_photos/healthy/healthy_732.png,B,no_usada,sana,732
4020,dataset_complete/cacao_diseases/cacao_photos/healthy/healthy_733.jpg,0,29d7538636914b50460c884c0c895dda,d8ed9366a2b41e19,cache_256/dataset_complete/cacao_diseases/cacao_photos/healthy/healthy_733.png,B,no_usada,sana,733
4021,dataset_complete/cacao_diseases/cacao_photos/healthy/healthy_734.jpg,0,e2c2ffd1fff0631b9194ebba198b4dfe,cfeee633c3800c5c,cache_256/dataset_complete/cacao_diseases/cacao_photos/healthy/healthy_734.png,B,no_usada,sana,734
4022,dataset_complete/cacao_diseases/cacao_photos/healthy/healthy_735.jpg,0,191d60acff94274eb8171907a405df0f,cc9c2db19213ee8d,cache_256/dataset_complete/cacao_diseases/cacao_photos/healthy/healthy_735.png,B,no_usada,sana,735
4023,dataset_complete/cacao_diseases/cacao_photos/healthy/healthy_736.jpg,0,d3f4e82de8e5e6339842887c2c2510f4,cedcf33786b21848,cache_256/dataset_complete/cacao_diseases/cacao_photos/healthy/healthy_736.png,A,no_usada,sana,736
4024,dataset_complete/cacao_diseases/cacao_photos/healthy/healthy_737.jpg,0,960f00ba185d519883d18e86215c6ebb,9f9084a76d933996,cache_256/dataset_complete/cacao_diseases/cacao_photos/healthy/healthy_737.png,B,no_usada,sana,737
4025,dataset_complete/cacao_diseases/cacao_photos/healthy/healthy_738.jpg,0,6a2518620cb72bbb9d8daa09719492f1,ec3d31058d3e7037,cache_256/dataset_complete/cacao_diseases/cacao_photos/healthy/healthy_738.png,B,no_usada,sana,738
4026,dataset_complete/cacao_diseases/cacao_photos/healthy/healthy_739.jpg,0,302d529bea6543c066556272f42610da,9cf211065dfc9a9a,cache_256/dataset_complete/cacao_diseases/cacao_photos/healthy/healthy_739.png,B,no_usada,sana,739
4027,dataset_complete/cacao_diseases/cacao_photos/healthy/healthy_740.jpg,0,9aeff986c5008227530910a62298445b,eee61c07e2f4a684,cache_256/dataset_complete/cacao_diseases/cacao_photos/healthy/healthy_740.png,B,no_usada,sana,740
4028,dataset_complete/cacao_diseases/cacao_photos/healthy/healthy_741.jpg,0,2011b3892188383e3439faa837b178d8,ccb5341b1b0af9cc,cache_256/dataset_complete/cacao_diseases/cacao_photos/healthy/healthy_741.png,B,no_usada,sana,741
4029,dataset_complete/cacao_diseases/cacao_photos/healthy/healthy_742.jpg,0,fb8cc074e6f31678a65a18ef55f2884a,98823ec6e34a3fe1,cache_256/dataset_complete/cacao_diseases/cacao_photos/healthy/healthy_742.png,B,no_usada,sana,742
4030,dataset_complete/cacao_diseases/cacao_photos/healthy/healthy_743.jpg,0,6192fdd41441b18829be1be068cd4f3f,933ef0e67c81ac89,cache_256/dataset_complete/cacao_diseases/cacao_photos/healthy/healthy_743.png,B,no_usada,sana,743
4031,dataset_complete/cacao_diseases/cacao_photos/healthy/healthy_744.jpg,0,5d59a64ada6aafa8b1406826f19424d1,ebee8b1133306365,cache_256/dataset_complete/cacao_diseases/cacao_photos/healthy/healthy_744.png,B,no_usada,sana,744
4032,dataset_complete/cacao_diseases/cacao_photos/healthy/healthy_745.jpg,0,68ea0c683ac292dd22b9b40e574f9eed,f0981f0f236cc759,cache_256/dataset_complete/cacao_diseases/cacao_photos/healthy/healthy_745.png,B,no_usada,sana,745
4033,dataset_complete/cacao_diseases/cacao_photos/healthy/healthy_746.jpg,0,fe0a01b77e7a76a04d895317838e8179,d59bcb099e282f64,cache_256/dataset_complete/cacao_diseases/cacao_photos/healthy/healthy_746.png,B,no_usada,sana,746
4034,dataset_complete/cacao_diseases/cacao_photos/healthy/healthy_747.jpg,0,302d39bcd40e89fd3845d72f6acbaeba,c77cc362a3379898,cache_256/dataset_complete/cacao_diseases/cacao_photos/healthy/healthy_747.png,A,no_usada,sana,747
4035,dataset_complete/cacao_diseases/cacao_photos/healthy/healthy_748.jpg,0,098268a61876cba52decc73205ea99f0,8be7b82456ca86c7,cache_256/dataset_complete/cacao_diseases/cacao_photos/healthy/healthy_748.png,B,no_usada,sana,748
4036,dataset_complete/cacao_diseases/cacao_photos/healthy/healthy_749.jpg,0,3c7f64cb475cbe9df35dafdfd9a858a4,8c456ab62bdc368d,cache_256/dataset_complete/cacao_diseases/cacao_photos/healthy/healthy_749.png,B,no_usada,sana,749
4037,dataset_complete/cacao_diseases/cacao_photos/healthy/healthy_750.jpg,0,e599c3c73230bde69bdeeea4b9cb5ace,8aac68e606bae379,cache_256/dataset_complete/cacao_diseases/cacao_photos/healthy/healthy_750.png,B,no_usada,sana,750
4038,dataset_complete/cacao_diseases/cacao_photos/healthy/healthy_751.jpg,0,ffbd94e70c6d1f309a5653de4554f95e,d99060e2d8ccd9db,cache_256/dataset_complete/cacao_diseases/cacao_photos/healthy/healthy_751.png,B,no_usada,sana,751
4039,dataset_complete/cacao_diseases/cacao_photos/healthy/healthy_752.jpg,0,c2d21ac08a2f9cb227e98e96da9a0fe6,d8b86d71b663230e,cache_256/dataset_complete/cacao_diseases/cacao_photos/healthy/healthy_752.png,B,no_usada,sana,752
4040,dataset_complete/cacao_diseases/cacao_photos/healthy/healthy_753.jpg,0,ea2c248199ce30c6cf5557557cd24940,e5be19501961697e,cache_256/dataset_complete/cacao_diseases/cacao_photos/healthy/healthy_753.png,B,no_usada,sana,753
4041,dataset_complete/cacao_diseases/cacao_photos/healthy/healthy_754.jpg,0,1c79a27c83a682bc52553e616c069cc7,ae3ef52734351892,cache_256/dataset_complete/cacao_diseases/cacao_photos/healthy/healthy_754.png,B,no_usada,sana,754
4042,dataset_complete/cacao_diseases/cacao_photos/healthy/healthy_755.jpg,0,c84f289ee62518aa3558099b0cea0326,990a3537d24b8dba,cache_256/dataset_complete/cacao_diseases/cacao_photos/healthy/healthy_755.png,B,no_usada,sana,755
4043,dataset_complete/cacao_diseases/cacao_photos/healthy/healthy_756.jpg,0,b78f8fba963ab8b914e24f8f1f8ce387,86293573fe1b154a,cache_256/dataset_complete/cacao_diseases/cacao_photos/healthy/healthy_756.png,B,no_usada,sana,756
4044,dataset_complete/cacao_diseases/cacao_photos/healthy/healthy_757.jpg,0,5350cad94e1540fcd4535ff8b6e69b2e,d81616e6e601dfd1,cache_256/dataset_complete/cacao_diseases/cacao_photos/healthy/healthy_757.png,B,no_usada,sana,757
4045,dataset_complete/cacao_diseases/cacao_photos/healthy/healthy_758.jpg,0,3a9213d5a8ecc9472249076a6dbb7eea,9ab814157f4be385,cache_256/dataset_complete/cacao_diseases/cacao_photos/healthy/healthy_758.png,A,no_usada,sana,758
4046,dataset_complete/cacao_diseases/cacao_photos/healthy/healthy_759.jpg,0,70b034414ec0a9005f6ee8ea7abb8a4b,9c9b9327a624caf1,cache_256/dataset_complete/cacao_diseases/cacao_photos/healthy/healthy_759.png,B,no_usada,sana,759
4047,dataset_complete/cacao_diseases/cacao_photos/healthy/healthy_760.jpg,0,ce192f5064d867acdc9aceb3605eef92,98b5294b2b6d2db8,cache_256/dataset_complete/cacao_diseases/cacao_photos/healthy/healthy_760.png,B,no_usada,sana,760
4048,dataset_complete/cacao_diseases/cacao_photos/healthy/healthy_761.jpg,0,370cf9ca2ed8fe5874cf29016f1d799b,d86de036788639d3,cache_256/dataset_complete/cacao_diseases/cacao_photos/healthy/healthy_761.png,B,no_usada,sana,761
4049,dataset_complete/cacao_diseases/cacao_photos/healthy/healthy_762.jpg,0,1884e931c7c256efb37c46df3ee14c31,d8152637f423711f,cache_256/dataset_complete/cacao_diseases/cacao_photos/healthy/healthy_762.png,B,no_usada,sana,762
4050,dataset_complete/cacao_diseases/cacao_photos/healthy/healthy_763.jpg,0,d16f8f6c67d403524faf495f4d15a174,ccb12777a6dc1c88,cache_256/dataset_complete/cacao_diseases/cacao_photos/healthy/healthy_763.png,B,no_usada,sana,763
4051,dataset_complete/cacao_diseases/cacao_photos/healthy/healthy_764.jpg,0,05334a27c80957f989ca884378bedccb,fd5418545b2bd5c4,cache_256/dataset_complete/cacao_diseases/cacao_photos/healthy/healthy_764.png,B,no_usada,sana,764
4052,dataset_complete/cacao_diseases/cacao_photos/healthy/healthy_765.jpg,0,92ec8680e12f9d3182e14d24107edbe3,d81735665ab283e9,cache_256/dataset_complete/cacao_diseases/cacao_photos/healthy/healthy_765.png,B,no_usada,sana,765
4053,dataset_complete/cacao_diseases/cacao_photos/healthy/healthy_766.jpg,0,7153ed83a8094dc028cb64da25916bc0,a0ef4de419d28b1e,cache_256/dataset_complete/cacao_diseases/cacao_photos/healthy/healthy_766.png,B,no_usada,sana,766
4054,dataset_complete/cacao_diseases/cacao_photos/healthy/healthy_767.jpg,0,0627c6ee552d481a2045cd611552e415,9f00c8b753436dab,cache_256/dataset_complete/cacao_diseases/cacao_photos/healthy/healthy_767.png,B,no_usada,sana,767
4055,dataset_complete/cacao_diseases/cacao_photos/healthy/healthy_768.jpg,0,77be0ebafd85e105103b0724724c505c,9744c23e975a68a7,cache_256/dataset_complete/cacao_diseases/cacao_photos/healthy/healthy_768.png,B,no_usada,sana,768
4056,dataset_complete/cacao_diseases/cacao_photos/healthy/healthy_769.jpg,0,9aa83c1dd0825f114206a1ca95818237,e2c408775573715d,cache_256/dataset_complete/cacao_diseases/cacao_photos/healthy/healthy_769.png,A,no_usada,sana,769
4057,dataset_complete/cacao_diseases/cacao_photos/healthy/healthy_770.jpg,0,e29ee152a49eb22eb18b39e7ad088f34,edac2f0f6045d21e,cache_256/dataset_complete/cacao_diseases/cacao_photos/healthy/healthy_770.png,B,no_usada,sana,770
4058,dataset_complete/cacao_diseases/cacao_photos/healthy/healthy_771.jpg,0,a650285a08b47cc6d725cf2b067803cb,bbb11be8229e660d,cache_256/dataset_complete/cacao_diseases/cacao_photos/healthy/healthy_771.png,B,no_usada,sana,771
4059,dataset_complete/cacao_diseases/cacao_photos/healthy/healthy_772.jpg,0,d0202a952af2691e287c5235d1a89093,8dcb381e2770e762,cache_256/dataset_complete/cacao_diseases/cacao_photos/healthy/healthy_772.png,B,no_usada,sana,772
4060,dataset_complete/cacao_diseases/cacao_photos/healthy/healthy_773.jpg,0,d1aeb775060b92576fac3a7c837af5b5,cbaa3ded7740c00e,cache_256/dataset_complete/cacao_diseases/cacao_photos/healthy/healthy_773.png,B,no_usada,sana,773
4061,dataset_complete/cacao_diseases/cacao_photos/healthy/healthy_774.jpg,0,6b680ae22e649fe800f1cd8e87c8b778,c9c33178763c34f2,cache_256/dataset_complete/cacao_diseases/cacao_photos/healthy/healthy_774.png,B,no_usada,sana,774
4062,dataset_complete/cacao_diseases/cacao_photos/healthy/healthy_775.jpg,0,f0dbf470fb7e982045cac04cae9e825a,89a67c5e449d9a72,cache_256/dataset_complete/cacao_diseases/cacao_photos/healthy/healthy_775.png,B,no_usada,sana,775
4063,dataset_complete/cacao_diseases/cacao_photos/healthy/healthy_776.jpg,0,07549fe735f1fd4f2a6b4bcf6db29347,c3395e5236c7232e,cache_256/dataset_complete/cacao_diseases/cacao_photos/healthy/healthy_776.png,B,no_usada,sana,776
4064,dataset_complete/cacao_diseases/cacao_photos/healthy/healthy_777.jpg,0,b9b090b3e020a984ed97bf0dc47cda61,c66df84769b70213,cache_256/dataset_complete/cacao_diseases/cacao_photos/healthy/healthy_777.png,B,no_usada,sana,777
4065,dataset_complete/cacao_diseases/cacao_photos/healthy/healthy_778.jpg,0,9f8225f0eaf14641b0a22985cd3ee1d6,8b6c5325f7ea8095,cache_256/dataset_complete/cacao_diseases/cacao_photos/healthy/healthy_778.png,B,no_usada,sana,778
4066,dataset_complete/cacao_diseases/cacao_photos/healthy/healthy_779.jpg,0,a9fc5df312f84e87abb060b896d6a79f,8ccc738ade8c56a3,cache_256/dataset_complete/cacao_diseases/cacao_photos/healthy/healthy_779.png,B,no_usada,sana,779
4067,dataset_complete/cacao_diseases/cacao_photos/healthy/healthy_780.jpg,0,270d8fb7d75e02ad40ac72f32adcecab,c299b975313c372c,cache_256/dataset_complete/cacao_diseases/cacao_photos/healthy/healthy_780.png,A,no_usada,sana,780
4068,dataset_complete/cacao_diseases/cacao_photos/healthy/healthy_781.jpg,0,9ae643c18fc5d01be188447388edf59e,9c39abb742a6aca4,cache_256/dataset_complete/cacao_diseases/cacao_photos/healthy/healthy_781.png,A,no_usada,sana,781
4069,dataset_complete/cacao_diseases/cacao_photos/healthy/healthy_782.jpg,0,2dd745e87589dce7f020d644d0fd637d,df2d24cb1ce986d0,cache_256/dataset_complete/cacao_diseases/cacao_photos/healthy/healthy_782.png,B,no_usada,sana,782
4070,dataset_complete/cacao_diseases/cacao_photos/healthy/healthy_783.jpg,0,5cda504eedd7ebc855f28d273bc8094a,cc6b7138321cadd6,cache_256/dataset_complete/cacao_diseases/cacao_photos/healthy/healthy_783.png,B,no_usada,sana,783
4071,dataset_complete/cacao_diseases/cacao_photos/healthy/healthy_784.jpg,0,241b3178bd8535bc4c0a2182cb5ef943,dcf0f8a03d2ce652,cache_256/dataset_complete/cacao_diseases/cacao_photos/healthy/healthy_784.png,B,no_usada,sana,784
4072,dataset_complete/cacao_diseases/cacao_photos/healthy/healthy_785.jpg,0,a35ddaf5e4084fbe1f046bb2db1e0b8c,b9fcf8e9662b4480,cache_256/dataset_complete/cacao_diseases/cacao_photos/healthy/healthy_785.png,B,no_usada,sana,785
4073,dataset_complete/cacao_diseases/cacao_photos/healthy/healthy_786.jpg,0,f82fe5f81a722e4ec4f8c3e5564bd049,89bb7ce0c313ab0b,cache_256/dataset_complete/cacao_diseases/cacao_photos/healthy/healthy_786.png,B,no_usada,sana,786
4074,dataset_complete/cacao_diseases/cacao_photos/healthy/healthy_787.jpg,0,71fb2a07e5f338b98a61495ccb8e215e,d8f77137be0380e0,cache_256/dataset_complete/cacao_diseases/cacao_photos/healthy/healthy_787.png,B,no_usada,sana,787
4075,dataset_complete/cacao_diseases/cacao_photos/healthy/healthy_788.jpg,0,aff322316c5d57336d2606eabc3a9bd2,9b1aa059f68914bf,cache_256/dataset_complete/cacao_diseases/cacao_photos/healthy/healthy_788.png,B,no_usada,sana,788
4076,dataset_complete/cacao_diseases/cacao_photos/healthy/healthy_789.jpg,0,45097972f2a39326e6ebe43b356682f8,deed205262f06cce,cache_256/dataset_complete/cacao_diseases/cacao_photos/healthy/healthy_789.png,B,no_usada,sana,789
4077,dataset_complete/cacao_diseases/cacao_photos/healthy/healthy_790.jpg,0,e2bfd3a97e156774cda78c24c64c36e9,c75c58433ff621e0,cache_256/dataset_complete/cacao_diseases/cacao_photos/healthy/healthy_790.png,B,no_usada,sana,790
4078,dataset_complete/cacao_diseases/cacao_photos/healthy/healthy_791.jpg,0,ef76f63f3f82a93b9410c3b4fcb25091,8e714d74ac2c662f,cache_256/dataset_complete/cacao_diseases/cacao_photos/healthy/healthy_791.png,B,no_usada,sana,791
4079,dataset_complete/cacao_diseases/cacao_photos/healthy/healthy_792.jpg,0,aedbf8004800ad2325fcb9fa163b2c16,a679986672fce501,cache_256/dataset_complete/cacao_diseases/cacao_photos/healthy/healthy_792.png,A,no_usada,sana,792
4080,dataset_complete/cacao_diseases/cacao_photos/healthy/healthy_793.jpg,0,9133a5d2569e89429a447161e0c35371,99c467113255b96f,cache_256/dataset_complete/cacao_diseases/cacao_photos/healthy/healthy_793.png,B,no_usada,sana,793
4081,dataset_complete/cacao_diseases/cacao_photos/healthy/healthy_794.jpg,0,f7d81b7ca7653b4ad8868443851c70d6,9a90c9a3fdf1a254,cache_256/dataset_complete/cacao_diseases/cacao_photos/healthy/healthy_794.png,B,no_usada,sana,794
4082,dataset_complete/cacao_diseases/cacao_photos/healthy/healthy_795.jpg,0,7c1cab80c31bc11588395103cd18e9b3,c40b6679c34bc4de,cache_256/dataset_complete/cacao_diseases/cacao_photos/healthy/healthy_795.png,B,no_usada,sana,795
4083,dataset_complete/cacao_diseases/cacao_photos/healthy/healthy_796.jpg,0,edb942e39ae037eeade623636dcf9076,ade3673756194858,cache_256/dataset_complete/cacao_diseases/cacao_photos/healthy/healthy_796.png,B,no_usada,sana,796
4084,dataset_complete/cacao_diseases/cacao_photos/healthy/healthy_797.jpg,0,a818688eb47d4e8bb77a0cf7a2b3ccf4,cd327253277d0371,cache_256/dataset_complete/cacao_diseases/cacao_photos/healthy/healthy_797.png,B,no_usada,sana,797
4085,dataset_complete/cacao_diseases/cacao_photos/healthy/healthy_798.jpg,0,8f8e538a1f013eb5c979519681cf747a,c3fa3d5362020fce,cache_256/dataset_complete/cacao_diseases/cacao_photos/healthy/healthy_798.png,B,no_usada,sana,798
4086,dataset_complete/cacao_diseases/cacao_photos/healthy/healthy_799.jpg,0,326275fefb4ef5e37f72fcaa3f5f652f,9ddaf5b122a5588c,cache_256/dataset_complete/cacao_diseases/cacao_photos/healthy/healthy_799.png,B,no_usada,sana,799
4087,dataset_complete/cacao_diseases/cacao_photos/healthy/healthy_800.jpg,0,1009277f11c24cd33926705541a0847a,d8f9295856465657,cache_256/dataset_complete/cacao_diseases/cacao_photos/healthy/healthy_800.png,B,no_usada,sana,800
4088,dataset_complete/cacao_diseases/cacao_photos/healthy/healthy_801.jpg,0,39ee6c76f5ae13e2266a56ca2ab81061,99e6556eba419649,cache_256/dataset_complete/cacao_diseases/cacao_photos/healthy/healthy_801.png,B,no_usada,sana,801
4089,dataset_complete/cacao_diseases/cacao_photos/healthy/healthy_802.jpg,0,f30bd23f719d1da5ea34964157df06a8,c7e13c160650fcfa,cache_256/dataset_complete/cacao_diseases/cacao_photos/healthy/healthy_802.png,B,no_usada,sana,802
4090,dataset_complete/cacao_diseases/cacao_photos/healthy/healthy_803.jpg,0,bc2c3d0a20bc15a7c1dda8050d7ff7b4,8b890d277c66ac6e,cache_256/dataset_complete/cacao_diseases/cacao_photos/healthy/healthy_803.png,A,no_usada,sana,803
4091,dataset_complete/cacao_diseases/cacao_photos/healthy/healthy_804.jpg,0,342324563423baf27e239591e2dc5409,ab5a55a6ca989999,cache_256/dataset_complete/cacao_diseases/cacao_photos/healthy/healthy_804.png,B,no_usada,sana,804
4092,dataset_complete/cacao_diseases/cacao_photos/healthy/healthy_805.jpg,0,e607ba3797c5bcb786948ca0d3395682,9aec65f4f646141c,cache_256/dataset_complete/cacao_diseases/cacao_photos/healthy/healthy_805.png,B,no_usada,sana,805
4093,dataset_complete/cacao_diseases/cacao_photos/healthy/healthy_806.jpg,0,a6a705ec2bcfd4921b9a233c0e607c32,8728bf644ac75b62,cache_256/dataset_complete/cacao_diseases/cacao_photos/healthy/healthy_806.png,B,no_usada,sana,806
4094,dataset_complete/cacao_diseases/cacao_photos/healthy/healthy_807.jpg,0,1deb58912d39e53cf740a59ee767e9df,fd728a09128b9fb8,cache_256/dataset_complete/cacao_diseases/cacao_photos/healthy/healthy_807.png,B,no_usada,sana,807
4095,dataset_complete/cacao_diseases/cacao_photos/healthy/healthy_808.jpg,0,52494ee1c5dfd498181dd070955e5cb3,bfa0b123413c97ae,cache_256/dataset_complete/cacao_diseases/cacao_photos/healthy/healthy_808.png,B,no_usada,sana,808
4096,dataset_complete/cacao_diseases/cacao_photos/healthy/healthy_809.jpg,0,5506d3ec268895d4142b25327ef78b3e,923dd137e5827ac2,cache_256/dataset_complete/cacao_diseases/cacao_photos/healthy/healthy_809.png,B,no_usada,sana,809
4097,dataset_complete/cacao_diseases/cacao_photos/healthy/healthy_810.jpg,0,bc155c63f9688acdb4c3794ed3ad1a0e,b61cfc6138b530b5,cache_256/dataset_complete/cacao_diseases/cacao_photos/healthy/healthy_810.png,B,no_usada,sana,810
4098,dataset_complete/cacao_diseases/cacao_photos/healthy/healthy_811.jpg,0,cf6c4cc7eb14087bd4013847db54c2b8,e73bc9ef19c00594,cache_256/dataset_complete/cacao_diseases/cacao_photos/healthy/healthy_811.png,B,no_usada,sana,811
4099,dataset_complete/cacao_diseases/cacao_photos/healthy/healthy_812.jpg,0,02e02bcfd2927df4970e65140fbbe85e,b2bd1dbb2d451684,cache_256/dataset_complete/cacao_diseases/cacao_photos/healthy/healthy_812.png,B,no_usada,sana,812
4100,dataset_complete/cacao_diseases/cacao_photos/healthy/healthy_813.jpg,0,484b1e186289727c1093a20641aaf27a,c702fc34b4f1b0c7,cache_256/dataset_complete/cacao_diseases/cacao_photos/healthy/healthy_813.png,B,no_usada,sana,813
4101,dataset_complete/cacao_diseases/cacao_photos/healthy/healthy_814.jpg,0,22e42b2da36b96471ec0d370ed6f32df,98c86c514376773e,cache_256/dataset_complete/cacao_diseases/cacao_photos/healthy/healthy_814.png,A,no_usada,sana,814
4102,dataset_complete/cacao_diseases/cacao_photos/healthy/healthy_815.jpg,0,2eb8abd3788ed745fcb9a73e2d77c010,f0f9174a2bace0a5,cache_256/dataset_complete/cacao_diseases/cacao_photos/healthy/healthy_815.png,B,no_usada,sana,815
4103,dataset_complete/cacao_diseases/cacao_photos/healthy/healthy_816.jpg,0,adbdc311ca124b428513acfdd0d9e25e,bc29647bd310b9a5,cache_256/dataset_complete/cacao_diseases/cacao_photos/healthy/healthy_816.png,B,no_usada,sana,816
4104,dataset_complete/cacao_diseases/cacao_photos/healthy/healthy_817.jpg,0,5ddd4dfa9bf66465e3caa90d3db5e9af,c9f75223e8d00d8f,cache_256/dataset_complete/cacao_diseases/cacao_photos/healthy/healthy_817.png,B,no_usada,sana,817
4105,dataset_complete/cacao_diseases/cacao_photos/healthy/healthy_818.jpg,0,3fcea26d5a50498b90c3ee9c3edd180f,cf9a5cb1a027456d,cache_256/dataset_complete/cacao_diseases/cacao_photos/healthy/healthy_818.png,B,no_usada,sana,818
4106,dataset_complete/cacao_diseases/cacao_photos/healthy/healthy_819.jpg,0,9ce4494df56c1d1bcdc7228623b2d436,e2e64de3341d432b,cache_256/dataset_complete/cacao_diseases/cacao_photos/healthy/healthy_819.png,B,no_usada,sana,819
4107,dataset_complete/cacao_diseases/cacao_photos/healthy/healthy_820.jpg,0,00b4afe68a99dfd579d4314ed5e88d81,c6b8c136696177e4,cache_256/dataset_complete/cacao_diseases/cacao_photos/healthy/healthy_820.png,B,no_usada,sana,820
4108,dataset_complete/cacao_diseases/cacao_photos/healthy/healthy_821.jpg,0,c9ed24c168cb56b27aa53c8d4cced308,fc873b24a26e1a74,cache_256/dataset_complete/cacao_diseases/cacao_photos/healthy/healthy_821.png,B,no_usada,sana,821
4109,dataset_complete/cacao_diseases/cacao_photos/healthy/healthy_822.jpg,0,467d27d27befe8fe5838d39b42ad4f3b,833d446e2ff04d59,cache_256/dataset_complete/cacao_diseases/cacao_photos/healthy/healthy_822.png,B,no_usada,sana,822
4110,dataset_complete/cacao_diseases/cacao_photos/healthy/healthy_823.jpg,0,3c25a56ad61dcf55f44e43716171c266,cfe3d9688330b178,cache_256/dataset_complete/cacao_diseases/cacao_photos/healthy/healthy_823.png,B,no_usada,sana,823
4111,dataset_complete/cacao_diseases/cacao_photos/healthy/healthy_824.jpg,0,071d8949613044bfddec4a63bf67e048,8fcd68765435591a,cache_256/dataset_complete/cacao_diseases/cacao_photos/healthy/healthy_824.png,B,no_usada,sana,824
4112,dataset_complete/cacao_diseases/cacao_photos/healthy/healthy_825.jpg,0,a7f1cbdfa3985b35c092d7f05c40fdc2,d989e7e606261e5a,cache_256/dataset_complete/cacao_diseases/cacao_photos/healthy/healthy_825.png,A,no_usada,sana,825
4113,dataset_complete/cacao_diseases/cacao_photos/healthy/healthy_826.jpg,0,e25c5fd9915ca90f982d3b959ce9cc93,a7b05a7b3ca2e2a4,cache_256/dataset_complete/cacao_diseases/cacao_photos/healthy/healthy_826.png,B,no_usada,sana,826
4114,dataset_complete/cacao_diseases/cacao_photos/healthy/healthy_827.jpg,0,129dbd6e1ab33e0e26ffaeb56697e0b8,9a6d60463cd8ded4,cache_256/dataset_complete/cacao_diseases/cacao_photos/healthy/healthy_827.png,B,no_usada,sana,827
4115,dataset_complete/cacao_diseases/cacao_photos/healthy/healthy_828.jpg,0,d9700d07eb42e3a06979585a1c2f0813,f7e64f4440e13a4b,cache_256/dataset_complete/cacao_diseases/cacao_photos/healthy/healthy_828.png,B,no_usada,sana,828
4116,dataset_complete/cacao_diseases/cacao_photos/healthy/healthy_829.jpg,0,c06012bf0b6c7e4e0cf878ac76662892,dd2eaeb88a9d80d2,cache_256/dataset_complete/cacao_diseases/cacao_photos/healthy/healthy_829.png,B,no_usada,sana,829
4117,dataset_complete/cacao_diseases/cacao_photos/healthy/healthy_830.jpg,0,1ce88387415c8110330020b4d36ea45d,e935163c87dd58c1,cache_256/dataset_complete/cacao_diseases/cacao_photos/healthy/healthy_830.png,B,no_usada,sana,830
4118,dataset_complete/cacao_diseases/cacao_photos/healthy/healthy_831.jpg,0,de4193682338b804e151892146706948,ccc688e97937432d,cache_256/dataset_complete/cacao_diseases/cacao_photos/healthy/healthy_831.png,B,no_usada,sana,831
4119,dataset_complete/cacao_diseases/cacao_photos/healthy/healthy_832.jpg,0,e3be756f7c9a2a68cb37a831b8dc9809,fd2e03b63e252958,cache_256/dataset_complete/cacao_diseases/cacao_photos/healthy/healthy_832.png,B,no_usada,sana,832
4120,dataset_complete/cacao_diseases/cacao_photos/healthy/healthy_833.jpg,0,56ab8b309850db0d4e6d90f8a1945636,94f81e27302f19bb,cache_256/dataset_complete/cacao_diseases/cacao_photos/healthy/healthy_833.png,B,no_usada,sana,833
4121,dataset_complete/cacao_diseases/cacao_photos/healthy/healthy_834.jpg,0,3871a709e0df8f47973711de04db22d7,c99c8f4f1303a6b6,cache_256/dataset_complete/cacao_diseases/cacao_photos/healthy/healthy_834.png,B,no_usada,sana,834
4122,dataset_complete/cacao_diseases/cacao_photos/healthy/healthy_835.jpg,0,db1c3ee6d31804de17e618a58462d676,a82de1a6d7cea8a4,cache_256/dataset_complete/cacao_diseases/cacao_photos/healthy/healthy_835.png,B,no_usada,sana,835
4123,dataset_complete/cacao_diseases/cacao_photos/healthy/healthy_836.jpg,0,36aade624e445595ede3b8deb19cf67d,c62d5b22c176ab56,cache_256/dataset_complete/cacao_diseases/cacao_photos/healthy/healthy_836.png,A,no_usada,sana,836
4124,dataset_complete/cacao_diseases/cacao_photos/healthy/healthy_837.jpg,0,3d05924eedcf0357c099b4ae255c81ed,92f01926bd331d1f,cache_256/dataset_complete/cacao_diseases/cacao_photos/healthy/healthy_837.png,B,no_usada,sana,837
4125,dataset_complete/cacao_diseases/cacao_photos/healthy/healthy_838.jpg,0,141cef75cb30539ae0a9e1c4fdebe870,d8f8672647565859,cache_256/dataset_complete/cacao_diseases/cacao_photos/healthy/healthy_838.png,B,no_usada,sana,838
4126,dataset_complete/cacao_diseases/cacao_photos/healthy/healthy_839.jpg,0,bfc08e70fa965b24f9584a082451a361,e8f439ac642ce4b6,cache_256/dataset_complete/cacao_diseases/cacao_photos/healthy/healthy_839.png,B,no_usada,sana,839
4127,dataset_complete/cacao_diseases/cacao_photos/healthy/healthy_840.jpg,0,a654b4c432de15836f5ed0b98fad8f55,cef61db22319b449,cache_256/dataset_complete/cacao_diseases/cacao_photos/healthy/healthy_840.png,B,no_usada,sana,840
4128,dataset_complete/cacao_diseases/cacao_photos/healthy/healthy_841.jpg,0,4ab9f67a961b04b55f8a800eb1d898cc,d1de62bf62076065,cache_256/dataset_complete/cacao_diseases/cacao_photos/healthy/healthy_841.png,B,no_usada,sana,841
4129,dataset_complete/cacao_diseases/cacao_photos/healthy/healthy_842.jpg,0,4de10efaccf91810f1d20df6c29128a5,94c26eb26ea24f2d,cache_256/dataset_complete/cacao_diseases/cacao_photos/healthy/healthy_842.png,B,no_usada,sana,842
4130,dataset_complete/cacao_diseases/cacao_photos/healthy/healthy_843.jpg,0,8f411d28879a2c83e600aadd7dbf9771,e61f5d653820353e,cache_256/dataset_complete/cacao_diseases/cacao_photos/healthy/healthy_843.png,B,no_usada,sana,843
4131,dataset_complete/cacao_diseases/cacao_photos/healthy/healthy_844.jpg,0,f9c9294613d229b22b993b113d29119d,98381ba4e1e37b1d,cache_256/dataset_complete/cacao_diseases/cacao_photos/healthy/healthy_844.png,B,no_usada,sana,844
4132,dataset_complete/cacao_diseases/cacao_photos/healthy/healthy_845.jpg,0,173d5df469c0f3f164407ebc5e57b77a,cb235d67ac225656,cache_256/dataset_complete/cacao_diseases/cacao_photos/healthy/healthy_845.png,B,no_usada,sana,845
4133,dataset_complete/cacao_diseases/cacao_photos/healthy/healthy_846.jpg,0,f9966ae62211511827aba706e862d131,f1b06c1716f0c3f8,cache_256/dataset_complete/cacao_diseases/cacao_photos/healthy/healthy_846.png,B,no_usada,sana,846
4134,dataset_complete/cacao_diseases/cacao_photos/healthy/healthy_847.jpg,0,fca38bbfd18c25a075af4fa0ebc8dea5,fb1de473606333c0,cache_256/dataset_complete/cacao_diseases/cacao_photos/healthy/healthy_847.png,A,no_usada,sana,847
4135,dataset_complete/cacao_diseases/cacao_photos/healthy/healthy_848.jpg,0,5da242925dfb695c4471cf7e8fc78561,8a85daf0faf03817,cache_256/dataset_complete/cacao_diseases/cacao_photos/healthy/healthy_848.png,B,no_usada,sana,848
4136,dataset_complete/cacao_diseases/cacao_photos/healthy/healthy_849.jpg,0,70cd3f9578da2aba2376b32c82497ff7,a2fbe0602dc9c3cb,cache_256/dataset_complete/cacao_diseases/cacao_photos/healthy/healthy_849.png,B,no_usada,sana,849
4137,dataset_complete/cacao_diseases/cacao_photos/healthy/healthy_850.jpg,0,8b462fcf4863255d617419184010abee,99f8293e276ad20b,cache_256/dataset_complete/cacao_diseases/cacao_photos/healthy/healthy_850.png,B,no_usada,sana,850
4138,dataset_complete/cacao_diseases/cacao_photos/healthy/healthy_851.jpg,0,0462329500e83e10e3a231bc2cc63bbb,c7b98c1f1c43c7e0,cache_256/dataset_complete/cacao_diseases/cacao_photos/healthy/healthy_851.png,B,no_usada,sana,851
4139,dataset_complete/cacao_diseases/cacao_photos/healthy/healthy_852.jpg,0,ee431a321cdde4c08bc9f84d35f50fe4,f0f31b03b89b683c,cache_256/dataset_complete/cacao_diseases/cacao_photos/healthy/healthy_852.png,B,no_usada,sana,852
4140,dataset_complete/cacao_diseases/cacao_photos/healthy/healthy_853.jpg,0,8a4de116d4e3dbcc7b3d2bb8b36aace8,d991b127e5e888cb,cache_256/dataset_complete/cacao_diseases/cacao_photos/healthy/healthy_853.png,B,no_usada,sana,853
4141,dataset_complete/cacao_diseases/cacao_photos/healthy/healthy_854.jpg,0,91608e0c4e0e65c12773f7fca5e8cb63,9bc45b2b3542f89c,cache_256/dataset_complete/cacao_diseases/cacao_photos/healthy/healthy_854.png,B,no_usada,sana,854
4142,dataset_complete/cacao_diseases/cacao_photos/healthy/healthy_855.jpg,0,04c0e70c63fc0bff1dcb4020e97b7d44,dce9e6c6d8c42986,cache_256/dataset_complete/cacao_diseases/cacao_photos/healthy/healthy_855.png,B,no_usada,sana,855
4143,dataset_complete/cacao_diseases/cacao_photos/healthy/healthy_856.jpg,0,7ef7a847a90ad75bc71a8a107a446ba7,d62e48627f74c4a3,cache_256/dataset_complete/cacao_diseases/cacao_photos/healthy/healthy_856.png,B,no_usada,sana,856
4144,dataset_complete/cacao_diseases/cacao_photos/healthy/healthy_857.jpg,0,98aefae1b0e961f2da7a81b637796d7d,8b44712733af1d9c,cache_256/dataset_complete/cacao_diseases/cacao_photos/healthy/healthy_857.png,B,no_usada,sana,857
4145,dataset_complete/cacao_diseases/cacao_photos/healthy/healthy_858.jpg,0,ed17ce25102cbb3c3159f4585d6444a9,854e5bb4fc10683f,cache_256/dataset_complete/cacao_diseases/cacao_photos/healthy/healthy_858.png,A,no_usada,sana,858
4146,dataset_complete/cacao_diseases/cacao_photos/healthy/healthy_859.jpg,0,9b2f9f761b3923c1c05467237df35632,feb1081357d4170f,cache_256/dataset_complete/cacao_diseases/cacao_photos/healthy/healthy_859.png,B,no_usada,sana,859
4147,dataset_complete/cacao_diseases/cacao_photos/healthy/healthy_860.jpg,0,ede74ee1373fde15f1feb2218f65b818,9ff72d94161ba484,cache_256/dataset_complete/cacao_diseases/cacao_photos/healthy/healthy_860.png,B,no_usada,sana,860
4148,dataset_complete/cacao_diseases/cacao_photos/healthy/healthy_861.jpg,0,37189107f3d0ca461752298295306875,d9c6837470217af9,cache_256/dataset_complete/cacao_diseases/cacao_photos/healthy/healthy_861.png,B,no_usada,sana,861
4149,dataset_complete/cacao_diseases/cacao_photos/healthy/healthy_862.jpg,0,d6d10a6222f83e0688572c1d68c35cf5,9e9671123631727b,cache_256/dataset_complete/cacao_diseases/cacao_photos/healthy/healthy_862.png,B,no_usada,sana,862
4150,dataset_complete/cacao_diseases/cacao_photos/healthy/healthy_863.jpg,0,e4d6220fb18d1748f14f4861058d4ee7,ade4b13416564abd,cache_256/dataset_complete/cacao_diseases/cacao_photos/healthy/healthy_863.png,B,no_usada,sana,863
4151,dataset_complete/cacao_diseases/cacao_photos/healthy/healthy_864.jpg,0,b1a2b800b01c040e1e7d03389c646845,da0173f712720fd4,cache_256/dataset_complete/cacao_diseases/cacao_photos/healthy/healthy_864.png,B,no_usada,sana,864
4152,dataset_complete/cacao_diseases/cacao_photos/healthy/healthy_865.jpg,0,88485bd45cc9ff3409333f4dd192ea4c,cfb9bd070790c564,cache_256/dataset_complete/cacao_diseases/cacao_photos/healthy/healthy_865.png,B,no_usada,sana,865
4153,dataset_complete/cacao_diseases/cacao_photos/healthy/healthy_866.jpg,0,c3e989684f20feb933578f47855108be,d82e6934f20df8c6,cache_256/dataset_complete/cacao_diseases/cacao_photos/healthy/healthy_866.png,B,no_usada,sana,866
4154,dataset_complete/cacao_diseases/cacao_photos/healthy/healthy_867.jpg,0,720f5ca5d9d882f9e3066525af4a2e7a,86ef733969582c16,cache_256/dataset_complete/cacao_diseases/cacao_photos/healthy/healthy_867.png,B,no_usada,sana,867
4155,dataset_complete/cacao_diseases/cacao_photos/healthy/healthy_868.jpg,0,c54121276aeec6f785b22f3fa372c2a9,dbe2bcf730905914,cache_256/dataset_complete/cacao_diseases/cacao_photos/healthy/healthy_868.png,B,no_usada,sana,868
4156,dataset_complete/cacao_diseases/cacao_photos/healthy/healthy_869.jpg,0,ae5fd4be2ebeae15072c45a0632420bc,981d6d6aa465cce3,cache_256/dataset_complete/cacao_diseases/cacao_photos/healthy/healthy_869.png,A,no_usada,sana,869
4157,dataset_complete/cacao_diseases/cacao_photos/healthy/healthy_870.jpg,0,f5f57b94dc13f22ed3e3afc8d311a196,dffe333033141519,cache_256/dataset_complete/cacao_diseases/cacao_photos/healthy/healthy_870.png,B,no_usada,sana,870
4158,dataset_complete/cacao_diseases/cacao_photos/healthy/healthy_871.jpg,0,aee33160bddd6d2442f47536ce874d6c,d9f6244666ec889b,cache_256/dataset_complete/cacao_diseases/cacao_photos/healthy/healthy_871.png,B,no_usada,sana,871
4159,dataset_complete/cacao_diseases/cacao_photos/healthy/healthy_872.jpg,0,74219fb29c276ee52ad6366e20661c44,c8e4733f63c300ed,cache_256/dataset_complete/cacao_diseases/cacao_photos/healthy/healthy_872.png,B,no_usada,sana,872
4160,dataset_complete/cacao_diseases/cacao_photos/healthy/healthy_873.jpg,0,272dbb5bef1f68eacb8b2b566f2c9eeb,cda4342963ee6273,cache_256/dataset_complete/cacao_diseases/cacao_photos/healthy/healthy_873.png,B,no_usada,sana,873
4161,dataset_complete/cacao_diseases/cacao_photos/healthy/healthy_874.jpg,0,466073739fae961a7b9b8c33d64cd345,9ca46463f0f0e99d,cache_256/dataset_complete/cacao_diseases/cacao_photos/healthy/healthy_874.png,B,no_usada,sana,874
4162,dataset_complete/cacao_diseases/cacao_photos/healthy/healthy_875.jpg,0,430fb0d90157f2edc0e6a68a8a1c0f69,d8a72036362dbdb4,cache_256/dataset_complete/cacao_diseases/cacao_photos/healthy/healthy_875.png,B,no_usada,sana,875
4163,dataset_complete/cacao_diseases/cacao_photos/healthy/healthy_876.jpg,0,7bc9a898331103a64398e6c3627c8c45,8b337926e5c417c5,cache_256/dataset_complete/cacao_diseases/cacao_photos/healthy/healthy_876.png,B,no_usada,sana,876
4164,dataset_complete/cacao_diseases/cacao_photos/healthy/healthy_877.jpg,0,814b3d49500d1943888de18dca3a5336,9ba764b9e4598b88,cache_256/dataset_complete/cacao_diseases/cacao_photos/healthy/healthy_877.png,B,no_usada,sana,877
4165,dataset_complete/cacao_diseases/cacao_photos/healthy/healthy_878.jpg,0,c24ffa5a47f9487c835d3c8b20498f85,ccf207ad8c88be66,cache_256/dataset_complete/cacao_diseases/cacao_photos/healthy/healthy_878.png,B,no_usada,sana,878
4166,dataset_complete/cacao_diseases/cacao_photos/healthy/healthy_879.jpg,0,14539f178746930a75ebb9d288a50cde,a32ca8b1b6f6524e,cache_256/dataset_complete/cacao_diseases/cacao_photos/healthy/healthy_879.png,B,no_usada,sana,879
4167,dataset_complete/cacao_diseases/cacao_photos/healthy/healthy_880.jpg,0,d8ae350c73850cdc558e5d5ededeb588,c042ad36363bf1f1,cache_256/dataset_complete/cacao_diseases/cacao_photos/healthy/healthy_880.png,A,no_usada,sana,880
4168,dataset_complete/cacao_diseases/cacao_photos/healthy/healthy_881.jpg,0,cb0e261aea93f186f5506b7cd35dd048,fa4b6003fe32d40f,cache_256/dataset_complete/cacao_diseases/cacao_photos/healthy/healthy_881.png,B,no_usada,sana,881
4169,dataset_complete/cacao_diseases/cacao_photos/healthy/healthy_882.jpg,0,eb8fa710ca2cf19426ac4e1a7468c8ba,eead9770a4ee9401,cache_256/dataset_complete/cacao_diseases/cacao_photos/healthy/healthy_882.png,B,no_usada,sana,882
4170,dataset_complete/cacao_diseases/cacao_photos/healthy/healthy_883.jpg,0,222843dd4fb8efb143d566c168dc525e,dbee9393819158d8,cache_256/dataset_complete/cacao_diseases/cacao_photos/healthy/healthy_883.png,B,no_usada,sana,883
4171,dataset_complete/cacao_diseases/cacao_photos/healthy/healthy_884.jpg,0,db76b3a35dad79aebe6370d2d1ab4f09,94da12237be46e66,cache_256/dataset_complete/cacao_diseases/cacao_photos/healthy/healthy_884.png,B,no_usada,sana,884
4172,dataset_complete/cacao_diseases/cacao_photos/healthy/healthy_885.jpg,0,b5e5bbd6e71bde7ce1a0c57163662adb,ceb1b13159f3909a,cache_256/dataset_complete/cacao_diseases/cacao_photos/healthy/healthy_885.png,B,no_usada,sana,885
4173,dataset_complete/cacao_diseases/cacao_photos/healthy/healthy_886.jpg,0,9a54615fbf3cfb74c32d2b90372fed21,999859a7b653495c,cache_256/dataset_complete/cacao_diseases/cacao_photos/healthy/healthy_886.png,B,no_usada,sana,886
4174,dataset_complete/cacao_diseases/cacao_photos/healthy/healthy_887.jpg,0,fb6209350463a14834912a83bc321dc6,8a8b507675793993,cache_256/dataset_complete/cacao_diseases/cacao_photos/healthy/healthy_887.png,B,no_usada,sana,887
4175,dataset_complete/cacao_diseases/cacao_photos/healthy/healthy_888.jpg,0,f972fde31883316ca4cb5b1fcf674ff4,cea31d3e587874b0,cache_256/dataset_complete/cacao_diseases/cacao_photos/healthy/healthy_888.png,B,no_usada,sana,888
4176,dataset_complete/cacao_diseases/cacao_photos/healthy/healthy_889.jpg,0,047c8feb2b7c7ec637f7adfecdef831a,e1987cf93184b387,cache_256/dataset_complete/cacao_diseases/cacao_photos/healthy/healthy_889.png,B,no_usada,sana,889
4177,dataset_complete/cacao_diseases/cacao_photos/healthy/healthy_890.jpg,0,3530b42017dbf69ec146da107d2428b1,a40432766b1f6d3e,cache_256/dataset_complete/cacao_diseases/cacao_photos/healthy/healthy_890.png,B,no_usada,sana,890
4178,dataset_complete/cacao_diseases/cacao_photos/healthy/healthy_891.jpg,0,dd1c140bd7b4ec533c3d303203b0eeee,87b6013b583bf9b0,cache_256/dataset_complete/cacao_diseases/cacao_photos/healthy/healthy_891.png,A,no_usada,sana,891
4179,dataset_complete/cacao_diseases/cacao_photos/healthy/healthy_892.jpg,0,8fef486fb2a411053f0920339daeb0d2,c44719332733e6c7,cache_256/dataset_complete/cacao_diseases/cacao_photos/healthy/healthy_892.png,A,no_usada,sana,892
4180,dataset_complete/cacao_diseases/cacao_photos/healthy/healthy_893.jpg,0,62399e740fc2810604ea677f9112af7c,dec66965696c65a0,cache_256/dataset_complete/cacao_diseases/cacao_photos/healthy/healthy_893.png,B,no_usada,sana,893
4181,dataset_complete/cacao_diseases/cacao_photos/healthy/healthy_894.jpg,0,8877f4bdc646dc64c4bdc5170c507db1,b329596626de20db,cache_256/dataset_complete/cacao_diseases/cacao_photos/healthy/healthy_894.png,B,no_usada,sana,894
4182,dataset_complete/cacao_diseases/cacao_photos/healthy/healthy_895.jpg,0,657cf8a908e153c96fb4f9ff82f3781e,cce6494b4daca4b6,cache_256/dataset_complete/cacao_diseases/cacao_photos/healthy/healthy_895.png,B,no_usada,sana,895
4183,dataset_complete/cacao_diseases/cacao_photos/healthy/healthy_896.jpg,0,5239a17e03b8e8c9541e6ea291239b65,e64b08353d3e3674,cache_256/dataset_complete/cacao_diseases/cacao_photos/healthy/healthy_896.png,B,no_usada,sana,896
4184,dataset_complete/cacao_diseases/cacao_photos/healthy/healthy_897.jpg,0,17ab233a1321c1b7eb759d64607e27e3,bdd40d32423b3f23,cache_256/dataset_complete/cacao_diseases/cacao_photos/healthy/healthy_897.png,B,no_usada,sana,897
4185,dataset_complete/cacao_diseases/cacao_photos/healthy/healthy_898.jpg,0,3daf5b12ef065b1d97386e15f4456aee,9924786d62c3c6cf,cache_256/dataset_complete/cacao_diseases/cacao_photos/healthy/healthy_898.png,B,no_usada,sana,898
4186,dataset_complete/cacao_diseases/cacao_photos/healthy/healthy_899.jpg,0,ac76da00d17e243c42acb5b776d1a97a,c8e26f474f1ed910,cache_256/dataset_complete/cacao_diseases/cacao_photos/healthy/healthy_899.png,B,no_usada,sana,899
4187,dataset_complete/cacao_diseases/cacao_photos/healthy/healthy_900.jpg,0,6a7bafe9a97ac306bcfd9739a1553198,ccd519b662e2b45c,cache_256/dataset_complete/cacao_diseases/cacao_photos/healthy/healthy_900.png,B,no_usada,sana,900
4188,dataset_complete/cacao_diseases/cacao_photos/healthy/healthy_901.jpg,0,40b8ab60142561ca335e840ccfa50cbb,899ca071175a795f,cache_256/dataset_complete/cacao_diseases/cacao_photos/healthy/healthy_901.png,B,no_usada,sana,901
4189,dataset_complete/cacao_diseases/cacao_photos/healthy/healthy_902.jpg,0,c5a0d838883937096c6ae764374c4705,98b8cd736c8ae88d,cache_256/dataset_complete/cacao_diseases/cacao_photos/healthy/healthy_902.png,B,no_usada,sana,902
4190,dataset_complete/cacao_diseases/cacao_photos/healthy/healthy_903.jpg,0,94ba41c15f45ed5acb4c7e9deb48feb9,9b19d4675a33c887,cache_256/dataset_complete/cacao_diseases/cacao_photos/healthy/healthy_903.png,A,no_usada,sana,903
4191,dataset_complete/cacao_diseases/cacao_photos/healthy/healthy_904.jpg,0,58ae758f539420e73545a29c65a0f124,ccd072b5f45a6ab0,cache_256/dataset_complete/cacao_diseases/cacao_photos/healthy/healthy_904.png,B,no_usada,sana,904
4192,dataset_complete/cacao_diseases/cacao_photos/healthy/healthy_905.jpg,0,99077ae84f74f4a8119d397d2f204f24,cb69f17658e705a0,cache_256/dataset_complete/cacao_diseases/cacao_photos/healthy/healthy_905.png,B,no_usada,sana,905
4193,dataset_complete/cacao_diseases/cacao_photos/healthy/healthy_906.jpg,0,f746fa05a6a0024912ca86adb0069f54,ff4c60007fba504f,cache_256/dataset_complete/cacao_diseases/cacao_photos/healthy/healthy_906.png,B,no_usada,sana,906
4194,dataset_complete/cacao_diseases/cacao_photos/healthy/healthy_907.jpg,0,c0a47f53c2e654af6e9b01c1d46026c1,87bff4227149594a,cache_256/dataset_complete/cacao_diseases/cacao_photos/healthy/healthy_907.png,B,no_usada,sana,907
4195,dataset_complete/cacao_diseases/cacao_photos/healthy/healthy_908.jpg,0,13f22e47e3064ed2ab80aeec0ed2c2d5,8e1cf82037b267b6,cache_256/dataset_complete/cacao_diseases/cacao_photos/healthy/healthy_908.png,B,no_usada,sana,908
4196,dataset_complete/cacao_diseases/cacao_photos/healthy/healthy_909.jpg,0,c5aba89c76037bb1141296d7e641d11e,d9fcb7237203264c,cache_256/dataset_complete/cacao_diseases/cacao_photos/healthy/healthy_909.png,B,no_usada,sana,909
4197,dataset_complete/cacao_diseases/cacao_photos/healthy/healthy_910.jpg,0,b3e5e77794cdc5c77db726e5dc79183e,9aa5896a5d8f1cd1,cache_256/dataset_complete/cacao_diseases/cacao_photos/healthy/healthy_910.png,B,no_usada,sana,910
4198,dataset_complete/cacao_diseases/cacao_photos/healthy/healthy_911.jpg,0,1581db102463aa63d055c62d882eca5b,9b635cb16a8cb670,cache_256/dataset_complete/cacao_diseases/cacao_photos/healthy/healthy_911.png,B,no_usada,sana,911
4199,dataset_complete/cacao_diseases/cacao_photos/healthy/healthy_912.jpg,0,83032f49b58080662039cf4ca7eeb617,9df3f4254a252363,cache_256/dataset_complete/cacao_diseases/cacao_photos/healthy/healthy_912.png,B,no_usada,sana,912
4200,dataset_complete/cacao_diseases/cacao_photos/healthy/healthy_913.jpg,0,4bc3ee47b54a611e8e7bdfa144a1d380,946a3337721e0fd8,cache_256/dataset_complete/cacao_diseases/cacao_photos/healthy/healthy_913.png,B,no_usada,sana,913
4201,dataset_complete/cacao_diseases/cacao_photos/healthy/healthy_914.jpg,0,1ed65d8ae057ac17337e67a464165360,841d5b75606a579e,cache_256/dataset_complete/cacao_diseases/cacao_photos/healthy/healthy_914.png,A,no_usada,sana,914
4202,dataset_complete/cacao_diseases/cacao_photos/healthy/healthy_915.jpg,0,1f9bba9c7b3d4e7377ee36c3a89c51e6,c9cd392bc3da8ec0,cache_256/dataset_complete/cacao_diseases/cacao_photos/healthy/healthy_915.png,B,no_usada,sana,915
4203,dataset_complete/cacao_diseases/cacao_photos/healthy/healthy_916.jpg,0,8ba74a64ab0d49e2f0871dc09c3a90be,969e7273a10f4c96,cache_256/dataset_complete/cacao_diseases/cacao_photos/healthy/healthy_916.png,B,no_usada,sana,916
4204,dataset_complete/cacao_diseases/cacao_photos/healthy/healthy_917.jpg,0,efc59d3b96a8883ee1e497aea930b2b0,de366903e554e692,cache_256/dataset_complete/cacao_diseases/cacao_photos/healthy/healthy_917.png,B,no_usada,sana,917
4205,dataset_complete/cacao_diseases/cacao_photos/healthy/healthy_918.jpg,0,a607ff129ae6bc92eb05d64fc4eebe9f,99b36c36a489d695,cache_256/dataset_complete/cacao_diseases/cacao_photos/healthy/healthy_918.png,B,no_usada,sana,918
4206,dataset_complete/cacao_diseases/cacao_photos/healthy/healthy_919.jpg,0,4e08cd94b8a63c00119889b086c3ac44,e9cc0e7c6c70d073,cache_256/dataset_complete/cacao_diseases/cacao_photos/healthy/healthy_919.png,B,no_usada,sana,919
4207,dataset_complete/cacao_diseases/cacao_photos/healthy/healthy_920.jpg,0,ee93285ec2233ee00ee52452a8980702,aab8d532919b99d1,cache_256/dataset_complete/cacao_diseases/cacao_photos/healthy/healthy_920.png,B,no_usada,sana,920
4208,dataset_complete/cacao_diseases/cacao_photos/healthy/healthy_921.jpg,0,83f65f6546f81f2c8d15c9d514916c7f,cce5a173e13f5809,cache_256/dataset_complete/cacao_diseases/cacao_photos/healthy/healthy_921.png,B,no_usada,sana,921
4209,dataset_complete/cacao_diseases/cacao_photos/healthy/healthy_922.jpg,0,671c6286322feaccbc3d7c1c6cff5035,dcec272762d90cd8,cache_256/dataset_complete/cacao_diseases/cacao_photos/healthy/healthy_922.png,B,no_usada,sana,922
4210,dataset_complete/cacao_diseases/cacao_photos/healthy/healthy_923.jpg,0,879569e4e4edc19e1df8734b5adc18a5,922c4917ddd23b96,cache_256/dataset_complete/cacao_diseases/cacao_photos/healthy/healthy_923.png,B,no_usada,sana,923
4211,dataset_complete/cacao_diseases/cacao_photos/healthy/healthy_924.jpg,0,9729361af08e1d8cbd2228e1b8996a82,8e9574738bf89883,cache_256/dataset_complete/cacao_diseases/cacao_photos/healthy/healthy_924.png,B,no_usada,sana,924
4212,dataset_complete/cacao_diseases/cacao_photos/healthy/healthy_925.jpg,0,21714cca10258e5d2cc2a126c7e1f10d,ec4f21727b228ba9,cache_256/dataset_complete/cacao_diseases/cacao_photos/healthy/healthy_925.png,A,no_usada,sana,925
4213,dataset_complete/cacao_diseases/cacao_photos/healthy/healthy_926.jpg,0,740bf170112116d082131ce3faa16c10,e7d4b9b53e292444,cache_256/dataset_complete/cacao_diseases/cacao_photos/healthy/healthy_926.png,B,no_usada,sana,926
4214,dataset_complete/cacao_diseases/cacao_photos/healthy/healthy_927.jpg,0,1fef761ca1b7a71ec32d4230c6926b6d,b36048e6a30fae5d,cache_256/dataset_complete/cacao_diseases/cacao_photos/healthy/healthy_927.png,B,no_usada,sana,927
4215,dataset_complete/cacao_diseases/cacao_photos/healthy/healthy_928.jpg,0,37f9e23b5127f22c95f46c9bd8699744,a6a6091d313bb6b3,cache_256/dataset_complete/cacao_diseases/cacao_photos/healthy/healthy_928.png,B,no_usada,sana,928
4216,dataset_complete/cacao_diseases/cacao_photos/healthy/healthy_929.jpg,0,31471f38942255a508d6832be6b6e6b6,9b5a6cedc21816ad,cache_256/dataset_complete/cacao_diseases/cacao_photos/healthy/healthy_929.png,B,no_usada,sana,929
4217,dataset_complete/cacao_diseases/cacao_photos/healthy/healthy_930.jpg,0,99655a7d8dfb2e7673e6dfb324aaf558,b67bede5434a5180,cache_256/dataset_complete/cacao_diseases/cacao_photos/healthy/healthy_930.png,B,no_usada,sana,930
4218,dataset_complete/cacao_diseases/cacao_photos/healthy/healthy_931.jpg,0,45d63d707153534500dfa36c57f0bbcb,e38f8c030a2fa7d3,cache_256/dataset_complete/cacao_diseases/cacao_photos/healthy/healthy_931.png,B,no_usada,sana,931
4219,dataset_complete/cacao_diseases/cacao_photos/healthy/healthy_932.jpg,0,82cdf9f08fa51d3ff349d95622fa86fc,c64eb97e01aad287,cache_256/dataset_complete/cacao_diseases/cacao_photos/healthy/healthy_932.png,B,no_usada,sana,932
4220,dataset_complete/cacao_diseases/cacao_photos/healthy/healthy_933.jpg,0,677f680e08b7ffecd2d17968c8281a80,8d35f63596e218f0,cache_256/dataset_complete/cacao_diseases/cacao_photos/healthy/healthy_933.png,B,no_usada,sana,933
4221,dataset_complete/cacao_diseases/cacao_photos/healthy/healthy_934.jpg,0,c33393d558ed770cd37569d5e56d64a2,9b2d293276d8f702,cache_256/dataset_complete/cacao_diseases/cacao_photos/healthy/healthy_934.png,B,no_usada,sana,934
4222,dataset_complete/cacao_diseases/cacao_photos/healthy/healthy_935.jpg,0,a5ec2911edbb448e1bdabf10f7f66177,88377332a897bdd0,cache_256/dataset_complete/cacao_diseases/cacao_photos/healthy/healthy_935.png,B,no_usada,sana,935
4223,dataset_complete/cacao_diseases/cacao_photos/healthy/healthy_936.jpg,0,72f4f66641cb523054bded5b349ee237,c31ccd22b673f04b,cache_256/dataset_complete/cacao_diseases/cacao_photos/healthy/healthy_936.png,A,no_usada,sana,936
4224,dataset_complete/cacao_diseases/cacao_photos/healthy/healthy_937.jpg,0,021450b81b9edac7ff766e81f2d64fed,8857a216c6a9df87,cache_256/dataset_complete/cacao_diseases/cacao_photos/healthy/healthy_937.png,B,no_usada,sana,937
4225,dataset_complete/cacao_diseases/cacao_photos/healthy/healthy_938.jpg,0,afb23970f43675bae0db24f820b51ade,d9e4796863e5f280,cache_256/dataset_complete/cacao_diseases/cacao_photos/healthy/healthy_938.png,B,no_usada,sana,938
4226,dataset_complete/cacao_diseases/cacao_photos/healthy/healthy_939.jpg,0,4de090dc5fb631b44aa0fc2d48c09480,d0e41927423a7b7b,cache_256/dataset_complete/cacao_diseases/cacao_photos/healthy/healthy_939.png,B,no_usada,sana,939
4227,dataset_complete/cacao_diseases/cacao_photos/healthy/healthy_940.jpg,0,4a2abe6d84422e28b9d4e43a47983f0d,c2384d67be874999,cache_256/dataset_complete/cacao_diseases/cacao_photos/healthy/healthy_940.png,B,no_usada,sana,940
4228,dataset_complete/cacao_diseases/cacao_photos/healthy/healthy_941.jpg,0,6f8e2511c0e64132c941ca7e3b06a713,ddee2420a4d33b3c,cache_256/dataset_complete/cacao_diseases/cacao_photos/healthy/healthy_941.png,B,no_usada,sana,941
4229,dataset_complete/cacao_diseases/cacao_photos/healthy/healthy_942.jpg,0,081c4eb1640913b1c5c53b8939ad43b9,af445aeab51542b5,cache_256/dataset_complete/cacao_diseases/cacao_photos/healthy/healthy_942.png,B,no_usada,sana,942
4230,dataset_complete/cacao_diseases/cacao_photos/healthy/healthy_943.jpg,0,2bfddab118c5b4c3ad11f7f6409d88e6,9999a792d5d64d42,cache_256/dataset_complete/cacao_diseases/cacao_photos/healthy/healthy_943.png,B,no_usada,sana,943
4231,dataset_complete/cacao_diseases/cacao_photos/healthy/healthy_944.jpg,0,71163ab2cb2f4df535ea66668d68d1cf,dea23969348d9798,cache_256/dataset_complete/cacao_diseases/cacao_photos/healthy/healthy_944.png,B,no_usada,sana,944
4232,dataset_complete/cacao_diseases/cacao_photos/healthy/healthy_945.jpg,0,2bf0824f9025df0bd53cae9e559cfb85,8bacb932c2f79590,cache_256/dataset_complete/cacao_diseases/cacao_photos/healthy/healthy_945.png,B,no_usada,sana,945
4233,dataset_complete/cacao_diseases/cacao_photos/healthy/healthy_946.jpg,0,825d0b7075c21aa0545325185d4076a9,cdf8703ba3135703,cache_256/dataset_complete/cacao_diseases/cacao_photos/healthy/healthy_946.png,B,no_usada,sana,946
4234,dataset_complete/cacao_diseases/cacao_photos/healthy/healthy_947.jpg,0,27be93947cd76a59521425a309b2811e,8e22c969d3d9a4f2,cache_256/dataset_complete/cacao_diseases/cacao_photos/healthy/healthy_947.png,A,no_usada,sana,947
4235,dataset_complete/cacao_diseases/cacao_photos/healthy/healthy_948.jpg,0,9cdede355bbe742e63b34c575bd7ffcf,ce4c20a677d6a279,cache_256/dataset_complete/cacao_diseases/cacao_photos/healthy/healthy_948.png,B,no_usada,sana,948
4236,dataset_complete/cacao_diseases/cacao_photos/healthy/healthy_949.jpg,0,12625d89d896a42565ba3aad2f001fac,8cc569727e4646ec,cache_256/dataset_complete/cacao_diseases/cacao_photos/healthy/healthy_949.png,B,no_usada,sana,949
4237,dataset_complete/cacao_diseases/cacao_photos/healthy/healthy_950.jpg,0,72be5fe48366fc282437973943be524c,db8d246633f8b1c1,cache_256/dataset_complete/cacao_diseases/cacao_photos/healthy/healthy_950.png,B,no_usada,sana,950
4238,dataset_complete/cacao_diseases/cacao_photos/healthy/healthy_951.jpg,0,572ff7394fc21812d9f3577b19a15ffe,98e8690387ce7f8a,cache_256/dataset_complete/cacao_diseases/cacao_photos/healthy/healthy_951.png,B,no_usada,sana,951
4239,dataset_complete/cacao_diseases/cacao_photos/healthy/healthy_952.jpg,0,233bf81bd1b8bed08463ed4448e322bb,c98963d3d69d1c1a,cache_256/dataset_complete/cacao_diseases/cacao_photos/healthy/healthy_952.png,B,no_usada,sana,952
4240,dataset_complete/cacao_diseases/cacao_photos/healthy/healthy_953.jpg,0,a353031c9f2c473b936b5e471cd668bb,cbab3d0634123fe1,cache_256/dataset_complete/cacao_diseases/cacao_photos/healthy/healthy_953.png,B,no_usada,sana,953
4241,dataset_complete/cacao_diseases/cacao_photos/healthy/healthy_954.jpg,0,3c95460bdbeaf9fc60ee6e816d76f438,b6512d2278eb52b5,cache_256/dataset_complete/cacao_diseases/cacao_photos/healthy/healthy_954.png,B,no_usada,sana,954
4242,dataset_complete/cacao_diseases/cacao_photos/healthy/healthy_955.jpg,0,1e0d327a837aa2ac7fc732abbfb0aa20,888467e5cf9595a9,cache_256/dataset_complete/cacao_diseases/cacao_photos/healthy/healthy_955.png,B,no_usada,sana,955
4243,dataset_complete/cacao_diseases/cacao_photos/healthy/healthy_956.jpg,0,eabbad3f1725ca2c5651f65b19bef909,cecf73c8a1b15451,cache_256/dataset_complete/cacao_diseases/cacao_photos/healthy/healthy_956.png,B,no_usada,sana,956
4244,dataset_complete/cacao_diseases/cacao_photos/healthy/healthy_957.jpg,0,367de9dde5d2dc39eb054e8f44585516,cab144f2d0ba87c7,cache_256/dataset_complete/cacao_diseases/cacao_photos/healthy/healthy_957.png,B,no_usada,sana,957
4245,dataset_complete/cacao_diseases/cacao_photos/healthy/healthy_958.jpg,0,9259260c36af50133b74009a15e75ae3,e86c3d362a05cd5b,cache_256/dataset_complete/cacao_diseases/cacao_photos/healthy/healthy_958.png,A,no_usada,sana,958
4246,dataset_complete/cacao_diseases/cacao_photos/healthy/healthy_959.jpg,0,4cd622d0df8bb955c87b389fc3830ae4,9ca1b366272b94dc,cache_256/dataset_complete/cacao_diseases/cacao_photos/healthy/healthy_959.png,B,no_usada,sana,959
4247,dataset_complete/cacao_diseases/cacao_photos/healthy/healthy_960.jpg,0,bac760ebecca86b675dfb86267616906,dcac256556da4acc,cache_256/dataset_complete/cacao_diseases/cacao_photos/healthy/healthy_960.png,B,no_usada,sana,960
4248,dataset_complete/cacao_diseases/cacao_photos/healthy/healthy_961.jpg,0,4d97395d5096534c562dc017f1d23bb8,d45c18350b2b67eb,cache_256/dataset_complete/cacao_diseases/cacao_photos/healthy/healthy_961.png,B,no_usada,sana,961
4249,dataset_complete/cacao_diseases/cacao_photos/healthy/healthy_962.jpg,0,76fd8d915558f66fee9d47ec2a9068fc,cc7a367bb2e081cc,cache_256/dataset_complete/cacao_diseases/cacao_photos/healthy/healthy_962.png,B,no_usada,sana,962
4250,dataset_complete/cacao_diseases/cacao_photos/healthy/healthy_963.jpg,0,e9e5bd0101755746ff36612b828012ab,d8582573abe261ba,cache_256/dataset_complete/cacao_diseases/cacao_photos/healthy/healthy_963.png,B,no_usada,sana,963
4251,dataset_complete/cacao_diseases/cacao_photos/healthy/healthy_964.jpg,0,26f6dd904d8581f2d1597d80ba1a39e0,dd1b36249f6c0c99,cache_256/dataset_complete/cacao_diseases/cacao_photos/healthy/healthy_964.png,B,no_usada,sana,964
4252,dataset_complete/cacao_diseases/cacao_photos/healthy/healthy_965.jpg,0,9b562c6f4489a5d28b14ca5f1caf0aba,cc0c33c1dbd98f83,cache_256/dataset_complete/cacao_diseases/cacao_photos/healthy/healthy_965.png,B,no_usada,sana,965
4253,dataset_complete/cacao_diseases/cacao_photos/healthy/healthy_966.jpg,0,c31fe4f78c8cfd7fdd6753f85bc502ba,8c9e71f4a3283ee8,cache_256/dataset_complete/cacao_diseases/cacao_photos/healthy/healthy_966.png,B,no_usada,sana,966
4254,dataset_complete/cacao_diseases/cacao_photos/healthy/healthy_967.jpg,0,fdf73eba713800fb10940861e7a2fe65,d468313d2b2e0f1f,cache_256/dataset_complete/cacao_diseases/cacao_photos/healthy/healthy_967.png,B,no_usada,sana,967
4255,dataset_complete/cacao_diseases/cacao_photos/healthy/healthy_968.jpg,0,27b9be7832ecafbcd3cdc4d2208ee313,c87255a77adc86c2,cache_256/dataset_complete/cacao_diseases/cacao_photos/healthy/healthy_968.png,B,no_usada,sana,968
4256,dataset_complete/cacao_diseases/cacao_photos/healthy/healthy_969.jpg,0,4d4c8352aa90598311c1c8013425b2f1,be509617caac5758,cache_256/dataset_complete/cacao_diseases/cacao_photos/healthy/healthy_969.png,A,no_usada,sana,969
4257,dataset_complete/cacao_diseases/cacao_photos/healthy/healthy_970.jpg,0,c3f10cc18a6a982256529ebc18ea0355,8da7237363ad198a,cache_256/dataset_complete/cacao_diseases/cacao_photos/healthy/healthy_970.png,B,no_usada,sana,970
4258,dataset_complete/cacao_diseases/cacao_photos/healthy/healthy_971.jpg,0,7d384b79f42984409845b91e8ab9db14,9c6be5b256e4a258,cache_256/dataset_complete/cacao_diseases/cacao_photos/healthy/healthy_971.png,B,no_usada,sana,971
4259,dataset_complete/cacao_diseases/cacao_photos/healthy/healthy_972.jpg,0,83b4a7b1b3ac1a560a4424c212d94c26,9baf3d7229a19416,cache_256/dataset_complete/cacao_diseases/cacao_photos/healthy/healthy_972.png,B,no_usada,sana,972
4260,dataset_complete/cacao_diseases/cacao_photos/healthy/healthy_973.jpg,0,da903100be51dce085e10394fa474b55,9fbc0c32d0d2d9c9,cache_256/dataset_complete/cacao_diseases/cacao_photos/healthy/healthy_973.png,B,no_usada,sana,973
4261,dataset_complete/cacao_diseases/cacao_photos/healthy/healthy_974.jpg,0,acfda4c03749637b2fadbe51b619feaf,9b9b3c34a6919792,cache_256/dataset_complete/cacao_diseases/cacao_photos/healthy/healthy_974.png,B,no_usada,sana,974
4262,dataset_complete/cacao_diseases/cacao_photos/healthy/healthy_975.jpg,0,49cde7ba5320ef6942ee4957bcd2a9e4,9c9b39785294c7d4,cache_256/dataset_complete/cacao_diseases/cacao_photos/healthy/healthy_975.png,B,no_usada,sana,975
4263,dataset_complete/cacao_diseases/cacao_photos/healthy/healthy_976.jpg,0,9c8d9d19518648e4f3037c25d018c406,93197f60fc21e817,cache_256/dataset_complete/cacao_diseases/cacao_photos/healthy/healthy_976.png,B,no_usada,sana,976
4264,dataset_complete/cacao_diseases/cacao_photos/healthy/healthy_977.jpg,0,e84d4d179b39159ccf67c6700d68c8ea,f69c58585b6b2d24,cache_256/dataset_complete/cacao_diseases/cacao_photos/healthy/healthy_977.png,B,no_usada,sana,977
4265,dataset_complete/cacao_diseases/cacao_photos/healthy/healthy_978.jpg,0,27a4444ca71e1a287eeeadb84cedea80,999275b5e04f3865,cache_256/dataset_complete/cacao_diseases/cacao_photos/healthy/healthy_978.png,B,no_usada,sana,978
4266,dataset_complete/cacao_diseases/cacao_photos/healthy/healthy_979.jpg,0,9aafa613f78343b33298a42f40827da8,bfa831d99519cb42,cache_256/dataset_complete/cacao_diseases/cacao_photos/healthy/healthy_979.png,B,no_usada,sana,979
4267,dataset_complete/cacao_diseases/cacao_photos/healthy/healthy_980.jpg,0,6b5455f87e98b5dfb37cb59335dc420f,a41b8c7b5446e3ce,cache_256/dataset_complete/cacao_diseases/cacao_photos/healthy/healthy_980.png,A,no_usada,sana,980
4268,dataset_complete/cacao_diseases/cacao_photos/healthy/healthy_981.jpg,0,0e15fc5e369b8b264016cb487796b1be,bab2b4f2e445468e,cache_256/dataset_complete/cacao_diseases/cacao_photos/healthy/healthy_981.png,B,no_usada,sana,981
4269,dataset_complete/cacao_diseases/cacao_photos/healthy/healthy_982.jpg,0,9f738ebde9c68a9114d6a5a268096009,b6a37869e3830d5a,cache_256/dataset_complete/cacao_diseases/cacao_photos/healthy/healthy_982.png,B,no_usada,sana,982
4270,dataset_complete/cacao_diseases/cacao_photos/healthy/healthy_983.jpg,0,8bdfadd91e9308caf6d846eccae12b34,c8621d52eea9a5d3,cache_256/dataset_complete/cacao_diseases/cacao_photos/healthy/healthy_983.png,B,no_usada,sana,983
4271,dataset_complete/cacao_diseases/cacao_photos/healthy/healthy_984.jpg,0,02669da7aeb63f55a97234dce49b0b8f,9e8e34717159435e,cache_256/dataset_complete/cacao_diseases/cacao_photos/healthy/healthy_984.png,B,no_usada,sana,984
4272,dataset_complete/cacao_diseases/cacao_photos/healthy/healthy_985.jpg,0,e868e3d87bfd9c040e9d96b8b2c3afaa,89a4721e52ad6f63,cache_256/dataset_complete/cacao_diseases/cacao_photos/healthy/healthy_985.png,B,no_usada,sana,985
4273,dataset_complete/cacao_diseases/cacao_photos/healthy/healthy_986.jpg,0,416bb9dc54e7c877d9af3e679a250ab0,c25b99a20cfc1c9f,cache_256/dataset_complete/cacao_diseases/cacao_photos/healthy/healthy_986.png,B,no_usada,sana,986
4274,dataset_complete/cacao_diseases/cacao_photos/healthy/healthy_987.jpg,0,058deb86b6b3f2303aa03f95ae067efa,92abb5367e646644,cache_256/dataset_complete/cacao_diseases/cacao_photos/healthy/healthy_987.png,B,no_usada,sana,987
4275,dataset_complete/cacao_diseases/cacao_photos/healthy/healthy_988.jpg,0,e65d28a1b1f585cd0032fdc373d2e435,9d8634f70fc48d85,cache_256/dataset_complete/cacao_diseases/cacao_photos/healthy/healthy_988.png,B,no_usada,sana,988
4276,dataset_complete/cacao_diseases/cacao_photos/healthy/healthy_989.jpg,0,f87c8c9907215e9e6bbd81655909aabb,cce4f26337191939,cache_256/dataset_complete/cacao_diseases/cacao_photos/healthy/healthy_989.png,B,no_usada,sana,989
4277,dataset_complete/cacao_diseases/cacao_photos/healthy/healthy_990.jpg,0,fa0c6385974da113dfa5ce6b2bd9d5bb,89b0663bb2c9a9cd,cache_256/dataset_complete/cacao_diseases/cacao_photos/healthy/healthy_990.png,B,no_usada,sana,990
4278,dataset_complete/cacao_diseases/cacao_photos/healthy/healthy_991.jpg,0,a7a213b6d2f2c241a976f8738e66bee3,e742e8eaada70315,cache_256/dataset_complete/cacao_diseases/cacao_photos/healthy/healthy_991.png,A,no_usada,sana,991
4279,dataset_complete/cacao_diseases/cacao_photos/healthy/healthy_992.jpg,0,410c1ef12c563a01b330a8bb71e62813,95b4584e959cb1ad,cache_256/dataset_complete/cacao_diseases/cacao_photos/healthy/healthy_992.png,B,no_usada,sana,992
4280,dataset_complete/cacao_diseases/cacao_photos/healthy/healthy_993.jpg,0,e8719ec75b209e0267c720b0a99dae2a,b9a4a1a792965d6a,cache_256/dataset_complete/cacao_diseases/cacao_photos/healthy/healthy_993.png,B,no_usada,sana,993
4281,dataset_complete/cacao_diseases/cacao_photos/healthy/healthy_994.jpg,0,911b68fc04d3b263432762bbfe5f07ea,992666c299d9caae,cache_256/dataset_complete/cacao_diseases/cacao_photos/healthy/healthy_994.png,B,no_usada,sana,994
4282,dataset_complete/cacao_diseases/cacao_photos/healthy/healthy_995.jpg,0,226d15932d0b905363a7d786ebcba23b,99b1d0d3d1d81b59,cache_256/dataset_complete/cacao_diseases/cacao_photos/healthy/healthy_995.png,B,no_usada,sana,995
4283,dataset_complete/cacao_diseases/cacao_photos/healthy/healthy_996.jpg,0,a335a45ca8cc577c5abb770994f85a68,ccb63607c7c3a3a2,cache_256/dataset_complete/cacao_diseases/cacao_photos/healthy/healthy_996.png,B,no_usada,sana,996
4284,dataset_complete/cacao_diseases/cacao_photos/healthy/healthy_997.jpg,0,536217ec37150bbd0e6fcaae88dd17ae,8ecac17d67275134,cache_256/dataset_complete/cacao_diseases/cacao_photos/healthy/healthy_997.png,B,no_usada,sana,997
4285,dataset_complete/cacao_diseases/cacao_photos/healthy/healthy_998.jpg,0,d54c2610e70335400891f8431c667972,cd8a34d9d3818cbe,cache_256/dataset_complete/cacao_diseases/cacao_photos/healthy/healthy_998.png,B,no_usada,sana,998
4286,dataset_complete/cacao_diseases/cacao_photos/healthy/healthy_999.jpg,0,a35f9fa8adc70bbf640a8454f393f6a9,ce339bf692d85089,cache_256/dataset_complete/cacao_diseases/cacao_photos/healthy/healthy_999.png,B,no_usada,sana,999
