image_path,fuente,num,vinculo_regla,vinculo_dudoso
dataset_complete/cacao_diseases/cacao_photos/healthy/healthy_1000.jpg,B,1000,False,False
dataset_complete/cacao_diseases/cacao_photos/healthy/healthy_1001.jpg,B,1001,False,True
dataset_complete/cacao_diseases/cacao_photos/healthy/healthy_1002.jpg,A,1002,False,True
dataset_complete/cacao_diseases/cacao_photos/healthy/healthy_1003.jpg,A,1003,False,True
dataset_complete/cacao_diseases/cacao_photos/healthy/healthy_1004.jpg,B,1004,False,True
dataset_complete/cacao_diseases/cacao_photos/healthy/healthy_1005.jpg,B,1005,True,True
dataset_complete/cacao_diseases/cacao_photos/healthy/healthy_1006.jpg,B,1006,True,True
dataset_complete/cacao_diseases/cacao_photos/healthy/healthy_1007.jpg,B,1007,True,True
dataset_complete/cacao_diseases/cacao_photos/healthy/healthy_1008.jpg,B,1008,False,False
dataset_complete/cacao_diseases/cacao_photos/healthy/healthy_109.jpg,A,109,False,False
dataset_complete/cacao_diseases/cacao_photos/healthy/healthy_1092.jpg,B,1092,True,True
dataset_complete/cacao_diseases/cacao_photos/healthy/healthy_1093.jpg,B,1093,False,False
dataset_complete/cacao_diseases/cacao_photos/healthy/healthy_1094.jpg,B,1094,True,False
dataset_complete/cacao_diseases/cacao_photos/healthy/healthy_1095.jpg,B,1095,False,True
dataset_complete/cacao_diseases/cacao_photos/healthy/healthy_1096.jpg,B,1096,False,False
dataset_complete/cacao_diseases/cacao_photos/healthy/healthy_1097.jpg,B,1097,False,True
dataset_complete/cacao_diseases/cacao_photos/healthy/healthy_1098.jpg,B,1098,False,True
dataset_complete/cacao_diseases/cacao_photos/healthy/healthy_1099.jpg,B,1099,False,True
dataset_complete/cacao_diseases/cacao_photos/healthy/healthy_110.jpg,A,110,True,True
dataset_complete/cacao_diseases/cacao_photos/healthy/healthy_1100.jpg,B,1100,False,True
dataset_complete/cacao_diseases/cacao_photos/healthy/healthy_1101.jpg,B,1101,False,True
dataset_complete/cacao_diseases/cacao_photos/healthy/healthy_1102.jpg,A,1102,False,False
dataset_complete/cacao_diseases/cacao_photos/healthy/healthy_1103.jpg,B,1103,False,True
dataset_complete/cacao_diseases/cacao_photos/healthy/healthy_1104.jpg,B,1104,False,False
dataset_complete/cacao_diseases/cacao_photos/healthy/healthy_1105.jpg,B,1105,False,False
dataset_complete/cacao_diseases/cacao_photos/healthy/healthy_1106.jpg,B,1106,False,True
dataset_complete/cacao_diseases/cacao_photos/healthy/healthy_1107.jpg,B,1107,False,False
dataset_complete/cacao_diseases/cacao_photos/healthy/healthy_1108.jpg,B,1108,True,False
dataset_complete/cacao_diseases/cacao_photos/healthy/healthy_1109.jpg,B,1109,False,True
dataset_complete/cacao_diseases/cacao_photos/healthy/healthy_111.jpg,A,111,True,True
dataset_complete/cacao_diseases/cacao_photos/healthy/healthy_1110.jpg,B,1110,False,False
dataset_complete/cacao_diseases/cacao_photos/healthy/healthy_1111.jpg,B,1111,True,True
dataset_complete/cacao_diseases/cacao_photos/healthy/healthy_1112.jpg,B,1112,False,False
dataset_complete/cacao_diseases/cacao_photos/healthy/healthy_1113.jpg,A,1113,False,False
dataset_complete/cacao_diseases/cacao_photos/healthy/healthy_1114.jpg,A,1114,True,True
dataset_complete/cacao_diseases/cacao_photos/healthy/healthy_1115.jpg,A,1115,False,False
dataset_complete/cacao_diseases/cacao_photos/healthy/healthy_1116.jpg,B,1116,False,True
dataset_complete/cacao_diseases/cacao_photos/healthy/healthy_1117.jpg,B,1117,False,False
dataset_complete/cacao_diseases/cacao_photos/healthy/healthy_1118.jpg,B,1118,True,True
dataset_complete/cacao_diseases/cacao_photos/healthy/healthy_1119.jpg,B,1119,False,True
dataset_complete/cacao_diseases/cacao_photos/healthy/healthy_112.jpg,A,112,False,False
dataset_complete/cacao_diseases/cacao_photos/healthy/healthy_1120.jpg,B,1120,False,False
dataset_complete/cacao_diseases/cacao_photos/healthy/healthy_1121.jpg,B,1121,False,True
dataset_complete/cacao_diseases/cacao_photos/healthy/healthy_1122.jpg,B,1122,False,False
dataset_complete/cacao_diseases/cacao_photos/healthy/healthy_1123.jpg,B,1123,False,False
dataset_complete/cacao_diseases/cacao_photos/healthy/healthy_1124.jpg,B,1124,False,True
dataset_complete/cacao_diseases/cacao_photos/healthy/healthy_1125.jpg,B,1125,False,False
dataset_complete/cacao_diseases/cacao_photos/healthy/healthy_1126.jpg,A,1126,False,False
dataset_complete/cacao_diseases/cacao_photos/healthy/healthy_1127.jpg,B,1127,False,True
dataset_complete/cacao_diseases/cacao_photos/healthy/healthy_1128.jpg,B,1128,False,False
dataset_complete/cacao_diseases/cacao_photos/healthy/healthy_1129.jpg,B,1129,False,False
dataset_complete/cacao_diseases/cacao_photos/healthy/healthy_113.jpg,A,113,False,False
dataset_complete/cacao_diseases/cacao_photos/healthy/healthy_1130.jpg,B,1130,False,False
dataset_complete/cacao_diseases/cacao_photos/healthy/healthy_1131.jpg,B,1131,False,False
dataset_complete/cacao_diseases/cacao_photos/healthy/healthy_1132.jpg,B,1132,False,False
dataset_complete/cacao_diseases/cacao_photos/healthy/healthy_1133.jpg,B,1133,False,True
dataset_complete/cacao_diseases/cacao_photos/healthy/healthy_1134.jpg,B,1134,False,True
dataset_complete/cacao_diseases/cacao_photos/healthy/healthy_1135.jpg,B,1135,False,True
dataset_complete/cacao_diseases/cacao_photos/healthy/healthy_1136.jpg,B,1136,False,True
dataset_complete/cacao_diseases/cacao_photos/healthy/healthy_1137.jpg,A,1137,True,False
dataset_complete/cacao_diseases/cacao_photos/healthy/healthy_1138.jpg,B,1138,False,False
dataset_complete/cacao_diseases/cacao_photos/healthy/healthy_1139.jpg,B,1139,True,True
dataset_complete/cacao_diseases/cacao_photos/healthy/healthy_114.jpg,A,114,True,True
dataset_complete/cacao_diseases/cacao_photos/healthy/healthy_115.jpg,A,115,True,True
dataset_complete/cacao_diseases/cacao_photos/healthy/healthy_116.jpg,A,116,False,False
dataset_complete/cacao_diseases/cacao_photos/healthy/healthy_117.jpg,A,117,False,False
dataset_complete/cacao_diseases/cacao_photos/healthy/healthy_118.jpg,A,118,False,False
dataset_complete/cacao_diseases/cacao_photos/healthy/healthy_119.jpg,A,119,False,False
dataset_complete/cacao_diseases/cacao_photos/healthy/healthy_120.jpg,A,120,False,False
dataset_complete/cacao_diseases/cacao_photos/healthy/healthy_121.jpg,A,121,False,False
dataset_complete/cacao_diseases/cacao_photos/healthy/healthy_122.jpg,A,122,False,False
dataset_complete/cacao_diseases/cacao_photos/healthy/healthy_123.jpg,A,123,False,False
dataset_complete/cacao_diseases/cacao_photos/healthy/healthy_124.jpg,A,124,False,False
dataset_complete/cacao_diseases/cacao_photos/healthy/healthy_125.jpg,A,125,False,False
dataset_complete/cacao_diseases/cacao_photos/healthy/healthy_126.jpg,A,126,False,True
dataset_complete/cacao_diseases/cacao_photos/healthy/healthy_127.jpg,A,127,False,False
dataset_complete/cacao_diseases/cacao_photos/healthy/healthy_1273.jpg,B,1273,False,False
dataset_complete/cacao_diseases/cacao_photos/healthy/healthy_1274.jpg,B,1274,False,True
dataset_complete/cacao_diseases/cacao_photos/healthy/healthy_1275.jpg,B,1275,False,False
dataset_complete/cacao_diseases/cacao_photos/healthy/healthy_1276.jpg,B,1276,False,True
dataset_complete/cacao_diseases/cacao_photos/healthy/healthy_1277.jpg,B,1277,False,False
dataset_complete/cacao_diseases/cacao_photos/healthy/healthy_1278.jpg,B,1278,False,False
dataset_complete/cacao_diseases/cacao_photos/healthy/healthy_1279.jpg,B,1279,False,False
dataset_complete/cacao_diseases/cacao_photos/healthy/healthy_128.jpg,A,128,False,True
dataset_complete/cacao_diseases/cacao_photos/healthy/healthy_1280.jpg,B,1280,False,False
dataset_complete/cacao_diseases/cacao_photos/healthy/healthy_1281.jpg,A,1281,False,False
dataset_complete/cacao_diseases/cacao_photos/healthy/healthy_1282.jpg,B,1282,False,False
dataset_complete/cacao_diseases/cacao_photos/healthy/healthy_1283.jpg,B,1283,False,False
dataset_complete/cacao_diseases/cacao_photos/healthy/healthy_1284.jpg,B,1284,False,False
dataset_complete/cacao_diseases/cacao_photos/healthy/healthy_1285.jpg,B,1285,False,True
dataset_complete/cacao_diseases/cacao_photos/healthy/healthy_1286.jpg,B,1286,False,True
dataset_complete/cacao_diseases/cacao_photos/healthy/healthy_1287.jpg,B,1287,False,False
dataset_complete/cacao_diseases/cacao_photos/healthy/healthy_1288.jpg,B,1288,False,False
dataset_complete/cacao_diseases/cacao_photos/healthy/healthy_1289.jpg,B,1289,False,False
dataset_complete/cacao_diseases/cacao_photos/healthy/healthy_129.jpg,A,129,True,True
dataset_complete/cacao_diseases/cacao_photos/healthy/healthy_1290.jpg,B,1290,False,False
dataset_complete/cacao_diseases/cacao_photos/healthy/healthy_1291.jpg,B,1291,False,True
dataset_complete/cacao_diseases/cacao_photos/healthy/healthy_1292.jpg,A,1292,False,True
dataset_complete/cacao_diseases/cacao_photos/healthy/healthy_1293.jpg,B,1293,False,True
dataset_complete/cacao_diseases/cacao_photos/healthy/healthy_1294.jpg,B,1294,False,False
dataset_complete/cacao_diseases/cacao_photos/healthy/healthy_1295.jpg,B,1295,False,False
dataset_complete/cacao_diseases/cacao_photos/healthy/healthy_1296.jpg,B,1296,False,False
dataset_complete/cacao_diseases/cacao_photos/healthy/healthy_1297.jpg,B,1297,False,False
dataset_complete/cacao_diseases/cacao_photos/healthy/healthy_1298.jpg,B,1298,False,False
dataset_complete/cacao_diseases/cacao_photos/healthy/healthy_1299.jpg,B,1299,False,False
dataset_complete/cacao_diseases/cacao_photos/healthy/healthy_130.jpg,A,130,False,False
dataset_complete/cacao_diseases/cacao_photos/healthy/healthy_1300.jpg,B,1300,False,False
dataset_complete/cacao_diseases/cacao_photos/healthy/healthy_1301.jpg,B,1301,False,True
dataset_complete/cacao_diseases/cacao_photos/healthy/healthy_1302.jpg,B,1302,False,False
dataset_complete/cacao_diseases/cacao_photos/healthy/healthy_1303.jpg,A,1303,False,False
dataset_complete/cacao_diseases/cacao_photos/healthy/healthy_1304.jpg,B,1304,False,False
dataset_complete/cacao_diseases/cacao_photos/healthy/healthy_1305.jpg,B,1305,False,False
dataset_complete/cacao_diseases/cacao_photos/healthy/healthy_1306.jpg,B,1306,False,True
dataset_complete/cacao_diseases/cacao_photos/healthy/healthy_1307.jpg,B,1307,False,False
dataset_complete/cacao_diseases/cacao_photos/healthy/healthy_1308.jpg,B,1308,True,False
dataset_complete/cacao_diseases/cacao_photos/healthy/healthy_1309.jpg,B,1309,False,False
dataset_complete/cacao_diseases/cacao_photos/healthy/healthy_131.jpg,A,131,False,True
dataset_complete/cacao_diseases/cacao_photos/healthy/healthy_1310.jpg,B,1310,False,True
dataset_complete/cacao_diseases/cacao_photos/healthy/healthy_1311.jpg,B,1311,False,True
dataset_complete/cacao_diseases/cacao_photos/healthy/healthy_1312.jpg,B,1312,False,False
dataset_complete/cacao_diseases/cacao_photos/healthy/healthy_1313.jpg,B,1313,False,False
dataset_complete/cacao_diseases/cacao_photos/healthy/healthy_1314.jpg,A,1314,False,True
dataset_complete/cacao_diseases/cacao_photos/healthy/healthy_1315.jpg,B,1315,False,False
dataset_complete/cacao_diseases/cacao_photos/healthy/healthy_1316.jpg,B,1316,False,False
dataset_complete/cacao_diseases/cacao_photos/healthy/healthy_1317.jpg,B,1317,False,True
dataset_complete/cacao_diseases/cacao_photos/healthy/healthy_1318.jpg,B,1318,False,True
dataset_complete/cacao_diseases/cacao_photos/healthy/healthy_1319.jpg,B,1319,False,True
dataset_complete/cacao_diseases/cacao_photos/healthy/healthy_132.jpg,A,132,False,True
dataset_complete/cacao_diseases/cacao_photos/healthy/healthy_1320.jpg,B,1320,False,True
dataset_complete/cacao_diseases/cacao_photos/healthy/healthy_1321.jpg,B,1321,False,True
dataset_complete/cacao_diseases/cacao_photos/healthy/healthy_1322.jpg,B,1322,False,False
dataset_complete/cacao_diseases/cacao_photos/healthy/healthy_1323.jpg,B,1323,False,False
dataset_complete/cacao_diseases/cacao_photos/healthy/healthy_1324.jpg,B,1324,False,False
dataset_complete/cacao_diseases/cacao_photos/healthy/healthy_1325.jpg,A,1325,False,True
dataset_complete/cacao_diseases/cacao_photos/healthy/healthy_1326.jpg,B,1326,False,False
dataset_complete/cacao_diseases/cacao_photos/healthy/healthy_1327.jpg,B,1327,False,False
dataset_complete/cacao_diseases/cacao_photos/healthy/healthy_1328.jpg,B,1328,False,False
dataset_complete/cacao_diseases/cacao_photos/healthy/healthy_1329.jpg,B,1329,False,False
dataset_complete/cacao_diseases/cacao_photos/healthy/healthy_133.jpg,A,133,False,True
dataset_complete/cacao_diseases/cacao_photos/healthy/healthy_1330.jpg,B,1330,False,False
dataset_complete/cacao_diseases/cacao_photos/healthy/healthy_1331.jpg,B,1331,False,False
dataset_complete/cacao_diseases/cacao_photos/healthy/healthy_1332.jpg,B,1332,False,False
dataset_complete/cacao_diseases/cacao_photos/healthy/healthy_1333.jpg,A,1333,False,False
dataset_complete/cacao_diseases/cacao_photos/healthy/healthy_1334.jpg,A,1334,False,False
dataset_complete/cacao_diseases/cacao_photos/healthy/healthy_1335.jpg,A,1335,False,False
dataset_complete/cacao_diseases/cacao_photos/healthy/healthy_1336.jpg,A,1336,False,False
dataset_complete/cacao_diseases/cacao_photos/healthy/healthy_1337.jpg,A,1337,False,True
dataset_complete/cacao_diseases/cacao_photos/healthy/healthy_1338.jpg,A,1338,False,False
dataset_complete/cacao_diseases/cacao_photos/healthy/healthy_1339.jpg,A,1339,False,False
dataset_complete/cacao_diseases/cacao_photos/healthy/healthy_134.jpg,A,134,False,False
dataset_complete/cacao_diseases/cacao_photos/healthy/healthy_1340.jpg,A,1340,False,True
dataset_complete/cacao_diseases/cacao_photos/healthy/healthy_1341.jpg,A,1341,False,False
dataset_complete/cacao_diseases/cacao_photos/healthy/healthy_1342.jpg,A,1342,False,False
dataset_complete/cacao_diseases/cacao_photos/healthy/healthy_1343.jpg,A,1343,False,False
dataset_complete/cacao_diseases/cacao_photos/healthy/healthy_1344.jpg,A,1344,False,False
dataset_complete/cacao_diseases/cacao_photos/healthy/healthy_1345.jpg,A,1345,False,False
dataset_complete/cacao_diseases/cacao_photos/healthy/healthy_1346.jpg,A,1346,False,False
dataset_complete/cacao_diseases/cacao_photos/healthy/healthy_1347.jpg,A,1347,False,False
dataset_complete/cacao_diseases/cacao_photos/healthy/healthy_1348.jpg,A,1348,False,False
dataset_complete/cacao_diseases/cacao_photos/healthy/healthy_1349.jpg,A,1349,False,False
dataset_complete/cacao_diseases/cacao_photos/healthy/healthy_135.jpg,A,135,False,False
dataset_complete/cacao_diseases/cacao_photos/healthy/healthy_1350.jpg,A,1350,True,False
dataset_complete/cacao_diseases/cacao_photos/healthy/healthy_1351.jpg,A,1351,False,True
dataset_complete/cacao_diseases/cacao_photos/healthy/healthy_1352.jpg,A,1352,False,False
dataset_complete/cacao_diseases/cacao_photos/healthy/healthy_1353.jpg,A,1353,False,False
dataset_complete/cacao_diseases/cacao_photos/healthy/healthy_1354.jpg,A,1354,False,False
dataset_complete/cacao_diseases/cacao_photos/healthy/healthy_1355.jpg,A,1355,False,False
dataset_complete/cacao_diseases/cacao_photos/healthy/healthy_1356.jpg,A,1356,False,True
dataset_complete/cacao_diseases/cacao_photos/healthy/healthy_1357.jpg,A,1357,False,True
dataset_complete/cacao_diseases/cacao_photos/healthy/healthy_1358.jpg,A,1358,False,False
dataset_complete/cacao_diseases/cacao_photos/healthy/healthy_1359.jpg,A,1359,False,False
dataset_complete/cacao_diseases/cacao_photos/healthy/healthy_136.jpg,A,136,False,False
dataset_complete/cacao_diseases/cacao_photos/healthy/healthy_1360.jpg,A,1360,False,False
dataset_complete/cacao_diseases/cacao_photos/healthy/healthy_1361.jpg,A,1361,False,False
dataset_complete/cacao_diseases/cacao_photos/healthy/healthy_1362.jpg,A,1362,False,False
dataset_complete/cacao_diseases/cacao_photos/healthy/healthy_1363.jpg,A,1363,False,False
dataset_complete/cacao_diseases/cacao_photos/healthy/healthy_1364.jpg,A,1364,False,False
dataset_complete/cacao_diseases/cacao_photos/healthy/healthy_1365.jpg,A,1365,False,False
dataset_complete/cacao_diseases/cacao_photos/healthy/healthy_1366.jpg,A,1366,False,False
dataset_complete/cacao_diseases/cacao_photos/healthy/healthy_1367.jpg,A,1367,False,False
dataset_complete/cacao_diseases/cacao_photos/healthy/healthy_1368.jpg,A,1368,False,False
dataset_complete/cacao_diseases/cacao_photos/healthy/healthy_1369.jpg,A,1369,False,True
dataset_complete/cacao_diseases/cacao_photos/healthy/healthy_137.jpg,A,137,False,False
dataset_complete/cacao_diseases/cacao_photos/healthy/healthy_1370.jpg,A,1370,False,False
dataset_complete/cacao_diseases/cacao_photos/healthy/healthy_1371.jpg,A,1371,False,False
dataset_complete/cacao_diseases/cacao_photos/healthy/healthy_1372.jpg,A,1372,False,False
dataset_complete/cacao_diseases/cacao_photos/healthy/healthy_1373.jpg,A,1373,False,False
dataset_complete/cacao_diseases/cacao_photos/healthy/healthy_1374.jpg,A,1374,False,True
dataset_complete/cacao_diseases/cacao_photos/healthy/healthy_1375.jpg,A,1375,False,False
dataset_complete/cacao_diseases/cacao_photos/healthy/healthy_1376.jpg,A,1376,False,False
dataset_complete/cacao_diseases/cacao_photos/healthy/healthy_1377.jpg,A,1377,False,False
dataset_complete/cacao_diseases/cacao_photos/healthy/healthy_1378.jpg,A,1378,False,False
dataset_complete/cacao_diseases/cacao_photos/healthy/healthy_1379.jpg,A,1379,False,False
dataset_complete/cacao_diseases/cacao_photos/healthy/healthy_138.jpg,A,138,False,False
dataset_complete/cacao_diseases/cacao_photos/healthy/healthy_1380.jpg,A,1380,False,False
dataset_complete/cacao_diseases/cacao_photos/healthy/healthy_1381.jpg,A,1381,False,True
dataset_complete/cacao_diseases/cacao_photos/healthy/healthy_1382.jpg,A,1382,False,False
dataset_complete/cacao_diseases/cacao_photos/healthy/healthy_1383.jpg,A,1383,False,False
dataset_complete/cacao_diseases/cacao_photos/healthy/healthy_1384.jpg,A,1384,False,True
dataset_complete/cacao_diseases/cacao_photos/healthy/healthy_1385.jpg,A,1385,False,False
dataset_complete/cacao_diseases/cacao_photos/healthy/healthy_1386.jpg,A,1386,False,False
dataset_complete/cacao_diseases/cacao_photos/healthy/healthy_1387.jpg,A,1387,False,False
dataset_complete/cacao_diseases/cacao_photos/healthy/healthy_1388.jpg,A,1388,False,False
dataset_complete/cacao_diseases/cacao_photos/healthy/healthy_1389.jpg,A,1389,False,False
dataset_complete/cacao_diseases/cacao_photos/healthy/healthy_139.jpg,A,139,False,False
dataset_complete/cacao_diseases/cacao_photos/healthy/healthy_1390.jpg,A,1390,False,False
dataset_complete/cacao_diseases/cacao_photos/healthy/healthy_1391.jpg,A,1391,False,False
dataset_complete/cacao_diseases/cacao_photos/healthy/healthy_1392.jpg,A,1392,True,False
dataset_complete/cacao_diseases/cacao_photos/healthy/healthy_1393.jpg,A,1393,False,False
dataset_complete/cacao_diseases/cacao_photos/healthy/healthy_1394.jpg,A,1394,False,True
dataset_complete/cacao_diseases/cacao_photos/healthy/healthy_1395.jpg,A,1395,False,True
dataset_complete/cacao_diseases/cacao_photos/healthy/healthy_1396.jpg,A,1396,True,True
dataset_complete/cacao_diseases/cacao_photos/healthy/healthy_1397.jpg,A,1397,True,True
dataset_complete/cacao_diseases/cacao_photos/healthy/healthy_1398.jpg,A,1398,False,True
dataset_complete/cacao_diseases/cacao_photos/healthy/healthy_1399.jpg,A,1399,False,True
dataset_complete/cacao_diseases/cacao_photos/healthy/healthy_140.jpg,A,140,False,False
dataset_complete/cacao_diseases/cacao_photos/healthy/healthy_1400.jpg,A,1400,False,True
dataset_complete/cacao_diseases/cacao_photos/healthy/healthy_1401.jpg,A,1401,False,False
dataset_complete/cacao_diseases/cacao_photos/healthy/healthy_1402.jpg,A,1402,True,True
dataset_complete/cacao_diseases/cacao_photos/healthy/healthy_1403.jpg,A,1403,False,True
dataset_complete/cacao_diseases/cacao_photos/healthy/healthy_141.jpg,A,141,False,True
dataset_complete/cacao_diseases/cacao_photos/healthy/healthy_142.jpg,A,142,False,False
dataset_complete/cacao_diseases/cacao_photos/healthy/healthy_143.jpg,A,143,False,False
dataset_complete/cacao_diseases/cacao_photos/healthy/healthy_144.jpg,A,144,False,True
dataset_complete/cacao_diseases/cacao_photos/healthy/healthy_1444.jpg,A,1444,True,False
dataset_complete/cacao_diseases/cacao_photos/healthy/healthy_145.jpg,A,145,False,False
dataset_complete/cacao_diseases/cacao_photos/healthy/healthy_146.jpg,A,146,False,True
dataset_complete/cacao_diseases/cacao_photos/healthy/healthy_147.jpg,A,147,False,True
dataset_complete/cacao_diseases/cacao_photos/healthy/healthy_148.jpg,A,148,False,True
dataset_complete/cacao_diseases/cacao_photos/healthy/healthy_149.jpg,A,149,False,True
dataset_complete/cacao_diseases/cacao_photos/healthy/healthy_150.jpg,A,150,False,False
dataset_complete/cacao_diseases/cacao_photos/healthy/healthy_151.jpg,A,151,False,True
dataset_complete/cacao_diseases/cacao_photos/healthy/healthy_152.jpg,A,152,False,True
dataset_complete/cacao_diseases/cacao_photos/healthy/healthy_153.jpg,A,153,False,False
dataset_complete/cacao_diseases/cacao_photos/healthy/healthy_154.jpg,A,154,False,False
dataset_complete/cacao_diseases/cacao_photos/healthy/healthy_155.jpg,A,155,False,False
dataset_complete/cacao_diseases/cacao_photos/healthy/healthy_156.jpg,A,156,False,True
dataset_complete/cacao_diseases/cacao_photos/healthy/healthy_157.jpg,A,157,False,False
dataset_complete/cacao_diseases/cacao_photos/healthy/healthy_158.jpg,A,158,False,False
dataset_complete/cacao_diseases/cacao_photos/healthy/healthy_1583.jpg,A,1583,True,False
dataset_complete/cacao_diseases/cacao_photos/healthy/healthy_1584.jpg,A,1584,False,False
dataset_complete/cacao_diseases/cacao_photos/healthy/healthy_1585.jpg,A,1585,False,True
dataset_complete/cacao_diseases/cacao_photos/healthy/healthy_1586.jpg,A,1586,False,False
dataset_complete/cacao_diseases/cacao_photos/healthy/healthy_1587.jpg,A,1587,False,True
dataset_complete/cacao_diseases/cacao_photos/healthy/healthy_1588.jpg,A,1588,False,True
dataset_complete/cacao_diseases/cacao_photos/healthy/healthy_1589.jpg,A,1589,False,True
dataset_complete/cacao_diseases/cacao_photos/healthy/healthy_159.jpg,A,159,False,True
dataset_complete/cacao_diseases/cacao_photos/healthy/healthy_1590.jpg,A,1590,False,True
dataset_complete/cacao_diseases/cacao_photos/healthy/healthy_1591.jpg,A,1591,False,False
dataset_complete/cacao_diseases/cacao_photos/healthy/healthy_1592.jpg,A,1592,False,True
dataset_complete/cacao_diseases/cacao_photos/healthy/healthy_1593.jpg,A,1593,False,False
dataset_complete/cacao_diseases/cacao_photos/healthy/healthy_1594.jpg,A,1594,False,False
dataset_complete/cacao_diseases/cacao_photos/healthy/healthy_1595.jpg,A,1595,False,False
dataset_complete/cacao_diseases/cacao_photos/healthy/healthy_1596.jpg,A,1596,False,False
dataset_complete/cacao_diseases/cacao_photos/healthy/healthy_1597.jpg,A,1597,False,False
dataset_complete/cacao_diseases/cacao_photos/healthy/healthy_1598.jpg,A,1598,False,False
dataset_complete/cacao_diseases/cacao_photos/healthy/healthy_1599.jpg,A,1599,False,False
dataset_complete/cacao_diseases/cacao_photos/healthy/healthy_160.jpg,A,160,False,False
dataset_complete/cacao_diseases/cacao_photos/healthy/healthy_1600.jpg,A,1600,False,False
dataset_complete/cacao_diseases/cacao_photos/healthy/healthy_1601.jpg,A,1601,False,False
dataset_complete/cacao_diseases/cacao_photos/healthy/healthy_1602.jpg,A,1602,False,False
dataset_complete/cacao_diseases/cacao_photos/healthy/healthy_1603.jpg,A,1603,False,False
dataset_complete/cacao_diseases/cacao_photos/healthy/healthy_1604.jpg,A,1604,False,False
dataset_complete/cacao_diseases/cacao_photos/healthy/healthy_1605.jpg,A,1605,False,False
dataset_complete/cacao_diseases/cacao_photos/healthy/healthy_1606.jpg,A,1606,False,False
dataset_complete/cacao_diseases/cacao_photos/healthy/healthy_1607.jpg,A,1607,False,False
dataset_complete/cacao_diseases/cacao_photos/healthy/healthy_1608.jpg,A,1608,False,False
dataset_complete/cacao_diseases/cacao_photos/healthy/healthy_1609.jpg,A,1609,False,False
dataset_complete/cacao_diseases/cacao_photos/healthy/healthy_161.jpg,A,161,False,False
dataset_complete/cacao_diseases/cacao_photos/healthy/healthy_1610.jpg,A,1610,False,True
dataset_complete/cacao_diseases/cacao_photos/healthy/healthy_1611.jpg,A,1611,False,True
dataset_complete/cacao_diseases/cacao_photos/healthy/healthy_1612.jpg,A,1612,False,False
dataset_complete/cacao_diseases/cacao_photos/healthy/healthy_1613.jpg,A,1613,False,False
dataset_complete/cacao_diseases/cacao_photos/healthy/healthy_1614.jpg,A,1614,False,False
dataset_complete/cacao_diseases/cacao_photos/healthy/healthy_1615.jpg,A,1615,False,False
dataset_complete/cacao_diseases/cacao_photos/healthy/healthy_1616.jpg,A,1616,False,False
dataset_complete/cacao_diseases/cacao_photos/healthy/healthy_1617.jpg,A,1617,False,False
dataset_complete/cacao_diseases/cacao_photos/healthy/healthy_1618.jpg,A,1618,False,False
dataset_complete/cacao_diseases/cacao_photos/healthy/healthy_1619.jpg,A,1619,False,False
dataset_complete/cacao_diseases/cacao_photos/healthy/healthy_162.jpg,A,162,False,True
dataset_complete/cacao_diseases/cacao_photos/healthy/healthy_1620.jpg,A,1620,False,False
dataset_complete/cacao_diseases/cacao_photos/healthy/healthy_1621.jpg,A,1621,False,False
dataset_complete/cacao_diseases/cacao_photos/healthy/healthy_1622.jpg,A,1622,False,False
dataset_complete/cacao_diseases/cacao_photos/healthy/healthy_1623.jpg,A,1623,False,False
dataset_complete/cacao_diseases/cacao_photos/healthy/healthy_1624.jpg,A,1624,False,False
dataset_complete/cacao_diseases/cacao_photos/healthy/healthy_1625.jpg,A,1625,False,True
dataset_complete/cacao_diseases/cacao_photos/healthy/healthy_1626.jpg,A,1626,True,True
dataset_complete/cacao_diseases/cacao_photos/healthy/healthy_1627.jpg,A,1627,False,False
dataset_complete/cacao_diseases/cacao_photos/healthy/healthy_1628.jpg,A,1628,False,False
dataset_complete/cacao_diseases/cacao_photos/healthy/healthy_1629.jpg,A,1629,False,False
dataset_complete/cacao_diseases/cacao_photos/healthy/healthy_163.jpg,A,163,False,False
dataset_complete/cacao_diseases/cacao_photos/healthy/healthy_1630.jpg,A,1630,False,False
dataset_complete/cacao_diseases/cacao_photos/healthy/healthy_164.jpg,A,164,False,False
dataset_complete/cacao_diseases/cacao_photos/healthy/healthy_165.jpg,A,165,False,False
dataset_complete/cacao_diseases/cacao_photos/healthy/healthy_166.jpg,A,166,False,False
dataset_complete/cacao_diseases/cacao_photos/healthy/healthy_167.jpg,A,167,False,True
dataset_complete/cacao_diseases/cacao_photos/healthy/healthy_168.jpg,A,168,False,False
dataset_complete/cacao_diseases/cacao_photos/healthy/healthy_1680.jpg,A,1680,True,False
dataset_complete/cacao_diseases/cacao_photos/healthy/healthy_1681.jpg,A,1681,True,False
dataset_complete/cacao_diseases/cacao_photos/healthy/healthy_1682.jpg,A,1682,True,True
dataset_complete/cacao_diseases/cacao_photos/healthy/healthy_1683.jpg,A,1683,False,False
dataset_complete/cacao_diseases/cacao_photos/healthy/healthy_1684.jpg,A,1684,False,False
dataset_complete/cacao_diseases/cacao_photos/healthy/healthy_1685.jpg,A,1685,False,False
dataset_complete/cacao_diseases/cacao_photos/healthy/healthy_1686.jpg,A,1686,False,False
dataset_complete/cacao_diseases/cacao_photos/healthy/healthy_1687.jpg,A,1687,False,True
dataset_complete/cacao_diseases/cacao_photos/healthy/healthy_1688.jpg,A,1688,True,True
dataset_complete/cacao_diseases/cacao_photos/healthy/healthy_1689.jpg,A,1689,False,True
dataset_complete/cacao_diseases/cacao_photos/healthy/healthy_169.jpg,A,169,False,True
dataset_complete/cacao_diseases/cacao_photos/healthy/healthy_1690.jpg,A,1690,False,True
dataset_complete/cacao_diseases/cacao_photos/healthy/healthy_1691.jpg,A,1691,False,False
dataset_complete/cacao_diseases/cacao_photos/healthy/healthy_1692.jpg,A,1692,False,False
dataset_complete/cacao_diseases/cacao_photos/healthy/healthy_1693.jpg,A,1693,False,True
dataset_complete/cacao_diseases/cacao_photos/healthy/healthy_1694.jpg,A,1694,False,False
dataset_complete/cacao_diseases/cacao_photos/healthy/healthy_1695.jpg,A,1695,False,False
dataset_complete/cacao_diseases/cacao_photos/healthy/healthy_1696.jpg,A,1696,False,False
dataset_complete/cacao_diseases/cacao_photos/healthy/healthy_1697.jpg,A,1697,False,False
dataset_complete/cacao_diseases/cacao_photos/healthy/healthy_1698.jpg,A,1698,False,False
dataset_complete/cacao_diseases/cacao_photos/healthy/healthy_1699.jpg,A,1699,False,False
dataset_complete/cacao_diseases/cacao_photos/healthy/healthy_170.jpg,A,170,True,False
dataset_complete/cacao_diseases/cacao_photos/healthy/healthy_1700.jpg,A,1700,True,True
dataset_complete/cacao_diseases/cacao_photos/healthy/healthy_1701.jpg,A,1701,False,False
dataset_complete/cacao_diseases/cacao_photos/healthy/healthy_1702.jpg,A,1702,True,True
dataset_complete/cacao_diseases/cacao_photos/healthy/healthy_1703.jpg,A,1703,False,False
dataset_complete/cacao_diseases/cacao_photos/healthy/healthy_1704.jpg,A,1704,True,True
dataset_complete/cacao_diseases/cacao_photos/healthy/healthy_1705.jpg,A,1705,False,True
dataset_complete/cacao_diseases/cacao_photos/healthy/healthy_1706.jpg,A,1706,False,False
dataset_complete/cacao_diseases/cacao_photos/healthy/healthy_1707.jpg,A,1707,True,True
dataset_complete/cacao_diseases/cacao_photos/healthy/healthy_1708.jpg,A,1708,False,False
dataset_complete/cacao_diseases/cacao_photos/healthy/healthy_1709.jpg,A,1709,False,False
dataset_complete/cacao_diseases/cacao_photos/healthy/healthy_171.jpg,A,171,True,True
dataset_complete/cacao_diseases/cacao_photos/healthy/healthy_1710.jpg,A,1710,False,False
dataset_complete/cacao_diseases/cacao_photos/healthy/healthy_1711.jpg,A,1711,False,False
dataset_complete/cacao_diseases/cacao_photos/healthy/healthy_1712.jpg,A,1712,False,False
dataset_complete/cacao_diseases/cacao_photos/healthy/healthy_1713.jpg,A,1713,False,False
dataset_complete/cacao_diseases/cacao_photos/healthy/healthy_1714.jpg,A,1714,False,False
dataset_complete/cacao_diseases/cacao_photos/healthy/healthy_1715.jpg,A,1715,False,False
dataset_complete/cacao_diseases/cacao_photos/healthy/healthy_1716.jpg,A,1716,False,False
dataset_complete/cacao_diseases/cacao_photos/healthy/healthy_1717.jpg,A,1717,False,True
dataset_complete/cacao_diseases/cacao_photos/healthy/healthy_1718.jpg,A,1718,False,False
dataset_complete/cacao_diseases/cacao_photos/healthy/healthy_1719.jpg,A,1719,False,False
dataset_complete/cacao_diseases/cacao_photos/healthy/healthy_172.jpg,A,172,True,True
dataset_complete/cacao_diseases/cacao_photos/healthy/healthy_1720.jpg,A,1720,False,False
dataset_complete/cacao_diseases/cacao_photos/healthy/healthy_1721.jpg,A,1721,False,False
dataset_complete/cacao_diseases/cacao_photos/healthy/healthy_1722.jpg,A,1722,False,False
dataset_complete/cacao_diseases/cacao_photos/healthy/healthy_1723.jpg,A,1723,False,False
dataset_complete/cacao_diseases/cacao_photos/healthy/healthy_1724.jpg,A,1724,False,False
dataset_complete/cacao_diseases/cacao_photos/healthy/healthy_1725.jpg,A,1725,False,True
dataset_complete/cacao_diseases/cacao_photos/healthy/healthy_1726.jpg,A,1726,False,False
dataset_complete/cacao_diseases/cacao_photos/healthy/healthy_1727.jpg,A,1727,False,False
dataset_complete/cacao_diseases/cacao_photos/healthy/healthy_1728.jpg,A,1728,False,False
dataset_complete/cacao_diseases/cacao_photos/healthy/healthy_1729.jpg,A,1729,False,True
dataset_complete/cacao_diseases/cacao_photos/healthy/healthy_173.jpg,A,173,False,True
dataset_complete/cacao_diseases/cacao_photos/healthy/healthy_1730.jpg,A,1730,False,False
dataset_complete/cacao_diseases/cacao_photos/healthy/healthy_1731.jpg,A,1731,False,False
dataset_complete/cacao_diseases/cacao_photos/healthy/healthy_1732.jpg,A,1732,False,False
dataset_complete/cacao_diseases/cacao_photos/healthy/healthy_1733.jpg,A,1733,False,False
dataset_complete/cacao_diseases/cacao_photos/healthy/healthy_1734.jpg,A,1734,False,False
dataset_complete/cacao_diseases/cacao_photos/healthy/healthy_1735.jpg,A,1735,False,False
dataset_complete/cacao_diseases/cacao_photos/healthy/healthy_1736.jpg,A,1736,False,True
dataset_complete/cacao_diseases/cacao_photos/healthy/healthy_1737.jpg,A,1737,False,False
dataset_complete/cacao_diseases/cacao_photos/healthy/healthy_1738.jpg,A,1738,False,False
dataset_complete/cacao_diseases/cacao_photos/healthy/healthy_1739.jpg,A,1739,False,False
dataset_complete/cacao_diseases/cacao_photos/healthy/healthy_174.jpg,A,174,False,True
dataset_complete/cacao_diseases/cacao_photos/healthy/healthy_1740.jpg,A,1740,False,False
dataset_complete/cacao_diseases/cacao_photos/healthy/healthy_1741.jpg,A,1741,False,False
dataset_complete/cacao_diseases/cacao_photos/healthy/healthy_1742.jpg,A,1742,False,False
dataset_complete/cacao_diseases/cacao_photos/healthy/healthy_1743.jpg,A,1743,False,False
dataset_complete/cacao_diseases/cacao_photos/healthy/healthy_1744.jpg,A,1744,False,False
dataset_complete/cacao_diseases/cacao_photos/healthy/healthy_1745.jpg,A,1745,False,False
dataset_complete/cacao_diseases/cacao_photos/healthy/healthy_1746.jpg,A,1746,False,False
dataset_complete/cacao_diseases/cacao_photos/healthy/healthy_1747.jpg,A,1747,False,False
dataset_complete/cacao_diseases/cacao_photos/healthy/healthy_1748.jpg,A,1748,False,False
dataset_complete/cacao_diseases/cacao_photos/healthy/healthy_1749.jpg,A,1749,False,False
dataset_complete/cacao_diseases/cacao_photos/healthy/healthy_175.jpg,A,175,False,True
dataset_complete/cacao_diseases/cacao_photos/healthy/healthy_1750.jpg,A,1750,False,False
dataset_complete/cacao_diseases/cacao_photos/healthy/healthy_1751.jpg,A,1751,False,False
dataset_complete/cacao_diseases/cacao_photos/healthy/healthy_1752.jpg,A,1752,False,False
dataset_complete/cacao_diseases/cacao_photos/healthy/healthy_1753.jpg,A,1753,False,True
dataset_complete/cacao_diseases/cacao_photos/healthy/healthy_1754.jpg,A,1754,False,False
dataset_complete/cacao_diseases/cacao_photos/healthy/healthy_1755.jpg,A,1755,False,False
dataset_complete/cacao_diseases/cacao_photos/healthy/healthy_1756.jpg,A,1756,False,False
dataset_complete/cacao_diseases/cacao_photos/healthy/healthy_1757.jpg,A,1757,False,False
dataset_complete/cacao_diseases/cacao_photos/healthy/healthy_1758.jpg,A,1758,False,True
dataset_complete/cacao_diseases/cacao_photos/healthy/healthy_1759.jpg,A,1759,False,False
dataset_complete/cacao_diseases/cacao_photos/healthy/healthy_176.jpg,A,176,False,False
dataset_complete/cacao_diseases/cacao_photos/healthy/healthy_1760.jpg,A,1760,False,False
dataset_complete/cacao_diseases/cacao_photos/healthy/healthy_1761.jpg,A,1761,False,False
dataset_complete/cacao_diseases/cacao_photos/healthy/healthy_1762.jpg,A,1762,False,False
dataset_complete/cacao_diseases/cacao_photos/healthy/healthy_1763.jpg,A,1763,False,False
dataset_complete/cacao_diseases/cacao_photos/healthy/healthy_1764.jpg,A,1764,False,False
dataset_complete/cacao_diseases/cacao_photos/healthy/healthy_1765.jpg,A,1765,False,True
dataset_complete/cacao_diseases/cacao_photos/healthy/healthy_1766.jpg,A,1766,False,False
dataset_complete/cacao_diseases/cacao_photos/healthy/healthy_1767.jpg,A,1767,False,False
dataset_complete/cacao_diseases/cacao_photos/healthy/healthy_1768.jpg,A,1768,False,False
dataset_complete/cacao_diseases/cacao_photos/healthy/healthy_1769.jpg,A,1769,False,True
dataset_complete/cacao_diseases/cacao_photos/healthy/healthy_177.jpg,A,177,False,True
dataset_complete/cacao_diseases/cacao_photos/healthy/healthy_1770.jpg,A,1770,False,False
dataset_complete/cacao_diseases/cacao_photos/healthy/healthy_1771.jpg,A,1771,False,False
dataset_complete/cacao_diseases/cacao_photos/healthy/healthy_1772.jpg,A,1772,False,False
dataset_complete/cacao_diseases/cacao_photos/healthy/healthy_1773.jpg,A,1773,False,False
dataset_complete/cacao_diseases/cacao_photos/healthy/healthy_1774.jpg,A,1774,False,True
dataset_complete/cacao_diseases/cacao_photos/healthy/healthy_1775.jpg,A,1775,False,True
dataset_complete/cacao_diseases/cacao_photos/healthy/healthy_1776.jpg,A,1776,False,False
dataset_complete/cacao_diseases/cacao_photos/healthy/healthy_1777.jpg,A,1777,False,True
dataset_complete/cacao_diseases/cacao_photos/healthy/healthy_1778.jpg,A,1778,False,True
dataset_complete/cacao_diseases/cacao_photos/healthy/healthy_1779.jpg,A,1779,False,True
dataset_complete/cacao_diseases/cacao_photos/healthy/healthy_178.jpg,A,178,False,False
dataset_complete/cacao_diseases/cacao_photos/healthy/healthy_1780.jpg,A,1780,False,False
dataset_complete/cacao_diseases/cacao_photos/healthy/healthy_1781.jpg,A,1781,False,False
dataset_complete/cacao_diseases/cacao_photos/healthy/healthy_1782.jpg,A,1782,False,True
dataset_complete/cacao_diseases/cacao_photos/healthy/healthy_1783.jpg,A,1783,False,False
dataset_complete/cacao_diseases/cacao_photos/healthy/healthy_1784.jpg,A,1784,False,True
dataset_complete/cacao_diseases/cacao_photos/healthy/healthy_1785.jpg,A,1785,False,True
dataset_complete/cacao_diseases/cacao_photos/healthy/healthy_1786.jpg,A,1786,False,False
dataset_complete/cacao_diseases/cacao_photos/healthy/healthy_1787.jpg,A,1787,False,True
dataset_complete/cacao_diseases/cacao_photos/healthy/healthy_1788.jpg,A,1788,False,True
dataset_complete/cacao_diseases/cacao_photos/healthy/healthy_1789.jpg,A,1789,True,True
dataset_complete/cacao_diseases/cacao_photos/healthy/healthy_179.jpg,A,179,False,False
dataset_complete/cacao_diseases/cacao_photos/healthy/healthy_1790.jpg,A,1790,False,True
dataset_complete/cacao_diseases/cacao_photos/healthy/healthy_1791.jpg,A,1791,False,True
dataset_complete/cacao_diseases/cacao_photos/healthy/healthy_1792.jpg,A,1792,False,True
dataset_complete/cacao_diseases/cacao_photos/healthy/healthy_1793.jpg,A,1793,False,True
dataset_complete/cacao_diseases/cacao_photos/healthy/healthy_1794.jpg,A,1794,False,True
dataset_complete/cacao_diseases/cacao_photos/healthy/healthy_1795.jpg,A,1795,False,False
dataset_complete/cacao_diseases/cacao_photos/healthy/healthy_1796.jpg,A,1796,False,True
dataset_complete/cacao_diseases/cacao_photos/healthy/healthy_1797.jpg,A,1797,False,True
dataset_complete/cacao_diseases/cacao_photos/healthy/healthy_1798.jpg,A,1798,False,True
dataset_complete/cacao_diseases/cacao_photos/healthy/healthy_1799.jpg,A,1799,False,True
dataset_complete/cacao_diseases/cacao_photos/healthy/healthy_180.jpg,A,180,False,True
dataset_complete/cacao_diseases/cacao_photos/healthy/healthy_1800.jpg,A,1800,False,True
dataset_complete/cacao_diseases/cacao_photos/healthy/healthy_1801.jpg,A,1801,False,False
dataset_complete/cacao_diseases/cacao_photos/healthy/healthy_1802.jpg,A,1802,False,True
dataset_complete/cacao_diseases/cacao_photos/healthy/healthy_1803.jpg,A,1803,False,False
dataset_complete/cacao_diseases/cacao_photos/healthy/healthy_1804.jpg,A,1804,False,False
dataset_complete/cacao_diseases/cacao_photos/healthy/healthy_1805.jpg,A,1805,False,True
dataset_complete/cacao_diseases/cacao_photos/healthy/healthy_1806.jpg,A,1806,False,True
dataset_complete/cacao_diseases/cacao_photos/healthy/healthy_1807.jpg,A,1807,False,False
dataset_complete/cacao_diseases/cacao_photos/healthy/healthy_1808.jpg,A,1808,False,True
dataset_complete/cacao_diseases/cacao_photos/healthy/healthy_1809.jpg,A,1809,True,True
dataset_complete/cacao_diseases/cacao_photos/healthy/healthy_181.jpg,A,181,False,False
dataset_complete/cacao_diseases/cacao_photos/healthy/healthy_1810.jpg,A,1810,False,True
dataset_complete/cacao_diseases/cacao_photos/healthy/healthy_1811.jpg,A,1811,False,True
dataset_complete/cacao_diseases/cacao_photos/healthy/healthy_1812.jpg,A,1812,False,True
dataset_complete/cacao_diseases/cacao_photos/healthy/healthy_1813.jpg,A,1813,False,True
dataset_complete/cacao_diseases/cacao_photos/healthy/healthy_1814.jpg,A,1814,False,True
dataset_complete/cacao_diseases/cacao_photos/healthy/healthy_1815.jpg,A,1815,False,False
dataset_complete/cacao_diseases/cacao_photos/healthy/healthy_1816.jpg,A,1816,False,True
dataset_complete/cacao_diseases/cacao_photos/healthy/healthy_1817.jpg,A,1817,False,True
dataset_complete/cacao_diseases/cacao_photos/healthy/healthy_1818.jpg,A,1818,True,True
dataset_complete/cacao_diseases/cacao_photos/healthy/healthy_1819.jpg,A,1819,False,False
dataset_complete/cacao_diseases/cacao_photos/healthy/healthy_182.jpg,A,182,False,False
dataset_complete/cacao_diseases/cacao_photos/healthy/healthy_1820.jpg,A,1820,False,True
dataset_complete/cacao_diseases/cacao_photos/healthy/healthy_1821.jpg,A,1821,False,True
dataset_complete/cacao_diseases/cacao_photos/healthy/healthy_1822.jpg,A,1822,False,True
dataset_complete/cacao_diseases/cacao_photos/healthy/healthy_1823.jpg,A,1823,False,False
dataset_complete/cacao_diseases/cacao_photos/healthy/healthy_1824.jpg,A,1824,False,True
dataset_complete/cacao_diseases/cacao_photos/healthy/healthy_1825.jpg,A,1825,False,True
dataset_complete/cacao_diseases/cacao_photos/healthy/healthy_1826.jpg,A,1826,False,True
dataset_complete/cacao_diseases/cacao_photos/healthy/healthy_1827.jpg,A,1827,False,True
dataset_complete/cacao_diseases/cacao_photos/healthy/healthy_1828.jpg,A,1828,False,True
dataset_complete/cacao_diseases/cacao_photos/healthy/healthy_1829.jpg,A,1829,False,True
dataset_complete/cacao_diseases/cacao_photos/healthy/healthy_183.jpg,A,183,False,False
dataset_complete/cacao_diseases/cacao_photos/healthy/healthy_1830.jpg,A,1830,False,True
dataset_complete/cacao_diseases/cacao_photos/healthy/healthy_1831.jpg,A,1831,False,False
dataset_complete/cacao_diseases/cacao_photos/healthy/healthy_1832.jpg,A,1832,False,True
dataset_complete/cacao_diseases/cacao_photos/healthy/healthy_1833.jpg,A,1833,False,True
dataset_complete/cacao_diseases/cacao_photos/healthy/healthy_1834.jpg,A,1834,False,True
dataset_complete/cacao_diseases/cacao_photos/healthy/healthy_1835.jpg,A,1835,False,True
dataset_complete/cacao_diseases/cacao_photos/healthy/healthy_1836.jpg,A,1836,False,False
dataset_complete/cacao_diseases/cacao_photos/healthy/healthy_1837.jpg,A,1837,True,False
dataset_complete/cacao_diseases/cacao_photos/healthy/healthy_1838.jpg,A,1838,False,False
dataset_complete/cacao_diseases/cacao_photos/healthy/healthy_1839.jpg,A,1839,False,True
dataset_complete/cacao_diseases/cacao_photos/healthy/healthy_184.jpg,A,184,False,False
dataset_complete/cacao_diseases/cacao_photos/healthy/healthy_1840.jpg,A,1840,False,True
dataset_complete/cacao_diseases/cacao_photos/healthy/healthy_1841.jpg,A,1841,False,False
dataset_complete/cacao_diseases/cacao_photos/healthy/healthy_1842.jpg,A,1842,False,False
dataset_complete/cacao_diseases/cacao_photos/healthy/healthy_1843.jpg,A,1843,False,True
dataset_complete/cacao_diseases/cacao_photos/healthy/healthy_1844.jpg,A,1844,False,True
dataset_complete/cacao_diseases/cacao_photos/healthy/healthy_1845.jpg,A,1845,False,True
dataset_complete/cacao_diseases/cacao_photos/healthy/healthy_1846.jpg,A,1846,False,False
dataset_complete/cacao_diseases/cacao_photos/healthy/healthy_1847.jpg,A,1847,False,False
dataset_complete/cacao_diseases/cacao_photos/healthy/healthy_1848.jpg,A,1848,False,False
dataset_complete/cacao_diseases/cacao_photos/healthy/healthy_1849.jpg,A,1849,False,False
dataset_complete/cacao_diseases/cacao_photos/healthy/healthy_185.jpg,A,185,False,False
dataset_complete/cacao_diseases/cacao_photos/healthy/healthy_1850.jpg,A,1850,False,True
dataset_complete/cacao_diseases/cacao_photos/healthy/healthy_1851.jpg,A,1851,False,False
dataset_complete/cacao_diseases/cacao_photos/healthy/healthy_1852.jpg,A,1852,False,False
dataset_complete/cacao_diseases/cacao_photos/healthy/healthy_1853.jpg,A,1853,False,False
dataset_complete/cacao_diseases/cacao_photos/healthy/healthy_1854.jpg,A,1854,False,True
dataset_complete/cacao_diseases/cacao_photos/healthy/healthy_1855.jpg,A,1855,False,False
dataset_complete/cacao_diseases/cacao_photos/healthy/healthy_1856.jpg,A,1856,False,True
dataset_complete/cacao_diseases/cacao_photos/healthy/healthy_1857.jpg,A,1857,False,False
dataset_complete/cacao_diseases/cacao_photos/healthy/healthy_1858.jpg,A,1858,False,False
dataset_complete/cacao_diseases/cacao_photos/healthy/healthy_1859.jpg,A,1859,False,False
dataset_complete/cacao_diseases/cacao_photos/healthy/healthy_186.jpg,A,186,False,False
dataset_complete/cacao_diseases/cacao_photos/healthy/healthy_1860.jpg,A,1860,False,True
dataset_complete/cacao_diseases/cacao_photos/healthy/healthy_1861.jpg,A,1861,False,True
dataset_complete/cacao_diseases/cacao_photos/healthy/healthy_1862.jpg,A,1862,False,False
dataset_complete/cacao_diseases/cacao_photos/healthy/healthy_1863.jpg,A,1863,False,True
dataset_complete/cacao_diseases/cacao_photos/healthy/healthy_1864.jpg,A,1864,False,True
dataset_complete/cacao_diseases/cacao_photos/healthy/healthy_1865.jpg,A,1865,False,False
dataset_complete/cacao_diseases/cacao_photos/healthy/healthy_1866.jpg,A,1866,False,True
dataset_complete/cacao_diseases/cacao_photos/healthy/healthy_1867.jpg,A,1867,False,False
dataset_complete/cacao_diseases/cacao_photos/healthy/healthy_1868.jpg,A,1868,False,True
dataset_complete/cacao_diseases/cacao_photos/healthy/healthy_1869.jpg,A,1869,False,True
dataset_complete/cacao_diseases/cacao_photos/healthy/healthy_187.jpg,A,187,False,False
dataset_complete/cacao_diseases/cacao_photos/healthy/healthy_1870.jpg,A,1870,False,False
dataset_complete/cacao_diseases/cacao_photos/healthy/healthy_1871.jpg,A,1871,False,False
dataset_complete/cacao_diseases/cacao_photos/healthy/healthy_1872.jpg,A,1872,False,False
dataset_complete/cacao_diseases/cacao_photos/healthy/healthy_1873.jpg,A,1873,False,True
dataset_complete/cacao_diseases/cacao_photos/healthy/healthy_1874.jpg,A,1874,False,False
dataset_complete/cacao_diseases/cacao_photos/healthy/healthy_1875.jpg,A,1875,False,False
dataset_complete/cacao_diseases/cacao_photos/healthy/healthy_1876.jpg,A,1876,False,True
dataset_complete/cacao_diseases/cacao_photos/healthy/healthy_1877.jpg,A,1877,False,True
dataset_complete/cacao_diseases/cacao_photos/healthy/healthy_1878.jpg,A,1878,False,False
dataset_complete/cacao_diseases/cacao_photos/healthy/healthy_1879.jpg,A,1879,False,False
dataset_complete/cacao_diseases/cacao_photos/healthy/healthy_188.jpg,A,188,False,False
dataset_complete/cacao_diseases/cacao_photos/healthy/healthy_1880.jpg,A,1880,False,False
dataset_complete/cacao_diseases/cacao_photos/healthy/healthy_1881.jpg,A,1881,False,False
dataset_complete/cacao_diseases/cacao_photos/healthy/healthy_1882.jpg,A,1882,False,False
dataset_complete/cacao_diseases/cacao_photos/healthy/healthy_1883.jpg,A,1883,False,False
dataset_complete/cacao_diseases/cacao_photos/healthy/healthy_1884.jpg,A,1884,False,False
dataset_complete/cacao_diseases/cacao_photos/healthy/healthy_1885.jpg,A,1885,False,True
dataset_complete/cacao_diseases/cacao_photos/healthy/healthy_1886.jpg,A,1886,False,False
dataset_complete/cacao_diseases/cacao_photos/healthy/healthy_1887.jpg,A,1887,False,True
dataset_complete/cacao_diseases/cacao_photos/healthy/healthy_1888.jpg,A,1888,False,True
dataset_complete/cacao_diseases/cacao_photos/healthy/healthy_1889.jpg,A,1889,False,False
dataset_complete/cacao_diseases/cacao_photos/healthy/healthy_189.jpg,A,189,False,True
dataset_complete/cacao_diseases/cacao_photos/healthy/healthy_1890.jpg,A,1890,False,False
dataset_complete/cacao_diseases/cacao_photos/healthy/healthy_1891.jpg,A,1891,False,False
dataset_complete/cacao_diseases/cacao_photos/healthy/healthy_1892.jpg,A,1892,False,False
dataset_complete/cacao_diseases/cacao_photos/healthy/healthy_1893.jpg,A,1893,False,False
dataset_complete/cacao_diseases/cacao_photos/healthy/healthy_1894.jpg,A,1894,False,False
dataset_complete/cacao_diseases/cacao_photos/healthy/healthy_1895.jpg,A,1895,False,False
dataset_complete/cacao_diseases/cacao_photos/healthy/healthy_1896.jpg,A,1896,False,False
dataset_complete/cacao_diseases/cacao_photos/healthy/healthy_1897.jpg,A,1897,False,False
dataset_complete/cacao_diseases/cacao_photos/healthy/healthy_1898.jpg,A,1898,False,False
dataset_complete/cacao_diseases/cacao_photos/healthy/healthy_1899.jpg,A,1899,False,False
dataset_complete/cacao_diseases/cacao_photos/healthy/healthy_190.jpg,A,190,False,True
dataset_complete/cacao_diseases/cacao_photos/healthy/healthy_1900.jpg,A,1900,False,True
dataset_complete/cacao_diseases/cacao_photos/healthy/healthy_1901.jpg,A,1901,False,False
dataset_complete/cacao_diseases/cacao_photos/healthy/healthy_1902.jpg,A,1902,False,True
dataset_complete/cacao_diseases/cacao_photos/healthy/healthy_1903.jpg,A,1903,False,False
dataset_complete/cacao_diseases/cacao_photos/healthy/healthy_1904.jpg,A,1904,False,False
dataset_complete/cacao_diseases/cacao_photos/healthy/healthy_1905.jpg,A,1905,False,False
dataset_complete/cacao_diseases/cacao_photos/healthy/healthy_1906.jpg,A,1906,False,False
dataset_complete/cacao_diseases/cacao_photos/healthy/healthy_1907.jpg,A,1907,False,False
dataset_complete/cacao_diseases/cacao_photos/healthy/healthy_1908.jpg,A,1908,False,False
dataset_complete/cacao_diseases/cacao_photos/healthy/healthy_1909.jpg,A,1909,False,False
dataset_complete/cacao_diseases/cacao_photos/healthy/healthy_191.jpg,A,191,False,True
dataset_complete/cacao_diseases/cacao_photos/healthy/healthy_1910.jpg,A,1910,False,False
dataset_complete/cacao_diseases/cacao_photos/healthy/healthy_1911.jpg,A,1911,False,False
dataset_complete/cacao_diseases/cacao_photos/healthy/healthy_1912.jpg,A,1912,False,False
dataset_complete/cacao_diseases/cacao_photos/healthy/healthy_1913.jpg,A,1913,False,False
dataset_complete/cacao_diseases/cacao_photos/healthy/healthy_1914.jpg,A,1914,False,False
dataset_complete/cacao_diseases/cacao_photos/healthy/healthy_1915.jpg,A,1915,False,False
dataset_complete/cacao_diseases/cacao_photos/healthy/healthy_1916.jpg,A,1916,False,False
dataset_complete/cacao_diseases/cacao_photos/healthy/healthy_1917.jpg,A,1917,True,False
dataset_complete/cacao_diseases/cacao_photos/healthy/healthy_1918.jpg,A,1918,False,False
dataset_complete/cacao_diseases/cacao_photos/healthy/healthy_1919.jpg,A,1919,False,True
dataset_complete/cacao_diseases/cacao_photos/healthy/healthy_192.jpg,A,192,False,True
dataset_complete/cacao_diseases/cacao_photos/healthy/healthy_1920.jpg,A,1920,False,False
dataset_complete/cacao_diseases/cacao_photos/healthy/healthy_1921.jpg,A,1921,False,True
dataset_complete/cacao_diseases/cacao_photos/healthy/healthy_1922.jpg,A,1922,False,True
dataset_complete/cacao_diseases/cacao_photos/healthy/healthy_1923.jpg,A,1923,False,False
dataset_complete/cacao_diseases/cacao_photos/healthy/healthy_1924.jpg,A,1924,False,True
dataset_complete/cacao_diseases/cacao_photos/healthy/healthy_1925.jpg,A,1925,False,True
dataset_complete/cacao_diseases/cacao_photos/healthy/healthy_1926.jpg,A,1926,False,True
dataset_complete/cacao_diseases/cacao_photos/healthy/healthy_1927.jpg,A,1927,False,True
dataset_complete/cacao_diseases/cacao_photos/healthy/healthy_1928.jpg,A,1928,False,False
dataset_complete/cacao_diseases/cacao_photos/healthy/healthy_1929.jpg,A,1929,False,False
dataset_complete/cacao_diseases/cacao_photos/healthy/healthy_193.jpg,A,193,False,True
dataset_complete/cacao_diseases/cacao_photos/healthy/healthy_1930.jpg,A,1930,False,False
dataset_complete/cacao_diseases/cacao_photos/healthy/healthy_1931.jpg,A,1931,False,False
dataset_complete/cacao_diseases/cacao_photos/healthy/healthy_1932.jpg,A,1932,False,False
dataset_complete/cacao_diseases/cacao_photos/healthy/healthy_1933.jpg,A,1933,False,False
dataset_complete/cacao_diseases/cacao_photos/healthy/healthy_1934.jpg,A,1934,False,False
dataset_complete/cacao_diseases/cacao_photos/healthy/healthy_1935.jpg,A,1935,False,False
dataset_complete/cacao_diseases/cacao_photos/healthy/healthy_1936.jpg,A,1936,False,False
dataset_complete/cacao_diseases/cacao_photos/healthy/healthy_1937.jpg,A,1937,False,True
dataset_complete/cacao_diseases/cacao_photos/healthy/healthy_1938.jpg,A,1938,False,False
dataset_complete/cacao_diseases/cacao_photos/healthy/healthy_1939.jpg,A,1939,False,False
dataset_complete/cacao_diseases/cacao_photos/healthy/healthy_194.jpg,A,194,False,False
dataset_complete/cacao_diseases/cacao_photos/healthy/healthy_1940.jpg,A,1940,False,False
dataset_complete/cacao_diseases/cacao_photos/healthy/healthy_1941.jpg,A,1941,False,False
dataset_complete/cacao_diseases/cacao_photos/healthy/healthy_1942.jpg,A,1942,False,False
dataset_complete/cacao_diseases/cacao_photos/healthy/healthy_1943.jpg,A,1943,False,False
dataset_complete/cacao_diseases/cacao_photos/healthy/healthy_1944.jpg,A,1944,False,False
dataset_complete/cacao_diseases/cacao_photos/healthy/healthy_1945.jpg,A,1945,False,False
dataset_complete/cacao_diseases/cacao_photos/healthy/healthy_1946.jpg,A,1946,False,False
dataset_complete/cacao_diseases/cacao_photos/healthy/healthy_1947.jpg,A,1947,False,False
dataset_complete/cacao_diseases/cacao_photos/healthy/healthy_1948.jpg,A,1948,False,False
dataset_complete/cacao_diseases/cacao_photos/healthy/healthy_1949.jpg,A,1949,False,False
dataset_complete/cacao_diseases/cacao_photos/healthy/healthy_195.jpg,A,195,False,False
dataset_complete/cacao_diseases/cacao_photos/healthy/healthy_1950.jpg,A,1950,False,False
dataset_complete/cacao_diseases/cacao_photos/healthy/healthy_1951.jpg,A,1951,False,False
dataset_complete/cacao_diseases/cacao_photos/healthy/healthy_1952.jpg,A,1952,False,False
dataset_complete/cacao_diseases/cacao_photos/healthy/healthy_1953.jpg,A,1953,False,False
dataset_complete/cacao_diseases/cacao_photos/healthy/healthy_1954.jpg,A,1954,False,False
dataset_complete/cacao_diseases/cacao_photos/healthy/healthy_1955.jpg,A,1955,False,True
dataset_complete/cacao_diseases/cacao_photos/healthy/healthy_1956.jpg,A,1956,False,False
dataset_complete/cacao_diseases/cacao_photos/healthy/healthy_1957.jpg,A,1957,False,False
dataset_complete/cacao_diseases/cacao_photos/healthy/healthy_1958.jpg,A,1958,False,False
dataset_complete/cacao_diseases/cacao_photos/healthy/healthy_1959.jpg,A,1959,False,False
dataset_complete/cacao_diseases/cacao_photos/healthy/healthy_196.jpg,A,196,True,False
dataset_complete/cacao_diseases/cacao_photos/healthy/healthy_1960.jpg,A,1960,False,True
dataset_complete/cacao_diseases/cacao_photos/healthy/healthy_1961.jpg,A,1961,False,False
dataset_complete/cacao_diseases/cacao_photos/healthy/healthy_1962.jpg,A,1962,False,True
dataset_complete/cacao_diseases/cacao_photos/healthy/healthy_1963.jpg,A,1963,False,False
dataset_complete/cacao_diseases/cacao_photos/healthy/healthy_1964.jpg,A,1964,False,False
dataset_complete/cacao_diseases/cacao_photos/healthy/healthy_1965.jpg,A,1965,False,False
dataset_complete/cacao_diseases/cacao_photos/healthy/healthy_1966.jpg,A,1966,False,True
dataset_complete/cacao_diseases/cacao_photos/healthy/healthy_1967.jpg,A,1967,False,False
dataset_complete/cacao_diseases/cacao_photos/healthy/healthy_1968.jpg,A,1968,False,False
dataset_complete/cacao_diseases/cacao_photos/healthy/healthy_1969.jpg,A,1969,False,True
dataset_complete/cacao_diseases/cacao_photos/healthy/healthy_1970.jpg,A,1970,False,False
dataset_complete/cacao_diseases/cacao_photos/healthy/healthy_1971.jpg,A,1971,False,False
dataset_complete/cacao_diseases/cacao_photos/healthy/healthy_1972.jpg,A,1972,False,False
dataset_complete/cacao_diseases/cacao_photos/healthy/healthy_1973.jpg,A,1973,False,False
dataset_complete/cacao_diseases/cacao_photos/healthy/healthy_1974.jpg,A,1974,False,False
dataset_complete/cacao_diseases/cacao_photos/healthy/healthy_1975.jpg,A,1975,False,False
dataset_complete/cacao_diseases/cacao_photos/healthy/healthy_1976.jpg,A,1976,False,False
dataset_complete/cacao_diseases/cacao_photos/healthy/healthy_1977.jpg,A,1977,False,False
dataset_complete/cacao_diseases/cacao_photos/healthy/healthy_1978.jpg,A,1978,False,False
dataset_complete/cacao_diseases/cacao_photos/healthy/healthy_1979.jpg,A,1979,False,False
dataset_complete/cacao_diseases/cacao_photos/healthy/healthy_1980.jpg,A,1980,False,False
dataset_complete/cacao_diseases/cacao_photos/healthy/healthy_1981.jpg,A,1981,False,True
dataset_complete/cacao_diseases/cacao_photos/healthy/healthy_1982.jpg,A,1982,False,False
dataset_complete/cacao_diseases/cacao_photos/healthy/healthy_1983.jpg,A,1983,False,False
dataset_complete/cacao_diseases/cacao_photos/healthy/healthy_1984.jpg,A,1984,False,False
dataset_complete/cacao_diseases/cacao_photos/healthy/healthy_1985.jpg,A,1985,False,False
dataset_complete/cacao_diseases/cacao_photos/healthy/healthy_1986.jpg,A,1986,False,False
dataset_complete/cacao_diseases/cacao_photos/healthy/healthy_1987.jpg,A,1987,False,False
dataset_complete/cacao_diseases/cacao_photos/healthy/healthy_1988.jpg,A,1988,False,False
dataset_complete/cacao_diseases/cacao_photos/healthy/healthy_1989.jpg,A,1989,False,False
dataset_complete/cacao_diseases/cacao_photos/healthy/healthy_1990.jpg,A,1990,False,False
dataset_complete/cacao_diseases/cacao_photos/healthy/healthy_1991.jpg,A,1991,False,False
dataset_complete/cacao_diseases/cacao_photos/healthy/healthy_1992.jpg,A,1992,False,False
dataset_complete/cacao_diseases/cacao_photos/healthy/healthy_1993.jpg,A,1993,False,False
dataset_complete/cacao_diseases/cacao_photos/healthy/healthy_1994.jpg,A,1994,False,False
dataset_complete/cacao_diseases/cacao_photos/healthy/healthy_1995.jpg,A,1995,False,False
dataset_complete/cacao_diseases/cacao_photos/healthy/healthy_1996.jpg,A,1996,False,False
dataset_complete/cacao_diseases/cacao_photos/healthy/healthy_1997.jpg,A,1997,False,False
dataset_complete/cacao_diseases/cacao_photos/healthy/healthy_1998.jpg,A,1998,False,False
dataset_complete/cacao_diseases/cacao_photos/healthy/healthy_1999.jpg,A,1999,True,False
dataset_complete/cacao_diseases/cacao_photos/healthy/healthy_2000.jpg,A,2000,False,False
dataset_complete/cacao_diseases/cacao_photos/healthy/healthy_2001.jpg,A,2001,False,False
dataset_complete/cacao_diseases/cacao_photos/healthy/healthy_2002.jpg,A,2002,False,False
dataset_complete/cacao_diseases/cacao_photos/healthy/healthy_2003.jpg,A,2003,False,False
dataset_complete/cacao_diseases/cacao_photos/healthy/healthy_2004.jpg,A,2004,False,False
dataset_complete/cacao_diseases/cacao_photos/healthy/healthy_2005.jpg,A,2005,False,False
dataset_complete/cacao_diseases/cacao_photos/healthy/healthy_2006.jpg,A,2006,False,True
dataset_complete/cacao_diseases/cacao_photos/healthy/healthy_2007.jpg,A,2007,False,False
dataset_complete/cacao_diseases/cacao_photos/healthy/healthy_2008.jpg,A,2008,False,False
dataset_complete/cacao_diseases/cacao_photos/healthy/healthy_2009.jpg,A,2009,True,False
dataset_complete/cacao_diseases/cacao_photos/healthy/healthy_2010.jpg,A,2010,True,True
dataset_complete/cacao_diseases/cacao_photos/healthy/healthy_2011.jpg,A,2011,False,True
dataset_complete/cacao_diseases/cacao_photos/healthy/healthy_2012.jpg,A,2012,False,True
dataset_complete/cacao_diseases/cacao_photos/healthy/healthy_2013.jpg,A,2013,False,False
dataset_complete/cacao_diseases/cacao_photos/healthy/healthy_2014.jpg,A,2014,False,True
dataset_complete/cacao_diseases/cacao_photos/healthy/healthy_2015.jpg,A,2015,False,False
dataset_complete/cacao_diseases/cacao_photos/healthy/healthy_2016.jpg,A,2016,False,False
dataset_complete/cacao_diseases/cacao_photos/healthy/healthy_2017.jpg,A,2017,False,True
dataset_complete/cacao_diseases/cacao_photos/healthy/healthy_2018.jpg,A,2018,False,False
dataset_complete/cacao_diseases/cacao_photos/healthy/healthy_2019.jpg,A,2019,False,True
dataset_complete/cacao_diseases/cacao_photos/healthy/healthy_2020.jpg,A,2020,False,False
dataset_complete/cacao_diseases/cacao_photos/healthy/healthy_2021.jpg,A,2021,False,False
dataset_complete/cacao_diseases/cacao_photos/healthy/healthy_2022.jpg,A,2022,False,False
dataset_complete/cacao_diseases/cacao_photos/healthy/healthy_2023.jpg,A,2023,False,False
dataset_complete/cacao_diseases/cacao_photos/healthy/healthy_2024.jpg,A,2024,False,False
dataset_complete/cacao_diseases/cacao_photos/healthy/healthy_2025.jpg,A,2025,True,False
dataset_complete/cacao_diseases/cacao_photos/healthy/healthy_2026.jpg,A,2026,False,False
dataset_complete/cacao_diseases/cacao_photos/healthy/healthy_2027.jpg,A,2027,False,False
dataset_complete/cacao_diseases/cacao_photos/healthy/healthy_2028.jpg,A,2028,False,False
dataset_complete/cacao_diseases/cacao_photos/healthy/healthy_2029.jpg,A,2029,False,False
dataset_complete/cacao_diseases/cacao_photos/healthy/healthy_2030.jpg,A,2030,False,True
dataset_complete/cacao_diseases/cacao_photos/healthy/healthy_2031.jpg,A,2031,False,False
dataset_complete/cacao_diseases/cacao_photos/healthy/healthy_2032.jpg,A,2032,False,True
dataset_complete/cacao_diseases/cacao_photos/healthy/healthy_2033.jpg,A,2033,False,False
dataset_complete/cacao_diseases/cacao_photos/healthy/healthy_2034.jpg,A,2034,False,False
dataset_complete/cacao_diseases/cacao_photos/healthy/healthy_2035.jpg,A,2035,False,False
dataset_complete/cacao_diseases/cacao_photos/healthy/healthy_2036.jpg,A,2036,False,True
dataset_complete/cacao_diseases/cacao_photos/healthy/healthy_2037.jpg,A,2037,False,True
dataset_complete/cacao_diseases/cacao_photos/healthy/healthy_2038.jpg,A,2038,False,False
dataset_complete/cacao_diseases/cacao_photos/healthy/healthy_2039.jpg,A,2039,False,False
dataset_complete/cacao_diseases/cacao_photos/healthy/healthy_2040.jpg,A,2040,False,False
dataset_complete/cacao_diseases/cacao_photos/healthy/healthy_2041.jpg,A,2041,False,False
dataset_complete/cacao_diseases/cacao_photos/healthy/healthy_2042.jpg,A,2042,False,True
dataset_complete/cacao_diseases/cacao_photos/healthy/healthy_2043.jpg,A,2043,False,False
dataset_complete/cacao_diseases/cacao_photos/healthy/healthy_2044.jpg,A,2044,False,False
dataset_complete/cacao_diseases/cacao_photos/healthy/healthy_2045.jpg,A,2045,False,False
dataset_complete/cacao_diseases/cacao_photos/healthy/healthy_2046.jpg,A,2046,False,False
dataset_complete/cacao_diseases/cacao_photos/healthy/healthy_2047.jpg,A,2047,False,False
dataset_complete/cacao_diseases/cacao_photos/healthy/healthy_2048.jpg,A,2048,False,True
dataset_complete/cacao_diseases/cacao_photos/healthy/healthy_2049.jpg,A,2049,False,False
dataset_complete/cacao_diseases/cacao_photos/healthy/healthy_2050.jpg,A,2050,False,True
dataset_complete/cacao_diseases/cacao_photos/healthy/healthy_2051.jpg,A,2051,True,True
dataset_complete/cacao_diseases/cacao_photos/healthy/healthy_2159.jpg,A,2159,True,True
dataset_complete/cacao_diseases/cacao_photos/healthy/healthy_2160.jpg,A,2160,True,True
dataset_complete/cacao_diseases/cacao_photos/healthy/healthy_2161.jpg,A,2161,True,True
dataset_complete/cacao_diseases/cacao_photos/healthy/healthy_2162.jpg,A,2162,False,True
dataset_complete/cacao_diseases/cacao_photos/healthy/healthy_2163.jpg,A,2163,False,True
dataset_complete/cacao_diseases/cacao_photos/healthy/healthy_2164.jpg,A,2164,False,False
dataset_complete/cacao_diseases/cacao_photos/healthy/healthy_2165.jpg,A,2165,False,True
dataset_complete/cacao_diseases/cacao_photos/healthy/healthy_2166.jpg,A,2166,False,False
dataset_complete/cacao_diseases/cacao_photos/healthy/healthy_2167.jpg,A,2167,False,True
dataset_complete/cacao_diseases/cacao_photos/healthy/healthy_2168.jpg,A,2168,False,False
dataset_complete/cacao_diseases/cacao_photos/healthy/healthy_2169.jpg,A,2169,False,False
dataset_complete/cacao_diseases/cacao_photos/healthy/healthy_2170.jpg,A,2170,False,False
dataset_complete/cacao_diseases/cacao_photos/healthy/healthy_2171.jpg,A,2171,False,False
dataset_complete/cacao_diseases/cacao_photos/healthy/healthy_2172.jpg,A,2172,False,True
dataset_complete/cacao_diseases/cacao_photos/healthy/healthy_2173.jpg,A,2173,False,False
dataset_complete/cacao_diseases/cacao_photos/healthy/healthy_2174.jpg,A,2174,False,True
dataset_complete/cacao_diseases/cacao_photos/healthy/healthy_2175.jpg,A,2175,False,True
dataset_complete/cacao_diseases/cacao_photos/healthy/healthy_2176.jpg,A,2176,False,True
dataset_complete/cacao_diseases/cacao_photos/healthy/healthy_2177.jpg,A,2177,False,False
dataset_complete/cacao_diseases/cacao_photos/healthy/healthy_2178.jpg,A,2178,False,True
dataset_complete/cacao_diseases/cacao_photos/healthy/healthy_2179.jpg,A,2179,False,False
dataset_complete/cacao_diseases/cacao_photos/healthy/healthy_2180.jpg,A,2180,False,False
dataset_complete/cacao_diseases/cacao_photos/healthy/healthy_2181.jpg,A,2181,False,False
dataset_complete/cacao_diseases/cacao_photos/healthy/healthy_2182.jpg,A,2182,False,False
dataset_complete/cacao_diseases/cacao_photos/healthy/healthy_2183.jpg,A,2183,False,False
dataset_complete/cacao_diseases/cacao_photos/healthy/healthy_2184.jpg,A,2184,False,True
dataset_complete/cacao_diseases/cacao_photos/healthy/healthy_2185.jpg,A,2185,False,False
dataset_complete/cacao_diseases/cacao_photos/healthy/healthy_2186.jpg,A,2186,False,False
dataset_complete/cacao_diseases/cacao_photos/healthy/healthy_2187.jpg,A,2187,False,False
dataset_complete/cacao_diseases/cacao_photos/healthy/healthy_2188.jpg,A,2188,False,False
dataset_complete/cacao_diseases/cacao_photos/healthy/healthy_2189.jpg,A,2189,False,False
dataset_complete/cacao_diseases/cacao_photos/healthy/healthy_2190.jpg,A,2190,False,False
dataset_complete/cacao_diseases/cacao_photos/healthy/healthy_2191.jpg,A,2191,False,False
dataset_complete/cacao_diseases/cacao_photos/healthy/healthy_2192.jpg,A,2192,False,True
dataset_complete/cacao_diseases/cacao_photos/healthy/healthy_2193.jpg,A,2193,False,False
dataset_complete/cacao_diseases/cacao_photos/healthy/healthy_2194.jpg,A,2194,False,False
dataset_complete/cacao_diseases/cacao_photos/healthy/healthy_2195.jpg,A,2195,False,False
dataset_complete/cacao_diseases/cacao_photos/healthy/healthy_2196.jpg,A,2196,False,False
dataset_complete/cacao_diseases/cacao_photos/healthy/healthy_2197.jpg,A,2197,False,False
dataset_complete/cacao_diseases/cacao_photos/healthy/healthy_2198.jpg,A,2198,False,False
dataset_complete/cacao_diseases/cacao_photos/healthy/healthy_2199.jpg,A,2199,False,False
dataset_complete/cacao_diseases/cacao_photos/healthy/healthy_2200.jpg,A,2200,False,True
dataset_complete/cacao_diseases/cacao_photos/healthy/healthy_2201.jpg,A,2201,False,False
dataset_complete/cacao_diseases/cacao_photos/healthy/healthy_2202.jpg,A,2202,False,False
dataset_complete/cacao_diseases/cacao_photos/healthy/healthy_2203.jpg,A,2203,False,False
dataset_complete/cacao_diseases/cacao_photos/healthy/healthy_2204.jpg,A,2204,False,False
dataset_complete/cacao_diseases/cacao_photos/healthy/healthy_2205.jpg,A,2205,False,False
dataset_complete/cacao_diseases/cacao_photos/healthy/healthy_2206.jpg,A,2206,False,False
dataset_complete/cacao_diseases/cacao_photos/healthy/healthy_2207.jpg,A,2207,False,False
dataset_complete/cacao_diseases/cacao_photos/healthy/healthy_2208.jpg,A,2208,False,False
dataset_complete/cacao_diseases/cacao_photos/healthy/healthy_2209.jpg,A,2209,False,False
dataset_complete/cacao_diseases/cacao_photos/healthy/healthy_2210.jpg,A,2210,False,False
dataset_complete/cacao_diseases/cacao_photos/healthy/healthy_2211.jpg,A,2211,False,False
dataset_complete/cacao_diseases/cacao_photos/healthy/healthy_2212.jpg,A,2212,False,False
dataset_complete/cacao_diseases/cacao_photos/healthy/healthy_2213.jpg,A,2213,False,False
dataset_complete/cacao_diseases/cacao_photos/healthy/healthy_2214.jpg,A,2214,False,False
dataset_complete/cacao_diseases/cacao_photos/healthy/healthy_2215.jpg,A,2215,False,False
dataset_complete/cacao_diseases/cacao_photos/healthy/healthy_2216.jpg,A,2216,False,False
dataset_complete/cacao_diseases/cacao_photos/healthy/healthy_2217.jpg,A,2217,False,False
dataset_complete/cacao_diseases/cacao_photos/healthy/healthy_2218.jpg,A,2218,False,False
dataset_complete/cacao_diseases/cacao_photos/healthy/healthy_2219.jpg,A,2219,False,True
dataset_complete/cacao_diseases/cacao_photos/healthy/healthy_2220.jpg,A,2220,False,False
dataset_complete/cacao_diseases/cacao_photos/healthy/healthy_2221.jpg,A,2221,False,False
dataset_complete/cacao_diseases/cacao_photos/healthy/healthy_2222.jpg,A,2222,False,False
dataset_complete/cacao_diseases/cacao_photos/healthy/healthy_2223.jpg,A,2223,False,True
dataset_complete/cacao_diseases/cacao_photos/healthy/healthy_2224.jpg,A,2224,False,True
dataset_complete/cacao_diseases/cacao_photos/healthy/healthy_2225.jpg,A,2225,False,True
dataset_complete/cacao_diseases/cacao_photos/healthy/healthy_2226.jpg,A,2226,False,False
dataset_complete/cacao_diseases/cacao_photos/healthy/healthy_2227.jpg,A,2227,False,False
dataset_complete/cacao_diseases/cacao_photos/healthy/healthy_2228.jpg,A,2228,False,True
dataset_complete/cacao_diseases/cacao_photos/healthy/healthy_2229.jpg,A,2229,False,False
dataset_complete/cacao_diseases/cacao_photos/healthy/healthy_2230.jpg,A,2230,False,False
dataset_complete/cacao_diseases/cacao_photos/healthy/healthy_2231.jpg,A,2231,False,False
dataset_complete/cacao_diseases/cacao_photos/healthy/healthy_2232.jpg,A,2232,False,False
dataset_complete/cacao_diseases/cacao_photos/healthy/healthy_2233.jpg,A,2233,False,False
dataset_complete/cacao_diseases/cacao_photos/healthy/healthy_2234.jpg,A,2234,False,False
dataset_complete/cacao_diseases/cacao_photos/healthy/healthy_2235.jpg,A,2235,False,False
dataset_complete/cacao_diseases/cacao_photos/healthy/healthy_2236.jpg,A,2236,False,False
dataset_complete/cacao_diseases/cacao_photos/healthy/healthy_2237.jpg,A,2237,False,True
dataset_complete/cacao_diseases/cacao_photos/healthy/healthy_2238.jpg,A,2238,False,False
dataset_complete/cacao_diseases/cacao_photos/healthy/healthy_2239.jpg,A,2239,False,True
dataset_complete/cacao_diseases/cacao_photos/healthy/healthy_2240.jpg,A,2240,False,False
dataset_complete/cacao_diseases/cacao_photos/healthy/healthy_2241.jpg,A,2241,False,False
dataset_complete/cacao_diseases/cacao_photos/healthy/healthy_2242.jpg,A,2242,False,False
dataset_complete/cacao_diseases/cacao_photos/healthy/healthy_2243.jpg,A,2243,False,False
dataset_complete/cacao_diseases/cacao_photos/healthy/healthy_2244.jpg,A,2244,False,False
dataset_complete/cacao_diseases/cacao_photos/healthy/healthy_2245.jpg,A,2245,False,False
dataset_complete/cacao_diseases/cacao_photos/healthy/healthy_2246.jpg,A,2246,False,False
dataset_complete/cacao_diseases/cacao_photos/healthy/healthy_2247.jpg,A,2247,True,True
dataset_complete/cacao_diseases/cacao_photos/healthy/healthy_2248.jpg,A,2248,False,True
dataset_complete/cacao_diseases/cacao_photos/healthy/healthy_2249.jpg,A,2249,False,False
dataset_complete/cacao_diseases/cacao_photos/healthy/healthy_2250.jpg,A,2250,False,True
dataset_complete/cacao_diseases/cacao_photos/healthy/healthy_2251.jpg,A,2251,False,False
dataset_complete/cacao_diseases/cacao_photos/healthy/healthy_2252.jpg,A,2252,False,False
dataset_complete/cacao_diseases/cacao_photos/healthy/healthy_2253.jpg,A,2253,False,True
dataset_complete/cacao_diseases/cacao_photos/healthy/healthy_2254.jpg,A,2254,False,False
dataset_complete/cacao_diseases/cacao_photos/healthy/healthy_2255.jpg,A,2255,False,False
dataset_complete/cacao_diseases/cacao_photos/healthy/healthy_2256.jpg,A,2256,False,True
dataset_complete/cacao_diseases/cacao_photos/healthy/healthy_2257.jpg,A,2257,False,True
dataset_complete/cacao_diseases/cacao_photos/healthy/healthy_2258.jpg,A,2258,False,True
dataset_complete/cacao_diseases/cacao_photos/healthy/healthy_2259.jpg,A,2259,False,False
dataset_complete/cacao_diseases/cacao_photos/healthy/healthy_2260.jpg,A,2260,False,True
dataset_complete/cacao_diseases/cacao_photos/healthy/healthy_2261.jpg,A,2261,False,True
dataset_complete/cacao_diseases/cacao_photos/healthy/healthy_2262.jpg,A,2262,True,True
dataset_complete/cacao_diseases/cacao_photos/healthy/healthy_2263.jpg,A,2263,False,True
dataset_complete/cacao_diseases/cacao_photos/healthy/healthy_2264.jpg,A,2264,False,True
dataset_complete/cacao_diseases/cacao_photos/healthy/healthy_2265.jpg,A,2265,False,True
dataset_complete/cacao_diseases/cacao_photos/healthy/healthy_2266.jpg,A,2266,False,False
dataset_complete/cacao_diseases/cacao_photos/healthy/healthy_2267.jpg,A,2267,False,True
dataset_complete/cacao_diseases/cacao_photos/healthy/healthy_2268.jpg,A,2268,False,False
dataset_complete/cacao_diseases/cacao_photos/healthy/healthy_2269.jpg,A,2269,False,False
dataset_complete/cacao_diseases/cacao_photos/healthy/healthy_2270.jpg,A,2270,False,False
dataset_complete/cacao_diseases/cacao_photos/healthy/healthy_2271.jpg,A,2271,False,True
dataset_complete/cacao_diseases/cacao_photos/healthy/healthy_2272.jpg,A,2272,False,False
dataset_complete/cacao_diseases/cacao_photos/healthy/healthy_2273.jpg,A,2273,False,False
dataset_complete/cacao_diseases/cacao_photos/healthy/healthy_2274.jpg,A,2274,False,True
dataset_complete/cacao_diseases/cacao_photos/healthy/healthy_2275.jpg,A,2275,False,True
dataset_complete/cacao_diseases/cacao_photos/healthy/healthy_2276.jpg,A,2276,False,True
dataset_complete/cacao_diseases/cacao_photos/healthy/healthy_2277.jpg,A,2277,False,False
dataset_complete/cacao_diseases/cacao_photos/healthy/healthy_2278.jpg,A,2278,True,True
dataset_complete/cacao_diseases/cacao_photos/healthy/healthy_2291.jpg,A,2291,True,True
dataset_complete/cacao_diseases/cacao_photos/healthy/healthy_2292.jpg,A,2292,True,True
dataset_complete/cacao_diseases/cacao_photos/healthy/healthy_2293.jpg,A,2293,True,False
dataset_complete/cacao_diseases/cacao_photos/healthy/healthy_2294.jpg,A,2294,False,True
dataset_complete/cacao_diseases/cacao_photos/healthy/healthy_2295.jpg,A,2295,False,True
dataset_complete/cacao_diseases/cacao_photos/healthy/healthy_2296.jpg,A,2296,False,True
dataset_complete/cacao_diseases/cacao_photos/healthy/healthy_2297.jpg,A,2297,False,True
dataset_complete/cacao_diseases/cacao_photos/healthy/healthy_2298.jpg,A,2298,False,False
dataset_complete/cacao_diseases/cacao_photos/healthy/healthy_2299.jpg,A,2299,False,False
dataset_complete/cacao_diseases/cacao_photos/healthy/healthy_2300.jpg,A,2300,False,False
dataset_complete/cacao_diseases/cacao_photos/healthy/healthy_2301.jpg,A,2301,False,True
dataset_complete/cacao_diseases/cacao_photos/healthy/healthy_2302.jpg,A,2302,False,True
dataset_complete/cacao_diseases/cacao_photos/healthy/healthy_2303.jpg,A,2303,False,True
dataset_complete/cacao_diseases/cacao_photos/healthy/healthy_2304.jpg,A,2304,False,True
dataset_complete/cacao_diseases/cacao_photos/healthy/healthy_2305.jpg,A,2305,False,True
dataset_complete/cacao_diseases/cacao_photos/healthy/healthy_2306.jpg,A,2306,False,False
dataset_complete/cacao_diseases/cacao_photos/healthy/healthy_2307.jpg,A,2307,False,True
dataset_complete/cacao_diseases/cacao_photos/healthy/healthy_2308.jpg,A,2308,False,True
dataset_complete/cacao_diseases/cacao_photos/healthy/healthy_2309.jpg,A,2309,False,True
dataset_complete/cacao_diseases/cacao_photos/healthy/healthy_2310.jpg,A,2310,False,True
dataset_complete/cacao_diseases/cacao_photos/healthy/healthy_2311.jpg,A,2311,False,False
dataset_complete/cacao_diseases/cacao_photos/healthy/healthy_2312.jpg,A,2312,False,True
dataset_complete/cacao_diseases/cacao_photos/healthy/healthy_2313.jpg,A,2313,False,True
dataset_complete/cacao_diseases/cacao_photos/healthy/healthy_2314.jpg,A,2314,False,False
dataset_complete/cacao_diseases/cacao_photos/healthy/healthy_2315.jpg,A,2315,False,False
dataset_complete/cacao_diseases/cacao_photos/healthy/healthy_2316.jpg,A,2316,False,False
dataset_complete/cacao_diseases/cacao_photos/healthy/healthy_2317.jpg,A,2317,False,False
dataset_complete/cacao_diseases/cacao_photos/healthy/healthy_2318.jpg,A,2318,False,False
dataset_complete/cacao_diseases/cacao_photos/healthy/healthy_2319.jpg,A,2319,False,True
dataset_complete/cacao_diseases/cacao_photos/healthy/healthy_2320.jpg,A,2320,False,False
dataset_complete/cacao_diseases/cacao_photos/healthy/healthy_2321.jpg,A,2321,False,False
dataset_complete/cacao_diseases/cacao_photos/healthy/healthy_2322.jpg,A,2322,False,True
dataset_complete/cacao_diseases/cacao_photos/healthy/healthy_2323.jpg,A,2323,False,False
dataset_complete/cacao_diseases/cacao_photos/healthy/healthy_2324.jpg,A,2324,False,True
dataset_complete/cacao_diseases/cacao_photos/healthy/healthy_2325.jpg,A,2325,False,False
dataset_complete/cacao_diseases/cacao_photos/healthy/healthy_2326.jpg,A,2326,False,False
dataset_complete/cacao_diseases/cacao_photos/healthy/healthy_2327.jpg,A,2327,False,False
dataset_complete/cacao_diseases/cacao_photos/healthy/healthy_2328.jpg,A,2328,False,False
dataset_complete/cacao_diseases/cacao_photos/healthy/healthy_2329.jpg,A,2329,False,False
dataset_complete/cacao_diseases/cacao_photos/healthy/healthy_2330.jpg,A,2330,False,False
dataset_complete/cacao_diseases/cacao_photos/healthy/healthy_2331.jpg,A,2331,False,False
dataset_complete/cacao_diseases/cacao_photos/healthy/healthy_2332.jpg,A,2332,False,False
dataset_complete/cacao_diseases/cacao_photos/healthy/healthy_2333.jpg,A,2333,False,False
dataset_complete/cacao_diseases/cacao_photos/healthy/healthy_2334.jpg,A,2334,False,False
dataset_complete/cacao_diseases/cacao_photos/healthy/healthy_2335.jpg,A,2335,False,False
dataset_complete/cacao_diseases/cacao_photos/healthy/healthy_2336.jpg,A,2336,False,False
dataset_complete/cacao_diseases/cacao_photos/healthy/healthy_2337.jpg,A,2337,False,False
dataset_complete/cacao_diseases/cacao_photos/healthy/healthy_2338.jpg,A,2338,False,False
dataset_complete/cacao_diseases/cacao_photos/healthy/healthy_2339.jpg,A,2339,False,False
dataset_complete/cacao_diseases/cacao_photos/healthy/healthy_2340.jpg,A,2340,False,False
dataset_complete/cacao_diseases/cacao_photos/healthy/healthy_2341.jpg,A,2341,False,False
dataset_complete/cacao_diseases/cacao_photos/healthy/healthy_2342.jpg,A,2342,False,True
dataset_complete/cacao_diseases/cacao_photos/healthy/healthy_2343.jpg,A,2343,False,False
dataset_complete/cacao_diseases/cacao_photos/healthy/healthy_2344.jpg,A,2344,False,False
dataset_complete/cacao_diseases/cacao_photos/healthy/healthy_2345.jpg,A,2345,False,False
dataset_complete/cacao_diseases/cacao_photos/healthy/healthy_2346.jpg,A,2346,False,True
dataset_complete/cacao_diseases/cacao_photos/healthy/healthy_2347.jpg,A,2347,False,False
dataset_complete/cacao_diseases/cacao_photos/healthy/healthy_2348.jpg,A,2348,False,False
dataset_complete/cacao_diseases/cacao_photos/healthy/healthy_2349.jpg,A,2349,False,True
dataset_complete/cacao_diseases/cacao_photos/healthy/healthy_2350.jpg,A,2350,False,True
dataset_complete/cacao_diseases/cacao_photos/healthy/healthy_2351.jpg,A,2351,False,False
dataset_complete/cacao_diseases/cacao_photos/healthy/healthy_2352.jpg,A,2352,False,False
dataset_complete/cacao_diseases/cacao_photos/healthy/healthy_2353.jpg,A,2353,False,False
dataset_complete/cacao_diseases/cacao_photos/healthy/healthy_2354.jpg,A,2354,False,False
dataset_complete/cacao_diseases/cacao_photos/healthy/healthy_2355.jpg,A,2355,False,False
dataset_complete/cacao_diseases/cacao_photos/healthy/healthy_2356.jpg,A,2356,False,True
dataset_complete/cacao_diseases/cacao_photos/healthy/healthy_2357.jpg,A,2357,False,False
dataset_complete/cacao_diseases/cacao_photos/healthy/healthy_2358.jpg,A,2358,False,False
dataset_complete/cacao_diseases/cacao_photos/healthy/healthy_2359.jpg,A,2359,False,False
dataset_complete/cacao_diseases/cacao_photos/healthy/healthy_2360.jpg,A,2360,False,True
dataset_complete/cacao_diseases/cacao_photos/healthy/healthy_2361.jpg,A,2361,False,True
dataset_complete/cacao_diseases/cacao_photos/healthy/healthy_2362.jpg,A,2362,False,False
dataset_complete/cacao_diseases/cacao_photos/healthy/healthy_2363.jpg,A,2363,False,False
dataset_complete/cacao_diseases/cacao_photos/healthy/healthy_2364.jpg,A,2364,False,False
dataset_complete/cacao_diseases/cacao_photos/healthy/healthy_2365.jpg,A,2365,False,True
dataset_complete/cacao_diseases/cacao_photos/healthy/healthy_2366.jpg,A,2366,False,False
dataset_complete/cacao_diseases/cacao_photos/healthy/healthy_2367.jpg,A,2367,False,True
dataset_complete/cacao_diseases/cacao_photos/healthy/healthy_2368.jpg,A,2368,False,True
dataset_complete/cacao_diseases/cacao_photos/healthy/healthy_2369.jpg,A,2369,False,False
dataset_complete/cacao_diseases/cacao_photos/healthy/healthy_2370.jpg,A,2370,False,False
dataset_complete/cacao_diseases/cacao_photos/healthy/healthy_2371.jpg,A,2371,False,False
dataset_complete/cacao_diseases/cacao_photos/healthy/healthy_2372.jpg,A,2372,True,True
dataset_complete/cacao_diseases/cacao_photos/healthy/healthy_2373.jpg,A,2373,False,False
dataset_complete/cacao_diseases/cacao_photos/healthy/healthy_2374.jpg,A,2374,False,False
dataset_complete/cacao_diseases/cacao_photos/healthy/healthy_2375.jpg,A,2375,False,False
dataset_complete/cacao_diseases/cacao_photos/healthy/healthy_2376.jpg,A,2376,False,False
dataset_complete/cacao_diseases/cacao_photos/healthy/healthy_2377.jpg,A,2377,False,False
dataset_complete/cacao_diseases/cacao_photos/healthy/healthy_2378.jpg,A,2378,False,False
dataset_complete/cacao_diseases/cacao_photos/healthy/healthy_2379.jpg,A,2379,False,False
dataset_complete/cacao_diseases/cacao_photos/healthy/healthy_2380.jpg,A,2380,False,False
dataset_complete/cacao_diseases/cacao_photos/healthy/healthy_2381.jpg,A,2381,False,True
dataset_complete/cacao_diseases/cacao_photos/healthy/healthy_2382.jpg,A,2382,False,False
dataset_complete/cacao_diseases/cacao_photos/healthy/healthy_2383.jpg,A,2383,False,False
dataset_complete/cacao_diseases/cacao_photos/healthy/healthy_2384.jpg,A,2384,False,True
dataset_complete/cacao_diseases/cacao_photos/healthy/healthy_2385.jpg,A,2385,False,False
dataset_complete/cacao_diseases/cacao_photos/healthy/healthy_2386.jpg,A,2386,False,False
dataset_complete/cacao_diseases/cacao_photos/healthy/healthy_2387.jpg,A,2387,False,False
dataset_complete/cacao_diseases/cacao_photos/healthy/healthy_2388.jpg,A,2388,False,False
dataset_complete/cacao_diseases/cacao_photos/healthy/healthy_2389.jpg,A,2389,False,False
dataset_complete/cacao_diseases/cacao_photos/healthy/healthy_2390.jpg,A,2390,False,False
dataset_complete/cacao_diseases/cacao_photos/healthy/healthy_2391.jpg,A,2391,False,False
dataset_complete/cacao_diseases/cacao_photos/healthy/healthy_2392.jpg,A,2392,False,False
dataset_complete/cacao_diseases/cacao_photos/healthy/healthy_2393.jpg,A,2393,False,False
dataset_complete/cacao_diseases/cacao_photos/healthy/healthy_2394.jpg,A,2394,False,False
dataset_complete/cacao_diseases/cacao_photos/healthy/healthy_2395.jpg,A,2395,False,True
dataset_complete/cacao_diseases/cacao_photos/healthy/healthy_2396.jpg,A,2396,False,False
dataset_complete/cacao_diseases/cacao_photos/healthy/healthy_2397.jpg,A,2397,False,True
dataset_complete/cacao_diseases/cacao_photos/healthy/healthy_2398.jpg,A,2398,False,False
dataset_complete/cacao_diseases/cacao_photos/healthy/healthy_2399.jpg,A,2399,False,False
dataset_complete/cacao_diseases/cacao_photos/healthy/healthy_2400.jpg,A,2400,False,False
dataset_complete/cacao_diseases/cacao_photos/healthy/healthy_2401.jpg,A,2401,False,False
dataset_complete/cacao_diseases/cacao_photos/healthy/healthy_2402.jpg,A,2402,False,False
dataset_complete/cacao_diseases/cacao_photos/healthy/healthy_2403.jpg,A,2403,False,False
dataset_complete/cacao_diseases/cacao_photos/healthy/healthy_2404.jpg,A,2404,False,False
dataset_complete/cacao_diseases/cacao_photos/healthy/healthy_2405.jpg,A,2405,False,False
dataset_complete/cacao_diseases/cacao_photos/healthy/healthy_2406.jpg,A,2406,False,False
dataset_complete/cacao_diseases/cacao_photos/healthy/healthy_2407.jpg,A,2407,False,False
dataset_complete/cacao_diseases/cacao_photos/healthy/healthy_2408.jpg,A,2408,False,False
dataset_complete/cacao_diseases/cacao_photos/healthy/healthy_2409.jpg,A,2409,False,False
dataset_complete/cacao_diseases/cacao_photos/healthy/healthy_2410.jpg,A,2410,False,False
dataset_complete/cacao_diseases/cacao_photos/healthy/healthy_2411.jpg,A,2411,False,False
dataset_complete/cacao_diseases/cacao_photos/healthy/healthy_2412.jpg,A,2412,False,False
dataset_complete/cacao_diseases/cacao_photos/healthy/healthy_2413.jpg,A,2413,False,False
dataset_complete/cacao_diseases/cacao_photos/healthy/healthy_2414.jpg,A,2414,False,False
dataset_complete/cacao_diseases/cacao_photos/healthy/healthy_2415.jpg,A,2415,False,False
dataset_complete/cacao_diseases/cacao_photos/healthy/healthy_2416.jpg,A,2416,False,False
dataset_complete/cacao_diseases/cacao_photos/healthy/healthy_2417.jpg,A,2417,False,False
dataset_complete/cacao_diseases/cacao_photos/healthy/healthy_2418.jpg,A,2418,False,True
dataset_complete/cacao_diseases/cacao_photos/healthy/healthy_2419.jpg,A,2419,False,False
dataset_complete/cacao_diseases/cacao_photos/healthy/healthy_2420.jpg,A,2420,False,False
dataset_complete/cacao_diseases/cacao_photos/healthy/healthy_2421.jpg,A,2421,False,False
dataset_complete/cacao_diseases/cacao_photos/healthy/healthy_2422.jpg,A,2422,False,True
dataset_complete/cacao_diseases/cacao_photos/healthy/healthy_2423.jpg,A,2423,False,False
dataset_complete/cacao_diseases/cacao_photos/healthy/healthy_2424.jpg,A,2424,False,False
dataset_complete/cacao_diseases/cacao_photos/healthy/healthy_2425.jpg,A,2425,False,False
dataset_complete/cacao_diseases/cacao_photos/healthy/healthy_2426.jpg,A,2426,False,True
dataset_complete/cacao_diseases/cacao_photos/healthy/healthy_2427.jpg,A,2427,False,False
dataset_complete/cacao_diseases/cacao_photos/healthy/healthy_2428.jpg,A,2428,False,False
dataset_complete/cacao_diseases/cacao_photos/healthy/healthy_2429.jpg,A,2429,False,False
dataset_complete/cacao_diseases/cacao_photos/healthy/healthy_2430.jpg,A,2430,False,False
dataset_complete/cacao_diseases/cacao_photos/healthy/healthy_2431.jpg,A,2431,False,True
dataset_complete/cacao_diseases/cacao_photos/healthy/healthy_2432.jpg,A,2432,False,False
dataset_complete/cacao_diseases/cacao_photos/healthy/healthy_2433.jpg,A,2433,False,True
dataset_complete/cacao_diseases/cacao_photos/healthy/healthy_2434.jpg,A,2434,False,False
dataset_complete/cacao_diseases/cacao_photos/healthy/healthy_2435.jpg,A,2435,False,False
dataset_complete/cacao_diseases/cacao_photos/healthy/healthy_2436.jpg,A,2436,False,False
dataset_complete/cacao_diseases/cacao_photos/healthy/healthy_2437.jpg,A,2437,False,False
dataset_complete/cacao_diseases/cacao_photos/healthy/healthy_2438.jpg,A,2438,False,False
dataset_complete/cacao_diseases/cacao_photos/healthy/healthy_2439.jpg,A,2439,False,False
dataset_complete/cacao_diseases/cacao_photos/healthy/healthy_2440.jpg,A,2440,False,False
dataset_complete/cacao_diseases/cacao_photos/healthy/healthy_2441.jpg,A,2441,True,True
dataset_complete/cacao_diseases/cacao_photos/healthy/healthy_2442.jpg,A,2442,True,False
dataset_complete/cacao_diseases/cacao_photos/healthy/healthy_2443.jpg,A,2443,False,False
dataset_complete/cacao_diseases/cacao_photos/healthy/healthy_2444.jpg,A,2444,False,False
dataset_complete/cacao_diseases/cacao_photos/healthy/healthy_2445.jpg,A,2445,False,True
dataset_complete/cacao_diseases/cacao_photos/healthy/healthy_2446.jpg,A,2446,False,True
dataset_complete/cacao_diseases/cacao_photos/healthy/healthy_2447.jpg,A,2447,False,True
dataset_complete/cacao_diseases/cacao_photos/healthy/healthy_2448.jpg,A,2448,False,False
dataset_complete/cacao_diseases/cacao_photos/healthy/healthy_2449.jpg,A,2449,False,False
dataset_complete/cacao_diseases/cacao_photos/healthy/healthy_2450.jpg,A,2450,False,False
dataset_complete/cacao_diseases/cacao_photos/healthy/healthy_2451.jpg,A,2451,False,False
dataset_complete/cacao_diseases/cacao_photos/healthy/healthy_2452.jpg,A,2452,False,False
dataset_complete/cacao_diseases/cacao_photos/healthy/healthy_2453.jpg,A,2453,False,True
dataset_complete/cacao_diseases/cacao_photos/healthy/healthy_2454.jpg,A,2454,False,False
dataset_complete/cacao_diseases/cacao_photos/healthy/healthy_2455.jpg,A,2455,False,False
dataset_complete/cacao_diseases/cacao_photos/healthy/healthy_2456.jpg,A,2456,False,True
dataset_complete/cacao_diseases/cacao_photos/healthy/healthy_2457.jpg,A,2457,False,True
dataset_complete/cacao_diseases/cacao_photos/healthy/healthy_2458.jpg,A,2458,False,True
dataset_complete/cacao_diseases/cacao_photos/healthy/healthy_2459.jpg,A,2459,False,False
dataset_complete/cacao_diseases/cacao_photos/healthy/healthy_2460.jpg,A,2460,False,False
dataset_complete/cacao_diseases/cacao_photos/healthy/healthy_2461.jpg,A,2461,False,False
dataset_complete/cacao_diseases/cacao_photos/healthy/healthy_2462.jpg,A,2462,True,True
dataset_complete/cacao_diseases/cacao_photos/healthy/healthy_2463.jpg,A,2463,False,False
dataset_complete/cacao_diseases/cacao_photos/healthy/healthy_2464.jpg,A,2464,False,True
dataset_complete/cacao_diseases/cacao_photos/healthy/healthy_2465.jpg,A,2465,False,True
dataset_complete/cacao_diseases/cacao_photos/healthy/healthy_2466.jpg,A,2466,False,True
dataset_complete/cacao_diseases/cacao_photos/healthy/healthy_2467.jpg,A,2467,False,True
dataset_complete/cacao_diseases/cacao_photos/healthy/healthy_2468.jpg,A,2468,False,True
dataset_complete/cacao_diseases/cacao_photos/healthy/healthy_2469.jpg,A,2469,False,False
dataset_complete/cacao_diseases/cacao_photos/healthy/healthy_2470.jpg,A,2470,False,False
dataset_complete/cacao_diseases/cacao_photos/healthy/healthy_2471.jpg,A,2471,False,False
dataset_complete/cacao_diseases/cacao_photos/healthy/healthy_2472.jpg,A,2472,False,False
dataset_complete/cacao_diseases/cacao_photos/healthy/healthy_2473.jpg,A,2473,False,True
dataset_complete/cacao_diseases/cacao_photos/healthy/healthy_2474.jpg,A,2474,False,True
dataset_complete/cacao_diseases/cacao_photos/healthy/healthy_2475.jpg,A,2475,False,False
dataset_complete/cacao_diseases/cacao_photos/healthy/healthy_2476.jpg,A,2476,False,False
dataset_complete/cacao_diseases/cacao_photos/healthy/healthy_2477.jpg,A,2477,False,False
dataset_complete/cacao_diseases/cacao_photos/healthy/healthy_2478.jpg,A,2478,False,False
dataset_complete/cacao_diseases/cacao_photos/healthy/healthy_2479.jpg,A,2479,False,False
dataset_complete/cacao_diseases/cacao_photos/healthy/healthy_2480.jpg,A,2480,False,True
dataset_complete/cacao_diseases/cacao_photos/healthy/healthy_2481.jpg,A,2481,False,False
dataset_complete/cacao_diseases/cacao_photos/healthy/healthy_2482.jpg,A,2482,False,True
dataset_complete/cacao_diseases/cacao_photos/healthy/healthy_2483.jpg,A,2483,False,False
dataset_complete/cacao_diseases/cacao_photos/healthy/healthy_2484.jpg,A,2484,False,False
dataset_complete/cacao_diseases/cacao_photos/healthy/healthy_2485.jpg,A,2485,False,True
dataset_complete/cacao_diseases/cacao_photos/healthy/healthy_2486.jpg,A,2486,False,False
dataset_complete/cacao_diseases/cacao_photos/healthy/healthy_2487.jpg,A,2487,False,False
dataset_complete/cacao_diseases/cacao_photos/healthy/healthy_2488.jpg,A,2488,False,True
dataset_complete/cacao_diseases/cacao_photos/healthy/healthy_2489.jpg,A,2489,False,False
dataset_complete/cacao_diseases/cacao_photos/healthy/healthy_2490.jpg,A,2490,False,True
dataset_complete/cacao_diseases/cacao_photos/healthy/healthy_2491.jpg,A,2491,False,True
dataset_complete/cacao_diseases/cacao_photos/healthy/healthy_2492.jpg,A,2492,False,True
dataset_complete/cacao_diseases/cacao_photos/healthy/healthy_2493.jpg,A,2493,True,False
dataset_complete/cacao_diseases/cacao_photos/healthy/healthy_2494.jpg,A,2494,True,True
dataset_complete/cacao_diseases/cacao_photos/healthy/healthy_2520.jpg,A,2520,True,True
dataset_complete/cacao_diseases/cacao_photos/healthy/healthy_2521.jpg,A,2521,False,False
dataset_complete/cacao_diseases/cacao_photos/healthy/healthy_2522.jpg,A,2522,False,True
dataset_complete/cacao_diseases/cacao_photos/healthy/healthy_2523.jpg,A,2523,False,True
dataset_complete/cacao_diseases/cacao_photos/healthy/healthy_2524.jpg,A,2524,False,True
dataset_complete/cacao_diseases/cacao_photos/healthy/healthy_2525.jpg,A,2525,False,False
dataset_complete/cacao_diseases/cacao_photos/healthy/healthy_2526.jpg,A,2526,True,True
dataset_complete/cacao_diseases/cacao_photos/healthy/healthy_2527.jpg,A,2527,False,False
dataset_complete/cacao_diseases/cacao_photos/healthy/healthy_2528.jpg,A,2528,False,False
dataset_complete/cacao_diseases/cacao_photos/healthy/healthy_2529.jpg,A,2529,False,False
dataset_complete/cacao_diseases/cacao_photos/healthy/healthy_2530.jpg,A,2530,False,True
dataset_complete/cacao_diseases/cacao_photos/healthy/healthy_2531.jpg,A,2531,False,False
dataset_complete/cacao_diseases/cacao_photos/healthy/healthy_2532.jpg,A,2532,True,False
dataset_complete/cacao_diseases/cacao_photos/healthy/healthy_2533.jpg,A,2533,False,True
dataset_complete/cacao_diseases/cacao_photos/healthy/healthy_2534.jpg,A,2534,False,False
dataset_complete/cacao_diseases/cacao_photos/healthy/healthy_2535.jpg,A,2535,False,False
dataset_complete/cacao_diseases/cacao_photos/healthy/healthy_2536.jpg,A,2536,False,True
dataset_complete/cacao_diseases/cacao_photos/healthy/healthy_2537.jpg,A,2537,False,False
dataset_complete/cacao_diseases/cacao_photos/healthy/healthy_2538.jpg,A,2538,False,False
dataset_complete/cacao_diseases/cacao_photos/healthy/healthy_2539.jpg,A,2539,False,True
dataset_complete/cacao_diseases/cacao_photos/healthy/healthy_2540.jpg,A,2540,False,False
dataset_complete/cacao_diseases/cacao_photos/healthy/healthy_2541.jpg,A,2541,False,False
dataset_complete/cacao_diseases/cacao_photos/healthy/healthy_2542.jpg,A,2542,True,True
dataset_complete/cacao_diseases/cacao_photos/healthy/healthy_2543.jpg,A,2543,False,False
dataset_complete/cacao_diseases/cacao_photos/healthy/healthy_2544.jpg,A,2544,False,False
dataset_complete/cacao_diseases/cacao_photos/healthy/healthy_2545.jpg,A,2545,False,True
dataset_complete/cacao_diseases/cacao_photos/healthy/healthy_2546.jpg,A,2546,False,True
dataset_complete/cacao_diseases/cacao_photos/healthy/healthy_2547.jpg,A,2547,False,False
dataset_complete/cacao_diseases/cacao_photos/healthy/healthy_2548.jpg,A,2548,False,False
dataset_complete/cacao_diseases/cacao_photos/healthy/healthy_2549.jpg,A,2549,False,True
dataset_complete/cacao_diseases/cacao_photos/healthy/healthy_2550.jpg,A,2550,False,False
dataset_complete/cacao_diseases/cacao_photos/healthy/healthy_2551.jpg,A,2551,False,True
dataset_complete/cacao_diseases/cacao_photos/healthy/healthy_2552.jpg,A,2552,False,False
dataset_complete/cacao_diseases/cacao_photos/healthy/healthy_2553.jpg,A,2553,False,False
dataset_complete/cacao_diseases/cacao_photos/healthy/healthy_2554.jpg,A,2554,False,True
dataset_complete/cacao_diseases/cacao_photos/healthy/healthy_2555.jpg,A,2555,True,True
dataset_complete/cacao_diseases/cacao_photos/healthy/healthy_2652.jpg,A,2652,True,False
dataset_complete/cacao_diseases/cacao_photos/healthy/healthy_2653.jpg,A,2653,True,False
dataset_complete/cacao_diseases/cacao_photos/healthy/healthy_2654.jpg,A,2654,False,True
dataset_complete/cacao_diseases/cacao_photos/healthy/healthy_2655.jpg,A,2655,False,False
dataset_complete/cacao_diseases/cacao_photos/healthy/healthy_2656.jpg,A,2656,False,False
dataset_complete/cacao_diseases/cacao_photos/healthy/healthy_2657.jpg,A,2657,False,True
dataset_complete/cacao_diseases/cacao_photos/healthy/healthy_2658.jpg,A,2658,False,False
dataset_complete/cacao_diseases/cacao_photos/healthy/healthy_2659.jpg,A,2659,False,True
dataset_complete/cacao_diseases/cacao_photos/healthy/healthy_2660.jpg,A,2660,False,False
dataset_complete/cacao_diseases/cacao_photos/healthy/healthy_2661.jpg,A,2661,False,False
dataset_complete/cacao_diseases/cacao_photos/healthy/healthy_2662.jpg,A,2662,False,False
dataset_complete/cacao_diseases/cacao_photos/healthy/healthy_2663.jpg,A,2663,False,False
dataset_complete/cacao_diseases/cacao_photos/healthy/healthy_2664.jpg,A,2664,False,False
dataset_complete/cacao_diseases/cacao_photos/healthy/healthy_2665.jpg,A,2665,False,False
dataset_complete/cacao_diseases/cacao_photos/healthy/healthy_2666.jpg,A,2666,False,False
dataset_complete/cacao_diseases/cacao_photos/healthy/healthy_2667.jpg,A,2667,False,False
dataset_complete/cacao_diseases/cacao_photos/healthy/healthy_2668.jpg,A,2668,False,False
dataset_complete/cacao_diseases/cacao_photos/healthy/healthy_2669.jpg,A,2669,False,False
dataset_complete/cacao_diseases/cacao_photos/healthy/healthy_2670.jpg,A,2670,False,False
dataset_complete/cacao_diseases/cacao_photos/healthy/healthy_2671.jpg,A,2671,False,False
dataset_complete/cacao_diseases/cacao_photos/healthy/healthy_2672.jpg,A,2672,False,False
dataset_complete/cacao_diseases/cacao_photos/healthy/healthy_2673.jpg,A,2673,False,True
dataset_complete/cacao_diseases/cacao_photos/healthy/healthy_2674.jpg,A,2674,False,False
dataset_complete/cacao_diseases/cacao_photos/healthy/healthy_2675.jpg,A,2675,True,True
dataset_complete/cacao_diseases/cacao_photos/healthy/healthy_2676.jpg,A,2676,False,False
dataset_complete/cacao_diseases/cacao_photos/healthy/healthy_2677.jpg,A,2677,False,False
dataset_complete/cacao_diseases/cacao_photos/healthy/healthy_2678.jpg,A,2678,False,False
dataset_complete/cacao_diseases/cacao_photos/healthy/healthy_2679.jpg,A,2679,False,True
dataset_complete/cacao_diseases/cacao_photos/healthy/healthy_2680.jpg,A,2680,False,False
dataset_complete/cacao_diseases/cacao_photos/healthy/healthy_2681.jpg,A,2681,False,False
dataset_complete/cacao_diseases/cacao_photos/healthy/healthy_2682.jpg,A,2682,False,False
dataset_complete/cacao_diseases/cacao_photos/healthy/healthy_2683.jpg,A,2683,False,True
dataset_complete/cacao_diseases/cacao_photos/healthy/healthy_2684.jpg,A,2684,False,False
dataset_complete/cacao_diseases/cacao_photos/healthy/healthy_2685.jpg,A,2685,False,False
dataset_complete/cacao_diseases/cacao_photos/healthy/healthy_2686.jpg,A,2686,False,False
dataset_complete/cacao_diseases/cacao_photos/healthy/healthy_2687.jpg,A,2687,False,False
dataset_complete/cacao_diseases/cacao_photos/healthy/healthy_2688.jpg,A,2688,False,False
dataset_complete/cacao_diseases/cacao_photos/healthy/healthy_2689.jpg,A,2689,False,True
dataset_complete/cacao_diseases/cacao_photos/healthy/healthy_2690.jpg,A,2690,False,True
dataset_complete/cacao_diseases/cacao_photos/healthy/healthy_2691.jpg,A,2691,False,False
dataset_complete/cacao_diseases/cacao_photos/healthy/healthy_2692.jpg,A,2692,False,False
dataset_complete/cacao_diseases/cacao_photos/healthy/healthy_2693.jpg,A,2693,False,True
dataset_complete/cacao_diseases/cacao_photos/healthy/healthy_2694.jpg,A,2694,False,False
dataset_complete/cacao_diseases/cacao_photos/healthy/healthy_2695.jpg,A,2695,True,True
dataset_complete/cacao_diseases/cacao_photos/healthy/healthy_2696.jpg,A,2696,False,False
dataset_complete/cacao_diseases/cacao_photos/healthy/healthy_2697.jpg,A,2697,False,False
dataset_complete/cacao_diseases/cacao_photos/healthy/healthy_2698.jpg,A,2698,True,False
dataset_complete/cacao_diseases/cacao_photos/healthy/healthy_2699.jpg,A,2699,False,True
dataset_complete/cacao_diseases/cacao_photos/healthy/healthy_2700.jpg,A,2700,False,False
dataset_complete/cacao_diseases/cacao_photos/healthy/healthy_2701.jpg,A,2701,False,False
dataset_complete/cacao_diseases/cacao_photos/healthy/healthy_2702.jpg,A,2702,False,True
dataset_complete/cacao_diseases/cacao_photos/healthy/healthy_2703.jpg,A,2703,False,True
dataset_complete/cacao_diseases/cacao_photos/healthy/healthy_2704.jpg,A,2704,False,True
dataset_complete/cacao_diseases/cacao_photos/healthy/healthy_2705.jpg,A,2705,False,True
dataset_complete/cacao_diseases/cacao_photos/healthy/healthy_2706.jpg,A,2706,False,True
dataset_complete/cacao_diseases/cacao_photos/healthy/healthy_2707.jpg,A,2707,False,True
dataset_complete/cacao_diseases/cacao_photos/healthy/healthy_2708.jpg,A,2708,False,True
dataset_complete/cacao_diseases/cacao_photos/healthy/healthy_2709.jpg,A,2709,False,False
dataset_complete/cacao_diseases/cacao_photos/healthy/healthy_2710.jpg,A,2710,False,False
dataset_complete/cacao_diseases/cacao_photos/healthy/healthy_2711.jpg,A,2711,False,False
dataset_complete/cacao_diseases/cacao_photos/healthy/healthy_2712.jpg,A,2712,False,True
dataset_complete/cacao_diseases/cacao_photos/healthy/healthy_2713.jpg,A,2713,False,False
dataset_complete/cacao_diseases/cacao_photos/healthy/healthy_2714.jpg,A,2714,False,False
dataset_complete/cacao_diseases/cacao_photos/healthy/healthy_2715.jpg,A,2715,False,False
dataset_complete/cacao_diseases/cacao_photos/healthy/healthy_2716.jpg,A,2716,False,False
dataset_complete/cacao_diseases/cacao_photos/healthy/healthy_2717.jpg,A,2717,False,False
dataset_complete/cacao_diseases/cacao_photos/healthy/healthy_2718.jpg,A,2718,False,False
dataset_complete/cacao_diseases/cacao_photos/healthy/healthy_2719.jpg,A,2719,False,False
dataset_complete/cacao_diseases/cacao_photos/healthy/healthy_2720.jpg,A,2720,False,False
dataset_complete/cacao_diseases/cacao_photos/healthy/healthy_2721.jpg,A,2721,False,False
dataset_complete/cacao_diseases/cacao_photos/healthy/healthy_2722.jpg,A,2722,False,False
dataset_complete/cacao_diseases/cacao_photos/healthy/healthy_2723.jpg,A,2723,False,False
dataset_complete/cacao_diseases/cacao_photos/healthy/healthy_2724.jpg,A,2724,False,False
dataset_complete/cacao_diseases/cacao_photos/healthy/healthy_2725.jpg,A,2725,False,False
dataset_complete/cacao_diseases/cacao_photos/healthy/healthy_2726.jpg,A,2726,False,False
dataset_complete/cacao_diseases/cacao_photos/healthy/healthy_2727.jpg,A,2727,False,False
dataset_complete/cacao_diseases/cacao_photos/healthy/healthy_2728.jpg,A,2728,False,False
dataset_complete/cacao_diseases/cacao_photos/healthy/healthy_2729.jpg,A,2729,False,False
dataset_complete/cacao_diseases/cacao_photos/healthy/healthy_2730.jpg,A,2730,False,True
dataset_complete/cacao_diseases/cacao_photos/healthy/healthy_2731.jpg,A,2731,False,True
dataset_complete/cacao_diseases/cacao_photos/healthy/healthy_2732.jpg,A,2732,False,True
dataset_complete/cacao_diseases/cacao_photos/healthy/healthy_2733.jpg,A,2733,True,True
dataset_complete/cacao_diseases/cacao_photos/healthy/healthy_2734.jpg,A,2734,False,True
dataset_complete/cacao_diseases/cacao_photos/healthy/healthy_2735.jpg,A,2735,False,True
dataset_complete/cacao_diseases/cacao_photos/healthy/healthy_2736.jpg,A,2736,False,False
dataset_complete/cacao_diseases/cacao_photos/healthy/healthy_2737.jpg,A,2737,False,False
dataset_complete/cacao_diseases/cacao_photos/healthy/healthy_2738.jpg,A,2738,False,False
dataset_complete/cacao_diseases/cacao_photos/healthy/healthy_2739.jpg,A,2739,False,False
dataset_complete/cacao_diseases/cacao_photos/healthy/healthy_2740.jpg,A,2740,False,False
dataset_complete/cacao_diseases/cacao_photos/healthy/healthy_2741.jpg,A,2741,False,True
dataset_complete/cacao_diseases/cacao_photos/healthy/healthy_2742.jpg,A,2742,False,False
dataset_complete/cacao_diseases/cacao_photos/healthy/healthy_2743.jpg,A,2743,False,False
dataset_complete/cacao_diseases/cacao_photos/healthy/healthy_2744.jpg,A,2744,True,True
dataset_complete/cacao_diseases/cacao_photos/healthy/healthy_2745.jpg,A,2745,True,False
dataset_complete/cacao_diseases/cacao_photos/healthy/healthy_2746.jpg,A,2746,True,False
dataset_complete/cacao_diseases/cacao_photos/healthy/healthy_2747.jpg,A,2747,True,False
dataset_complete/cacao_diseases/cacao_photos/healthy/healthy_2819.jpg,A,2819,True,True
dataset_complete/cacao_diseases/cacao_photos/healthy/healthy_2820.jpg,A,2820,True,True
dataset_complete/cacao_diseases/cacao_photos/healthy/healthy_2821.jpg,A,2821,True,True
dataset_complete/cacao_diseases/cacao_photos/healthy/healthy_2822.jpg,A,2822,False,False
dataset_complete/cacao_diseases/cacao_photos/healthy/healthy_2823.jpg,A,2823,False,True
dataset_complete/cacao_diseases/cacao_photos/healthy/healthy_2824.jpg,A,2824,False,True
dataset_complete/cacao_diseases/cacao_photos/healthy/healthy_2825.jpg,A,2825,False,True
dataset_complete/cacao_diseases/cacao_photos/healthy/healthy_2826.jpg,A,2826,False,True
dataset_complete/cacao_diseases/cacao_photos/healthy/healthy_2827.jpg,A,2827,False,True
dataset_complete/cacao_diseases/cacao_photos/healthy/healthy_2828.jpg,A,2828,False,True
dataset_complete/cacao_diseases/cacao_photos/healthy/healthy_2829.jpg,A,2829,False,False
dataset_complete/cacao_diseases/cacao_photos/healthy/healthy_2830.jpg,A,2830,False,False
dataset_complete/cacao_diseases/cacao_photos/healthy/healthy_2831.jpg,A,2831,False,False
dataset_complete/cacao_diseases/cacao_photos/healthy/healthy_2832.jpg,A,2832,False,True
dataset_complete/cacao_diseases/cacao_photos/healthy/healthy_2833.jpg,A,2833,False,True
dataset_complete/cacao_diseases/cacao_photos/healthy/healthy_2834.jpg,A,2834,False,False
dataset_complete/cacao_diseases/cacao_photos/healthy/healthy_2835.jpg,A,2835,False,False
dataset_complete/cacao_diseases/cacao_photos/healthy/healthy_2836.jpg,A,2836,False,False
dataset_complete/cacao_diseases/cacao_photos/healthy/healthy_2837.jpg,A,2837,False,False
dataset_complete/cacao_diseases/cacao_photos/healthy/healthy_2838.jpg,A,2838,False,False
dataset_complete/cacao_diseases/cacao_photos/healthy/healthy_2839.jpg,A,2839,False,False
dataset_complete/cacao_diseases/cacao_photos/healthy/healthy_2840.jpg,A,2840,False,False
dataset_complete/cacao_diseases/cacao_photos/healthy/healthy_2841.jpg,A,2841,False,False
dataset_complete/cacao_diseases/cacao_photos/healthy/healthy_2842.jpg,A,2842,False,False
dataset_complete/cacao_diseases/cacao_photos/healthy/healthy_2843.jpg,A,2843,False,False
dataset_complete/cacao_diseases/cacao_photos/healthy/healthy_2844.jpg,A,2844,False,False
dataset_complete/cacao_diseases/cacao_photos/healthy/healthy_2845.jpg,A,2845,False,False
dataset_complete/cacao_diseases/cacao_photos/healthy/healthy_2846.jpg,A,2846,False,True
dataset_complete/cacao_diseases/cacao_photos/healthy/healthy_2847.jpg,A,2847,False,False
dataset_complete/cacao_diseases/cacao_photos/healthy/healthy_2848.jpg,A,2848,False,False
dataset_complete/cacao_diseases/cacao_photos/healthy/healthy_2849.jpg,A,2849,False,False
dataset_complete/cacao_diseases/cacao_photos/healthy/healthy_2850.jpg,A,2850,False,False
dataset_complete/cacao_diseases/cacao_photos/healthy/healthy_2851.jpg,A,2851,False,False
dataset_complete/cacao_diseases/cacao_photos/healthy/healthy_2852.jpg,A,2852,False,False
dataset_complete/cacao_diseases/cacao_photos/healthy/healthy_2853.jpg,A,2853,False,True
dataset_complete/cacao_diseases/cacao_photos/healthy/healthy_2854.jpg,A,2854,False,False
dataset_complete/cacao_diseases/cacao_photos/healthy/healthy_2855.jpg,A,2855,False,False
dataset_complete/cacao_diseases/cacao_photos/healthy/healthy_2856.jpg,A,2856,False,False
dataset_complete/cacao_diseases/cacao_photos/healthy/healthy_2857.jpg,A,2857,False,False
dataset_complete/cacao_diseases/cacao_photos/healthy/healthy_2858.jpg,A,2858,False,False
dataset_complete/cacao_diseases/cacao_photos/healthy/healthy_2859.jpg,A,2859,False,False
dataset_complete/cacao_diseases/cacao_photos/healthy/healthy_2860.jpg,A,2860,False,False
dataset_complete/cacao_diseases/cacao_photos/healthy/healthy_2861.jpg,A,2861,False,False
dataset_complete/cacao_diseases/cacao_photos/healthy/healthy_2862.jpg,A,2862,False,False
dataset_complete/cacao_diseases/cacao_photos/healthy/healthy_2863.jpg,A,2863,False,True
dataset_complete/cacao_diseases/cacao_photos/healthy/healthy_2864.jpg,A,2864,False,False
dataset_complete/cacao_diseases/cacao_photos/healthy/healthy_2865.jpg,A,2865,False,False
dataset_complete/cacao_diseases/cacao_photos/healthy/healthy_2866.jpg,A,2866,False,False
dataset_complete/cacao_diseases/cacao_photos/healthy/healthy_2867.jpg,A,2867,False,False
dataset_complete/cacao_diseases/cacao_photos/healthy/healthy_2868.jpg,A,2868,False,False
dataset_complete/cacao_diseases/cacao_photos/healthy/healthy_2869.jpg,A,2869,False,False
dataset_complete/cacao_diseases/cacao_photos/healthy/healthy_2870.jpg,A,2870,False,False
dataset_complete/cacao_diseases/cacao_photos/healthy/healthy_2871.jpg,A,2871,False,False
dataset_complete/cacao_diseases/cacao_photos/healthy/healthy_2872.jpg,A,2872,False,False
dataset_complete/cacao_diseases/cacao_photos/healthy/healthy_2873.jpg,A,2873,False,False
dataset_complete/cacao_diseases/cacao_photos/healthy/healthy_2874.jpg,A,2874,False,False
dataset_complete/cacao_diseases/cacao_photos/healthy/healthy_2875.jpg,A,2875,False,False
dataset_complete/cacao_diseases/cacao_photos/healthy/healthy_2876.jpg,A,2876,False,False
dataset_complete/cacao_diseases/cacao_photos/healthy/healthy_2877.jpg,A,2877,False,False
dataset_complete/cacao_diseases/cacao_photos/healthy/healthy_2878.jpg,A,2878,False,False
dataset_complete/cacao_diseases/cacao_photos/healthy/healthy_2879.jpg,A,2879,False,True
dataset_complete/cacao_diseases/cacao_photos/healthy/healthy_2880.jpg,A,2880,False,False
dataset_complete/cacao_diseases/cacao_photos/healthy/healthy_2881.jpg,A,2881,False,False
dataset_complete/cacao_diseases/cacao_photos/healthy/healthy_2882.jpg,A,2882,False,True
dataset_complete/cacao_diseases/cacao_photos/healthy/healthy_2883.jpg,A,2883,False,True
dataset_complete/cacao_diseases/cacao_photos/healthy/healthy_2884.jpg,A,2884,False,False
dataset_complete/cacao_diseases/cacao_photos/healthy/healthy_2885.jpg,A,2885,False,False
dataset_complete/cacao_diseases/cacao_photos/healthy/healthy_2886.jpg,A,2886,False,False
dataset_complete/cacao_diseases/cacao_photos/healthy/healthy_2887.jpg,A,2887,True,True
dataset_complete/cacao_diseases/cacao_photos/healthy/healthy_2888.jpg,A,2888,False,True
dataset_complete/cacao_diseases/cacao_photos/healthy/healthy_2889.jpg,A,2889,False,False
dataset_complete/cacao_diseases/cacao_photos/healthy/healthy_2890.jpg,A,2890,False,False
dataset_complete/cacao_diseases/cacao_photos/healthy/healthy_2891.jpg,A,2891,False,False
dataset_complete/cacao_diseases/cacao_photos/healthy/healthy_2892.jpg,A,2892,False,False
dataset_complete/cacao_diseases/cacao_photos/healthy/healthy_2893.jpg,A,2893,False,False
dataset_complete/cacao_diseases/cacao_photos/healthy/healthy_2894.jpg,A,2894,False,False
dataset_complete/cacao_diseases/cacao_photos/healthy/healthy_2895.jpg,A,2895,False,False
dataset_complete/cacao_diseases/cacao_photos/healthy/healthy_2896.jpg,A,2896,False,False
dataset_complete/cacao_diseases/cacao_photos/healthy/healthy_2897.jpg,A,2897,False,False
dataset_complete/cacao_diseases/cacao_photos/healthy/healthy_2898.jpg,A,2898,False,False
dataset_complete/cacao_diseases/cacao_photos/healthy/healthy_2899.jpg,A,2899,False,False
dataset_complete/cacao_diseases/cacao_photos/healthy/healthy_2900.jpg,A,2900,False,False
dataset_complete/cacao_diseases/cacao_photos/healthy/healthy_2901.jpg,A,2901,False,False
dataset_complete/cacao_diseases/cacao_photos/healthy/healthy_2902.jpg,A,2902,False,False
dataset_complete/cacao_diseases/cacao_photos/healthy/healthy_2903.jpg,A,2903,False,False
dataset_complete/cacao_diseases/cacao_photos/healthy/healthy_2904.jpg,A,2904,False,False
dataset_complete/cacao_diseases/cacao_photos/healthy/healthy_2905.jpg,A,2905,False,False
dataset_complete/cacao_diseases/cacao_photos/healthy/healthy_2906.jpg,A,2906,False,False
dataset_complete/cacao_diseases/cacao_photos/healthy/healthy_2907.jpg,A,2907,False,False
dataset_complete/cacao_diseases/cacao_photos/healthy/healthy_2908.jpg,A,2908,False,False
dataset_complete/cacao_diseases/cacao_photos/healthy/healthy_2909.jpg,A,2909,False,False
dataset_complete/cacao_diseases/cacao_photos/healthy/healthy_2910.jpg,A,2910,False,False
dataset_complete/cacao_diseases/cacao_photos/healthy/healthy_2911.jpg,A,2911,False,False
dataset_complete/cacao_diseases/cacao_photos/healthy/healthy_2912.jpg,A,2912,False,False
dataset_complete/cacao_diseases/cacao_photos/healthy/healthy_2913.jpg,A,2913,False,False
dataset_complete/cacao_diseases/cacao_photos/healthy/healthy_2914.jpg,A,2914,False,False
dataset_complete/cacao_diseases/cacao_photos/healthy/healthy_2915.jpg,A,2915,False,False
dataset_complete/cacao_diseases/cacao_photos/healthy/healthy_2916.jpg,A,2916,False,False
dataset_complete/cacao_diseases/cacao_photos/healthy/healthy_2917.jpg,A,2917,False,False
dataset_complete/cacao_diseases/cacao_photos/healthy/healthy_2918.jpg,A,2918,False,False
dataset_complete/cacao_diseases/cacao_photos/healthy/healthy_2919.jpg,A,2919,False,False
dataset_complete/cacao_diseases/cacao_photos/healthy/healthy_292.jpg,A,292,False,False
dataset_complete/cacao_diseases/cacao_photos/healthy/healthy_2920.jpg,A,2920,False,False
dataset_complete/cacao_diseases/cacao_photos/healthy/healthy_2921.jpg,A,2921,False,False
dataset_complete/cacao_diseases/cacao_photos/healthy/healthy_2922.jpg,A,2922,True,False
dataset_complete/cacao_diseases/cacao_photos/healthy/healthy_2923.jpg,A,2923,False,False
dataset_complete/cacao_diseases/cacao_photos/healthy/healthy_2924.jpg,A,2924,False,False
dataset_complete/cacao_diseases/cacao_photos/healthy/healthy_2925.jpg,A,2925,False,False
dataset_complete/cacao_diseases/cacao_photos/healthy/healthy_2926.jpg,A,2926,False,False
dataset_complete/cacao_diseases/cacao_photos/healthy/healthy_2927.jpg,A,2927,False,False
dataset_complete/cacao_diseases/cacao_photos/healthy/healthy_2928.jpg,A,2928,False,False
dataset_complete/cacao_diseases/cacao_photos/healthy/healthy_2929.jpg,A,2929,False,False
dataset_complete/cacao_diseases/cacao_photos/healthy/healthy_293.jpg,A,293,False,False
dataset_complete/cacao_diseases/cacao_photos/healthy/healthy_2930.jpg,A,2930,False,False
dataset_complete/cacao_diseases/cacao_photos/healthy/healthy_2931.jpg,A,2931,False,False
dataset_complete/cacao_diseases/cacao_photos/healthy/healthy_2932.jpg,A,2932,False,False
dataset_complete/cacao_diseases/cacao_photos/healthy/healthy_2933.jpg,A,2933,False,False
dataset_complete/cacao_diseases/cacao_photos/healthy/healthy_2934.jpg,A,2934,False,False
dataset_complete/cacao_diseases/cacao_photos/healthy/healthy_2935.jpg,A,2935,False,False
dataset_complete/cacao_diseases/cacao_photos/healthy/healthy_2936.jpg,A,2936,False,True
dataset_complete/cacao_diseases/cacao_photos/healthy/healthy_2937.jpg,A,2937,False,False
dataset_complete/cacao_diseases/cacao_photos/healthy/healthy_2938.jpg,A,2938,False,False
dataset_complete/cacao_diseases/cacao_photos/healthy/healthy_2939.jpg,A,2939,False,False
dataset_complete/cacao_diseases/cacao_photos/healthy/healthy_294.jpg,A,294,True,True
dataset_complete/cacao_diseases/cacao_photos/healthy/healthy_2940.jpg,A,2940,False,False
dataset_complete/cacao_diseases/cacao_photos/healthy/healthy_2941.jpg,A,2941,False,True
dataset_complete/cacao_diseases/cacao_photos/healthy/healthy_2942.jpg,A,2942,False,False
dataset_complete/cacao_diseases/cacao_photos/healthy/healthy_2943.jpg,A,2943,False,False
dataset_complete/cacao_diseases/cacao_photos/healthy/healthy_2944.jpg,A,2944,False,False
dataset_complete/cacao_diseases/cacao_photos/healthy/healthy_2945.jpg,A,2945,False,False
dataset_complete/cacao_diseases/cacao_photos/healthy/healthy_2946.jpg,A,2946,False,False
dataset_complete/cacao_diseases/cacao_photos/healthy/healthy_2947.jpg,A,2947,False,False
dataset_complete/cacao_diseases/cacao_photos/healthy/healthy_2948.jpg,A,2948,False,False
dataset_complete/cacao_diseases/cacao_photos/healthy/healthy_2949.jpg,A,2949,False,False
dataset_complete/cacao_diseases/cacao_photos/healthy/healthy_295.jpg,A,295,False,False
dataset_complete/cacao_diseases/cacao_photos/healthy/healthy_2950.jpg,A,2950,False,True
dataset_complete/cacao_diseases/cacao_photos/healthy/healthy_2951.jpg,A,2951,False,False
dataset_complete/cacao_diseases/cacao_photos/healthy/healthy_2952.jpg,A,2952,False,False
dataset_complete/cacao_diseases/cacao_photos/healthy/healthy_2953.jpg,A,2953,False,False
dataset_complete/cacao_diseases/cacao_photos/healthy/healthy_2954.jpg,A,2954,False,False
dataset_complete/cacao_diseases/cacao_photos/healthy/healthy_2955.jpg,A,2955,False,False
dataset_complete/cacao_diseases/cacao_photos/healthy/healthy_2956.jpg,A,2956,False,False
dataset_complete/cacao_diseases/cacao_photos/healthy/healthy_2957.jpg,A,2957,False,False
dataset_complete/cacao_diseases/cacao_photos/healthy/healthy_2958.jpg,A,2958,False,False
dataset_complete/cacao_diseases/cacao_photos/healthy/healthy_2959.jpg,A,2959,False,True
dataset_complete/cacao_diseases/cacao_photos/healthy/healthy_296.jpg,A,296,True,False
dataset_complete/cacao_diseases/cacao_photos/healthy/healthy_2960.jpg,A,2960,False,True
dataset_complete/cacao_diseases/cacao_photos/healthy/healthy_2961.jpg,A,2961,False,False
dataset_complete/cacao_diseases/cacao_photos/healthy/healthy_2962.jpg,A,2962,False,False
dataset_complete/cacao_diseases/cacao_photos/healthy/healthy_2963.jpg,A,2963,False,False
dataset_complete/cacao_diseases/cacao_photos/healthy/healthy_2964.jpg,A,2964,False,False
dataset_complete/cacao_diseases/cacao_photos/healthy/healthy_2965.jpg,A,2965,False,True
dataset_complete/cacao_diseases/cacao_photos/healthy/healthy_2966.jpg,A,2966,False,False
dataset_complete/cacao_diseases/cacao_photos/healthy/healthy_2967.jpg,A,2967,False,True
dataset_complete/cacao_diseases/cacao_photos/healthy/healthy_2968.jpg,A,2968,False,False
dataset_complete/cacao_diseases/cacao_photos/healthy/healthy_2969.jpg,A,2969,False,False
dataset_complete/cacao_diseases/cacao_photos/healthy/healthy_297.jpg,A,297,False,True
dataset_complete/cacao_diseases/cacao_photos/healthy/healthy_2970.jpg,A,2970,False,False
dataset_complete/cacao_diseases/cacao_photos/healthy/healthy_2971.jpg,A,2971,False,False
dataset_complete/cacao_diseases/cacao_photos/healthy/healthy_2972.jpg,A,2972,False,False
dataset_complete/cacao_diseases/cacao_photos/healthy/healthy_2973.jpg,A,2973,False,True
dataset_complete/cacao_diseases/cacao_photos/healthy/healthy_2974.jpg,A,2974,False,False
dataset_complete/cacao_diseases/cacao_photos/healthy/healthy_2975.jpg,A,2975,False,False
dataset_complete/cacao_diseases/cacao_photos/healthy/healthy_2976.jpg,A,2976,False,False
dataset_complete/cacao_diseases/cacao_photos/healthy/healthy_2977.jpg,A,2977,False,False
dataset_complete/cacao_diseases/cacao_photos/healthy/healthy_2978.jpg,A,2978,False,False
dataset_complete/cacao_diseases/cacao_photos/healthy/healthy_2979.jpg,A,2979,False,False
dataset_complete/cacao_diseases/cacao_photos/healthy/healthy_298.jpg,A,298,False,False
dataset_complete/cacao_diseases/cacao_photos/healthy/healthy_2980.jpg,A,2980,False,False
dataset_complete/cacao_diseases/cacao_photos/healthy/healthy_2981.jpg,A,2981,False,False
dataset_complete/cacao_diseases/cacao_photos/healthy/healthy_2982.jpg,A,2982,False,False
dataset_complete/cacao_diseases/cacao_photos/healthy/healthy_2983.jpg,A,2983,False,False
dataset_complete/cacao_diseases/cacao_photos/healthy/healthy_2984.jpg,A,2984,False,False
dataset_complete/cacao_diseases/cacao_photos/healthy/healthy_2985.jpg,A,2985,False,False
dataset_complete/cacao_diseases/cacao_photos/healthy/healthy_2986.jpg,A,2986,False,False
dataset_complete/cacao_diseases/cacao_photos/healthy/healthy_2987.jpg,A,2987,False,False
dataset_complete/cacao_diseases/cacao_photos/healthy/healthy_2988.jpg,A,2988,False,True
dataset_complete/cacao_diseases/cacao_photos/healthy/healthy_2989.jpg,A,2989,False,False
dataset_complete/cacao_diseases/cacao_photos/healthy/healthy_299.jpg,A,299,True,True
dataset_complete/cacao_diseases/cacao_photos/healthy/healthy_2990.jpg,A,2990,False,True
dataset_complete/cacao_diseases/cacao_photos/healthy/healthy_2991.jpg,A,2991,False,False
dataset_complete/cacao_diseases/cacao_photos/healthy/healthy_2992.jpg,A,2992,False,False
dataset_complete/cacao_diseases/cacao_photos/healthy/healthy_2993.jpg,A,2993,False,False
dataset_complete/cacao_diseases/cacao_photos/healthy/healthy_2994.jpg,A,2994,False,False
dataset_complete/cacao_diseases/cacao_photos/healthy/healthy_2995.jpg,A,2995,False,False
dataset_complete/cacao_diseases/cacao_photos/healthy/healthy_2996.jpg,A,2996,False,False
dataset_complete/cacao_diseases/cacao_photos/healthy/healthy_2997.jpg,A,2997,False,False
dataset_complete/cacao_diseases/cacao_photos/healthy/healthy_2998.jpg,A,2998,False,False
dataset_complete/cacao_diseases/cacao_photos/healthy/healthy_2999.jpg,A,2999,False,False
dataset_complete/cacao_diseases/cacao_photos/healthy/healthy_300.jpg,A,300,False,True
dataset_complete/cacao_diseases/cacao_photos/healthy/healthy_3000.jpg,A,3000,False,False
dataset_complete/cacao_diseases/cacao_photos/healthy/healthy_3001.jpg,A,3001,False,False
dataset_complete/cacao_diseases/cacao_photos/healthy/healthy_3002.jpg,A,3002,False,False
dataset_complete/cacao_diseases/cacao_photos/healthy/healthy_3003.jpg,A,3003,False,True
dataset_complete/cacao_diseases/cacao_photos/healthy/healthy_3004.jpg,A,3004,False,False
dataset_complete/cacao_diseases/cacao_photos/healthy/healthy_3005.jpg,A,3005,False,False
dataset_complete/cacao_diseases/cacao_photos/healthy/healthy_3006.jpg,A,3006,False,False
dataset_complete/cacao_diseases/cacao_photos/healthy/healthy_3007.jpg,A,3007,False,False
dataset_complete/cacao_diseases/cacao_photos/healthy/healthy_3008.jpg,A,3008,False,True
dataset_complete/cacao_diseases/cacao_photos/healthy/healthy_3009.jpg,A,3009,False,True
dataset_complete/cacao_diseases/cacao_photos/healthy/healthy_301.jpg,A,301,False,True
dataset_complete/cacao_diseases/cacao_photos/healthy/healthy_3010.jpg,A,3010,False,False
dataset_complete/cacao_diseases/cacao_photos/healthy/healthy_3011.jpg,A,3011,False,True
dataset_complete/cacao_diseases/cacao_photos/healthy/healthy_3012.jpg,A,3012,False,False
dataset_complete/cacao_diseases/cacao_photos/healthy/healthy_3013.jpg,A,3013,False,True
dataset_complete/cacao_diseases/cacao_photos/healthy/healthy_3014.jpg,A,3014,False,True
dataset_complete/cacao_diseases/cacao_photos/healthy/healthy_3015.jpg,A,3015,False,False
dataset_complete/cacao_diseases/cacao_photos/healthy/healthy_3016.jpg,A,3016,False,False
dataset_complete/cacao_diseases/cacao_photos/healthy/healthy_3017.jpg,A,3017,False,False
dataset_complete/cacao_diseases/cacao_photos/healthy/healthy_3018.jpg,A,3018,False,False
dataset_complete/cacao_diseases/cacao_photos/healthy/healthy_3019.jpg,A,3019,False,False
dataset_complete/cacao_diseases/cacao_photos/healthy/healthy_302.jpg,A,302,False,True
dataset_complete/cacao_diseases/cacao_photos/healthy/healthy_3020.jpg,A,3020,False,False
dataset_complete/cacao_diseases/cacao_photos/healthy/healthy_3021.jpg,A,3021,False,False
dataset_complete/cacao_diseases/cacao_photos/healthy/healthy_3022.jpg,A,3022,False,True
dataset_complete/cacao_diseases/cacao_photos/healthy/healthy_3023.jpg,A,3023,False,False
dataset_complete/cacao_diseases/cacao_photos/healthy/healthy_3024.jpg,A,3024,False,False
dataset_complete/cacao_diseases/cacao_photos/healthy/healthy_3025.jpg,A,3025,False,False
dataset_complete/cacao_diseases/cacao_photos/healthy/healthy_3026.jpg,A,3026,False,False
dataset_complete/cacao_diseases/cacao_photos/healthy/healthy_3027.jpg,A,3027,False,False
dataset_complete/cacao_diseases/cacao_photos/healthy/healthy_3028.jpg,A,3028,False,True
dataset_complete/cacao_diseases/cacao_photos/healthy/healthy_3029.jpg,A,3029,False,False
dataset_complete/cacao_diseases/cacao_photos/healthy/healthy_303.jpg,A,303,False,True
dataset_complete/cacao_diseases/cacao_photos/healthy/healthy_3030.jpg,A,3030,False,True
dataset_complete/cacao_diseases/cacao_photos/healthy/healthy_3031.jpg,A,3031,False,False
dataset_complete/cacao_diseases/cacao_photos/healthy/healthy_3032.jpg,A,3032,False,False
dataset_complete/cacao_diseases/cacao_photos/healthy/healthy_3033.jpg,A,3033,False,False
dataset_complete/cacao_diseases/cacao_photos/healthy/healthy_3034.jpg,A,3034,False,False
dataset_complete/cacao_diseases/cacao_photos/healthy/healthy_3035.jpg,A,3035,False,False
dataset_complete/cacao_diseases/cacao_photos/healthy/healthy_3036.jpg,A,3036,False,False
dataset_complete/cacao_diseases/cacao_photos/healthy/healthy_3037.jpg,A,3037,False,False
dataset_complete/cacao_diseases/cacao_photos/healthy/healthy_3038.jpg,A,3038,False,False
dataset_complete/cacao_diseases/cacao_photos/healthy/healthy_3039.jpg,A,3039,False,False
dataset_complete/cacao_diseases/cacao_photos/healthy/healthy_304.jpg,A,304,False,False
dataset_complete/cacao_diseases/cacao_photos/healthy/healthy_3040.jpg,A,3040,False,False
dataset_complete/cacao_diseases/cacao_photos/healthy/healthy_3041.jpg,A,3041,False,False
dataset_complete/cacao_diseases/cacao_photos/healthy/healthy_3042.jpg,A,3042,False,False
dataset_complete/cacao_diseases/cacao_photos/healthy/healthy_3043.jpg,A,3043,False,False
dataset_complete/cacao_diseases/cacao_photos/healthy/healthy_3044.jpg,A,3044,False,False
dataset_complete/cacao_diseases/cacao_photos/healthy/healthy_3045.jpg,A,3045,False,False
dataset_complete/cacao_diseases/cacao_photos/healthy/healthy_3046.jpg,A,3046,False,False
dataset_complete/cacao_diseases/cacao_photos/healthy/healthy_3047.jpg,A,3047,False,False
dataset_complete/cacao_diseases/cacao_photos/healthy/healthy_3048.jpg,A,3048,False,False
dataset_complete/cacao_diseases/cacao_photos/healthy/healthy_3049.jpg,A,3049,False,False
dataset_complete/cacao_diseases/cacao_photos/healthy/healthy_305.jpg,A,305,False,False
dataset_complete/cacao_diseases/cacao_photos/healthy/healthy_3050.jpg,A,3050,False,False
dataset_complete/cacao_diseases/cacao_photos/healthy/healthy_3051.jpg,A,3051,False,True
dataset_complete/cacao_diseases/cacao_photos/healthy/healthy_3052.jpg,A,3052,False,False
dataset_complete/cacao_diseases/cacao_photos/healthy/healthy_3053.jpg,A,3053,False,False
dataset_complete/cacao_diseases/cacao_photos/healthy/healthy_3054.jpg,A,3054,False,True
dataset_complete/cacao_diseases/cacao_photos/healthy/healthy_3055.jpg,A,3055,False,False
dataset_complete/cacao_diseases/cacao_photos/healthy/healthy_3056.jpg,A,3056,False,False
dataset_complete/cacao_diseases/cacao_photos/healthy/healthy_3057.jpg,A,3057,False,True
dataset_complete/cacao_diseases/cacao_photos/healthy/healthy_3058.jpg,A,3058,False,False
dataset_complete/cacao_diseases/cacao_photos/healthy/healthy_3059.jpg,A,3059,False,True
dataset_complete/cacao_diseases/cacao_photos/healthy/healthy_306.jpg,A,306,False,True
dataset_complete/cacao_diseases/cacao_photos/healthy/healthy_3060.jpg,A,3060,False,False
dataset_complete/cacao_diseases/cacao_photos/healthy/healthy_3061.jpg,A,3061,False,False
dataset_complete/cacao_diseases/cacao_photos/healthy/healthy_3062.jpg,A,3062,False,False
dataset_complete/cacao_diseases/cacao_photos/healthy/healthy_3063.jpg,A,3063,False,False
dataset_complete/cacao_diseases/cacao_photos/healthy/healthy_3064.jpg,A,3064,False,False
dataset_complete/cacao_diseases/cacao_photos/healthy/healthy_3065.jpg,A,3065,False,True
dataset_complete/cacao_diseases/cacao_photos/healthy/healthy_3066.jpg,A,3066,False,False
dataset_complete/cacao_diseases/cacao_photos/healthy/healthy_3067.jpg,A,3067,True,True
dataset_complete/cacao_diseases/cacao_photos/healthy/healthy_3068.jpg,A,3068,False,False
dataset_complete/cacao_diseases/cacao_photos/healthy/healthy_3069.jpg,A,3069,False,False
dataset_complete/cacao_diseases/cacao_photos/healthy/healthy_307.jpg,A,307,False,True
dataset_complete/cacao_diseases/cacao_photos/healthy/healthy_3070.jpg,A,3070,False,False
dataset_complete/cacao_diseases/cacao_photos/healthy/healthy_3071.jpg,A,3071,False,False
dataset_complete/cacao_diseases/cacao_photos/healthy/healthy_3072.jpg,A,3072,True,True
dataset_complete/cacao_diseases/cacao_photos/healthy/healthy_3073.jpg,A,3073,False,False
dataset_complete/cacao_diseases/cacao_photos/healthy/healthy_3074.jpg,A,3074,False,False
dataset_complete/cacao_diseases/cacao_photos/healthy/healthy_3075.jpg,A,3075,False,False
dataset_complete/cacao_diseases/cacao_photos/healthy/healthy_3076.jpg,A,3076,False,False
dataset_complete/cacao_diseases/cacao_photos/healthy/healthy_3077.jpg,A,3077,False,False
dataset_complete/cacao_diseases/cacao_photos/healthy/healthy_3078.jpg,A,3078,False,False
dataset_complete/cacao_diseases/cacao_photos/healthy/healthy_3079.jpg,A,3079,False,False
dataset_complete/cacao_diseases/cacao_photos/healthy/healthy_308.jpg,A,308,False,False
dataset_complete/cacao_diseases/cacao_photos/healthy/healthy_3080.jpg,A,3080,False,False
dataset_complete/cacao_diseases/cacao_photos/healthy/healthy_3081.jpg,A,3081,False,False
dataset_complete/cacao_diseases/cacao_photos/healthy/healthy_3082.jpg,A,3082,False,False
dataset_complete/cacao_diseases/cacao_photos/healthy/healthy_309.jpg,A,309,False,True
dataset_complete/cacao_diseases/cacao_photos/healthy/healthy_310.jpg,A,310,False,True
dataset_complete/cacao_diseases/cacao_photos/healthy/healthy_311.jpg,A,311,False,True
dataset_complete/cacao_diseases/cacao_photos/healthy/healthy_312.jpg,A,312,False,True
dataset_complete/cacao_diseases/cacao_photos/healthy/healthy_313.jpg,A,313,False,False
dataset_complete/cacao_diseases/cacao_photos/healthy/healthy_314.jpg,A,314,False,True
dataset_complete/cacao_diseases/cacao_photos/healthy/healthy_315.jpg,A,315,False,False
dataset_complete/cacao_diseases/cacao_photos/healthy/healthy_316.jpg,A,316,False,False
dataset_complete/cacao_diseases/cacao_photos/healthy/healthy_3167.jpg,A,3167,True,False
dataset_complete/cacao_diseases/cacao_photos/healthy/healthy_3168.jpg,A,3168,True,True
dataset_complete/cacao_diseases/cacao_photos/healthy/healthy_3169.jpg,A,3169,False,False
dataset_complete/cacao_diseases/cacao_photos/healthy/healthy_317.jpg,A,317,False,False
dataset_complete/cacao_diseases/cacao_photos/healthy/healthy_3170.jpg,A,3170,False,False
dataset_complete/cacao_diseases/cacao_photos/healthy/healthy_3171.jpg,A,3171,False,False
dataset_complete/cacao_diseases/cacao_photos/healthy/healthy_3172.jpg,A,3172,False,False
dataset_complete/cacao_diseases/cacao_photos/healthy/healthy_3173.jpg,A,3173,False,True
dataset_complete/cacao_diseases/cacao_photos/healthy/healthy_3174.jpg,A,3174,False,False
dataset_complete/cacao_diseases/cacao_photos/healthy/healthy_3175.jpg,A,3175,False,False
dataset_complete/cacao_diseases/cacao_photos/healthy/healthy_3176.jpg,A,3176,True,True
dataset_complete/cacao_diseases/cacao_photos/healthy/healthy_3177.jpg,A,3177,False,True
dataset_complete/cacao_diseases/cacao_photos/healthy/healthy_3178.jpg,A,3178,False,True
dataset_complete/cacao_diseases/cacao_photos/healthy/healthy_3179.jpg,A,3179,False,True
dataset_complete/cacao_diseases/cacao_photos/healthy/healthy_318.jpg,A,318,False,True
dataset_complete/cacao_diseases/cacao_photos/healthy/healthy_3180.jpg,A,3180,False,False
dataset_complete/cacao_diseases/cacao_photos/healthy/healthy_3181.jpg,A,3181,True,True
dataset_complete/cacao_diseases/cacao_photos/healthy/healthy_3182.jpg,A,3182,False,False
dataset_complete/cacao_diseases/cacao_photos/healthy/healthy_3183.jpg,A,3183,False,False
dataset_complete/cacao_diseases/cacao_photos/healthy/healthy_3184.jpg,A,3184,False,False
dataset_complete/cacao_diseases/cacao_photos/healthy/healthy_3185.jpg,A,3185,False,False
dataset_complete/cacao_diseases/cacao_photos/healthy/healthy_3186.jpg,A,3186,False,True
dataset_complete/cacao_diseases/cacao_photos/healthy/healthy_3187.jpg,A,3187,False,True
dataset_complete/cacao_diseases/cacao_photos/healthy/healthy_3188.jpg,A,3188,False,False
dataset_complete/cacao_diseases/cacao_photos/healthy/healthy_3189.jpg,A,3189,False,False
dataset_complete/cacao_diseases/cacao_photos/healthy/healthy_319.jpg,A,319,False,False
dataset_complete/cacao_diseases/cacao_photos/healthy/healthy_3190.jpg,A,3190,False,False
dataset_complete/cacao_diseases/cacao_photos/healthy/healthy_3191.jpg,A,3191,True,True
dataset_complete/cacao_diseases/cacao_photos/healthy/healthy_3192.jpg,A,3192,False,False
dataset_complete/cacao_diseases/cacao_photos/healthy/healthy_3193.jpg,A,3193,False,False
dataset_complete/cacao_diseases/cacao_photos/healthy/healthy_3194.jpg,A,3194,False,False
dataset_complete/cacao_diseases/cacao_photos/healthy/healthy_3195.jpg,A,3195,False,True
dataset_complete/cacao_diseases/cacao_photos/healthy/healthy_3196.jpg,A,3196,False,False
dataset_complete/cacao_diseases/cacao_photos/healthy/healthy_3197.jpg,A,3197,False,False
dataset_complete/cacao_diseases/cacao_photos/healthy/healthy_3198.jpg,A,3198,False,False
dataset_complete/cacao_diseases/cacao_photos/healthy/healthy_3199.jpg,A,3199,False,False
dataset_complete/cacao_diseases/cacao_photos/healthy/healthy_320.jpg,A,320,False,True
dataset_complete/cacao_diseases/cacao_photos/healthy/healthy_3200.jpg,A,3200,False,False
dataset_complete/cacao_diseases/cacao_photos/healthy/healthy_3201.jpg,A,3201,False,False
dataset_complete/cacao_diseases/cacao_photos/healthy/healthy_3202.jpg,A,3202,False,False
dataset_complete/cacao_diseases/cacao_photos/healthy/healthy_3203.jpg,A,3203,False,False
dataset_complete/cacao_diseases/cacao_photos/healthy/healthy_3204.jpg,A,3204,False,False
dataset_complete/cacao_diseases/cacao_photos/healthy/healthy_3205.jpg,A,3205,False,False
dataset_complete/cacao_diseases/cacao_photos/healthy/healthy_3206.jpg,A,3206,False,False
dataset_complete/cacao_diseases/cacao_photos/healthy/healthy_3207.jpg,A,3207,False,False
dataset_complete/cacao_diseases/cacao_photos/healthy/healthy_3208.jpg,A,3208,False,False
dataset_complete/cacao_diseases/cacao_photos/healthy/healthy_3209.jpg,A,3209,False,False
dataset_complete/cacao_diseases/cacao_photos/healthy/healthy_321.jpg,A,321,True,True
dataset_complete/cacao_diseases/cacao_photos/healthy/healthy_3210.jpg,A,3210,False,True
dataset_complete/cacao_diseases/cacao_photos/healthy/healthy_3211.jpg,A,3211,False,False
dataset_complete/cacao_diseases/cacao_photos/healthy/healthy_3212.jpg,A,3212,False,False
dataset_complete/cacao_diseases/cacao_photos/healthy/healthy_3213.jpg,A,3213,False,True
dataset_complete/cacao_diseases/cacao_photos/healthy/healthy_3214.jpg,A,3214,False,False
dataset_complete/cacao_diseases/cacao_photos/healthy/healthy_3215.jpg,A,3215,False,False
dataset_complete/cacao_diseases/cacao_photos/healthy/healthy_3216.jpg,A,3216,False,False
dataset_complete/cacao_diseases/cacao_photos/healthy/healthy_3217.jpg,A,3217,False,False
dataset_complete/cacao_diseases/cacao_photos/healthy/healthy_3218.jpg,A,3218,False,True
dataset_complete/cacao_diseases/cacao_photos/healthy/healthy_3219.jpg,A,3219,False,True
dataset_complete/cacao_diseases/cacao_photos/healthy/healthy_322.jpg,A,322,False,True
dataset_complete/cacao_diseases/cacao_photos/healthy/healthy_3220.jpg,A,3220,False,False
dataset_complete/cacao_diseases/cacao_photos/healthy/healthy_3221.jpg,A,3221,False,False
dataset_complete/cacao_diseases/cacao_photos/healthy/healthy_3222.jpg,A,3222,False,True
dataset_complete/cacao_diseases/cacao_photos/healthy/healthy_3223.jpg,A,3223,False,False
dataset_complete/cacao_diseases/cacao_photos/healthy/healthy_3224.jpg,A,3224,False,False
dataset_complete/cacao_diseases/cacao_photos/healthy/healthy_3225.jpg,A,3225,False,False
dataset_complete/cacao_diseases/cacao_photos/healthy/healthy_3226.jpg,A,3226,False,False
dataset_complete/cacao_diseases/cacao_photos/healthy/healthy_3227.jpg,A,3227,False,False
dataset_complete/cacao_diseases/cacao_photos/healthy/healthy_3228.jpg,A,3228,False,False
dataset_complete/cacao_diseases/cacao_photos/healthy/healthy_3229.jpg,A,3229,False,False
dataset_complete/cacao_diseases/cacao_photos/healthy/healthy_323.jpg,A,323,False,True
dataset_complete/cacao_diseases/cacao_photos/healthy/healthy_3230.jpg,A,3230,False,True
dataset_complete/cacao_diseases/cacao_photos/healthy/healthy_3231.jpg,A,3231,False,False
dataset_complete/cacao_diseases/cacao_photos/healthy/healthy_3232.jpg,A,3232,False,False
dataset_complete/cacao_diseases/cacao_photos/healthy/healthy_3233.jpg,A,3233,False,False
dataset_complete/cacao_diseases/cacao_photos/healthy/healthy_3234.jpg,A,3234,False,False
dataset_complete/cacao_diseases/cacao_photos/healthy/healthy_3235.jpg,A,3235,False,False
dataset_complete/cacao_diseases/cacao_photos/healthy/healthy_3236.jpg,A,3236,False,False
dataset_complete/cacao_diseases/cacao_photos/healthy/healthy_3237.jpg,A,3237,True,True
dataset_complete/cacao_diseases/cacao_photos/healthy/healthy_3238.jpg,A,3238,False,False
dataset_complete/cacao_diseases/cacao_photos/healthy/healthy_3239.jpg,A,3239,False,False
dataset_complete/cacao_diseases/cacao_photos/healthy/healthy_324.jpg,A,324,False,True
dataset_complete/cacao_diseases/cacao_photos/healthy/healthy_3240.jpg,A,3240,False,False
dataset_complete/cacao_diseases/cacao_photos/healthy/healthy_3241.jpg,A,3241,False,True
dataset_complete/cacao_diseases/cacao_photos/healthy/healthy_3242.jpg,A,3242,False,True
dataset_complete/cacao_diseases/cacao_photos/healthy/healthy_3243.jpg,A,3243,False,True
dataset_complete/cacao_diseases/cacao_photos/healthy/healthy_3244.jpg,A,3244,False,False
dataset_complete/cacao_diseases/cacao_photos/healthy/healthy_3245.jpg,A,3245,False,True
dataset_complete/cacao_diseases/cacao_photos/healthy/healthy_3246.jpg,A,3246,False,False
dataset_complete/cacao_diseases/cacao_photos/healthy/healthy_3247.jpg,A,3247,False,False
dataset_complete/cacao_diseases/cacao_photos/healthy/healthy_3248.jpg,A,3248,False,False
dataset_complete/cacao_diseases/cacao_photos/healthy/healthy_3249.jpg,A,3249,False,False
dataset_complete/cacao_diseases/cacao_photos/healthy/healthy_325.jpg,A,325,False,False
dataset_complete/cacao_diseases/cacao_photos/healthy/healthy_3250.jpg,A,3250,False,True
dataset_complete/cacao_diseases/cacao_photos/healthy/healthy_3251.jpg,A,3251,False,False
dataset_complete/cacao_diseases/cacao_photos/healthy/healthy_3252.jpg,A,3252,False,False
dataset_complete/cacao_diseases/cacao_photos/healthy/healthy_3253.jpg,A,3253,False,False
dataset_complete/cacao_diseases/cacao_photos/healthy/healthy_3254.jpg,A,3254,False,False
dataset_complete/cacao_diseases/cacao_photos/healthy/healthy_3255.jpg,A,3255,False,False
dataset_complete/cacao_diseases/cacao_photos/healthy/healthy_3256.jpg,A,3256,False,False
dataset_complete/cacao_diseases/cacao_photos/healthy/healthy_3257.jpg,A,3257,False,False
dataset_complete/cacao_diseases/cacao_photos/healthy/healthy_3258.jpg,A,3258,False,True
dataset_complete/cacao_diseases/cacao_photos/healthy/healthy_3259.jpg,A,3259,False,False
dataset_complete/cacao_diseases/cacao_photos/healthy/healthy_326.jpg,A,326,False,False
dataset_complete/cacao_diseases/cacao_photos/healthy/healthy_3260.jpg,A,3260,False,False
dataset_complete/cacao_diseases/cacao_photos/healthy/healthy_3261.jpg,A,3261,False,True
dataset_complete/cacao_diseases/cacao_photos/healthy/healthy_3262.jpg,A,3262,False,False
dataset_complete/cacao_diseases/cacao_photos/healthy/healthy_3263.jpg,A,3263,False,False
dataset_complete/cacao_diseases/cacao_photos/healthy/healthy_3264.jpg,A,3264,False,False
dataset_complete/cacao_diseases/cacao_photos/healthy/healthy_3265.jpg,A,3265,False,False
dataset_complete/cacao_diseases/cacao_photos/healthy/healthy_3266.jpg,A,3266,False,False
dataset_complete/cacao_diseases/cacao_photos/healthy/healthy_3267.jpg,A,3267,False,False
dataset_complete/cacao_diseases/cacao_photos/healthy/healthy_3268.jpg,A,3268,False,False
dataset_complete/cacao_diseases/cacao_photos/healthy/healthy_3269.jpg,A,3269,False,False
dataset_complete/cacao_diseases/cacao_photos/healthy/healthy_327.jpg,A,327,False,False
dataset_complete/cacao_diseases/cacao_photos/healthy/healthy_3270.jpg,A,3270,False,False
dataset_complete/cacao_diseases/cacao_photos/healthy/healthy_3271.jpg,A,3271,False,False
dataset_complete/cacao_diseases/cacao_photos/healthy/healthy_3272.jpg,A,3272,False,False
dataset_complete/cacao_diseases/cacao_photos/healthy/healthy_3273.jpg,A,3273,False,False
dataset_complete/cacao_diseases/cacao_photos/healthy/healthy_3274.jpg,A,3274,False,False
dataset_complete/cacao_diseases/cacao_photos/healthy/healthy_3275.jpg,A,3275,False,False
dataset_complete/cacao_diseases/cacao_photos/healthy/healthy_3276.jpg,A,3276,True,True
dataset_complete/cacao_diseases/cacao_photos/healthy/healthy_3277.jpg,A,3277,False,False
dataset_complete/cacao_diseases/cacao_photos/healthy/healthy_3278.jpg,A,3278,False,True
dataset_complete/cacao_diseases/cacao_photos/healthy/healthy_3279.jpg,A,3279,False,True
dataset_complete/cacao_diseases/cacao_photos/healthy/healthy_328.jpg,A,328,False,False
dataset_complete/cacao_diseases/cacao_photos/healthy/healthy_3280.jpg,A,3280,False,True
dataset_complete/cacao_diseases/cacao_photos/healthy/healthy_3281.jpg,A,3281,False,True
dataset_complete/cacao_diseases/cacao_photos/healthy/healthy_3282.jpg,A,3282,True,False
dataset_complete/cacao_diseases/cacao_photos/healthy/healthy_3283.jpg,A,3283,False,True
dataset_complete/cacao_diseases/cacao_photos/healthy/healthy_3284.jpg,A,3284,False,True
dataset_complete/cacao_diseases/cacao_photos/healthy/healthy_3285.jpg,A,3285,False,False
dataset_complete/cacao_diseases/cacao_photos/healthy/healthy_3286.jpg,A,3286,False,False
dataset_complete/cacao_diseases/cacao_photos/healthy/healthy_3287.jpg,A,3287,False,True
dataset_complete/cacao_diseases/cacao_photos/healthy/healthy_3288.jpg,A,3288,False,False
dataset_complete/cacao_diseases/cacao_photos/healthy/healthy_3289.jpg,A,3289,False,False
dataset_complete/cacao_diseases/cacao_photos/healthy/healthy_329.jpg,A,329,False,True
dataset_complete/cacao_diseases/cacao_photos/healthy/healthy_3290.jpg,A,3290,False,False
dataset_complete/cacao_diseases/cacao_photos/healthy/healthy_3291.jpg,A,3291,False,False
dataset_complete/cacao_diseases/cacao_photos/healthy/healthy_3292.jpg,A,3292,False,False
dataset_complete/cacao_diseases/cacao_photos/healthy/healthy_3293.jpg,A,3293,False,False
dataset_complete/cacao_diseases/cacao_photos/healthy/healthy_3294.jpg,A,3294,False,False
dataset_complete/cacao_diseases/cacao_photos/healthy/healthy_3295.jpg,A,3295,False,False
dataset_complete/cacao_diseases/cacao_photos/healthy/healthy_3296.jpg,A,3296,False,False
dataset_complete/cacao_diseases/cacao_photos/healthy/healthy_3297.jpg,A,3297,False,False
dataset_complete/cacao_diseases/cacao_photos/healthy/healthy_3298.jpg,A,3298,False,True
dataset_complete/cacao_diseases/cacao_photos/healthy/healthy_3299.jpg,A,3299,False,False
dataset_complete/cacao_diseases/cacao_photos/healthy/healthy_330.jpg,A,330,False,False
dataset_complete/cacao_diseases/cacao_photos/healthy/healthy_3300.jpg,A,3300,True,True
dataset_complete/cacao_diseases/cacao_photos/healthy/healthy_3301.jpg,A,3301,False,False
dataset_complete/cacao_diseases/cacao_photos/healthy/healthy_3302.jpg,A,3302,False,False
dataset_complete/cacao_diseases/cacao_photos/healthy/healthy_3303.jpg,A,3303,False,False
dataset_complete/cacao_diseases/cacao_photos/healthy/healthy_3304.jpg,A,3304,False,False
dataset_complete/cacao_diseases/cacao_photos/healthy/healthy_3305.jpg,A,3305,False,False
dataset_complete/cacao_diseases/cacao_photos/healthy/healthy_3306.jpg,A,3306,False,True
dataset_complete/cacao_diseases/cacao_photos/healthy/healthy_3307.jpg,A,3307,False,False
dataset_complete/cacao_diseases/cacao_photos/healthy/healthy_3308.jpg,A,3308,False,True
dataset_complete/cacao_diseases/cacao_photos/healthy/healthy_3309.jpg,A,3309,False,False
dataset_complete/cacao_diseases/cacao_photos/healthy/healthy_331.jpg,A,331,False,False
dataset_complete/cacao_diseases/cacao_photos/healthy/healthy_3310.jpg,A,3310,False,False
dataset_complete/cacao_diseases/cacao_photos/healthy/healthy_332.jpg,A,332,False,False
dataset_complete/cacao_diseases/cacao_photos/healthy/healthy_333.jpg,A,333,False,False
dataset_complete/cacao_diseases/cacao_photos/healthy/healthy_334.jpg,A,334,False,False
dataset_complete/cacao_diseases/cacao_photos/healthy/healthy_335.jpg,A,335,True,True
dataset_complete/cacao_diseases/cacao_photos/healthy/healthy_336.jpg,A,336,True,True
dataset_complete/cacao_diseases/cacao_photos/healthy/healthy_337.jpg,A,337,False,False
dataset_complete/cacao_diseases/cacao_photos/healthy/healthy_338.jpg,A,338,False,True
dataset_complete/cacao_diseases/cacao_photos/healthy/healthy_339.jpg,A,339,False,True
dataset_complete/cacao_diseases/cacao_photos/healthy/healthy_340.jpg,A,340,False,False
dataset_complete/cacao_diseases/cacao_photos/healthy/healthy_341.jpg,A,341,False,True
dataset_complete/cacao_diseases/cacao_photos/healthy/healthy_342.jpg,A,342,False,True
dataset_complete/cacao_diseases/cacao_photos/healthy/healthy_343.jpg,A,343,False,True
dataset_complete/cacao_diseases/cacao_photos/healthy/healthy_344.jpg,A,344,False,False
dataset_complete/cacao_diseases/cacao_photos/healthy/healthy_345.jpg,A,345,False,False
dataset_complete/cacao_diseases/cacao_photos/healthy/healthy_346.jpg,A,346,True,True
dataset_complete/cacao_diseases/cacao_photos/healthy/healthy_347.jpg,A,347,False,True
dataset_complete/cacao_diseases/cacao_photos/healthy/healthy_348.jpg,A,348,False,False
dataset_complete/cacao_diseases/cacao_photos/healthy/healthy_349.jpg,A,349,False,True
dataset_complete/cacao_diseases/cacao_photos/healthy/healthy_350.jpg,A,350,False,False
dataset_complete/cacao_diseases/cacao_photos/healthy/healthy_351.jpg,A,351,False,False
dataset_complete/cacao_diseases/cacao_photos/healthy/healthy_352.jpg,A,352,False,True
dataset_complete/cacao_diseases/cacao_photos/healthy/healthy_353.jpg,A,353,False,True
dataset_complete/cacao_diseases/cacao_photos/healthy/healthy_354.jpg,A,354,False,False
dataset_complete/cacao_diseases/cacao_photos/healthy/healthy_355.jpg,A,355,False,False
dataset_complete/cacao_diseases/cacao_photos/healthy/healthy_356.jpg,A,356,False,False
dataset_complete/cacao_diseases/cacao_photos/healthy/healthy_357.jpg,A,357,False,False
dataset_complete/cacao_diseases/cacao_photos/healthy/healthy_358.jpg,A,358,True,False
dataset_complete/cacao_diseases/cacao_photos/healthy/healthy_359.jpg,A,359,True,False
dataset_complete/cacao_diseases/cacao_photos/healthy/healthy_360.jpg,A,360,False,True
dataset_complete/cacao_diseases/cacao_photos/healthy/healthy_361.jpg,A,361,False,False
dataset_complete/cacao_diseases/cacao_photos/healthy/healthy_362.jpg,B,362,False,False
dataset_complete/cacao_diseases/cacao_photos/healthy/healthy_363.jpg,B,363,False,False
dataset_complete/cacao_diseases/cacao_photos/healthy/healthy_364.jpg,B,364,False,False
dataset_complete/cacao_diseases/cacao_photos/healthy/healthy_365.jpg,B,365,False,False
dataset_complete/cacao_diseases/cacao_photos/healthy/healthy_366.jpg,B,366,False,False
dataset_complete/cacao_diseases/cacao_photos/healthy/healthy_367.jpg,B,367,False,False
dataset_complete/cacao_diseases/cacao_photos/healthy/healthy_368.jpg,B,368,False,False
dataset_complete/cacao_diseases/cacao_photos/healthy/healthy_369.jpg,B,369,False,False
dataset_complete/cacao_diseases/cacao_photos/healthy/healthy_370.jpg,A,370,False,False
dataset_complete/cacao_diseases/cacao_photos/healthy/healthy_371.jpg,B,371,False,False
dataset_complete/cacao_diseases/cacao_photos/healthy/healthy_372.jpg,B,372,False,False
dataset_complete/cacao_diseases/cacao_photos/healthy/healthy_373.jpg,B,373,False,False
dataset_complete/cacao_diseases/cacao_photos/healthy/healthy_374.jpg,B,374,False,False
dataset_complete/cacao_diseases/cacao_photos/healthy/healthy_375.jpg,B,375,False,False
dataset_complete/cacao_diseases/cacao_photos/healthy/healthy_376.jpg,B,376,False,False
dataset_complete/cacao_diseases/cacao_photos/healthy/healthy_377.jpg,B,377,False,False
dataset_complete/cacao_diseases/cacao_photos/healthy/healthy_378.jpg,B,378,False,False
dataset_complete/cacao_diseases/cacao_photos/healthy/healthy_379.jpg,B,379,False,False
dataset_complete/cacao_diseases/cacao_photos/healthy/healthy_380.jpg,B,380,False,False
dataset_complete/cacao_diseases/cacao_photos/healthy/healthy_381.jpg,A,381,False,True
dataset_complete/cacao_diseases/cacao_photos/healthy/healthy_382.jpg,B,382,False,False
dataset_complete/cacao_diseases/cacao_photos/healthy/healthy_383.jpg,B,383,False,False
dataset_complete/cacao_diseases/cacao_photos/healthy/healthy_384.jpg,B,384,False,False
dataset_complete/cacao_diseases/cacao_photos/healthy/healthy_385.jpg,B,385,False,False
dataset_complete/cacao_diseases/cacao_photos/healthy/healthy_386.jpg,B,386,False,False
dataset_complete/cacao_diseases/cacao_photos/healthy/healthy_387.jpg,B,387,False,False
dataset_complete/cacao_diseases/cacao_photos/healthy/healthy_388.jpg,B,388,False,False
dataset_complete/cacao_diseases/cacao_photos/healthy/healthy_389.jpg,B,389,False,False
dataset_complete/cacao_diseases/cacao_photos/healthy/healthy_390.jpg,B,390,False,False
dataset_complete/cacao_diseases/cacao_photos/healthy/healthy_391.jpg,B,391,False,False
dataset_complete/cacao_diseases/cacao_photos/healthy/healthy_392.jpg,A,392,False,False
dataset_complete/cacao_diseases/cacao_photos/healthy/healthy_393.jpg,B,393,False,False
dataset_complete/cacao_diseases/cacao_photos/healthy/healthy_394.jpg,B,394,False,True
dataset_complete/cacao_diseases/cacao_photos/healthy/healthy_395.jpg,B,395,False,False
dataset_complete/cacao_diseases/cacao_photos/healthy/healthy_396.jpg,B,396,False,False
dataset_complete/cacao_diseases/cacao_photos/healthy/healthy_397.jpg,B,397,False,False
dataset_complete/cacao_diseases/cacao_photos/healthy/healthy_398.jpg,B,398,False,False
dataset_complete/cacao_diseases/cacao_photos/healthy/healthy_399.jpg,B,399,False,False
dataset_complete/cacao_diseases/cacao_photos/healthy/healthy_400.jpg,B,400,False,False
dataset_complete/cacao_diseases/cacao_photos/healthy/healthy_401.jpg,B,401,False,True
dataset_complete/cacao_diseases/cacao_photos/healthy/healthy_402.jpg,B,402,False,False
dataset_complete/cacao_diseases/cacao_photos/healthy/healthy_403.jpg,A,403,False,False
dataset_complete/cacao_diseases/cacao_photos/healthy/healthy_404.jpg,B,404,False,False
dataset_complete/cacao_diseases/cacao_photos/healthy/healthy_405.jpg,B,405,False,True
dataset_complete/cacao_diseases/cacao_photos/healthy/healthy_406.jpg,B,406,True,True
dataset_complete/cacao_diseases/cacao_photos/healthy/healthy_407.jpg,B,407,False,True
dataset_complete/cacao_diseases/cacao_photos/healthy/healthy_408.jpg,B,408,False,False
dataset_complete/cacao_diseases/cacao_photos/healthy/healthy_409.jpg,B,409,True,True
dataset_complete/cacao_diseases/cacao_photos/healthy/healthy_410.jpg,B,410,True,True
dataset_complete/cacao_diseases/cacao_photos/healthy/healthy_471.jpg,B,471,True,True
dataset_complete/cacao_diseases/cacao_photos/healthy/healthy_472.jpg,B,472,False,True
dataset_complete/cacao_diseases/cacao_photos/healthy/healthy_473.jpg,B,473,False,True
dataset_complete/cacao_diseases/cacao_photos/healthy/healthy_474.jpg,B,474,False,False
dataset_complete/cacao_diseases/cacao_photos/healthy/healthy_475.jpg,B,475,False,False
dataset_complete/cacao_diseases/cacao_photos/healthy/healthy_476.jpg,B,476,False,False
dataset_complete/cacao_diseases/cacao_photos/healthy/healthy_477.jpg,B,477,False,False
dataset_complete/cacao_diseases/cacao_photos/healthy/healthy_478.jpg,B,478,False,True
dataset_complete/cacao_diseases/cacao_photos/healthy/healthy_479.jpg,B,479,False,False
dataset_complete/cacao_diseases/cacao_photos/healthy/healthy_480.jpg,B,480,False,False
dataset_complete/cacao_diseases/cacao_photos/healthy/healthy_481.jpg,A,481,False,False
dataset_complete/cacao_diseases/cacao_photos/healthy/healthy_482.jpg,B,482,False,False
dataset_complete/cacao_diseases/cacao_photos/healthy/healthy_483.jpg,B,483,False,False
dataset_complete/cacao_diseases/cacao_photos/healthy/healthy_484.jpg,B,484,False,False
dataset_complete/cacao_diseases/cacao_photos/healthy/healthy_485.jpg,B,485,False,True
dataset_complete/cacao_diseases/cacao_photos/healthy/healthy_486.jpg,B,486,False,True
dataset_complete/cacao_diseases/cacao_photos/healthy/healthy_487.jpg,B,487,False,False
dataset_complete/cacao_diseases/cacao_photos/healthy/healthy_488.jpg,B,488,False,False
dataset_complete/cacao_diseases/cacao_photos/healthy/healthy_489.jpg,B,489,False,False
dataset_complete/cacao_diseases/cacao_photos/healthy/healthy_490.jpg,B,490,False,False
dataset_complete/cacao_diseases/cacao_photos/healthy/healthy_491.jpg,B,491,False,False
dataset_complete/cacao_diseases/cacao_photos/healthy/healthy_492.jpg,A,492,False,True
dataset_complete/cacao_diseases/cacao_photos/healthy/healthy_493.jpg,B,493,False,False
dataset_complete/cacao_diseases/cacao_photos/healthy/healthy_494.jpg,B,494,False,True
dataset_complete/cacao_diseases/cacao_photos/healthy/healthy_495.jpg,B,495,False,False
dataset_complete/cacao_diseases/cacao_photos/healthy/healthy_496.jpg,B,496,False,False
dataset_complete/cacao_diseases/cacao_photos/healthy/healthy_497.jpg,B,497,False,True
dataset_complete/cacao_diseases/cacao_photos/healthy/healthy_498.jpg,B,498,False,True
dataset_complete/cacao_diseases/cacao_photos/healthy/healthy_499.jpg,B,499,False,True
dataset_complete/cacao_diseases/cacao_photos/healthy/healthy_500.jpg,B,500,False,False
dataset_complete/cacao_diseases/cacao_photos/healthy/healthy_501.jpg,B,501,False,True
dataset_complete/cacao_diseases/cacao_photos/healthy/healthy_502.jpg,B,502,False,False
dataset_complete/cacao_diseases/cacao_photos/healthy/healthy_503.jpg,A,503,False,True
dataset_complete/cacao_diseases/cacao_photos/healthy/healthy_504.jpg,B,504,False,False
dataset_complete/cacao_diseases/cacao_photos/healthy/healthy_505.jpg,B,505,False,False
dataset_complete/cacao_diseases/cacao_photos/healthy/healthy_506.jpg,B,506,False,False
dataset_complete/cacao_diseases/cacao_photos/healthy/healthy_507.jpg,B,507,False,False
dataset_complete/cacao_diseases/cacao_photos/healthy/healthy_508.jpg,B,508,False,True
dataset_complete/cacao_diseases/cacao_photos/healthy/healthy_509.jpg,B,509,False,False
dataset_complete/cacao_diseases/cacao_photos/healthy/healthy_510.jpg,B,510,False,False
dataset_complete/cacao_diseases/cacao_photos/healthy/healthy_511.jpg,B,511,False,False
dataset_complete/cacao_diseases/cacao_photos/healthy/healthy_512.jpg,B,512,False,False
dataset_complete/cacao_diseases/cacao_photos/healthy/healthy_513.jpg,B,513,False,True
dataset_complete/cacao_diseases/cacao_photos/healthy/healthy_514.jpg,A,514,False,False
dataset_complete/cacao_diseases/cacao_photos/healthy/healthy_515.jpg,B,515,False,False
dataset_complete/cacao_diseases/cacao_photos/healthy/healthy_516.jpg,B,516,False,False
dataset_complete/cacao_diseases/cacao_photos/healthy/healthy_517.jpg,B,517,False,False
dataset_complete/cacao_diseases/cacao_photos/healthy/healthy_518.jpg,B,518,False,False
dataset_complete/cacao_diseases/cacao_photos/healthy/healthy_519.jpg,B,519,False,False
dataset_complete/cacao_diseases/cacao_photos/healthy/healthy_520.jpg,B,520,False,False
dataset_complete/cacao_diseases/cacao_photos/healthy/healthy_521.jpg,B,521,False,False
dataset_complete/cacao_diseases/cacao_photos/healthy/healthy_522.jpg,B,522,False,False
dataset_complete/cacao_diseases/cacao_photos/healthy/healthy_523.jpg,B,523,False,False
dataset_complete/cacao_diseases/cacao_photos/healthy/healthy_524.jpg,B,524,False,False
dataset_complete/cacao_diseases/cacao_photos/healthy/healthy_525.jpg,A,525,False,True
dataset_complete/cacao_diseases/cacao_photos/healthy/healthy_526.jpg,B,526,False,True
dataset_complete/cacao_diseases/cacao_photos/healthy/healthy_527.jpg,B,527,False,False
dataset_complete/cacao_diseases/cacao_photos/healthy/healthy_528.jpg,B,528,False,False
dataset_complete/cacao_diseases/cacao_photos/healthy/healthy_529.jpg,B,529,False,False
dataset_complete/cacao_diseases/cacao_photos/healthy/healthy_530.jpg,B,530,False,False
dataset_complete/cacao_diseases/cacao_photos/healthy/healthy_531.jpg,B,531,False,True
dataset_complete/cacao_diseases/cacao_photos/healthy/healthy_532.jpg,B,532,False,False
dataset_complete/cacao_diseases/cacao_photos/healthy/healthy_533.jpg,B,533,False,False
dataset_complete/cacao_diseases/cacao_photos/healthy/healthy_534.jpg,B,534,False,False
dataset_complete/cacao_diseases/cacao_photos/healthy/healthy_535.jpg,B,535,False,False
dataset_complete/cacao_diseases/cacao_photos/healthy/healthy_536.jpg,A,536,False,False
dataset_complete/cacao_diseases/cacao_photos/healthy/healthy_537.jpg,B,537,False,False
dataset_complete/cacao_diseases/cacao_photos/healthy/healthy_538.jpg,B,538,False,False
dataset_complete/cacao_diseases/cacao_photos/healthy/healthy_539.jpg,B,539,False,False
dataset_complete/cacao_diseases/cacao_photos/healthy/healthy_540.jpg,B,540,False,False
dataset_complete/cacao_diseases/cacao_photos/healthy/healthy_541.jpg,B,541,False,False
dataset_complete/cacao_diseases/cacao_photos/healthy/healthy_542.jpg,B,542,False,False
dataset_complete/cacao_diseases/cacao_photos/healthy/healthy_543.jpg,B,543,False,False
dataset_complete/cacao_diseases/cacao_photos/healthy/healthy_544.jpg,B,544,False,False
dataset_complete/cacao_diseases/cacao_photos/healthy/healthy_545.jpg,B,545,False,False
dataset_complete/cacao_diseases/cacao_photos/healthy/healthy_546.jpg,B,546,False,False
dataset_complete/cacao_diseases/cacao_photos/healthy/healthy_547.jpg,A,547,False,False
dataset_complete/cacao_diseases/cacao_photos/healthy/healthy_548.jpg,B,548,False,False
dataset_complete/cacao_diseases/cacao_photos/healthy/healthy_549.jpg,B,549,False,True
dataset_complete/cacao_diseases/cacao_photos/healthy/healthy_550.jpg,B,550,False,False
dataset_complete/cacao_diseases/cacao_photos/healthy/healthy_551.jpg,B,551,False,False
dataset_complete/cacao_diseases/cacao_photos/healthy/healthy_552.jpg,B,552,False,False
dataset_complete/cacao_diseases/cacao_photos/healthy/healthy_553.jpg,B,553,False,False
dataset_complete/cacao_diseases/cacao_photos/healthy/healthy_554.jpg,B,554,False,True
dataset_complete/cacao_diseases/cacao_photos/healthy/healthy_555.jpg,B,555,False,True
dataset_complete/cacao_diseases/cacao_photos/healthy/healthy_556.jpg,B,556,False,False
dataset_complete/cacao_diseases/cacao_photos/healthy/healthy_557.jpg,B,557,False,True
dataset_complete/cacao_diseases/cacao_photos/healthy/healthy_558.jpg,A,558,False,True
dataset_complete/cacao_diseases/cacao_photos/healthy/healthy_559.jpg,A,559,False,True
dataset_complete/cacao_diseases/cacao_photos/healthy/healthy_560.jpg,B,560,False,True
dataset_complete/cacao_diseases/cacao_photos/healthy/healthy_561.jpg,B,561,True,True
dataset_complete/cacao_diseases/cacao_photos/healthy/healthy_562.jpg,B,562,False,True
dataset_complete/cacao_diseases/cacao_photos/healthy/healthy_563.jpg,B,563,False,True
dataset_complete/cacao_diseases/cacao_photos/healthy/healthy_564.jpg,B,564,True,True
dataset_complete/cacao_diseases/cacao_photos/healthy/healthy_698.jpg,B,698,True,True
dataset_complete/cacao_diseases/cacao_photos/healthy/healthy_699.jpg,B,699,True,False
dataset_complete/cacao_diseases/cacao_photos/healthy/healthy_700.jpg,B,700,False,True
dataset_complete/cacao_diseases/cacao_photos/healthy/healthy_701.jpg,B,701,False,True
dataset_complete/cacao_diseases/cacao_photos/healthy/healthy_702.jpg,B,702,False,True
dataset_complete/cacao_diseases/cacao_photos/healthy/healthy_703.jpg,A,703,False,False
dataset_complete/cacao_diseases/cacao_photos/healthy/healthy_704.jpg,B,704,False,True
dataset_complete/cacao_diseases/cacao_photos/healthy/healthy_705.jpg,B,705,False,False
dataset_complete/cacao_diseases/cacao_photos/healthy/healthy_706.jpg,B,706,True,True
dataset_complete/cacao_diseases/cacao_photos/healthy/healthy_707.jpg,B,707,False,True
dataset_complete/cacao_diseases/cacao_photos/healthy/healthy_708.jpg,B,708,False,True
dataset_complete/cacao_diseases/cacao_photos/healthy/healthy_709.jpg,B,709,False,False
dataset_complete/cacao_diseases/cacao_photos/healthy/healthy_710.jpg,B,710,False,True
dataset_complete/cacao_diseases/cacao_photos/healthy/healthy_711.jpg,B,711,False,True
dataset_complete/cacao_diseases/cacao_photos/healthy/healthy_712.jpg,B,712,False,False
dataset_complete/cacao_diseases/cacao_photos/healthy/healthy_713.jpg,B,713,False,False
dataset_complete/cacao_diseases/cacao_photos/healthy/healthy_714.jpg,A,714,False,False
dataset_complete/cacao_diseases/cacao_photos/healthy/healthy_715.jpg,B,715,False,True
dataset_complete/cacao_diseases/cacao_photos/healthy/healthy_716.jpg,B,716,False,False
dataset_complete/cacao_diseases/cacao_photos/healthy/healthy_717.jpg,B,717,False,False
dataset_complete/cacao_diseases/cacao_photos/healthy/healthy_718.jpg,B,718,False,True
dataset_complete/cacao_diseases/cacao_photos/healthy/healthy_719.jpg,B,719,False,False
dataset_complete/cacao_diseases/cacao_photos/healthy/healthy_720.jpg,B,720,False,True
dataset_complete/cacao_diseases/cacao_photos/healthy/healthy_721.jpg,B,721,False,False
dataset_complete/cacao_diseases/cacao_photos/healthy/healthy_722.jpg,B,722,False,False
dataset_complete/cacao_diseases/cacao_photos/healthy/healthy_723.jpg,B,723,False,False
dataset_complete/cacao_diseases/cacao_photos/healthy/healthy_724.jpg,B,724,False,True
dataset_complete/cacao_diseases/cacao_photos/healthy/healthy_725.jpg,A,725,False,False
dataset_complete/cacao_diseases/cacao_photos/healthy/healthy_726.jpg,B,726,False,False
dataset_complete/cacao_diseases/cacao_photos/healthy/healthy_727.jpg,B,727,False,False
dataset_complete/cacao_diseases/cacao_photos/healthy/healthy_728.jpg,B,728,False,True
dataset_complete/cacao_diseases/cacao_photos/healthy/healthy_729.jpg,B,729,False,False
dataset_complete/cacao_diseases/cacao_photos/healthy/healthy_730.jpg,B,730,False,True
dataset_complete/cacao_diseases/cacao_photos/healthy/healthy_731.jpg,B,731,False,False
dataset_complete/cacao_diseases/cacao_photos/healthy/healthy_732.jpg,B,732,False,False
dataset_complete/cacao_diseases/cacao_photos/healthy/healthy_733.jpg,B,733,False,True
dataset_complete/cacao_diseases/cacao_photos/healthy/healthy_734.jpg,B,734,False,False
dataset_complete/cacao_diseases/cacao_photos/healthy/healthy_735.jpg,B,735,False,False
dataset_complete/cacao_diseases/cacao_photos/healthy/healthy_736.jpg,A,736,False,False
dataset_complete/cacao_diseases/cacao_photos/healthy/healthy_737.jpg,B,737,False,False
dataset_complete/cacao_diseases/cacao_photos/healthy/healthy_738.jpg,B,738,False,False
dataset_complete/cacao_diseases/cacao_photos/healthy/healthy_739.jpg,B,739,False,False
dataset_complete/cacao_diseases/cacao_photos/healthy/healthy_740.jpg,B,740,False,False
dataset_complete/cacao_diseases/cacao_photos/healthy/healthy_741.jpg,B,741,False,False
dataset_complete/cacao_diseases/cacao_photos/healthy/healthy_742.jpg,B,742,False,False
dataset_complete/cacao_diseases/cacao_photos/healthy/healthy_743.jpg,B,743,False,False
dataset_complete/cacao_diseases/cacao_photos/healthy/healthy_744.jpg,B,744,False,False
dataset_complete/cacao_diseases/cacao_photos/healthy/healthy_745.jpg,B,745,False,False
dataset_complete/cacao_diseases/cacao_photos/healthy/healthy_746.jpg,B,746,False,False
dataset_complete/cacao_diseases/cacao_photos/healthy/healthy_747.jpg,A,747,False,False
dataset_complete/cacao_diseases/cacao_photos/healthy/healthy_748.jpg,B,748,False,False
dataset_complete/cacao_diseases/cacao_photos/healthy/healthy_749.jpg,B,749,False,False
dataset_complete/cacao_diseases/cacao_photos/healthy/healthy_750.jpg,B,750,False,False
dataset_complete/cacao_diseases/cacao_photos/healthy/healthy_751.jpg,B,751,False,False
dataset_complete/cacao_diseases/cacao_photos/healthy/healthy_752.jpg,B,752,False,False
dataset_complete/cacao_diseases/cacao_photos/healthy/healthy_753.jpg,B,753,False,False
dataset_complete/cacao_diseases/cacao_photos/healthy/healthy_754.jpg,B,754,False,False
dataset_complete/cacao_diseases/cacao_photos/healthy/healthy_755.jpg,B,755,False,False
dataset_complete/cacao_diseases/cacao_photos/healthy/healthy_756.jpg,B,756,False,False
dataset_complete/cacao_diseases/cacao_photos/healthy/healthy_757.jpg,B,757,False,False
dataset_complete/cacao_diseases/cacao_photos/healthy/healthy_758.jpg,A,758,False,False
dataset_complete/cacao_diseases/cacao_photos/healthy/healthy_759.jpg,B,759,False,False
dataset_complete/cacao_diseases/cacao_photos/healthy/healthy_760.jpg,B,760,False,False
dataset_complete/cacao_diseases/cacao_photos/healthy/healthy_761.jpg,B,761,False,False
dataset_complete/cacao_diseases/cacao_photos/healthy/healthy_762.jpg,B,762,False,False
dataset_complete/cacao_diseases/cacao_photos/healthy/healthy_763.jpg,B,763,False,False
dataset_complete/cacao_diseases/cacao_photos/healthy/healthy_764.jpg,B,764,False,False
dataset_complete/cacao_diseases/cacao_photos/healthy/healthy_765.jpg,B,765,False,False
dataset_complete/cacao_diseases/cacao_photos/healthy/healthy_766.jpg,B,766,False,True
dataset_complete/cacao_diseases/cacao_photos/healthy/healthy_767.jpg,B,767,False,False
dataset_complete/cacao_diseases/cacao_photos/healthy/healthy_768.jpg,B,768,False,False
dataset_complete/cacao_diseases/cacao_photos/healthy/healthy_769.jpg,A,769,False,False
dataset_complete/cacao_diseases/cacao_photos/healthy/healthy_770.jpg,B,770,False,False
dataset_complete/cacao_diseases/cacao_photos/healthy/healthy_771.jpg,B,771,False,False
dataset_complete/cacao_diseases/cacao_photos/healthy/healthy_772.jpg,B,772,False,False
dataset_complete/cacao_diseases/cacao_photos/healthy/healthy_773.jpg,B,773,False,False
dataset_complete/cacao_diseases/cacao_photos/healthy/healthy_774.jpg,B,774,False,False
dataset_complete/cacao_diseases/cacao_photos/healthy/healthy_775.jpg,B,775,False,False
dataset_complete/cacao_diseases/cacao_photos/healthy/healthy_776.jpg,B,776,False,False
dataset_complete/cacao_diseases/cacao_photos/healthy/healthy_777.jpg,B,777,False,False
dataset_complete/cacao_diseases/cacao_photos/healthy/healthy_778.jpg,B,778,False,False
dataset_complete/cacao_diseases/cacao_photos/healthy/healthy_779.jpg,B,779,False,False
dataset_complete/cacao_diseases/cacao_photos/healthy/healthy_780.jpg,A,780,False,True
dataset_complete/cacao_diseases/cacao_photos/healthy/healthy_781.jpg,A,781,False,False
dataset_complete/cacao_diseases/cacao_photos/healthy/healthy_782.jpg,B,782,False,False
dataset_complete/cacao_diseases/cacao_photos/healthy/healthy_783.jpg,B,783,False,False
dataset_complete/cacao_diseases/cacao_photos/healthy/healthy_784.jpg,B,784,False,False
dataset_complete/cacao_diseases/cacao_photos/healthy/healthy_785.jpg,B,785,False,True
dataset_complete/cacao_diseases/cacao_photos/healthy/healthy_786.jpg,B,786,False,False
dataset_complete/cacao_diseases/cacao_photos/healthy/healthy_787.jpg,B,787,False,False
dataset_complete/cacao_diseases/cacao_photos/healthy/healthy_788.jpg,B,788,False,False
dataset_complete/cacao_diseases/cacao_photos/healthy/healthy_789.jpg,B,789,False,False
dataset_complete/cacao_diseases/cacao_photos/healthy/healthy_790.jpg,B,790,False,True
dataset_complete/cacao_diseases/cacao_photos/healthy/healthy_791.jpg,B,791,False,True
dataset_complete/cacao_diseases/cacao_photos/healthy/healthy_792.jpg,A,792,False,False
dataset_complete/cacao_diseases/cacao_photos/healthy/healthy_793.jpg,B,793,False,False
dataset_complete/cacao_diseases/cacao_photos/healthy/healthy_794.jpg,B,794,False,False
dataset_complete/cacao_diseases/cacao_photos/healthy/healthy_795.jpg,B,795,False,True
dataset_complete/cacao_diseases/cacao_photos/healthy/healthy_796.jpg,B,796,False,False
dataset_complete/cacao_diseases/cacao_photos/healthy/healthy_797.jpg,B,797,False,False
dataset_complete/cacao_diseases/cacao_photos/healthy/healthy_798.jpg,B,798,False,True
dataset_complete/cacao_diseases/cacao_photos/healthy/healthy_799.jpg,B,799,False,True
dataset_complete/cacao_diseases/cacao_photos/healthy/healthy_800.jpg,B,800,False,False
dataset_complete/cacao_diseases/cacao_photos/healthy/healthy_801.jpg,B,801,False,False
dataset_complete/cacao_diseases/cacao_photos/healthy/healthy_802.jpg,B,802,False,True
dataset_complete/cacao_diseases/cacao_photos/healthy/healthy_803.jpg,A,803,False,False
dataset_complete/cacao_diseases/cacao_photos/healthy/healthy_804.jpg,B,804,False,False
dataset_complete/cacao_diseases/cacao_photos/healthy/healthy_805.jpg,B,805,False,False
dataset_complete/cacao_diseases/cacao_photos/healthy/healthy_806.jpg,B,806,False,False
dataset_complete/cacao_diseases/cacao_photos/healthy/healthy_807.jpg,B,807,False,False
dataset_complete/cacao_diseases/cacao_photos/healthy/healthy_808.jpg,B,808,False,False
dataset_complete/cacao_diseases/cacao_photos/healthy/healthy_809.jpg,B,809,False,True
dataset_complete/cacao_diseases/cacao_photos/healthy/healthy_810.jpg,B,810,False,False
dataset_complete/cacao_diseases/cacao_photos/healthy/healthy_811.jpg,B,811,False,False
dataset_complete/cacao_diseases/cacao_photos/healthy/healthy_812.jpg,B,812,False,True
dataset_complete/cacao_diseases/cacao_photos/healthy/healthy_813.jpg,B,813,False,False
dataset_complete/cacao_diseases/cacao_photos/healthy/healthy_814.jpg,A,814,False,True
dataset_complete/cacao_diseases/cacao_photos/healthy/healthy_815.jpg,B,815,False,False
dataset_complete/cacao_diseases/cacao_photos/healthy/healthy_816.jpg,B,816,False,False
dataset_complete/cacao_diseases/cacao_photos/healthy/healthy_817.jpg,B,817,False,True
dataset_complete/cacao_diseases/cacao_photos/healthy/healthy_818.jpg,B,818,False,True
dataset_complete/cacao_diseases/cacao_photos/healthy/healthy_819.jpg,B,819,False,False
dataset_complete/cacao_diseases/cacao_photos/healthy/healthy_820.jpg,B,820,False,False
dataset_complete/cacao_diseases/cacao_photos/healthy/healthy_821.jpg,B,821,False,False
dataset_complete/cacao_diseases/cacao_photos/healthy/healthy_822.jpg,B,822,False,False
dataset_complete/cacao_diseases/cacao_photos/healthy/healthy_823.jpg,B,823,False,False
dataset_complete/cacao_diseases/cacao_photos/healthy/healthy_824.jpg,B,824,False,False
dataset_complete/cacao_diseases/cacao_photos/healthy/healthy_825.jpg,A,825,True,True
dataset_complete/cacao_diseases/cacao_photos/healthy/healthy_826.jpg,B,826,False,False
dataset_complete/cacao_diseases/cacao_photos/healthy/healthy_827.jpg,B,827,False,False
dataset_complete/cacao_diseases/cacao_photos/healthy/healthy_828.jpg,B,828,False,True
dataset_complete/cacao_diseases/cacao_photos/healthy/healthy_829.jpg,B,829,False,False
dataset_complete/cacao_diseases/cacao_photos/healthy/healthy_830.jpg,B,830,False,False
dataset_complete/cacao_diseases/cacao_photos/healthy/healthy_831.jpg,B,831,False,False
dataset_complete/cacao_diseases/cacao_photos/healthy/healthy_832.jpg,B,832,False,False
dataset_complete/cacao_diseases/cacao_photos/healthy/healthy_833.jpg,B,833,False,False
dataset_complete/cacao_diseases/cacao_photos/healthy/healthy_834.jpg,B,834,False,False
dataset_complete/cacao_diseases/cacao_photos/healthy/healthy_835.jpg,B,835,False,False
dataset_complete/cacao_diseases/cacao_photos/healthy/healthy_836.jpg,A,836,False,False
dataset_complete/cacao_diseases/cacao_photos/healthy/healthy_837.jpg,B,837,False,False
dataset_complete/cacao_diseases/cacao_photos/healthy/healthy_838.jpg,B,838,False,False
dataset_complete/cacao_diseases/cacao_photos/healthy/healthy_839.jpg,B,839,False,False
dataset_complete/cacao_diseases/cacao_photos/healthy/healthy_840.jpg,B,840,False,True
dataset_complete/cacao_diseases/cacao_photos/healthy/healthy_841.jpg,B,841,False,False
dataset_complete/cacao_diseases/cacao_photos/healthy/healthy_842.jpg,B,842,False,True
dataset_complete/cacao_diseases/cacao_photos/healthy/healthy_843.jpg,B,843,False,False
dataset_complete/cacao_diseases/cacao_photos/healthy/healthy_844.jpg,B,844,False,True
dataset_complete/cacao_diseases/cacao_photos/healthy/healthy_845.jpg,B,845,False,True
dataset_complete/cacao_diseases/cacao_photos/healthy/healthy_846.jpg,B,846,False,False
dataset_complete/cacao_diseases/cacao_photos/healthy/healthy_847.jpg,A,847,False,False
dataset_complete/cacao_diseases/cacao_photos/healthy/healthy_848.jpg,B,848,False,False
dataset_complete/cacao_diseases/cacao_photos/healthy/healthy_849.jpg,B,849,False,False
dataset_complete/cacao_diseases/cacao_photos/healthy/healthy_850.jpg,B,850,False,True
dataset_complete/cacao_diseases/cacao_photos/healthy/healthy_851.jpg,B,851,False,False
dataset_complete/cacao_diseases/cacao_photos/healthy/healthy_852.jpg,B,852,False,False
dataset_complete/cacao_diseases/cacao_photos/healthy/healthy_853.jpg,B,853,False,False
dataset_complete/cacao_diseases/cacao_photos/healthy/healthy_854.jpg,B,854,False,False
dataset_complete/cacao_diseases/cacao_photos/healthy/healthy_855.jpg,B,855,False,False
dataset_complete/cacao_diseases/cacao_photos/healthy/healthy_856.jpg,B,856,False,True
dataset_complete/cacao_diseases/cacao_photos/healthy/healthy_857.jpg,B,857,False,False
dataset_complete/cacao_diseases/cacao_photos/healthy/healthy_858.jpg,A,858,False,False
dataset_complete/cacao_diseases/cacao_photos/healthy/healthy_859.jpg,B,859,False,False
dataset_complete/cacao_diseases/cacao_photos/healthy/healthy_860.jpg,B,860,False,True
dataset_complete/cacao_diseases/cacao_photos/healthy/healthy_861.jpg,B,861,False,False
dataset_complete/cacao_diseases/cacao_photos/healthy/healthy_862.jpg,B,862,False,False
dataset_complete/cacao_diseases/cacao_photos/healthy/healthy_863.jpg,B,863,False,False
dataset_complete/cacao_diseases/cacao_photos/healthy/healthy_864.jpg,B,864,False,False
dataset_complete/cacao_diseases/cacao_photos/healthy/healthy_865.jpg,B,865,False,False
dataset_complete/cacao_diseases/cacao_photos/healthy/healthy_866.jpg,B,866,False,False
dataset_complete/cacao_diseases/cacao_photos/healthy/healthy_867.jpg,B,867,False,False
dataset_complete/cacao_diseases/cacao_photos/healthy/healthy_868.jpg,B,868,False,False
dataset_complete/cacao_diseases/cacao_photos/healthy/healthy_869.jpg,A,869,False,True
dataset_complete/cacao_diseases/cacao_photos/healthy/healthy_870.jpg,B,870,False,False
dataset_complete/cacao_diseases/cacao_photos/healthy/healthy_871.jpg,B,871,False,False
dataset_complete/cacao_diseases/cacao_photos/healthy/healthy_872.jpg,B,872,False,False
dataset_complete/cacao_diseases/cacao_photos/healthy/healthy_873.jpg,B,873,False,False
dataset_complete/cacao_diseases/cacao_photos/healthy/healthy_874.jpg,B,874,False,True
dataset_complete/cacao_diseases/cacao_photos/healthy/healthy_875.jpg,B,875,False,False
dataset_complete/cacao_diseases/cacao_photos/healthy/healthy_876.jpg,B,876,False,False
dataset_complete/cacao_diseases/cacao_photos/healthy/healthy_877.jpg,B,877,False,False
dataset_complete/cacao_diseases/cacao_photos/healthy/healthy_878.jpg,B,878,False,False
dataset_complete/cacao_diseases/cacao_photos/healthy/healthy_879.jpg,B,879,False,False
dataset_complete/cacao_diseases/cacao_photos/healthy/healthy_880.jpg,A,880,False,True
dataset_complete/cacao_diseases/cacao_photos/healthy/healthy_881.jpg,B,881,False,True
dataset_complete/cacao_diseases/cacao_photos/healthy/healthy_882.jpg,B,882,False,False
dataset_complete/cacao_diseases/cacao_photos/healthy/healthy_883.jpg,B,883,False,False
dataset_complete/cacao_diseases/cacao_photos/healthy/healthy_884.jpg,B,884,False,False
dataset_complete/cacao_diseases/cacao_photos/healthy/healthy_885.jpg,B,885,False,False
dataset_complete/cacao_diseases/cacao_photos/healthy/healthy_886.jpg,B,886,False,False
dataset_complete/cacao_diseases/cacao_photos/healthy/healthy_887.jpg,B,887,False,False
dataset_complete/cacao_diseases/cacao_photos/healthy/healthy_888.jpg,B,888,False,False
dataset_complete/cacao_diseases/cacao_photos/healthy/healthy_889.jpg,B,889,False,False
dataset_complete/cacao_diseases/cacao_photos/healthy/healthy_890.jpg,B,890,False,False
dataset_complete/cacao_diseases/cacao_photos/healthy/healthy_891.jpg,A,891,False,True
dataset_complete/cacao_diseases/cacao_photos/healthy/healthy_892.jpg,A,892,False,False
dataset_complete/cacao_diseases/cacao_photos/healthy/healthy_893.jpg,B,893,False,False
dataset_complete/cacao_diseases/cacao_photos/healthy/healthy_894.jpg,B,894,False,True
dataset_complete/cacao_diseases/cacao_photos/healthy/healthy_895.jpg,B,895,False,False
dataset_complete/cacao_diseases/cacao_photos/healthy/healthy_896.jpg,B,896,False,False
dataset_complete/cacao_diseases/cacao_photos/healthy/healthy_897.jpg,B,897,False,False
dataset_complete/cacao_diseases/cacao_photos/healthy/healthy_898.jpg,B,898,False,False
dataset_complete/cacao_diseases/cacao_photos/healthy/healthy_899.jpg,B,899,False,False
dataset_complete/cacao_diseases/cacao_photos/healthy/healthy_900.jpg,B,900,False,False
dataset_complete/cacao_diseases/cacao_photos/healthy/healthy_901.jpg,B,901,False,False
dataset_complete/cacao_diseases/cacao_photos/healthy/healthy_902.jpg,B,902,False,False
dataset_complete/cacao_diseases/cacao_photos/healthy/healthy_903.jpg,A,903,False,False
dataset_complete/cacao_diseases/cacao_photos/healthy/healthy_904.jpg,B,904,False,False
dataset_complete/cacao_diseases/cacao_photos/healthy/healthy_905.jpg,B,905,False,False
dataset_complete/cacao_diseases/cacao_photos/healthy/healthy_906.jpg,B,906,False,True
dataset_complete/cacao_diseases/cacao_photos/healthy/healthy_907.jpg,B,907,False,False
dataset_complete/cacao_diseases/cacao_photos/healthy/healthy_908.jpg,B,908,False,False
dataset_complete/cacao_diseases/cacao_photos/healthy/healthy_909.jpg,B,909,False,False
dataset_complete/cacao_diseases/cacao_photos/healthy/healthy_910.jpg,B,910,False,False
dataset_complete/cacao_diseases/cacao_photos/healthy/healthy_911.jpg,B,911,False,False
dataset_complete/cacao_diseases/cacao_photos/healthy/healthy_912.jpg,B,912,False,False
dataset_complete/cacao_diseases/cacao_photos/healthy/healthy_913.jpg,B,913,False,False
dataset_complete/cacao_diseases/cacao_photos/healthy/healthy_914.jpg,A,914,False,False
dataset_complete/cacao_diseases/cacao_photos/healthy/healthy_915.jpg,B,915,False,True
dataset_complete/cacao_diseases/cacao_photos/healthy/healthy_916.jpg,B,916,False,False
dataset_complete/cacao_diseases/cacao_photos/healthy/healthy_917.jpg,B,917,False,False
dataset_complete/cacao_diseases/cacao_photos/healthy/healthy_918.jpg,B,918,False,False
dataset_complete/cacao_diseases/cacao_photos/healthy/healthy_919.jpg,B,919,False,False
dataset_complete/cacao_diseases/cacao_photos/healthy/healthy_920.jpg,B,920,False,False
dataset_complete/cacao_diseases/cacao_photos/healthy/healthy_921.jpg,B,921,False,False
dataset_complete/cacao_diseases/cacao_photos/healthy/healthy_922.jpg,B,922,True,False
dataset_complete/cacao_diseases/cacao_photos/healthy/healthy_923.jpg,B,923,False,False
dataset_complete/cacao_diseases/cacao_photos/healthy/healthy_924.jpg,B,924,False,False
dataset_complete/cacao_diseases/cacao_photos/healthy/healthy_925.jpg,A,925,False,False
dataset_complete/cacao_diseases/cacao_photos/healthy/healthy_926.jpg,B,926,False,False
dataset_complete/cacao_diseases/cacao_photos/healthy/healthy_927.jpg,B,927,False,False
dataset_complete/cacao_diseases/cacao_photos/healthy/healthy_928.jpg,B,928,False,False
dataset_complete/cacao_diseases/cacao_photos/healthy/healthy_929.jpg,B,929,False,False
dataset_complete/cacao_diseases/cacao_photos/healthy/healthy_930.jpg,B,930,True,False
dataset_complete/cacao_diseases/cacao_photos/healthy/healthy_931.jpg,B,931,False,False
dataset_complete/cacao_diseases/cacao_photos/healthy/healthy_932.jpg,B,932,False,False
dataset_complete/cacao_diseases/cacao_photos/healthy/healthy_933.jpg,B,933,False,False
dataset_complete/cacao_diseases/cacao_photos/healthy/healthy_934.jpg,B,934,False,True
dataset_complete/cacao_diseases/cacao_photos/healthy/healthy_935.jpg,B,935,False,False
dataset_complete/cacao_diseases/cacao_photos/healthy/healthy_936.jpg,A,936,False,True
dataset_complete/cacao_diseases/cacao_photos/healthy/healthy_937.jpg,B,937,False,False
dataset_complete/cacao_diseases/cacao_photos/healthy/healthy_938.jpg,B,938,False,False
dataset_complete/cacao_diseases/cacao_photos/healthy/healthy_939.jpg,B,939,False,False
dataset_complete/cacao_diseases/cacao_photos/healthy/healthy_940.jpg,B,940,False,False
dataset_complete/cacao_diseases/cacao_photos/healthy/healthy_941.jpg,B,941,False,False
dataset_complete/cacao_diseases/cacao_photos/healthy/healthy_942.jpg,B,942,False,False
dataset_complete/cacao_diseases/cacao_photos/healthy/healthy_943.jpg,B,943,False,False
dataset_complete/cacao_diseases/cacao_photos/healthy/healthy_944.jpg,B,944,False,False
dataset_complete/cacao_diseases/cacao_photos/healthy/healthy_945.jpg,B,945,False,False
dataset_complete/cacao_diseases/cacao_photos/healthy/healthy_946.jpg,B,946,False,False
dataset_complete/cacao_diseases/cacao_photos/healthy/healthy_947.jpg,A,947,False,False
dataset_complete/cacao_diseases/cacao_photos/healthy/healthy_948.jpg,B,948,False,False
dataset_complete/cacao_diseases/cacao_photos/healthy/healthy_949.jpg,B,949,False,False
dataset_complete/cacao_diseases/cacao_photos/healthy/healthy_950.jpg,B,950,False,False
dataset_complete/cacao_diseases/cacao_photos/healthy/healthy_951.jpg,B,951,False,False
dataset_complete/cacao_diseases/cacao_photos/healthy/healthy_952.jpg,B,952,False,False
dataset_complete/cacao_diseases/cacao_photos/healthy/healthy_953.jpg,B,953,False,False
dataset_complete/cacao_diseases/cacao_photos/healthy/healthy_954.jpg,B,954,True,False
dataset_complete/cacao_diseases/cacao_photos/healthy/healthy_955.jpg,B,955,False,False
dataset_complete/cacao_diseases/cacao_photos/healthy/healthy_956.jpg,B,956,False,False
dataset_complete/cacao_diseases/cacao_photos/healthy/healthy_957.jpg,B,957,False,True
dataset_complete/cacao_diseases/cacao_photos/healthy/healthy_958.jpg,A,958,False,False
dataset_complete/cacao_diseases/cacao_photos/healthy/healthy_959.jpg,B,959,False,True
dataset_complete/cacao_diseases/cacao_photos/healthy/healthy_960.jpg,B,960,False,True
dataset_complete/cacao_diseases/cacao_photos/healthy/healthy_961.jpg,B,961,False,False
dataset_complete/cacao_diseases/cacao_photos/healthy/healthy_962.jpg,B,962,False,False
dataset_complete/cacao_diseases/cacao_photos/healthy/healthy_963.jpg,B,963,False,False
dataset_complete/cacao_diseases/cacao_photos/healthy/healthy_964.jpg,B,964,False,False
dataset_complete/cacao_diseases/cacao_photos/healthy/healthy_965.jpg,B,965,False,False
dataset_complete/cacao_diseases/cacao_photos/healthy/healthy_966.jpg,B,966,True,True
dataset_complete/cacao_diseases/cacao_photos/healthy/healthy_967.jpg,B,967,False,False
dataset_complete/cacao_diseases/cacao_photos/healthy/healthy_968.jpg,B,968,False,True
dataset_complete/cacao_diseases/cacao_photos/healthy/healthy_969.jpg,A,969,False,False
dataset_complete/cacao_diseases/cacao_photos/healthy/healthy_970.jpg,B,970,False,False
dataset_complete/cacao_diseases/cacao_photos/healthy/healthy_971.jpg,B,971,False,True
dataset_complete/cacao_diseases/cacao_photos/healthy/healthy_972.jpg,B,972,False,False
dataset_complete/cacao_diseases/cacao_photos/healthy/healthy_973.jpg,B,973,False,False
dataset_complete/cacao_diseases/cacao_photos/healthy/healthy_974.jpg,B,974,False,False
dataset_complete/cacao_diseases/cacao_photos/healthy/healthy_975.jpg,B,975,False,False
dataset_complete/cacao_diseases/cacao_photos/healthy/healthy_976.jpg,B,976,False,False
dataset_complete/cacao_diseases/cacao_photos/healthy/healthy_977.jpg,B,977,False,False
dataset_complete/cacao_diseases/cacao_photos/healthy/healthy_978.jpg,B,978,False,True
dataset_complete/cacao_diseases/cacao_photos/healthy/healthy_979.jpg,B,979,False,False
dataset_complete/cacao_diseases/cacao_photos/healthy/healthy_980.jpg,A,980,False,True
dataset_complete/cacao_diseases/cacao_photos/healthy/healthy_981.jpg,B,981,False,False
dataset_complete/cacao_diseases/cacao_photos/healthy/healthy_982.jpg,B,982,False,False
dataset_complete/cacao_diseases/cacao_photos/healthy/healthy_983.jpg,B,983,False,False
dataset_complete/cacao_diseases/cacao_photos/healthy/healthy_984.jpg,B,984,False,True
dataset_complete/cacao_diseases/cacao_photos/healthy/healthy_985.jpg,B,985,False,False
dataset_complete/cacao_diseases/cacao_photos/healthy/healthy_986.jpg,B,986,False,False
dataset_complete/cacao_diseases/cacao_photos/healthy/healthy_987.jpg,B,987,False,False
dataset_complete/cacao_diseases/cacao_photos/healthy/healthy_988.jpg,B,988,True,True
dataset_complete/cacao_diseases/cacao_photos/healthy/healthy_989.jpg,B,989,False,True
dataset_complete/cacao_diseases/cacao_photos/healthy/healthy_990.jpg,B,990,False,False
dataset_complete/cacao_diseases/cacao_photos/healthy/healthy_991.jpg,A,991,False,True
dataset_complete/cacao_diseases/cacao_photos/healthy/healthy_992.jpg,B,992,False,False
dataset_complete/cacao_diseases/cacao_photos/healthy/healthy_993.jpg,B,993,False,False
dataset_complete/cacao_diseases/cacao_photos/healthy/healthy_994.jpg,B,994,False,False
dataset_complete/cacao_diseases/cacao_photos/healthy/healthy_995.jpg,B,995,False,True
dataset_complete/cacao_diseases/cacao_photos/healthy/healthy_996.jpg,B,996,True,True
dataset_complete/cacao_diseases/cacao_photos/healthy/healthy_997.jpg,B,997,False,False
dataset_complete/cacao_diseases/cacao_photos/healthy/healthy_998.jpg,B,998,False,False
dataset_complete/cacao_diseases/cacao_photos/healthy/healthy_999.jpg,B,999,False,True
