md5,image_path,label,phash,w,h,cache_path,tamano,fuente,ham_min_usadas,cos_max_usadas,vecino_usado,clase_vecino,gemela,vinculo_regla,vinculo_dudoso,sim_escena_cajon,escena_cajon,group
680fbc5a57801a7bc81d695ac411ca32,dataset_complete/cacao_diseases/cacao_photos/healthy/healthy_1000.jpg,0,8b293cf6c1175dd0,2160,2160,/workspace/cacao/cache_256/dataset_complete/cacao_diseases/cacao_photos/healthy/healthy_1000.png,2160x2160,B,18,0.8601277,dataT/healthy/healthy_1200.jpg,0,False,False,False,0.47779334,False,0
46a8130305ee0eb793b9991062f7bebc,dataset_complete/cacao_diseases/cacao_photos/healthy/healthy_1001.jpg,0,ccbb183134f9e24e,2160,2160,/workspace/cacao/cache_256/dataset_complete/cacao_diseases/cacao_photos/healthy/healthy_1001.png,2160x2160,B,18,0.8842639,dataT/healthy/healthy_1219.jpg,0,False,False,True,0.4944402,False,1
4466fc1b86bec1e0d55bfafb3a2afb4f,dataset_complete/cacao_diseases/cacao_photos/healthy/healthy_1002.jpg,0,936f8d54727a3a28,1080,1080,/workspace/cacao/cache_256/dataset_complete/cacao_diseases/cacao_photos/healthy/healthy_1002.png,1080x1080,A,14,0.91172755,dataT/healthy/healthy_225.jpg,0,False,False,True,0.44126314,False,2
aab4fa99fb599310df2be932a35a6cad,dataset_complete/cacao_diseases/cacao_photos/healthy/healthy_1003.jpg,0,8769dc63e2135792,1080,1080,/workspace/cacao/cache_256/dataset_complete/cacao_diseases/cacao_photos/healthy/healthy_1003.png,1080x1080,A,16,0.8748306,dataT/healthy/healthy_2117.jpg,0,False,False,True,0.42711362,False,3
37f644763f733e4ab3d94628981c15db,dataset_complete/cacao_diseases/cacao_photos/healthy/healthy_1004.jpg,0,99f4a07e7026adb8,2160,2160,/workspace/cacao/cache_256/dataset_complete/cacao_diseases/cacao_photos/healthy/healthy_1004.png,2160x2160,B,16,0.90681,dataT/healthy/healthy_1187.jpg,0,False,False,True,0.34972057,False,4
894e995eced2c89e5506d324afaf9e23,dataset_complete/cacao_diseases/cacao_photos/healthy/healthy_1005.jpg,0,c77cf961a18592cc,2160,2160,/workspace/cacao/cache_256/dataset_complete/cacao_diseases/cacao_photos/healthy/healthy_1005.png,2160x2160,B,18,0.8649099,dataT/healthy/healthy_1075.jpg,0,True,True,True,0.4410385,False,5
b6d83effc55bf866bafd6323d34b18cc,dataset_complete/cacao_diseases/cacao_photos/healthy/healthy_1006.jpg,0,cc90636f33cd49ac,2160,2160,/workspace/cacao/cache_256/dataset_complete/cacao_diseases/cacao_photos/healthy/healthy_1006.png,2160x2160,B,16,0.8960327,dataT/healthy/healthy_1034.jpg,0,True,True,True,0.45939922,False,6
da557ce9d5fe9960a179fd896e998536,dataset_complete/cacao_diseases/cacao_photos/healthy/healthy_1007.jpg,0,d73d991c0bc768a4,2160,2160,/workspace/cacao/cache_256/dataset_complete/cacao_diseases/cacao_photos/healthy/healthy_1007.png,2160x2160,B,18,0.8758383,dataT/healthy/healthy_675.jpg,0,True,True,True,0.4300821,False,7
c42ac95e7bab971f251efc4be7afcc0b,dataset_complete/cacao_diseases/cacao_photos/healthy/healthy_1008.jpg,0,ce69b93c34e1a607,2160,2160,/workspace/cacao/cache_256/dataset_complete/cacao_diseases/cacao_photos/healthy/healthy_1008.png,2160x2160,B,14,0.86414444,dataT/healthy/healthy_2782.jpg,0,False,False,False,0.40873253,False,8
90cafa943425a26b735ee74a794f5aba,dataset_complete/cacao_diseases/cacao_photos/healthy/healthy_109.jpg,0,a391bc346b27745a,1080,1080,/workspace/cacao/cache_256/dataset_complete/cacao_diseases/cacao_photos/healthy/healthy_109.png,1080x1080,A,18,0.8503287,dataT/healthy/healthy_1644.jpg,0,False,False,False,0.49171126,False,9
85e6ec7849831d455584d5460510f43c,dataset_complete/cacao_diseases/cacao_photos/healthy/healthy_1092.jpg,0,96e7c936d4564147,2160,2160,/workspace/cacao/cache_256/dataset_complete/cacao_diseases/cacao_photos/healthy/healthy_1092.png,2160x2160,B,12,0.9152546,dataT/healthy/healthy_1081.jpg,0,True,True,True,0.45624226,False,10
263ac2b5664c23acc959193dfae2b25a,dataset_complete/cacao_diseases/cacao_photos/healthy/healthy_1093.jpg,0,cbe0c540426e3efe,2160,2160,/workspace/cacao/cache_256/dataset_complete/cacao_diseases/cacao_photos/healthy/healthy_1093.png,2160x2160,B,18,0.8750028,dataT/healthy/healthy_223.jpg,0,False,False,False,0.50785697,False,11
9516d115d908fe9b1af76aba86c75fcc,dataset_complete/cacao_diseases/cacao_photos/healthy/healthy_1094.jpg,0,8eb1ec2716d304dd,2160,2160,/workspace/cacao/cache_256/dataset_complete/cacao_diseases/cacao_photos/healthy/healthy_1094.png,2160x2160,B,18,0.8349603,dataT/healthy/healthy_652.jpg,0,True,True,False,0.47504786,False,12
135a8da22a080f9be837b0bce51768bb,dataset_complete/cacao_diseases/cacao_photos/healthy/healthy_1095.jpg,0,c3e71a365013f8f8,2160,2160,/workspace/cacao/cache_256/dataset_complete/cacao_diseases/cacao_photos/healthy/healthy_1095.png,2160x2160,B,18,0.89637065,dataT/healthy/healthy_671.jpg,0,False,False,True,0.44358358,False,13
a7376043c38e777ae9578d6fd496e17d,dataset_complete/cacao_diseases/cacao_photos/healthy/healthy_1096.jpg,0,acb8d8121b2f7da1,2160,2160,/workspace/cacao/cache_256/dataset_complete/cacao_diseases/cacao_photos/healthy/healthy_1096.png,2160x2160,B,18,0.87415624,dataT/healthy/healthy_3155.jpg,0,False,False,False,0.5120214,False,14
23c75e96b9979ae187913a278d4295a1,dataset_complete/cacao_diseases/cacao_photos/healthy/healthy_1097.jpg,0,9f1898ab57a01ed5,2160,2160,/workspace/cacao/cache_256/dataset_complete/cacao_diseases/cacao_photos/healthy/healthy_1097.png,2160x2160,B,18,0.9043251,dataT/healthy/healthy_674.jpg,0,False,False,True,0.5230739,False,15
8558cbc813086a379b29f26e1dea833d,dataset_complete/cacao_diseases/cacao_photos/healthy/healthy_1098.jpg,0,f7089db6b101c3e5,2160,2160,/workspace/cacao/cache_256/dataset_complete/cacao_diseases/cacao_photos/healthy/healthy_1098.png,2160x2160,B,16,0.90193677,dataT/healthy/healthy_673.jpg,0,False,False,True,0.46886027,False,16
a1320289bc0cc4ac15758d533dab8f8b,dataset_complete/cacao_diseases/cacao_photos/healthy/healthy_1099.jpg,0,9216ed6860f4ade9,2160,2160,/workspace/cacao/cache_256/dataset_complete/cacao_diseases/cacao_photos/healthy/healthy_1099.png,2160x2160,B,16,0.8813291,dataT/healthy/healthy_1020.jpg,0,False,False,True,0.41901845,False,17
eeed00084d616964cead116dc57efc0f,dataset_complete/cacao_diseases/cacao_photos/healthy/healthy_110.jpg,0,a51e0fb4796117a3,1080,1080,/workspace/cacao/cache_256/dataset_complete/cacao_diseases/cacao_photos/healthy/healthy_110.png,1080x1080,A,14,0.8828088,dataT/healthy/healthy_2768.jpg,0,True,True,True,0.49898186,False,18
edba623726ad5a1d78941d1c11eca4e4,dataset_complete/cacao_diseases/cacao_photos/healthy/healthy_1100.jpg,0,d9262bf62015f574,2160,2160,/workspace/cacao/cache_256/dataset_complete/cacao_diseases/cacao_photos/healthy/healthy_1100.png,2160x2160,B,20,0.9078252,dataT/healthy/healthy_675.jpg,0,False,False,True,0.40785414,False,19
b655690fec60dc01b4c6d376be7186ff,dataset_complete/cacao_diseases/cacao_photos/healthy/healthy_1101.jpg,0,cfd1758772653038,2160,2160,/workspace/cacao/cache_256/dataset_complete/cacao_diseases/cacao_photos/healthy/healthy_1101.png,2160x2160,B,16,0.8992214,dataT/healthy/healthy_1060.jpg,0,False,False,True,0.46745685,False,20
6f801682d3ad4487870506ecbc180ca1,dataset_complete/cacao_diseases/cacao_photos/healthy/healthy_1102.jpg,0,cccd736026661ade,1080,1080,/workspace/cacao/cache_256/dataset_complete/cacao_diseases/cacao_photos/healthy/healthy_1102.png,1080x1080,A,14,0.7920887,dataT/healthy/healthy_1051.jpg,0,False,False,False,0.349465,False,21
4729b8bbacc6c903c562f2f498738b13,dataset_complete/cacao_diseases/cacao_photos/healthy/healthy_1103.jpg,0,e1eb2e71f3831321,2160,2160,/workspace/cacao/cache_256/dataset_complete/cacao_diseases/cacao_photos/healthy/healthy_1103.png,2160x2160,B,18,0.8691623,dataT/healthy/healthy_1084.jpg,0,False,False,True,0.5472637,False,22
140b74f94bca3de1403a6f2dbfe81da7,dataset_complete/cacao_diseases/cacao_photos/healthy/healthy_1104.jpg,0,a935d96a216c33ce,2160,2160,/workspace/cacao/cache_256/dataset_complete/cacao_diseases/cacao_photos/healthy/healthy_1104.png,2160x2160,B,18,0.85991144,dataT/healthy/healthy_677.jpg,0,False,False,False,0.51933885,False,23
a3433f7dbd45e1eaafe29624bcc57fcf,dataset_complete/cacao_diseases/cacao_photos/healthy/healthy_1105.jpg,0,c8cd7309e7993790,2160,2160,/workspace/cacao/cache_256/dataset_complete/cacao_diseases/cacao_photos/healthy/healthy_1105.png,2160x2160,B,18,0.87725115,dataT/healthy/healthy_664.jpg,0,False,False,False,0.40118176,False,24
a69d671a252464e8c0f05580eb54a689,dataset_complete/cacao_diseases/cacao_photos/healthy/healthy_1106.jpg,0,cca3594ee342c29f,2160,2160,/workspace/cacao/cache_256/dataset_complete/cacao_diseases/cacao_photos/healthy/healthy_1106.png,2160x2160,B,16,0.9083397,dataT/healthy/healthy_676.jpg,0,False,False,True,0.35652173,False,25
5abfb0a037d9ab4601cf01f9e0391c3c,dataset_complete/cacao_diseases/cacao_photos/healthy/healthy_1107.jpg,0,9ea47dd0722b416b,2160,2160,/workspace/cacao/cache_256/dataset_complete/cacao_diseases/cacao_photos/healthy/healthy_1107.png,2160x2160,B,16,0.86997855,dataT/healthy/healthy_677.jpg,0,False,False,False,0.40528822,False,26
6a584219b29bf79fe37f70322b053387,dataset_complete/cacao_diseases/cacao_photos/healthy/healthy_1108.jpg,0,c246392c37674de3,2160,2160,/workspace/cacao/cache_256/dataset_complete/cacao_diseases/cacao_photos/healthy/healthy_1108.png,2160x2160,B,16,0.9330238,dataT/healthy/healthy_682.jpg,0,True,True,False,0.4663059,False,27
948e9ae1b7178c02d29a31e6d5f1d064,dataset_complete/cacao_diseases/cacao_photos/healthy/healthy_1109.jpg,0,cdf3081d561e5ab8,2160,2160,/workspace/cacao/cache_256/dataset_complete/cacao_diseases/cacao_photos/healthy/healthy_1109.png,2160x2160,B,20,0.8988868,dataT/healthy/healthy_679.jpg,0,False,False,True,0.44043434,False,28
00fe84c6e6ae658e2c9e04dca53d0b30,dataset_complete/cacao_diseases/cacao_photos/healthy/healthy_111.jpg,0,b61f1068d9fd1d28,1080,1080,/workspace/cacao/cache_256/dataset_complete/cacao_diseases/cacao_photos/healthy/healthy_111.png,1080x1080,A,14,0.8434322,dataT/healthy/healthy_108.jpg,0,True,True,True,0.48877397,False,29
a07f89a509a4936cbdb173a7f184b094,dataset_complete/cacao_diseases/cacao_photos/healthy/healthy_1110.jpg,0,d90e36227659e14f,2160,2160,/workspace/cacao/cache_256/dataset_complete/cacao_diseases/cacao_photos/healthy/healthy_1110.png,2160x2160,B,16,0.8608277,dataT/healthy/healthy_1429.jpg,0,False,False,False,0.44942883,False,30
fe0284b08f869a8e008694e21f1054af,dataset_complete/cacao_diseases/cacao_photos/healthy/healthy_1111.jpg,0,d7ccf2d2a4f4680a,2160,2160,/workspace/cacao/cache_256/dataset_complete/cacao_diseases/cacao_photos/healthy/healthy_1111.png,2160x2160,B,14,0.9255097,dataT/healthy/healthy_687.jpg,0,True,True,True,0.38948655,False,31
964d3210c6c7cf1682f7d1845f2b65ae,dataset_complete/cacao_diseases/cacao_photos/healthy/healthy_1112.jpg,0,8a7189da525a35d7,2160,2160,/workspace/cacao/cache_256/dataset_complete/cacao_diseases/cacao_photos/healthy/healthy_1112.png,2160x2160,B,18,0.8441268,dataT/healthy/healthy_450.jpg,0,False,False,False,0.3476988,False,32
259b42449436db2f71df63213a2352e0,dataset_complete/cacao_diseases/cacao_photos/healthy/healthy_1113.jpg,0,f666c9af1e1961c0,1080,1080,/workspace/cacao/cache_256/dataset_complete/cacao_diseases/cacao_photos/healthy/healthy_1113.png,1080x1080,A,16,0.857624,dataT/healthy/healthy_443.jpg,0,False,False,False,0.4988366,False,33
6d9a7105ea833c95b76db41e88af346f,dataset_complete/cacao_diseases/cacao_photos/healthy/healthy_1114.jpg,0,c31ddc263d9683c3,1080,1080,/workspace/cacao/cache_256/dataset_complete/cacao_diseases/cacao_photos/healthy/healthy_1114.png,1080x1080,A,16,0.9222697,dataT/healthy/healthy_225.jpg,0,True,True,True,0.48497778,False,34
0324e57ea7e91518c34b98f4d79b7b6c,dataset_complete/cacao_diseases/cacao_photos/healthy/healthy_1115.jpg,0,86d1c97223373aae,1080,1080,/workspace/cacao/cache_256/dataset_complete/cacao_diseases/cacao_photos/healthy/healthy_1115.png,1080x1080,A,14,0.83856165,dataT/healthy/healthy_1258.jpg,0,False,False,False,0.43615454,False,35
6b10ef33428452ff37ade00eb6a006a5,dataset_complete/cacao_diseases/cacao_photos/healthy/healthy_1116.jpg,0,c7179af849e92d21,2160,2160,/workspace/cacao/cache_256/dataset_complete/cacao_diseases/cacao_photos/healthy/healthy_1116.png,2160x2160,B,16,0.8865024,dataT/healthy/healthy_1053.jpg,0,False,False,True,0.47144723,False,36
2fbba52006e522cbb198147cbf4f806e,dataset_complete/cacao_diseases/cacao_photos/healthy/healthy_1117.jpg,0,f9aca511bb39c550,2160,2160,/workspace/cacao/cache_256/dataset_complete/cacao_diseases/cacao_photos/healthy/healthy_1117.png,2160x2160,B,18,0.86896825,dataT/healthy/healthy_2817.jpg,0,False,False,False,0.47799298,False,37
26148b905bb155adb613eec2c409401b,dataset_complete/cacao_diseases/cacao_photos/healthy/healthy_1118.jpg,0,c43e08f9beb04fc8,2160,2160,/workspace/cacao/cache_256/dataset_complete/cacao_diseases/cacao_photos/healthy/healthy_1118.png,2160x2160,B,18,0.93699336,dataT/healthy/healthy_695.jpg,0,True,True,True,0.41943365,False,38
3a863cc1bb3d129587b4ffc984bc2429,dataset_complete/cacao_diseases/cacao_photos/healthy/healthy_1119.jpg,0,9f65d8b2905a68b5,2160,2160,/workspace/cacao/cache_256/dataset_complete/cacao_diseases/cacao_photos/healthy/healthy_1119.png,2160x2160,B,14,0.9017302,dataT/healthy/healthy_697.jpg,0,False,False,True,0.5287925,False,39
a8f8b05c6e636b13764a9e55c0eecfed,dataset_complete/cacao_diseases/cacao_photos/healthy/healthy_112.jpg,0,be1f91089169976e,1080,1080,/workspace/cacao/cache_256/dataset_complete/cacao_diseases/cacao_photos/healthy/healthy_112.png,1080x1080,A,18,0.8433492,dataT/healthy/healthy_2624.jpg,0,False,False,False,0.56357497,False,40
638cca2116c36eb5b94f2a01801a5d30,dataset_complete/cacao_diseases/cacao_photos/healthy/healthy_1120.jpg,0,edf0080bd921bf71,2160,2160,/workspace/cacao/cache_256/dataset_complete/cacao_diseases/cacao_photos/healthy/healthy_1120.png,2160x2160,B,18,0.86556816,dataT/healthy/healthy_697.jpg,0,False,False,False,0.5368516,False,41
e421ba3c9c2fd67ba9470b200c22edbc,dataset_complete/cacao_diseases/cacao_photos/healthy/healthy_1121.jpg,0,c9663964874f1c79,2160,2160,/workspace/cacao/cache_256/dataset_complete/cacao_diseases/cacao_photos/healthy/healthy_1121.png,2160x2160,B,18,0.89166033,dataT/healthy/healthy_419.jpg,0,False,False,True,0.41868222,False,42
66d2665add9778c3e4c6600a5979403d,dataset_complete/cacao_diseases/cacao_photos/healthy/healthy_1122.jpg,0,ce6caa32eab6c2c2,2160,2160,/workspace/cacao/cache_256/dataset_complete/cacao_diseases/cacao_photos/healthy/healthy_1122.png,2160x2160,B,16,0.8785075,dataT/healthy/healthy_1470.jpg,0,False,False,False,0.3908591,False,43
0a6d1141e047db8eccb991a988612177,dataset_complete/cacao_diseases/cacao_photos/healthy/healthy_1123.jpg,0,c936ac5d66552374,2160,2160,/workspace/cacao/cache_256/dataset_complete/cacao_diseases/cacao_photos/healthy/healthy_1123.png,2160x2160,B,18,0.850912,dataT/healthy/healthy_212.jpg,0,False,False,False,0.44738686,False,44
62b72acd9566dc97e708e91b18959335,dataset_complete/cacao_diseases/cacao_photos/healthy/healthy_1124.jpg,0,8d74f4d3d0b59131,2160,2160,/workspace/cacao/cache_256/dataset_complete/cacao_diseases/cacao_photos/healthy/healthy_1124.png,2160x2160,B,20,0.89719206,dataT/healthy/healthy_1079.jpg,0,False,False,True,0.39551973,False,45
644cc7ea35722e46c3a6fa25b78217fb,dataset_complete/cacao_diseases/cacao_photos/healthy/healthy_1125.jpg,0,9ba7240341d6feca,2160,2160,/workspace/cacao/cache_256/dataset_complete/cacao_diseases/cacao_photos/healthy/healthy_1125.png,2160x2160,B,18,0.8387431,dataT/healthy/healthy_414.jpg,0,False,False,False,0.5489143,False,46
dec0ab422d2afd6eee6335a4f3699aad,dataset_complete/cacao_diseases/cacao_photos/healthy/healthy_1126.jpg,0,91c6c84e6aad265f,1080,1080,/workspace/cacao/cache_256/dataset_complete/cacao_diseases/cacao_photos/healthy/healthy_1126.png,1080x1080,A,18,0.8772776,dataT/healthy/healthy_1091.jpg,0,False,False,False,0.39800948,False,47
16fc2644f99473d91295dff24afd68a9,dataset_complete/cacao_diseases/cacao_photos/healthy/healthy_1127.jpg,0,c8283ef238cdf8c5,2160,2160,/workspace/cacao/cache_256/dataset_complete/cacao_diseases/cacao_photos/healthy/healthy_1127.png,2160x2160,B,18,0.88310397,dataT/healthy/healthy_2055.jpg,0,False,False,True,0.5902556,False,48
0bebb45b44526e6d7180b12779872981,dataset_complete/cacao_diseases/cacao_photos/healthy/healthy_1128.jpg,0,9cba16b362156fd0,2160,2160,/workspace/cacao/cache_256/dataset_complete/cacao_diseases/cacao_photos/healthy/healthy_1128.png,2160x2160,B,16,0.86436635,dataT/healthy/healthy_281.jpg,0,False,False,False,0.5702535,False,49
cadc2c20ce3229535904300216f59277,dataset_complete/cacao_diseases/cacao_photos/healthy/healthy_1129.jpg,0,e7cd515e07a13c07,2160,2160,/workspace/cacao/cache_256/dataset_complete/cacao_diseases/cacao_photos/healthy/healthy_1129.png,2160x2160,B,18,0.8785318,dataT/healthy/healthy_445.jpg,0,False,False,False,0.47131458,False,50
bd6b685efc7fa8c16eecd5cd80c4efe5,dataset_complete/cacao_diseases/cacao_photos/healthy/healthy_113.jpg,0,bb5f29b03231a6a3,1080,1080,/workspace/cacao/cache_256/dataset_complete/cacao_diseases/cacao_photos/healthy/healthy_113.png,1080x1080,A,18,0.83168185,dataT/healthy/healthy_1644.jpg,0,False,False,False,0.48626107,False,51
4aff0acb876fde9655aef8f127e9b0a7,dataset_complete/cacao_diseases/cacao_photos/healthy/healthy_1130.jpg,0,fec82964373ee007,2160,2160,/workspace/cacao/cache_256/dataset_complete/cacao_diseases/cacao_photos/healthy/healthy_1130.png,2160x2160,B,14,0.8588499,dataT/healthy/healthy_1053.jpg,0,False,False,False,0.50260097,False,52
d061a66eaad5f6c6a55bd8cf324e09d6,dataset_complete/cacao_diseases/cacao_photos/healthy/healthy_1131.jpg,0,847ab9eca71ef180,2160,2160,/workspace/cacao/cache_256/dataset_complete/cacao_diseases/cacao_photos/healthy/healthy_1131.png,2160x2160,B,18,0.8770714,dataT/healthy/healthy_100.jpg,0,False,False,False,0.44511986,False,53
7257e109fc2012780010ffbf6dd69ace,dataset_complete/cacao_diseases/cacao_photos/healthy/healthy_1132.jpg,0,d52c380d6356e795,2160,2160,/workspace/cacao/cache_256/dataset_complete/cacao_diseases/cacao_photos/healthy/healthy_1132.png,2160x2160,B,18,0.8012669,dataT/healthy/healthy_655.jpg,0,False,False,False,0.49838808,False,54
e08e896c058ab1fd8f76d53c99ac5ddb,dataset_complete/cacao_diseases/cacao_photos/healthy/healthy_1133.jpg,0,cdb9f16227c94784,2160,2160,/workspace/cacao/cache_256/dataset_complete/cacao_diseases/cacao_photos/healthy/healthy_1133.png,2160x2160,B,16,0.86814,dataT/healthy/healthy_693.jpg,0,False,False,True,0.54041934,False,55
a91af982f5f28a9dac675e65bbfb533e,dataset_complete/cacao_diseases/cacao_photos/healthy/healthy_1134.jpg,0,dac2b27a65d9443c,2160,2160,/workspace/cacao/cache_256/dataset_complete/cacao_diseases/cacao_photos/healthy/healthy_1134.png,2160x2160,B,16,0.85265374,dataT/pod_rot_black/black_pod_rot_241.jpg,1,False,False,True,0.4969253,False,56
c5ac271721d3f6e667d4532fdebf666b,dataset_complete/cacao_diseases/cacao_photos/healthy/healthy_1135.jpg,0,bb46b22257cbd08b,2160,2160,/workspace/cacao/cache_256/dataset_complete/cacao_diseases/cacao_photos/healthy/healthy_1135.png,2160x2160,B,16,0.8814842,dataT/healthy/healthy_566.jpg,0,False,False,True,0.34530842,False,57
969dd21ddc7ce00257c8ae80cb5b1bc6,dataset_complete/cacao_diseases/cacao_photos/healthy/healthy_1136.jpg,0,898b64b7f3d81895,2160,2160,/workspace/cacao/cache_256/dataset_complete/cacao_diseases/cacao_photos/healthy/healthy_1136.png,2160x2160,B,16,0.8650739,dataT/pod_rot_black/black_pod_rot_241.jpg,1,False,False,True,0.53399944,False,58
705f3e7d53fa0e077c10254328a5a078,dataset_complete/cacao_diseases/cacao_photos/healthy/healthy_1137.jpg,0,e75f583819363133,1080,1080,/workspace/cacao/cache_256/dataset_complete/cacao_diseases/cacao_photos/healthy/healthy_1137.png,1080x1080,A,16,0.8442381,dataT/healthy/healthy_1414.jpg,0,True,True,False,0.42562154,False,59
f15974086172474c0f96f60c96b91a41,dataset_complete/cacao_diseases/cacao_photos/healthy/healthy_1138.jpg,0,88b5ac33d2de358a,2160,2160,/workspace/cacao/cache_256/dataset_complete/cacao_diseases/cacao_photos/healthy/healthy_1138.png,2160x2160,B,18,0.84188277,dataT/healthy/healthy_273.jpg,0,False,False,False,0.37190622,False,60
d8407bfd76fa92d5903134b8e263df7d,dataset_complete/cacao_diseases/cacao_photos/healthy/healthy_1139.jpg,0,d07b42e20b4b4fcd,2160,2160,/workspace/cacao/cache_256/dataset_complete/cacao_diseases/cacao_photos/healthy/healthy_1139.png,2160x2160,B,18,0.85834074,dataT/healthy/healthy_3131.jpg,0,True,True,True,0.48346996,False,61
09ad142e7ab42ad9eac88f5cb6b39b72,dataset_complete/cacao_diseases/cacao_photos/healthy/healthy_114.jpg,0,e6c98a7a1b275664,1080,1080,/workspace/cacao/cache_256/dataset_complete/cacao_diseases/cacao_photos/healthy/healthy_114.png,1080x1080,A,16,0.9556322,dataT/healthy/healthy_2121.jpg,0,True,True,True,0.5293575,False,62
72100a69e97d88140b441087add96901,dataset_complete/cacao_diseases/cacao_photos/healthy/healthy_115.jpg,0,f249cb4f58c268ea,1080,1080,/workspace/cacao/cache_256/dataset_complete/cacao_diseases/cacao_photos/healthy/healthy_115.png,1080x1080,A,16,0.88096756,dataT/healthy/healthy_8.jpg,0,True,True,True,0.44645137,False,63
86e453880b42c5e9214c09ddfa1c7d9f,dataset_complete/cacao_diseases/cacao_photos/healthy/healthy_116.jpg,0,c1ac63306737b52b,1080,1080,/workspace/cacao/cache_256/dataset_complete/cacao_diseases/cacao_photos/healthy/healthy_116.png,1080x1080,A,16,0.8200916,dataT/healthy/healthy_1271.jpg,0,False,False,False,0.4090285,False,64
606b33902cd25c09624d655b1cbd27ad,dataset_complete/cacao_diseases/cacao_photos/healthy/healthy_117.jpg,0,9dc8627261eba1e6,1080,1080,/workspace/cacao/cache_256/dataset_complete/cacao_diseases/cacao_photos/healthy/healthy_117.png,1080x1080,A,16,0.7712681,dataT/healthy/healthy_692.jpg,0,False,False,False,0.45209587,False,65
6ff5df891ce1465cd9c7dd72e4fd5028,dataset_complete/cacao_diseases/cacao_photos/healthy/healthy_118.jpg,0,dbcde16f2260668a,1080,1080,/workspace/cacao/cache_256/dataset_complete/cacao_diseases/cacao_photos/healthy/healthy_118.png,1080x1080,A,16,0.83732855,dataT/healthy/healthy_2076.jpg,0,False,False,False,0.44601768,False,66
f8009d8dc5f8e707d8776dc7f1bcaeb6,dataset_complete/cacao_diseases/cacao_photos/healthy/healthy_119.jpg,0,f9c848e6a02747f6,1080,1080,/workspace/cacao/cache_256/dataset_complete/cacao_diseases/cacao_photos/healthy/healthy_119.png,1080x1080,A,18,0.8477824,dataT/healthy/healthy_2624.jpg,0,False,False,False,0.50312185,False,67
62dcd8b1a682f2c8c7ca1d677372fc76,dataset_complete/cacao_diseases/cacao_photos/healthy/healthy_120.jpg,0,d120aa83ece2f36e,1080,1080,/workspace/cacao/cache_256/dataset_complete/cacao_diseases/cacao_photos/healthy/healthy_120.png,1080x1080,A,18,0.8757827,dataT/healthy/healthy_276.jpg,0,False,False,False,0.42460537,False,68
f4357479076244ba40d4e5238e9572d9,dataset_complete/cacao_diseases/cacao_photos/healthy/healthy_121.jpg,0,f8f17623a4b9149c,1080,1080,/workspace/cacao/cache_256/dataset_complete/cacao_diseases/cacao_photos/healthy/healthy_121.png,1080x1080,A,18,0.8554429,dataT/healthy/healthy_2052.jpg,0,False,False,False,0.48868838,False,69
a3aec8ee580c31edd3805b7033ed0e31,dataset_complete/cacao_diseases/cacao_photos/healthy/healthy_122.jpg,0,daaf65337661c284,1080,1080,/workspace/cacao/cache_256/dataset_complete/cacao_diseases/cacao_photos/healthy/healthy_122.png,1080x1080,A,16,0.7335814,dataT/healthy/healthy_84.jpg,0,False,False,False,0.4179422,False,70
51a6c98e99a3c913e963686bc37249aa,dataset_complete/cacao_diseases/cacao_photos/healthy/healthy_123.jpg,0,dc0d26ccc937669c,1080,1080,/workspace/cacao/cache_256/dataset_complete/cacao_diseases/cacao_photos/healthy/healthy_123.png,1080x1080,A,18,0.72623396,dataT/healthy/healthy_84.jpg,0,False,False,False,0.40462852,False,71
d73566bce8c86a9a7a199aa919009fc6,dataset_complete/cacao_diseases/cacao_photos/healthy/healthy_124.jpg,0,c0773a281fb1b1d6,1080,1080,/workspace/cacao/cache_256/dataset_complete/cacao_diseases/cacao_photos/healthy/healthy_124.png,1080x1080,A,18,0.87339354,dataT/healthy/healthy_2596.jpg,0,False,False,False,0.4422937,False,72
92f8723c4d76f17c17555aeb8f62b3cf,dataset_complete/cacao_diseases/cacao_photos/healthy/healthy_125.jpg,0,a14558a374b8b3eb,1080,1080,/workspace/cacao/cache_256/dataset_complete/cacao_diseases/cacao_photos/healthy/healthy_125.png,1080x1080,A,18,0.85631543,dataT/healthy/healthy_670.jpg,0,False,False,False,0.43381852,False,73
64cd53c65c478141978935d3a17c765e,dataset_complete/cacao_diseases/cacao_photos/healthy/healthy_126.jpg,0,e60959ae21a765f4,1080,1080,/workspace/cacao/cache_256/dataset_complete/cacao_diseases/cacao_photos/healthy/healthy_126.png,1080x1080,A,16,0.8891057,dataT/healthy/healthy_2117.jpg,0,False,False,True,0.44737262,False,74
57b867fc861eaefcb5b5f9324a562fc7,dataset_complete/cacao_diseases/cacao_photos/healthy/healthy_127.jpg,0,941c3b34f1238eb7,1080,1080,/workspace/cacao/cache_256/dataset_complete/cacao_diseases/cacao_photos/healthy/healthy_127.png,1080x1080,A,18,0.86959803,dataT/healthy/healthy_2055.jpg,0,False,False,False,0.5324277,False,75
a2c31c19d07ac793f3e5e705cdbcc957,dataset_complete/cacao_diseases/cacao_photos/healthy/healthy_1273.jpg,0,d64518f4479ae1b9,2160,2160,/workspace/cacao/cache_256/dataset_complete/cacao_diseases/cacao_photos/healthy/healthy_1273.png,2160x2160,B,18,0.8156674,dataT/healthy/healthy_687.jpg,0,False,False,False,0.30038103,False,76
b02f581ddf4b75d30145c23ff875e340,dataset_complete/cacao_diseases/cacao_photos/healthy/healthy_1274.jpg,0,92b3b5a71666907a,2160,2160,/workspace/cacao/cache_256/dataset_complete/cacao_diseases/cacao_photos/healthy/healthy_1274.png,2160x2160,B,18,0.8614892,dataT/healthy/healthy_1171.jpg,0,False,False,True,0.4056381,False,77
267b37d5ab6ca9d696f71215ba57322e,dataset_complete/cacao_diseases/cacao_photos/healthy/healthy_1275.jpg,0,d1e2e6e60ee8844f,2160,2160,/workspace/cacao/cache_256/dataset_complete/cacao_diseases/cacao_photos/healthy/healthy_1275.png,2160x2160,B,18,0.77178794,dataT/healthy/healthy_1035.jpg,0,False,False,False,0.3310893,False,78
8af30ac7e6f6bf35ae5602af0878fdab,dataset_complete/cacao_diseases/cacao_photos/healthy/healthy_1276.jpg,0,9e52794233ada7a4,2160,2160,/workspace/cacao/cache_256/dataset_complete/cacao_diseases/cacao_photos/healthy/healthy_1276.png,2160x2160,B,16,0.87129974,dataT/healthy/healthy_573.jpg,0,False,False,True,0.48986828,False,79
f25066e5055c3921fe9f6e7128ac54a3,dataset_complete/cacao_diseases/cacao_photos/healthy/healthy_1277.jpg,0,b639d92f09361770,2160,2160,/workspace/cacao/cache_256/dataset_complete/cacao_diseases/cacao_photos/healthy/healthy_1277.png,2160x2160,B,14,0.86280614,dataT/healthy/healthy_674.jpg,0,False,False,False,0.5401927,False,80
4d714febccddaf33e61b3c3dc4d00f3f,dataset_complete/cacao_diseases/cacao_photos/healthy/healthy_1278.jpg,0,fa6172f3321b419c,2160,2160,/workspace/cacao/cache_256/dataset_complete/cacao_diseases/cacao_photos/healthy/healthy_1278.png,2160x2160,B,18,0.8730135,dataT/healthy/healthy_656.jpg,0,False,False,False,0.4391924,False,81
c61b4de83e7aa459bc62a5522d418372,dataset_complete/cacao_diseases/cacao_photos/healthy/healthy_1279.jpg,0,db67322398efcc80,2160,2160,/workspace/cacao/cache_256/dataset_complete/cacao_diseases/cacao_photos/healthy/healthy_1279.png,2160x2160,B,18,0.8442927,dataT/healthy/healthy_37.jpg,0,False,False,False,0.32083,False,82
603dfb8869d6f010a2131c04c2c938c9,dataset_complete/cacao_diseases/cacao_photos/healthy/healthy_128.jpg,0,9d19bb35572328b4,1080,1080,/workspace/cacao/cache_256/dataset_complete/cacao_diseases/cacao_photos/healthy/healthy_128.png,1080x1080,A,18,0.9019927,dataT/healthy/healthy_281.jpg,0,False,False,True,0.53872156,False,83
5fd11ba40edbfa7ba81ad81df9c7db2f,dataset_complete/cacao_diseases/cacao_photos/healthy/healthy_1280.jpg,0,a9ca791652add591,2160,2160,/workspace/cacao/cache_256/dataset_complete/cacao_diseases/cacao_photos/healthy/healthy_1280.png,2160x2160,B,20,0.83433837,dataT/healthy/healthy_1189.jpg,0,False,False,False,0.44766676,False,84
d1f21eddf59e509de969cb16e9a86683,dataset_complete/cacao_diseases/cacao_photos/healthy/healthy_1281.jpg,0,d0d969693c34a3a7,1080,1080,/workspace/cacao/cache_256/dataset_complete/cacao_diseases/cacao_photos/healthy/healthy_1281.png,1080x1080,A,18,0.84990865,dataT/healthy/healthy_1643.jpg,0,False,False,False,0.58566594,False,85
c8dea4af56768e2c33fba84c059f5965,dataset_complete/cacao_diseases/cacao_photos/healthy/healthy_1282.jpg,0,c24849afa78773e1,2160,2160,/workspace/cacao/cache_256/dataset_complete/cacao_diseases/cacao_photos/healthy/healthy_1282.png,2160x2160,B,18,0.86721873,dataT/healthy/healthy_587.jpg,0,False,False,False,0.47539726,False,86
830d1d68a27e8164409960b2fd750707,dataset_complete/cacao_diseases/cacao_photos/healthy/healthy_1283.jpg,0,cda5c626363e2a3c,2160,2160,/workspace/cacao/cache_256/dataset_complete/cacao_diseases/cacao_photos/healthy/healthy_1283.png,2160x2160,B,18,0.86949944,dataT/healthy/healthy_1524.jpg,0,False,False,False,0.47089097,False,87
fa305baca19c31fb95b129ca354d490d,dataset_complete/cacao_diseases/cacao_photos/healthy/healthy_1284.jpg,0,c3c27465a6bccb58,2160,2160,/workspace/cacao/cache_256/dataset_complete/cacao_diseases/cacao_photos/healthy/healthy_1284.png,2160x2160,B,18,0.8316984,dataT/healthy/healthy_1541.jpg,0,False,False,False,0.42515066,False,88
9a9623356c7e604c81217d2574d6e182,dataset_complete/cacao_diseases/cacao_photos/healthy/healthy_1285.jpg,0,d1adbca291dc2c5c,2160,2160,/workspace/cacao/cache_256/dataset_complete/cacao_diseases/cacao_photos/healthy/healthy_1285.png,2160x2160,B,18,0.9070319,dataT/healthy/healthy_1160.jpg,0,False,False,True,0.42886394,False,89
0194e3de2d1539dda5b6fcdd17e7f1e0,dataset_complete/cacao_diseases/cacao_photos/healthy/healthy_1286.jpg,0,c837bc27bb948d88,2160,2160,/workspace/cacao/cache_256/dataset_complete/cacao_diseases/cacao_photos/healthy/healthy_1286.png,2160x2160,B,16,0.8940264,dataT/healthy/healthy_1250.jpg,0,False,False,True,0.50444204,False,90
3335a1aa676c828e96a7b25f714d3ea1,dataset_complete/cacao_diseases/cacao_photos/healthy/healthy_1287.jpg,0,fe4db8840fe2278a,2160,2160,/workspace/cacao/cache_256/dataset_complete/cacao_diseases/cacao_photos/healthy/healthy_1287.png,2160x2160,B,16,0.7890836,dataT/pod_rot_black/black_pod_rot_748.jpg,1,False,False,False,0.61112237,False,91
929cde1d843b070e51cff774cbd6185f,dataset_complete/cacao_diseases/cacao_photos/healthy/healthy_1288.jpg,0,dbec0392e2c9cad1,2160,2160,/workspace/cacao/cache_256/dataset_complete/cacao_diseases/cacao_photos/healthy/healthy_1288.png,2160x2160,B,16,0.85907876,dataT/healthy/healthy_1072.jpg,0,False,False,False,0.4839911,False,92
9708c953fdd6cde65f5dbd8ecbd45518,dataset_complete/cacao_diseases/cacao_photos/healthy/healthy_1289.jpg,0,cc7c3c069785f92c,2160,2160,/workspace/cacao/cache_256/dataset_complete/cacao_diseases/cacao_photos/healthy/healthy_1289.png,2160x2160,B,16,0.8461665,dataT/healthy/healthy_1452.jpg,0,False,False,False,0.45453882,False,93
43115b191001b5f5b75a43d86170c642,dataset_complete/cacao_diseases/cacao_photos/healthy/healthy_129.jpg,0,9e9cda715c75205a,1080,1080,/workspace/cacao/cache_256/dataset_complete/cacao_diseases/cacao_photos/healthy/healthy_129.png,1080x1080,A,18,0.8819637,dataT/healthy/healthy_658.jpg,0,True,True,True,0.48096552,False,94
4bfdd404cdbfd9ee2735c5f477690627,dataset_complete/cacao_diseases/cacao_photos/healthy/healthy_1290.jpg,0,c8aba27be4994f50,2160,2160,/workspace/cacao/cache_256/dataset_complete/cacao_diseases/cacao_photos/healthy/healthy_1290.png,2160x2160,B,18,0.8438927,dataT/pod_rot_black/black_pod_rot_241.jpg,1,False,False,False,0.46660498,False,95
af9ad1c0f3209672c3a849d3b3c24db6,dataset_complete/cacao_diseases/cacao_photos/healthy/healthy_1291.jpg,0,fc9e23739968cb08,2160,2160,/workspace/cacao/cache_256/dataset_complete/cacao_diseases/cacao_photos/healthy/healthy_1291.png,2160x2160,B,18,0.8856958,dataT/healthy/healthy_237.jpg,0,False,False,True,0.5041023,False,96
ec977024f1879ad9034ce3ab7c020f01,dataset_complete/cacao_diseases/cacao_photos/healthy/healthy_1292.jpg,0,cb7850630f909adf,1080,1080,/workspace/cacao/cache_256/dataset_complete/cacao_diseases/cacao_photos/healthy/healthy_1292.png,1080x1080,A,18,0.8975632,dataT/healthy/healthy_44.jpg,0,False,False,True,0.41980124,False,97
f2a4aedc23e9cedfe253b4c0d3b5a423,dataset_complete/cacao_diseases/cacao_photos/healthy/healthy_1293.jpg,0,ca88757f03e38ad8,2160,2160,/workspace/cacao/cache_256/dataset_complete/cacao_diseases/cacao_photos/healthy/healthy_1293.png,2160x2160,B,16,0.90720075,dataT/healthy/healthy_281.jpg,0,False,False,True,0.58395964,False,98
409ebab3a1b4d257bcbd59b8ae8df578,dataset_complete/cacao_diseases/cacao_photos/healthy/healthy_1294.jpg,0,cbe7dd18b8a10c56,2160,2160,/workspace/cacao/cache_256/dataset_complete/cacao_diseases/cacao_photos/healthy/healthy_1294.png,2160x2160,B,18,0.8528595,dataT/healthy/healthy_645.jpg,0,False,False,False,0.35447672,False,99
c2411782ba6612cb8a61234f720efee4,dataset_complete/cacao_diseases/cacao_photos/healthy/healthy_1295.jpg,0,d930a46563e6af86,2160,2160,/workspace/cacao/cache_256/dataset_complete/cacao_diseases/cacao_photos/healthy/healthy_1295.png,2160x2160,B,16,0.86655164,dataT/healthy/healthy_2806.jpg,0,False,False,False,0.4445501,False,100
bf77b491467012c6d2833eaacbdea58f,dataset_complete/cacao_diseases/cacao_photos/healthy/healthy_1296.jpg,0,d9a488e6a1c9de55,2160,2160,/workspace/cacao/cache_256/dataset_complete/cacao_diseases/cacao_photos/healthy/healthy_1296.png,2160x2160,B,18,0.8455939,dataT/healthy/healthy_621.jpg,0,False,False,False,0.41771156,False,101
7c9ad7013a28834d601d7f817813b0c6,dataset_complete/cacao_diseases/cacao_photos/healthy/healthy_1297.jpg,0,f6e5192f53068715,2160,2160,/workspace/cacao/cache_256/dataset_complete/cacao_diseases/cacao_photos/healthy/healthy_1297.png,2160x2160,B,18,0.8545253,dataT/healthy/healthy_3090.jpg,0,False,False,False,0.47120407,False,102
1ba4b3185be334b349c9c9234a2047d8,dataset_complete/cacao_diseases/cacao_photos/healthy/healthy_1298.jpg,0,97eab432659249e5,2160,2160,/workspace/cacao/cache_256/dataset_complete/cacao_diseases/cacao_photos/healthy/healthy_1298.png,2160x2160,B,16,0.86706936,dataT/healthy/healthy_1028.jpg,0,False,False,False,0.3886859,False,103
f11ef14b9a694da3cbaf6f8a1b1f8fc2,dataset_complete/cacao_diseases/cacao_photos/healthy/healthy_1299.jpg,0,9b260ca3989bbc9e,2160,2160,/workspace/cacao/cache_256/dataset_complete/cacao_diseases/cacao_photos/healthy/healthy_1299.png,2160x2160,B,18,0.87381566,dataT/healthy/healthy_1185.jpg,0,False,False,False,0.36823624,False,104
2736eacc4ceb8a3138a714957aeaa337,dataset_complete/cacao_diseases/cacao_photos/healthy/healthy_130.jpg,0,e9c01eab71d1cf03,1080,1080,/workspace/cacao/cache_256/dataset_complete/cacao_diseases/cacao_photos/healthy/healthy_130.png,1080x1080,A,16,0.8556505,dataT/pod_rot_black/black_pod_rot_736.jpg,1,False,False,False,0.4350278,False,105
a3a6c06c4ccb24c5d2c821ccd2103bd5,dataset_complete/cacao_diseases/cacao_photos/healthy/healthy_1300.jpg,0,c9e4361f7ee1c083,2160,2160,/workspace/cacao/cache_256/dataset_complete/cacao_diseases/cacao_photos/healthy/healthy_1300.png,2160x2160,B,16,0.8469721,dataT/healthy/healthy_696.jpg,0,False,False,False,0.4868678,False,106
0a167e6187e37001d90fdec9e1bc3e47,dataset_complete/cacao_diseases/cacao_photos/healthy/healthy_1301.jpg,0,bc9d29a223c696dc,2160,2160,/workspace/cacao/cache_256/dataset_complete/cacao_diseases/cacao_photos/healthy/healthy_1301.png,2160x2160,B,16,0.8937848,dataT/healthy/healthy_2117.jpg,0,False,False,True,0.50973266,False,107
3eed1f8a440df6c7a31375949a88e626,dataset_complete/cacao_diseases/cacao_photos/healthy/healthy_1302.jpg,0,c96c53b337d32c90,2160,2160,/workspace/cacao/cache_256/dataset_complete/cacao_diseases/cacao_photos/healthy/healthy_1302.png,2160x2160,B,18,0.8788636,dataT/healthy/healthy_1558.jpg,0,False,False,False,0.45502043,False,108
209e26fd3d61a05d09e80b3493eb9d9f,dataset_complete/cacao_diseases/cacao_photos/healthy/healthy_1303.jpg,0,bc5393fe526082f4,1080,1080,/workspace/cacao/cache_256/dataset_complete/cacao_diseases/cacao_photos/healthy/healthy_1303.png,1080x1080,A,18,0.8581526,dataT/healthy/healthy_2053.jpg,0,False,False,False,0.61773205,False,109
0e18374967eb7298142b955813b796f1,dataset_complete/cacao_diseases/cacao_photos/healthy/healthy_1304.jpg,0,c98ad9d17687e198,2160,2160,/workspace/cacao/cache_256/dataset_complete/cacao_diseases/cacao_photos/healthy/healthy_1304.png,2160x2160,B,18,0.799561,dataT/healthy/healthy_1432.jpg,0,False,False,False,0.2819906,False,110
4041c2a322599232aa833a40271f04cd,dataset_complete/cacao_diseases/cacao_photos/healthy/healthy_1305.jpg,0,add419b5b11b3ab0,2160,2160,/workspace/cacao/cache_256/dataset_complete/cacao_diseases/cacao_photos/healthy/healthy_1305.png,2160x2160,B,18,0.8660397,dataT/healthy/healthy_1053.jpg,0,False,False,False,0.565314,False,111
9cee65a500b6912e9d14e84b23153498,dataset_complete/cacao_diseases/cacao_photos/healthy/healthy_1306.jpg,0,974e92f2b69c8cd0,2160,2160,/workspace/cacao/cache_256/dataset_complete/cacao_diseases/cacao_photos/healthy/healthy_1306.png,2160x2160,B,18,0.88277054,dataT/healthy/healthy_687.jpg,0,False,False,True,0.4026274,False,112
820daf0bb55fef9ef41fb42c8a1b050f,dataset_complete/cacao_diseases/cacao_photos/healthy/healthy_1307.jpg,0,ceb19da659b5b408,2160,2160,/workspace/cacao/cache_256/dataset_complete/cacao_diseases/cacao_photos/healthy/healthy_1307.png,2160x2160,B,18,0.8654084,dataT/healthy/healthy_3321.jpg,0,False,False,False,0.48310593,False,113
a53da3fb25349c36a18e75407b9918ae,dataset_complete/cacao_diseases/cacao_photos/healthy/healthy_1308.jpg,0,d8e6963691d69998,2160,2160,/workspace/cacao/cache_256/dataset_complete/cacao_diseases/cacao_photos/healthy/healthy_1308.png,2160x2160,B,16,0.94332856,dataT/healthy/healthy_1187.jpg,0,True,True,False,0.362887,False,114
c1d9ffbd0f9fe8be4125b2be903e038e,dataset_complete/cacao_diseases/cacao_photos/healthy/healthy_1309.jpg,0,eea61cb685c4ca4e,2160,2160,/workspace/cacao/cache_256/dataset_complete/cacao_diseases/cacao_photos/healthy/healthy_1309.png,2160x2160,B,18,0.8797723,dataT/healthy/healthy_1081.jpg,0,False,False,False,0.3979175,False,115
fef27e7631d328db9d878e8608903065,dataset_complete/cacao_diseases/cacao_photos/healthy/healthy_131.jpg,0,dcc8786135674e4b,1080,1080,/workspace/cacao/cache_256/dataset_complete/cacao_diseases/cacao_photos/healthy/healthy_131.png,1080x1080,A,16,0.89873564,dataT/healthy/healthy_414.jpg,0,False,False,True,0.46036208,False,116
342e4f3bf330da9b7dc9b6fc8a9fe680,dataset_complete/cacao_diseases/cacao_photos/healthy/healthy_1310.jpg,0,ee423c6b52f742c1,2160,2160,/workspace/cacao/cache_256/dataset_complete/cacao_diseases/cacao_photos/healthy/healthy_1310.png,2160x2160,B,16,0.8879714,dataT/healthy/healthy_695.jpg,0,False,False,True,0.44667035,False,117
afdbc2ca3864d7be2f2c96c36e826fc6,dataset_complete/cacao_diseases/cacao_photos/healthy/healthy_1311.jpg,0,cae41f1b229bd4e8,2160,2160,/workspace/cacao/cache_256/dataset_complete/cacao_diseases/cacao_photos/healthy/healthy_1311.png,2160x2160,B,16,0.8879496,dataT/healthy/healthy_2804.jpg,0,False,False,True,0.4028082,False,118
8142a8436c37db6d3a09d41321be4476,dataset_complete/cacao_diseases/cacao_photos/healthy/healthy_1312.jpg,0,89f636951b901cd7,2160,2160,/workspace/cacao/cache_256/dataset_complete/cacao_diseases/cacao_photos/healthy/healthy_1312.png,2160x2160,B,18,0.8392589,dataT/healthy/healthy_573.jpg,0,False,False,False,0.5118075,False,119
aa2cb9a8823b20db48a36114f3fcb8de,dataset_complete/cacao_diseases/cacao_photos/healthy/healthy_1313.jpg,0,cde481b07db6c256,2160,2160,/workspace/cacao/cache_256/dataset_complete/cacao_diseases/cacao_photos/healthy/healthy_1313.png,2160x2160,B,16,0.8771205,dataT/healthy/healthy_1440.jpg,0,False,False,False,0.44146785,False,120
c086639fa34669e91166b63803c68b68,dataset_complete/cacao_diseases/cacao_photos/healthy/healthy_1314.jpg,0,a7fb8e2b746a4054,1080,1080,/workspace/cacao/cache_256/dataset_complete/cacao_diseases/cacao_photos/healthy/healthy_1314.png,1080x1080,A,18,0.9034128,dataT/healthy/healthy_1047.jpg,0,False,False,True,0.39068446,False,121
86290ae4822fd5d38da80c0b634a2c26,dataset_complete/cacao_diseases/cacao_photos/healthy/healthy_1315.jpg,0,dd3f60a7f9c88460,2160,2160,/workspace/cacao/cache_256/dataset_complete/cacao_diseases/cacao_photos/healthy/healthy_1315.png,2160x2160,B,16,0.865761,dataT/healthy/healthy_1035.jpg,0,False,False,False,0.37513793,False,122
c6819f49884023f60a4005c73997ca84,dataset_complete/cacao_diseases/cacao_photos/healthy/healthy_1316.jpg,0,cd147b2316f40fc9,2160,2160,/workspace/cacao/cache_256/dataset_complete/cacao_diseases/cacao_photos/healthy/healthy_1316.png,2160x2160,B,14,0.8709456,dataT/healthy/healthy_1200.jpg,0,False,False,False,0.49832696,False,123
fa7ea42887e559ca3e0f90d61a2f9b54,dataset_complete/cacao_diseases/cacao_photos/healthy/healthy_1317.jpg,0,ef1aa8d36ab443a2,2160,2160,/workspace/cacao/cache_256/dataset_complete/cacao_diseases/cacao_photos/healthy/healthy_1317.png,2160x2160,B,18,0.8910212,dataT/healthy/healthy_1074.jpg,0,False,False,True,0.45527875,False,124
838aef7d0604ac02dc1b8dae01564188,dataset_complete/cacao_diseases/cacao_photos/healthy/healthy_1318.jpg,0,9c64f148629fd61e,2160,2160,/workspace/cacao/cache_256/dataset_complete/cacao_diseases/cacao_photos/healthy/healthy_1318.png,2160x2160,B,16,0.9161289,dataT/healthy/healthy_1073.jpg,0,False,False,True,0.33298963,False,125
01a118b45ff4e3197f48253948b948a6,dataset_complete/cacao_diseases/cacao_photos/healthy/healthy_1319.jpg,0,93db693dbcac1640,2160,2160,/workspace/cacao/cache_256/dataset_complete/cacao_diseases/cacao_photos/healthy/healthy_1319.png,2160x2160,B,18,0.88666385,dataT/healthy/healthy_693.jpg,0,False,False,True,0.49463224,False,126
0e3bcd1e5cc691b45375529a36cfd014,dataset_complete/cacao_diseases/cacao_photos/healthy/healthy_132.jpg,0,8bf1a0f4999278b5,1080,1080,/workspace/cacao/cache_256/dataset_complete/cacao_diseases/cacao_photos/healthy/healthy_132.png,1080x1080,A,20,0.8843294,dataT/healthy/healthy_107.jpg,0,False,False,True,0.37716857,False,127
821bcb5200ffe168a51b309eeceb6ae3,dataset_complete/cacao_diseases/cacao_photos/healthy/healthy_1320.jpg,0,b3921c0e3cae3eb4,2160,2160,/workspace/cacao/cache_256/dataset_complete/cacao_diseases/cacao_photos/healthy/healthy_1320.png,2160x2160,B,14,0.8929687,dataT/pod_rot_black/black_pod_rot_731.jpg,1,False,False,True,0.50219834,False,128
5b98f0bfb3a232939ee7627389b76fd8,dataset_complete/cacao_diseases/cacao_photos/healthy/healthy_1321.jpg,0,d8e7c607066ccace,2160,2160,/workspace/cacao/cache_256/dataset_complete/cacao_diseases/cacao_photos/healthy/healthy_1321.png,2160x2160,B,18,0.8857076,dataT/healthy/healthy_1482.jpg,0,False,False,True,0.45855644,False,129
81cf4a7bc1c1be00db5adbc81ffa45bb,dataset_complete/cacao_diseases/cacao_photos/healthy/healthy_1322.jpg,0,cdb84067d81ed89b,2160,2160,/workspace/cacao/cache_256/dataset_complete/cacao_diseases/cacao_photos/healthy/healthy_1322.png,2160x2160,B,16,0.8574147,dataT/pod_rot_black/black_pod_rot_863.jpg,1,False,False,False,0.4361934,False,130
bd69ef6c99b4c56dc6cbc3607487aecc,dataset_complete/cacao_diseases/cacao_photos/healthy/healthy_1323.jpg,0,d8e4e80db6dfb082,2160,2160,/workspace/cacao/cache_256/dataset_complete/cacao_diseases/cacao_photos/healthy/healthy_1323.png,2160x2160,B,18,0.86367613,dataT/healthy/healthy_1173.jpg,0,False,False,False,0.41648415,False,131
48ab73d3df4a5fb7218ab00ba45468d5,dataset_complete/cacao_diseases/cacao_photos/healthy/healthy_1324.jpg,0,a5b6ec806ac377a1,2160,2160,/workspace/cacao/cache_256/dataset_complete/cacao_diseases/cacao_photos/healthy/healthy_1324.png,2160x2160,B,18,0.85706836,dataT/healthy/healthy_1438.jpg,0,False,False,False,0.47883952,False,132
c7a2cb193a126acd83102db99a488065,dataset_complete/cacao_diseases/cacao_photos/healthy/healthy_1325.jpg,0,98c9ed22325adb96,1080,1080,/workspace/cacao/cache_256/dataset_complete/cacao_diseases/cacao_photos/healthy/healthy_1325.png,1080x1080,A,14,0.88663936,dataT/healthy/healthy_50.jpg,0,False,False,True,0.39877582,False,133
b1eed9c7a30dbfae672900783479f8cb,dataset_complete/cacao_diseases/cacao_photos/healthy/healthy_1326.jpg,0,8cb55c21a3755787,2160,2160,/workspace/cacao/cache_256/dataset_complete/cacao_diseases/cacao_photos/healthy/healthy_1326.png,2160x2160,B,18,0.8296159,dataT/healthy/healthy_1076.jpg,0,False,False,False,0.38680133,False,134
10bbf196fe05e3cd0ca107053c7f22be,dataset_complete/cacao_diseases/cacao_photos/healthy/healthy_1327.jpg,0,deb32c61f495414b,2160,2160,/workspace/cacao/cache_256/dataset_complete/cacao_diseases/cacao_photos/healthy/healthy_1327.png,2160x2160,B,18,0.8624631,dataT/healthy/healthy_2559.jpg,0,False,False,False,0.51857215,False,135
c52ed2cf89ed342a9b9523ac52169b1f,dataset_complete/cacao_diseases/cacao_photos/healthy/healthy_1328.jpg,0,cc63399a57cd8750,2160,2160,/workspace/cacao/cache_256/dataset_complete/cacao_diseases/cacao_photos/healthy/healthy_1328.png,2160x2160,B,18,0.8153049,dataT/healthy/healthy_28.jpg,0,False,False,False,0.41320774,False,136
e68615dc730aeffb9c7f5a9429b04e73,dataset_complete/cacao_diseases/cacao_photos/healthy/healthy_1329.jpg,0,fcd72df90288c18b,2160,2160,/workspace/cacao/cache_256/dataset_complete/cacao_diseases/cacao_photos/healthy/healthy_1329.png,2160x2160,B,18,0.85051584,dataT/healthy/healthy_1018.jpg,0,False,False,False,0.37925404,False,137
be7e0df7a7c16c9142aeae01c37373f4,dataset_complete/cacao_diseases/cacao_photos/healthy/healthy_133.jpg,0,ccecb4b2aa2368d6,1080,1080,/workspace/cacao/cache_256/dataset_complete/cacao_diseases/cacao_photos/healthy/healthy_133.png,1080x1080,A,16,0.88649654,dataT/healthy/healthy_414.jpg,0,False,False,True,0.53082144,False,138
4b0386f823a5f5cdae04b283e71bb3f4,dataset_complete/cacao_diseases/cacao_photos/healthy/healthy_1330.jpg,0,9aa665262679f8aa,2160,2160,/workspace/cacao/cache_256/dataset_complete/cacao_diseases/cacao_photos/healthy/healthy_1330.png,2160x2160,B,16,0.87057626,dataT/healthy/healthy_1154.jpg,0,False,False,False,0.4626338,False,139
4322950a7c624578fd8fd24973d63e7a,dataset_complete/cacao_diseases/cacao_photos/healthy/healthy_1331.jpg,0,9a8e6906b696694f,2160,2160,/workspace/cacao/cache_256/dataset_complete/cacao_diseases/cacao_photos/healthy/healthy_1331.png,2160x2160,B,18,0.8700863,dataT/healthy/healthy_683.jpg,0,False,False,False,0.34975424,False,140
328918fae3fbfeb3a3fc9bfe910366ec,dataset_complete/cacao_diseases/cacao_photos/healthy/healthy_1332.jpg,0,9925c93688b3d67a,2160,2160,/workspace/cacao/cache_256/dataset_complete/cacao_diseases/cacao_photos/healthy/healthy_1332.png,2160x2160,B,18,0.8578278,dataT/healthy/healthy_1651.jpg,0,False,False,False,0.3831919,False,141
be93838c82a9212df51b32e39ca48021,dataset_complete/cacao_diseases/cacao_photos/healthy/healthy_1333.jpg,0,f8e63f113f781c08,1080,1080,/workspace/cacao/cache_256/dataset_complete/cacao_diseases/cacao_photos/healthy/healthy_1333.png,1080x1080,A,18,0.82001996,dataT/healthy/healthy_3088.jpg,0,False,False,False,0.38712358,False,142
6a6be555319608668dd8c139bf32f1cc,dataset_complete/cacao_diseases/cacao_photos/healthy/healthy_1334.jpg,0,a2672b7b3c0d740e,1080,1080,/workspace/cacao/cache_256/dataset_complete/cacao_diseases/cacao_photos/healthy/healthy_1334.png,1080x1080,A,20,0.830971,dataT/healthy/healthy_85.jpg,0,False,False,False,0.4505002,False,143
b049450f6359498f4fb30bfdf8b013dd,dataset_complete/cacao_diseases/cacao_photos/healthy/healthy_1335.jpg,0,d99b1f9188ec7606,1080,1080,/workspace/cacao/cache_256/dataset_complete/cacao_diseases/cacao_photos/healthy/healthy_1335.png,1080x1080,A,16,0.8669065,dataT/healthy/healthy_1156.jpg,0,False,False,False,0.37843838,False,144
be7df7de28c8d39f053bf4ecce672858,dataset_complete/cacao_diseases/cacao_photos/healthy/healthy_1336.jpg,0,87a2e463cb950f95,1080,1080,/workspace/cacao/cache_256/dataset_complete/cacao_diseases/cacao_photos/healthy/healthy_1336.png,1080x1080,A,18,0.8758141,dataT/healthy/healthy_617.jpg,0,False,False,False,0.4158903,False,145
569bc3a2dad79f5720ca46df0528fd54,dataset_complete/cacao_diseases/cacao_photos/healthy/healthy_1337.jpg,0,ad1c596662d2da95,1080,1080,/workspace/cacao/cache_256/dataset_complete/cacao_diseases/cacao_photos/healthy/healthy_1337.png,1080x1080,A,16,0.8995992,dataT/healthy/healthy_1080.jpg,0,False,False,True,0.39542156,False,146
ac578f87ff7aae8fcf58e295e3b432d2,dataset_complete/cacao_diseases/cacao_photos/healthy/healthy_1338.jpg,0,b358aae354e6e087,1080,1080,/workspace/cacao/cache_256/dataset_complete/cacao_diseases/cacao_photos/healthy/healthy_1338.png,1080x1080,A,16,0.8489063,dataT/healthy/healthy_2600.jpg,0,False,False,False,0.37984782,False,147
769218e03c29712510cf5c5cc16e8741,dataset_complete/cacao_diseases/cacao_photos/healthy/healthy_1339.jpg,0,96221944773d2d5f,1080,1080,/workspace/cacao/cache_256/dataset_complete/cacao_diseases/cacao_photos/healthy/healthy_1339.png,1080x1080,A,18,0.84149814,dataT/healthy/healthy_450.jpg,0,False,False,False,0.4872542,False,148
de5d34a8baf7ae8c6146b69556a89b08,dataset_complete/cacao_diseases/cacao_photos/healthy/healthy_134.jpg,0,c10ead2ba946fae1,1080,1080,/workspace/cacao/cache_256/dataset_complete/cacao_diseases/cacao_photos/healthy/healthy_134.png,1080x1080,A,20,0.8790393,dataT/healthy/healthy_1082.jpg,0,False,False,False,0.3851995,False,149
81c877fea7ed26cfb5cbbd9c349facca,dataset_complete/cacao_diseases/cacao_photos/healthy/healthy_1340.jpg,0,ca16393e227d6cc9,1080,1080,/workspace/cacao/cache_256/dataset_complete/cacao_diseases/cacao_photos/healthy/healthy_1340.png,1080x1080,A,16,0.89427316,dataT/healthy/healthy_419.jpg,0,False,False,True,0.46315902,False,150
0ea72df510cd25183b4194a361b54a77,dataset_complete/cacao_diseases/cacao_photos/healthy/healthy_1341.jpg,0,914a62b75ba48ed9,1080,1080,/workspace/cacao/cache_256/dataset_complete/cacao_diseases/cacao_photos/healthy/healthy_1341.png,1080x1080,A,18,0.8019471,dataT/healthy/healthy_3118.jpg,0,False,False,False,0.41589755,False,151
a479d401369ce5a81ab6a222223f2b8b,dataset_complete/cacao_diseases/cacao_photos/healthy/healthy_1342.jpg,0,99b8675996929a9a,1080,1080,/workspace/cacao/cache_256/dataset_complete/cacao_diseases/cacao_photos/healthy/healthy_1342.png,1080x1080,A,18,0.84676707,dataT/healthy/healthy_3118.jpg,0,False,False,False,0.39587218,False,152
2b11aec868121ce8745973a812389dc3,dataset_complete/cacao_diseases/cacao_photos/healthy/healthy_1343.jpg,0,c88e3af8232ff341,1080,1080,/workspace/cacao/cache_256/dataset_complete/cacao_diseases/cacao_photos/healthy/healthy_1343.png,1080x1080,A,16,0.8760198,dataT/healthy/healthy_3118.jpg,0,False,False,False,0.44349647,False,153
7be667a181680ffccefda8c1dc45691e,dataset_complete/cacao_diseases/cacao_photos/healthy/healthy_1344.jpg,0,c83c276617216b3f,1080,1080,/workspace/cacao/cache_256/dataset_complete/cacao_diseases/cacao_photos/healthy/healthy_1344.png,1080x1080,A,18,0.8429851,dataT/healthy/healthy_2092.jpg,0,False,False,False,0.5438123,False,154
db5e8e6f12e691e990b64dd7d0d4a791,dataset_complete/cacao_diseases/cacao_photos/healthy/healthy_1345.jpg,0,ccf83713e3c484ce,1080,1080,/workspace/cacao/cache_256/dataset_complete/cacao_diseases/cacao_photos/healthy/healthy_1345.png,1080x1080,A,14,0.8457584,dataT/healthy/healthy_1090.jpg,0,False,False,False,0.48612002,False,155
e1ae4bdaebab1e08747949715efb549e,dataset_complete/cacao_diseases/cacao_photos/healthy/healthy_1346.jpg,0,8f3424a77317b24b,1080,1080,/workspace/cacao/cache_256/dataset_complete/cacao_diseases/cacao_photos/healthy/healthy_1346.png,1080x1080,A,18,0.8204094,dataT/healthy/healthy_2647.jpg,0,False,False,False,0.53287256,False,156
07cc1f9d85191d6f8cee67969ac859b5,dataset_complete/cacao_diseases/cacao_photos/healthy/healthy_1347.jpg,0,adb1a6616b44d596,1080,1080,/workspace/cacao/cache_256/dataset_complete/cacao_diseases/cacao_photos/healthy/healthy_1347.png,1080x1080,A,20,0.86217034,dataT/healthy/healthy_2760.jpg,0,False,False,False,0.4905906,False,157
54d1095a5d343561d91d7e3185376e98,dataset_complete/cacao_diseases/cacao_photos/healthy/healthy_1348.jpg,0,baacd9b1ed334460,1080,1080,/workspace/cacao/cache_256/dataset_complete/cacao_diseases/cacao_photos/healthy/healthy_1348.png,1080x1080,A,18,0.84713745,dataT/healthy/healthy_1069.jpg,0,False,False,False,0.44680384,False,158
bc084808782696d263bb31c32c473d6e,dataset_complete/cacao_diseases/cacao_photos/healthy/healthy_1349.jpg,0,93e1bd7e20e4634a,1080,1080,/workspace/cacao/cache_256/dataset_complete/cacao_diseases/cacao_photos/healthy/healthy_1349.png,1080x1080,A,18,0.8303825,dataT/healthy/healthy_1185.jpg,0,False,False,False,0.38799644,False,159
ca03f3d90f587d0300c00930354b0b29,dataset_complete/cacao_diseases/cacao_photos/healthy/healthy_135.jpg,0,c9ccae7431f25217,1080,1080,/workspace/cacao/cache_256/dataset_complete/cacao_diseases/cacao_photos/healthy/healthy_135.png,1080x1080,A,16,0.85166824,dataT/healthy/healthy_281.jpg,0,False,False,False,0.49362764,False,160
c61d80643f4949a74c59a1f398ea67f2,dataset_complete/cacao_diseases/cacao_photos/healthy/healthy_1350.jpg,0,ce8198657cbc83b3,1080,1080,/workspace/cacao/cache_256/dataset_complete/cacao_diseases/cacao_photos/healthy/healthy_1350.png,1080x1080,A,20,0.831622,dataT/pod_rot_black/black_pod_rot_435.jpg,1,True,True,False,0.44518325,False,161
7892901b68a05f1f82ef0172570a5778,dataset_complete/cacao_diseases/cacao_photos/healthy/healthy_1351.jpg,0,cca439312f5b62c7,1080,1080,/workspace/cacao/cache_256/dataset_complete/cacao_diseases/cacao_photos/healthy/healthy_1351.png,1080x1080,A,18,0.88822573,dataT/healthy/healthy_419.jpg,0,False,False,True,0.46519738,False,162
6a45ff9dc8e13ce37baa4fd27771b2ba,dataset_complete/cacao_diseases/cacao_photos/healthy/healthy_1352.jpg,0,8cd04d5f7e62207e,1080,1080,/workspace/cacao/cache_256/dataset_complete/cacao_diseases/cacao_photos/healthy/healthy_1352.png,1080x1080,A,18,0.8708248,dataT/healthy/healthy_3116.jpg,0,False,False,False,0.5197968,False,163
69f08cf3c5d3f171bd4bd9bcad3d1952,dataset_complete/cacao_diseases/cacao_photos/healthy/healthy_1353.jpg,0,83d7c6956c90598f,1080,1080,/workspace/cacao/cache_256/dataset_complete/cacao_diseases/cacao_photos/healthy/healthy_1353.png,1080x1080,A,18,0.84853244,dataT/healthy/healthy_2748.jpg,0,False,False,False,0.43558124,False,164
a9fa387a6d4f295459ad152b7a7df47c,dataset_complete/cacao_diseases/cacao_photos/healthy/healthy_1354.jpg,0,c3034c5bbd5f1ae0,1080,1080,/workspace/cacao/cache_256/dataset_complete/cacao_diseases/cacao_photos/healthy/healthy_1354.png,1080x1080,A,20,0.87816346,dataT/healthy/healthy_2780.jpg,0,False,False,False,0.38600743,False,165
5e5494c6898eca06d3261040c4b4f5c8,dataset_complete/cacao_diseases/cacao_photos/healthy/healthy_1355.jpg,0,8d97bca89af870d0,1080,1080,/workspace/cacao/cache_256/dataset_complete/cacao_diseases/cacao_photos/healthy/healthy_1355.png,1080x1080,A,20,0.8583278,dataT/healthy/healthy_2793.jpg,0,False,False,False,0.5113477,False,166
8355da8f7d30b8a7c91cf5a4b6e6a2d5,dataset_complete/cacao_diseases/cacao_photos/healthy/healthy_1356.jpg,0,b8f833534e172d85,1080,1080,/workspace/cacao/cache_256/dataset_complete/cacao_diseases/cacao_photos/healthy/healthy_1356.png,1080x1080,A,18,0.88057667,dataT/pod_rot_black/black_pod_rot_103.jpg,1,False,False,True,0.45998472,False,167
0810ff4ce1d1d5f49d0f87b39992b6cb,dataset_complete/cacao_diseases/cacao_photos/healthy/healthy_1357.jpg,0,ce9d2073f7e000af,1080,1080,/workspace/cacao/cache_256/dataset_complete/cacao_diseases/cacao_photos/healthy/healthy_1357.png,1080x1080,A,16,0.88022065,dataT/healthy/healthy_2793.jpg,0,False,False,True,0.5055627,False,168
11add3124f537107708a6371aa108748,dataset_complete/cacao_diseases/cacao_photos/healthy/healthy_1358.jpg,0,8b51a57e66e482cd,1080,1080,/workspace/cacao/cache_256/dataset_complete/cacao_diseases/cacao_photos/healthy/healthy_1358.png,1080x1080,A,16,0.82423806,dataT/healthy/healthy_3134.jpg,0,False,False,False,0.3587513,False,169
4224a90d1ed381275e53b17edebd06d5,dataset_complete/cacao_diseases/cacao_photos/healthy/healthy_1359.jpg,0,f3fc8d3253290d15,1080,1080,/workspace/cacao/cache_256/dataset_complete/cacao_diseases/cacao_photos/healthy/healthy_1359.png,1080x1080,A,16,0.8702872,dataT/healthy/healthy_259.jpg,0,False,False,False,0.39838272,False,170
a0181f3431b092bb33d4e700d9dece68,dataset_complete/cacao_diseases/cacao_photos/healthy/healthy_136.jpg,0,e0598f6409add70f,1080,1080,/workspace/cacao/cache_256/dataset_complete/cacao_diseases/cacao_photos/healthy/healthy_136.png,1080x1080,A,18,0.8614298,dataT/healthy/healthy_274.jpg,0,False,False,False,0.46657896,False,171
b48e67112d04fd3a166f82bfc98b6590,dataset_complete/cacao_diseases/cacao_photos/healthy/healthy_1360.jpg,0,9928a6708666e5df,1080,1080,/workspace/cacao/cache_256/dataset_complete/cacao_diseases/cacao_photos/healthy/healthy_1360.png,1080x1080,A,18,0.82799613,dataT/healthy/healthy_3134.jpg,0,False,False,False,0.40646935,False,172
0544878ce277dc3deac5bb174fbaf05c,dataset_complete/cacao_diseases/cacao_photos/healthy/healthy_1361.jpg,0,9d63a112bd8fd183,1080,1080,/workspace/cacao/cache_256/dataset_complete/cacao_diseases/cacao_photos/healthy/healthy_1361.png,1080x1080,A,20,0.8204838,dataT/healthy/healthy_2633.jpg,0,False,False,False,0.41050947,False,173
943b2864e5c3d10fc7af12da9b250775,dataset_complete/cacao_diseases/cacao_photos/healthy/healthy_1362.jpg,0,b2b6e90979e3305a,1080,1080,/workspace/cacao/cache_256/dataset_complete/cacao_diseases/cacao_photos/healthy/healthy_1362.png,1080x1080,A,18,0.819371,dataT/healthy/healthy_1535.jpg,0,False,False,False,0.44357264,False,174
2196c73d1fb45daf448504cd55676280,dataset_complete/cacao_diseases/cacao_photos/healthy/healthy_1363.jpg,0,edf52d418979f090,1080,1080,/workspace/cacao/cache_256/dataset_complete/cacao_diseases/cacao_photos/healthy/healthy_1363.png,1080x1080,A,18,0.86381674,dataT/healthy/healthy_27.jpg,0,False,False,False,0.5087224,False,175
6dfcd849c5fe44305943f80e7e065d61,dataset_complete/cacao_diseases/cacao_photos/healthy/healthy_1364.jpg,0,893d06e3f096b0d7,1080,1080,/workspace/cacao/cache_256/dataset_complete/cacao_diseases/cacao_photos/healthy/healthy_1364.png,1080x1080,A,18,0.79422045,dataT/healthy/healthy_2606.jpg,0,False,False,False,0.4596435,False,176
df84b2947c0a263f146d16f2ae3a0f89,dataset_complete/cacao_diseases/cacao_photos/healthy/healthy_1365.jpg,0,b26d2f24d2a2c96e,1080,1080,/workspace/cacao/cache_256/dataset_complete/cacao_diseases/cacao_photos/healthy/healthy_1365.png,1080x1080,A,16,0.84094703,dataT/pod_rot_black/black_pod_rot_376.jpg,1,False,False,False,0.40957478,False,177
b4c9ea31d59acace699f3cabdd03fdc1,dataset_complete/cacao_diseases/cacao_photos/healthy/healthy_1366.jpg,0,dbd21660676562ce,1080,1080,/workspace/cacao/cache_256/dataset_complete/cacao_diseases/cacao_photos/healthy/healthy_1366.png,1080x1080,A,16,0.86104226,dataT/healthy/healthy_1049.jpg,0,False,False,False,0.5435209,False,178
463f624326020b8fddf98aab94548ff5,dataset_complete/cacao_diseases/cacao_photos/healthy/healthy_1367.jpg,0,8eb59c58bcb83c58,1080,1080,/workspace/cacao/cache_256/dataset_complete/cacao_diseases/cacao_photos/healthy/healthy_1367.png,1080x1080,A,20,0.86621946,dataT/healthy/healthy_1031.jpg,0,False,False,False,0.49434853,False,179
3872a126de7c6a097efe3b841d1a385a,dataset_complete/cacao_diseases/cacao_photos/healthy/healthy_1368.jpg,0,ccccf6779d181606,1080,1080,/workspace/cacao/cache_256/dataset_complete/cacao_diseases/cacao_photos/healthy/healthy_1368.png,1080x1080,A,18,0.85003734,dataT/healthy/healthy_3331.jpg,0,False,False,False,0.39016443,False,180
9061fda9d248a3f0bf2c876f88a270c0,dataset_complete/cacao_diseases/cacao_photos/healthy/healthy_1369.jpg,0,d97e761823a22f92,1080,1080,/workspace/cacao/cache_256/dataset_complete/cacao_diseases/cacao_photos/healthy/healthy_1369.png,1080x1080,A,18,0.8942801,dataT/healthy/healthy_3134.jpg,0,False,False,True,0.41652697,False,181
1838f3b08b1e19f64e443d279b1f8848,dataset_complete/cacao_diseases/cacao_photos/healthy/healthy_137.jpg,0,9778f8f3b2046585,1080,1080,/workspace/cacao/cache_256/dataset_complete/cacao_diseases/cacao_photos/healthy/healthy_137.png,1080x1080,A,18,0.82841533,dataT/healthy/healthy_3334.jpg,0,False,False,False,0.43402678,False,182
ecc21490b05c8d5680999799e9ee739a,dataset_complete/cacao_diseases/cacao_photos/healthy/healthy_1370.jpg,0,b8f87b6b098624b6,1080,1080,/workspace/cacao/cache_256/dataset_complete/cacao_diseases/cacao_photos/healthy/healthy_1370.png,1080x1080,A,16,0.7038598,dataT/healthy/healthy_1541.jpg,0,False,False,False,0.35541484,False,183
70ced51b7b11b9363b34cc643b715659,dataset_complete/cacao_diseases/cacao_photos/healthy/healthy_1371.jpg,0,da995dba76f82060,1080,1080,/workspace/cacao/cache_256/dataset_complete/cacao_diseases/cacao_photos/healthy/healthy_1371.png,1080x1080,A,16,0.8523682,dataT/pod_rot_black/black_pod_rot_853.jpg,1,False,False,False,0.4265409,False,184
3d726509b69fee2d3f846cdc744d70dd,dataset_complete/cacao_diseases/cacao_photos/healthy/healthy_1372.jpg,0,e1a3497765357454,1080,1080,/workspace/cacao/cache_256/dataset_complete/cacao_diseases/cacao_photos/healthy/healthy_1372.png,1080x1080,A,14,0.7957703,dataT/pod_rot_black/black_pod_rot_417.jpg,1,False,False,False,0.48660678,False,185
eec503c467dbfe4d62e685b1448a163a,dataset_complete/cacao_diseases/cacao_photos/healthy/healthy_1373.jpg,0,dfb818727163e30c,1080,1080,/workspace/cacao/cache_256/dataset_complete/cacao_diseases/cacao_photos/healthy/healthy_1373.png,1080x1080,A,14,0.77191347,dataT/healthy/healthy_2765.jpg,0,False,False,False,0.5095553,False,186
8cdc85e088c5f7cd82b44d3b193d9053,dataset_complete/cacao_diseases/cacao_photos/healthy/healthy_1374.jpg,0,e9e3e02342f592f8,1080,1080,/workspace/cacao/cache_256/dataset_complete/cacao_diseases/cacao_photos/healthy/healthy_1374.png,1080x1080,A,16,0.8847268,dataT/healthy/healthy_627.jpg,0,False,False,True,0.43093854,False,187
57fab72430b4321e733754aefb14de2f,dataset_complete/cacao_diseases/cacao_photos/healthy/healthy_1375.jpg,0,f01af8a0f82f7361,1080,1080,/workspace/cacao/cache_256/dataset_complete/cacao_diseases/cacao_photos/healthy/healthy_1375.png,1080x1080,A,18,0.876218,dataT/healthy/healthy_2613.jpg,0,False,False,False,0.47075593,False,188
b29a5d5770342495e3549a746b0abfb4,dataset_complete/cacao_diseases/cacao_photos/healthy/healthy_1376.jpg,0,81a51d6b63c6aa9e,1080,1080,/workspace/cacao/cache_256/dataset_complete/cacao_diseases/cacao_photos/healthy/healthy_1376.png,1080x1080,A,16,0.8703104,dataT/healthy/healthy_419.jpg,0,False,False,False,0.48250163,False,189
f0593527df50eac8d271a089988de3f8,dataset_complete/cacao_diseases/cacao_photos/healthy/healthy_1377.jpg,0,edc7d87a8f530c02,1080,1080,/workspace/cacao/cache_256/dataset_complete/cacao_diseases/cacao_photos/healthy/healthy_1377.png,1080x1080,A,14,0.82316405,dataT/healthy/healthy_205.jpg,0,False,False,False,0.40286934,False,190
eb9efacade1c7066568fe9a8a8cb55ef,dataset_complete/cacao_diseases/cacao_photos/healthy/healthy_1378.jpg,0,9b660d37bed8580c,1080,1080,/workspace/cacao/cache_256/dataset_complete/cacao_diseases/cacao_photos/healthy/healthy_1378.png,1080x1080,A,16,0.86086476,dataT/healthy/healthy_1448.jpg,0,False,False,False,0.4723138,False,191
6ad4d4b1268f2fce5b82508b9da122ac,dataset_complete/cacao_diseases/cacao_photos/healthy/healthy_1379.jpg,0,9e988b3161a77ec2,1080,1080,/workspace/cacao/cache_256/dataset_complete/cacao_diseases/cacao_photos/healthy/healthy_1379.png,1080x1080,A,14,0.8435211,dataT/healthy/healthy_1407.jpg,0,False,False,False,0.5062865,False,192
490b8170bfb9b844110038a50854d972,dataset_complete/cacao_diseases/cacao_photos/healthy/healthy_138.jpg,0,8b9c9c66f1e78382,1080,1080,/workspace/cacao/cache_256/dataset_complete/cacao_diseases/cacao_photos/healthy/healthy_138.png,1080x1080,A,16,0.8509393,dataT/healthy/healthy_2610.jpg,0,False,False,False,0.3626492,False,193
523c632495dea9697a18554fabccad2f,dataset_complete/cacao_diseases/cacao_photos/healthy/healthy_1380.jpg,0,f66c133933cc40e7,1080,1080,/workspace/cacao/cache_256/dataset_complete/cacao_diseases/cacao_photos/healthy/healthy_1380.png,1080x1080,A,20,0.78166175,dataT/pod_rot_black/black_pod_rot_11.jpg,1,False,False,False,0.12862337,False,194
dc35c331e167c6c64338f71fd2767207,dataset_complete/cacao_diseases/cacao_photos/healthy/healthy_1381.jpg,0,ed481cf6670c1ccd,1080,1080,/workspace/cacao/cache_256/dataset_complete/cacao_diseases/cacao_photos/healthy/healthy_1381.png,1080x1080,A,16,0.87474465,dataT/healthy/healthy_1481.jpg,0,False,False,True,0.50540113,False,195
3d7aaa48ce4a15117c36bcb670dc9edc,dataset_complete/cacao_diseases/cacao_photos/healthy/healthy_1382.jpg,0,c52eb179506fcb42,1080,1080,/workspace/cacao/cache_256/dataset_complete/cacao_diseases/cacao_photos/healthy/healthy_1382.png,1080x1080,A,18,0.8744416,dataT/healthy/healthy_2117.jpg,0,False,False,False,0.42788857,False,196
f75c063ba7e9d7a435323097f7c39337,dataset_complete/cacao_diseases/cacao_photos/healthy/healthy_1383.jpg,0,99d8b9f0b0323e3a,1080,1080,/workspace/cacao/cache_256/dataset_complete/cacao_diseases/cacao_photos/healthy/healthy_1383.png,1080x1080,A,16,0.8421998,dataT/healthy/healthy_62.jpg,0,False,False,False,0.4971156,False,197
47bbff719f63d7451771e53cb4b9b397,dataset_complete/cacao_diseases/cacao_photos/healthy/healthy_1384.jpg,0,be352db220c326db,1080,1080,/workspace/cacao/cache_256/dataset_complete/cacao_diseases/cacao_photos/healthy/healthy_1384.png,1080x1080,A,18,0.8862866,dataT/healthy/healthy_465.jpg,0,False,False,True,0.51436436,False,198
1d91c4b10b1ed236aa743bf676b42d36,dataset_complete/cacao_diseases/cacao_photos/healthy/healthy_1385.jpg,0,924ae137e435e68e,1080,1080,/workspace/cacao/cache_256/dataset_complete/cacao_diseases/cacao_photos/healthy/healthy_1385.png,1080x1080,A,18,0.8225324,dataT/pod_rot_black/black_pod_rot_902.jpg,1,False,False,False,0.40811667,False,199
268f809766afd5f1770f39246fdb0abd,dataset_complete/cacao_diseases/cacao_photos/healthy/healthy_1386.jpg,0,fb2df206620bb29c,1080,1080,/workspace/cacao/cache_256/dataset_complete/cacao_diseases/cacao_photos/healthy/healthy_1386.png,1080x1080,A,18,0.8690368,dataT/healthy/healthy_1022.jpg,0,False,False,False,0.49351045,False,200
518869ca9da4430a757fa6dd86a5e56e,dataset_complete/cacao_diseases/cacao_photos/healthy/healthy_1387.jpg,0,b1b61d53e1c97c48,1080,1080,/workspace/cacao/cache_256/dataset_complete/cacao_diseases/cacao_photos/healthy/healthy_1387.png,1080x1080,A,16,0.8741499,dataT/pod_rot_black/black_pod_rot_376.jpg,1,False,False,False,0.37699312,False,201
83108f46302c7eb3b8ddb0c38b416a13,dataset_complete/cacao_diseases/cacao_photos/healthy/healthy_1388.jpg,0,8f781d6275a6a31c,1080,1080,/workspace/cacao/cache_256/dataset_complete/cacao_diseases/cacao_photos/healthy/healthy_1388.png,1080x1080,A,16,0.80081564,dataT/pod_rot_black/black_pod_rot_217.jpg,1,False,False,False,0.42018145,False,202
f1da8650237f27cf0f1950e6a0e2abc6,dataset_complete/cacao_diseases/cacao_photos/healthy/healthy_1389.jpg,0,eba59563c61e6c18,1080,1080,/workspace/cacao/cache_256/dataset_complete/cacao_diseases/cacao_photos/healthy/healthy_1389.png,1080x1080,A,18,0.85608804,dataT/healthy/healthy_230.jpg,0,False,False,False,0.42884475,False,203
15808b8a56b59362b13317bff6b163bb,dataset_complete/cacao_diseases/cacao_photos/healthy/healthy_139.jpg,0,8a9809a475df78a7,1080,1080,/workspace/cacao/cache_256/dataset_complete/cacao_diseases/cacao_photos/healthy/healthy_139.png,1080x1080,A,18,0.87730503,dataT/healthy/healthy_2635.jpg,0,False,False,False,0.41444838,False,204
f63443b468ae2d3589ce94891c727e44,dataset_complete/cacao_diseases/cacao_photos/healthy/healthy_1390.jpg,0,d29fc930aa0abbd2,1080,1080,/workspace/cacao/cache_256/dataset_complete/cacao_diseases/cacao_photos/healthy/healthy_1390.png,1080x1080,A,14,0.86952734,dataT/healthy/healthy_1431.jpg,0,False,False,False,0.39335442,False,205
bc5aeeb88d0a6dcdface7f9921f4190b,dataset_complete/cacao_diseases/cacao_photos/healthy/healthy_1391.jpg,0,99a2397061e327cf,1080,1080,/workspace/cacao/cache_256/dataset_complete/cacao_diseases/cacao_photos/healthy/healthy_1391.png,1080x1080,A,16,0.82946706,dataT/pod_rot_black/black_pod_rot_251.jpg,1,False,False,False,0.5211928,False,206
f8690042a00f568afb5bff48e9c1b055,dataset_complete/cacao_diseases/cacao_photos/healthy/healthy_1392.jpg,0,e261143223747bef,1080,1080,/workspace/cacao/cache_256/dataset_complete/cacao_diseases/cacao_photos/healthy/healthy_1392.png,1080x1080,A,16,0.8709411,dataT/healthy/healthy_1049.jpg,0,True,True,False,0.4189514,False,207
e6a69ee382eaa03efb99b62d45d72cec,dataset_complete/cacao_diseases/cacao_photos/healthy/healthy_1393.jpg,0,a3199a5e1af685c6,1080,1080,/workspace/cacao/cache_256/dataset_complete/cacao_diseases/cacao_photos/healthy/healthy_1393.png,1080x1080,A,18,0.83611286,dataT/healthy/healthy_1159.jpg,0,False,False,False,0.49570778,False,208
724d6e0cb039d38f71ff105192017bcf,dataset_complete/cacao_diseases/cacao_photos/healthy/healthy_1394.jpg,0,9a8f7a10f5e1194b,1080,1080,/workspace/cacao/cache_256/dataset_complete/cacao_diseases/cacao_photos/healthy/healthy_1394.png,1080x1080,A,18,0.8933619,dataT/healthy/healthy_2784.jpg,0,False,False,True,0.49627477,False,209
124a7216070bf39eaef6f5c7b2e218dd,dataset_complete/cacao_diseases/cacao_photos/healthy/healthy_1395.jpg,0,ec755a0f05f04ae9,1080,1080,/workspace/cacao/cache_256/dataset_complete/cacao_diseases/cacao_photos/healthy/healthy_1395.png,1080x1080,A,20,0.92028475,dataT/healthy/healthy_2761.jpg,0,False,False,True,0.46434915,False,210
d2662fb1b598700bb3afc80023639a15,dataset_complete/cacao_diseases/cacao_photos/healthy/healthy_1396.jpg,0,c86a9d20f8ceb395,1080,1080,/workspace/cacao/cache_256/dataset_complete/cacao_diseases/cacao_photos/healthy/healthy_1396.png,1080x1080,A,16,0.9318083,dataT/healthy/healthy_2762.jpg,0,True,True,True,0.43357012,False,211
4a9ea463754d953f948537304a8d4018,dataset_complete/cacao_diseases/cacao_photos/healthy/healthy_1397.jpg,0,e8b33c07e3f01e83,1080,1080,/workspace/cacao/cache_256/dataset_complete/cacao_diseases/cacao_photos/healthy/healthy_1397.png,1080x1080,A,16,0.91358966,dataT/healthy/healthy_1421.jpg,0,True,True,True,0.35292506,False,212
6504301487417fcc9022ea7370ff2a20,dataset_complete/cacao_diseases/cacao_photos/healthy/healthy_1398.jpg,0,dabc603235636b56,1080,1080,/workspace/cacao/cache_256/dataset_complete/cacao_diseases/cacao_photos/healthy/healthy_1398.png,1080x1080,A,14,0.87830305,dataT/healthy/healthy_2146.jpg,0,False,False,True,0.5575746,False,213
bf4529c6446a608bb7a804513e3a75d0,dataset_complete/cacao_diseases/cacao_photos/healthy/healthy_1399.jpg,0,9495b4a13b696a7a,1080,1080,/workspace/cacao/cache_256/dataset_complete/cacao_diseases/cacao_photos/healthy/healthy_1399.png,1080x1080,A,16,0.86489207,dataT/healthy/healthy_2782.jpg,0,False,False,True,0.4699999,False,214
4cb2aa2920a44ae913598f9c4eaa2201,dataset_complete/cacao_diseases/cacao_photos/healthy/healthy_140.jpg,0,e99d9c301d27e1c3,1080,1080,/workspace/cacao/cache_256/dataset_complete/cacao_diseases/cacao_photos/healthy/healthy_140.png,1080x1080,A,16,0.8722416,dataT/healthy/healthy_2817.jpg,0,False,False,False,0.45919192,False,215
08b4c21c5514052411b208d0fbb84c16,dataset_complete/cacao_diseases/cacao_photos/healthy/healthy_1400.jpg,0,9fe7415b7692a250,1080,1080,/workspace/cacao/cache_256/dataset_complete/cacao_diseases/cacao_photos/healthy/healthy_1400.png,1080x1080,A,18,0.8779669,dataT/healthy/healthy_1563.jpg,0,False,False,True,0.46632424,False,216
9b490f97c33dd197144c9611bb33c2cb,dataset_complete/cacao_diseases/cacao_photos/healthy/healthy_1401.jpg,0,fe7c5db2043de088,1080,1080,/workspace/cacao/cache_256/dataset_complete/cacao_diseases/cacao_photos/healthy/healthy_1401.png,1080x1080,A,18,0.8514439,dataT/healthy/healthy_1034.jpg,0,False,False,False,0.3969968,False,217
cde7eaea94bdfa26ef6cca5054af95ec,dataset_complete/cacao_diseases/cacao_photos/healthy/healthy_1402.jpg,0,e7229c7612a2d74d,1080,1080,/workspace/cacao/cache_256/dataset_complete/cacao_diseases/cacao_photos/healthy/healthy_1402.png,1080x1080,A,18,0.85089564,dataT/pod_rot_black/black_pod_rot_393.jpg,1,True,True,True,0.4583609,False,218
13bea031ba0cd5787825db7317ad1883,dataset_complete/cacao_diseases/cacao_photos/healthy/healthy_1403.jpg,0,d09c0e2d04e5e3f7,1080,1080,/workspace/cacao/cache_256/dataset_complete/cacao_diseases/cacao_photos/healthy/healthy_1403.png,1080x1080,A,18,0.89384836,dataT/healthy/healthy_223.jpg,0,False,False,True,0.5287962,False,219
8108f1dabf5163a44f32411d56b7175e,dataset_complete/cacao_diseases/cacao_photos/healthy/healthy_141.jpg,0,e2d59a26b86254ed,1080,1080,/workspace/cacao/cache_256/dataset_complete/cacao_diseases/cacao_photos/healthy/healthy_141.png,1080x1080,A,18,0.8448498,dataT/healthy/healthy_2605.jpg,0,False,False,True,0.5083586,False,220
f4802a9e76dffdd0b2c4fce3bbbc01e3,dataset_complete/cacao_diseases/cacao_photos/healthy/healthy_142.jpg,0,ff3f1821cc23bc28,1080,1080,/workspace/cacao/cache_256/dataset_complete/cacao_diseases/cacao_photos/healthy/healthy_142.png,1080x1080,A,18,0.8565541,dataT/healthy/healthy_1091.jpg,0,False,False,False,0.40521023,False,221
c6233708b0d48a8bf45b781daf6dc4c5,dataset_complete/cacao_diseases/cacao_photos/healthy/healthy_143.jpg,0,dfc7c9f16701602c,1080,1080,/workspace/cacao/cache_256/dataset_complete/cacao_diseases/cacao_photos/healthy/healthy_143.png,1080x1080,A,16,0.8133025,dataT/healthy/healthy_2505.jpg,0,False,False,False,0.31559157,False,222
2531355f3be5beb17ffbaf936c95066a,dataset_complete/cacao_diseases/cacao_photos/healthy/healthy_144.jpg,0,a15a69a5342e5797,1080,1080,/workspace/cacao/cache_256/dataset_complete/cacao_diseases/cacao_photos/healthy/healthy_144.png,1080x1080,A,18,0.90403485,dataT/healthy/healthy_8.jpg,0,False,False,True,0.38634503,False,223
b15e9ec2312c49f8a3f5251233d62d99,dataset_complete/cacao_diseases/cacao_photos/healthy/healthy_1444.jpg,0,de7de1470688987c,1080,1080,/workspace/cacao/cache_256/dataset_complete/cacao_diseases/cacao_photos/healthy/healthy_1444.png,1080x1080,A,18,0.8269055,dataT/pod_rot_black/black_pod_rot_255.jpg,1,True,True,False,0.371404,False,224
a76e89d5532c032902bf8e1fd76ee105,dataset_complete/cacao_diseases/cacao_photos/healthy/healthy_145.jpg,0,cc0c6c7323519f97,1080,1080,/workspace/cacao/cache_256/dataset_complete/cacao_diseases/cacao_photos/healthy/healthy_145.png,1080x1080,A,18,0.8686539,dataT/healthy/healthy_2122.jpg,0,False,False,False,0.53525543,False,225
992e3b7bca7fde792e351768469acc34,dataset_complete/cacao_diseases/cacao_photos/healthy/healthy_146.jpg,0,c3da237472b742aa,1080,1080,/workspace/cacao/cache_256/dataset_complete/cacao_diseases/cacao_photos/healthy/healthy_146.png,1080x1080,A,16,0.8883729,dataT/healthy/healthy_237.jpg,0,False,False,True,0.53170604,False,226
44d546b7a3753378464a1d1ebd68c7b6,dataset_complete/cacao_diseases/cacao_photos/healthy/healthy_147.jpg,0,cbcc25e367c10e1e,1080,1080,/workspace/cacao/cache_256/dataset_complete/cacao_diseases/cacao_photos/healthy/healthy_147.png,1080x1080,A,16,0.9027739,dataT/healthy/healthy_2055.jpg,0,False,False,True,0.53897595,False,227
c4396409a5332fdc64fb399c12a93cad,dataset_complete/cacao_diseases/cacao_photos/healthy/healthy_148.jpg,0,f2529735d9a0f286,1080,1080,/workspace/cacao/cache_256/dataset_complete/cacao_diseases/cacao_photos/healthy/healthy_148.png,1080x1080,A,18,0.89576465,dataT/healthy/healthy_259.jpg,0,False,False,True,0.4215083,False,228
0255767a4b6edc269f5444a0c630d76a,dataset_complete/cacao_diseases/cacao_photos/healthy/healthy_149.jpg,0,f0280f27add1d4bc,1080,1080,/workspace/cacao/cache_256/dataset_complete/cacao_diseases/cacao_photos/healthy/healthy_149.png,1080x1080,A,16,0.8998731,dataT/healthy/healthy_2591.jpg,0,False,False,True,0.41765016,False,229
eb1232e770142490bbf6fe1c804996f8,dataset_complete/cacao_diseases/cacao_photos/healthy/healthy_150.jpg,0,959b7ba55169c544,1080,1080,/workspace/cacao/cache_256/dataset_complete/cacao_diseases/cacao_photos/healthy/healthy_150.png,1080x1080,A,16,0.79812884,dataT/healthy/healthy_2100.jpg,0,False,False,False,0.31911764,False,230
e761b797b324222baef0bbccd5a54e3c,dataset_complete/cacao_diseases/cacao_photos/healthy/healthy_151.jpg,0,f74dc4a9b4f512a0,1080,1080,/workspace/cacao/cache_256/dataset_complete/cacao_diseases/cacao_photos/healthy/healthy_151.png,1080x1080,A,16,0.8861859,dataT/pod_rot_black/black_pod_rot_241.jpg,1,False,False,True,0.42508382,False,231
659b79ca84496cd00e50937c7425d3ad,dataset_complete/cacao_diseases/cacao_photos/healthy/healthy_152.jpg,0,f7f3d061482a2d3c,1080,1080,/workspace/cacao/cache_256/dataset_complete/cacao_diseases/cacao_photos/healthy/healthy_152.png,1080x1080,A,18,0.8978966,dataT/healthy/healthy_670.jpg,0,False,False,True,0.45011187,False,232
5745abb92c7bc16cbda3a6f87d60c726,dataset_complete/cacao_diseases/cacao_photos/healthy/healthy_153.jpg,0,8a9a3b33d0a6533d,1080,1080,/workspace/cacao/cache_256/dataset_complete/cacao_diseases/cacao_photos/healthy/healthy_153.png,1080x1080,A,18,0.7886727,dataT/healthy/healthy_285.jpg,0,False,False,False,0.38800085,False,233
7e10c2e7d38646564d0bbdf62d50ee8b,dataset_complete/cacao_diseases/cacao_photos/healthy/healthy_154.jpg,0,99910e37626a376b,1080,1080,/workspace/cacao/cache_256/dataset_complete/cacao_diseases/cacao_photos/healthy/healthy_154.png,1080x1080,A,18,0.8197799,dataT/healthy/healthy_447.jpg,0,False,False,False,0.41569424,False,234
ee40ac67d8d36ba9127d72dc0bdce2d4,dataset_complete/cacao_diseases/cacao_photos/healthy/healthy_155.jpg,0,819f5e341b5bcb05,1080,1080,/workspace/cacao/cache_256/dataset_complete/cacao_diseases/cacao_photos/healthy/healthy_155.png,1080x1080,A,16,0.8612814,dataT/healthy/healthy_223.jpg,0,False,False,False,0.51800525,False,235
4b961addce668d8484ca94bfdf277120,dataset_complete/cacao_diseases/cacao_photos/healthy/healthy_156.jpg,0,9518cac49dc7da87,1080,1080,/workspace/cacao/cache_256/dataset_complete/cacao_diseases/cacao_photos/healthy/healthy_156.png,1080x1080,A,16,0.88801235,dataT/healthy/healthy_666.jpg,0,False,False,True,0.45761004,False,236
aaf608aabd1c677f4b0b04b2cc47e451,dataset_complete/cacao_diseases/cacao_photos/healthy/healthy_157.jpg,0,8c09bfb4f0608bbe,1080,1080,/workspace/cacao/cache_256/dataset_complete/cacao_diseases/cacao_photos/healthy/healthy_157.png,1080x1080,A,18,0.85173225,dataT/healthy/healthy_2122.jpg,0,False,False,False,0.5855639,False,237
dfa3a6a6c1cfcc11bd1f740b00b07958,dataset_complete/cacao_diseases/cacao_photos/healthy/healthy_158.jpg,0,9a18b0f2f7322af1,1080,1080,/workspace/cacao/cache_256/dataset_complete/cacao_diseases/cacao_photos/healthy/healthy_158.png,1080x1080,A,16,0.815326,dataT/healthy/healthy_223.jpg,0,False,False,False,0.4976621,False,238
48a1a04255f01e4291b806b3015256b1,dataset_complete/cacao_diseases/cacao_photos/healthy/healthy_1583.jpg,0,ce611c37681c3edc,1080,1080,/workspace/cacao/cache_256/dataset_complete/cacao_diseases/cacao_photos/healthy/healthy_1583.png,1080x1080,A,16,0.8519964,dataT/healthy/healthy_450.jpg,0,True,True,False,0.45978045,False,239
a3b2781e4a9ad71122da3818623a629e,dataset_complete/cacao_diseases/cacao_photos/healthy/healthy_1584.jpg,0,ab8f8f87c426521e,1080,1080,/workspace/cacao/cache_256/dataset_complete/cacao_diseases/cacao_photos/healthy/healthy_1584.png,1080x1080,A,18,0.8647292,dataT/healthy/healthy_2117.jpg,0,False,False,False,0.46782148,False,240
9f302488b362419e49f393f546eef8e3,dataset_complete/cacao_diseases/cacao_photos/healthy/healthy_1585.jpg,0,f9082c7612d1d39f,1080,1080,/workspace/cacao/cache_256/dataset_complete/cacao_diseases/cacao_photos/healthy/healthy_1585.png,1080x1080,A,16,0.8775691,dataT/healthy/healthy_275.jpg,0,False,False,True,0.41398782,False,241
d20bd04e2b1d1155635946f99260d917,dataset_complete/cacao_diseases/cacao_photos/healthy/healthy_1586.jpg,0,d9b1b472e1812737,1080,1080,/workspace/cacao/cache_256/dataset_complete/cacao_diseases/cacao_photos/healthy/healthy_1586.png,1080x1080,A,16,0.86185193,dataT/healthy/healthy_2122.jpg,0,False,False,False,0.48097655,False,242
291b8034c260b2340d7164faa50e8ff3,dataset_complete/cacao_diseases/cacao_photos/healthy/healthy_1587.jpg,0,8c9f5872b1a6634b,1080,1080,/workspace/cacao/cache_256/dataset_complete/cacao_diseases/cacao_photos/healthy/healthy_1587.png,1080x1080,A,14,0.8635947,dataT/healthy/healthy_1567.jpg,0,False,False,True,0.4945799,False,243
b8a148ead780534418f98ea4023e4f15,dataset_complete/cacao_diseases/cacao_photos/healthy/healthy_1588.jpg,0,e56ecb75360b5508,1080,1080,/workspace/cacao/cache_256/dataset_complete/cacao_diseases/cacao_photos/healthy/healthy_1588.png,1080x1080,A,16,0.889724,dataT/healthy/healthy_584.jpg,0,False,False,True,0.40196446,False,244
e70aeaa9cd4a5b89f6781817190bc620,dataset_complete/cacao_diseases/cacao_photos/healthy/healthy_1589.jpg,0,e648eca4543ef319,1080,1080,/workspace/cacao/cache_256/dataset_complete/cacao_diseases/cacao_photos/healthy/healthy_1589.png,1080x1080,A,12,0.9180285,dataT/healthy/healthy_2117.jpg,0,False,False,True,0.44251722,False,245
bd0febfa1b701199a65288151bee8709,dataset_complete/cacao_diseases/cacao_photos/healthy/healthy_159.jpg,0,939dbc7870707370,1080,1080,/workspace/cacao/cache_256/dataset_complete/cacao_diseases/cacao_photos/healthy/healthy_159.png,1080x1080,A,12,0.8999481,dataT/healthy/healthy_59.jpg,0,False,False,True,0.38468236,False,246
c489c73e79fcd147aca163c06ceebcda,dataset_complete/cacao_diseases/cacao_photos/healthy/healthy_1590.jpg,0,de187937036583ae,1080,1080,/workspace/cacao/cache_256/dataset_complete/cacao_diseases/cacao_photos/healthy/healthy_1590.png,1080x1080,A,14,0.8871752,dataT/healthy/healthy_2573.jpg,0,False,False,True,0.5094425,False,247
7a26dfbc4f2623463db9a5389d9752aa,dataset_complete/cacao_diseases/cacao_photos/healthy/healthy_1591.jpg,0,92265cc51f9cf6e0,1080,1080,/workspace/cacao/cache_256/dataset_complete/cacao_diseases/cacao_photos/healthy/healthy_1591.png,1080x1080,A,18,0.8596637,dataT/healthy/healthy_1175.jpg,0,False,False,False,0.370425,False,248
13a96ea10095ecd269123d0cb9119419,dataset_complete/cacao_diseases/cacao_photos/healthy/healthy_1592.jpg,0,ddb036270f9dc8c8,1080,1080,/workspace/cacao/cache_256/dataset_complete/cacao_diseases/cacao_photos/healthy/healthy_1592.png,1080x1080,A,16,0.9105017,dataT/healthy/healthy_223.jpg,0,False,False,True,0.50152487,False,249
2fb2dee63d384daf799c6fc93d52a273,dataset_complete/cacao_diseases/cacao_photos/healthy/healthy_1593.jpg,0,93b88c63646723f6,1080,1080,/workspace/cacao/cache_256/dataset_complete/cacao_diseases/cacao_photos/healthy/healthy_1593.png,1080x1080,A,16,0.87963456,dataT/healthy/healthy_450.jpg,0,False,False,False,0.4307828,False,250
7b72f96ffa17949bc4e0c4bd7c666db9,dataset_complete/cacao_diseases/cacao_photos/healthy/healthy_1594.jpg,0,ba5d5d60b4706b25,1080,1080,/workspace/cacao/cache_256/dataset_complete/cacao_diseases/cacao_photos/healthy/healthy_1594.png,1080x1080,A,16,0.8553765,dataT/healthy/healthy_2117.jpg,0,False,False,False,0.5566009,False,251
7f5ca5c6aafb628fb2f2d58f502fa216,dataset_complete/cacao_diseases/cacao_photos/healthy/healthy_1595.jpg,0,d91f217776829658,1080,1080,/workspace/cacao/cache_256/dataset_complete/cacao_diseases/cacao_photos/healthy/healthy_1595.png,1080x1080,A,18,0.8752943,dataT/healthy/healthy_1053.jpg,0,False,False,False,0.49442357,False,252
6996c265c2d0bfa13edd0befa8d3bc12,dataset_complete/cacao_diseases/cacao_photos/healthy/healthy_1596.jpg,0,dacf2f2c32c21363,1080,1080,/workspace/cacao/cache_256/dataset_complete/cacao_diseases/cacao_photos/healthy/healthy_1596.png,1080x1080,A,18,0.85242003,dataT/healthy/healthy_574.jpg,0,False,False,False,0.39559966,False,253
1239996d2b537b4286eb0df37e531a05,dataset_complete/cacao_diseases/cacao_photos/healthy/healthy_1597.jpg,0,99c10d2736beb2e8,1080,1080,/workspace/cacao/cache_256/dataset_complete/cacao_diseases/cacao_photos/healthy/healthy_1597.png,1080x1080,A,16,0.8783483,dataT/pod_rot_black/black_pod_rot_241.jpg,1,False,False,False,0.5029578,False,254
647573e99e98b8cbc038a91000e53a5e,dataset_complete/cacao_diseases/cacao_photos/healthy/healthy_1598.jpg,0,b3039c86037a7bb3,1080,1080,/workspace/cacao/cache_256/dataset_complete/cacao_diseases/cacao_photos/healthy/healthy_1598.png,1080x1080,A,18,0.8546014,dataT/healthy/healthy_584.jpg,0,False,False,False,0.43865016,False,255
076ce852b0d8dced2fd370ca3060d575,dataset_complete/cacao_diseases/cacao_photos/healthy/healthy_1599.jpg,0,96588d666d6b3256,1080,1080,/workspace/cacao/cache_256/dataset_complete/cacao_diseases/cacao_photos/healthy/healthy_1599.png,1080x1080,A,16,0.8586781,dataT/healthy/healthy_450.jpg,0,False,False,False,0.41669458,False,256
25ffb5c4969a95abb7eda90a541ed836,dataset_complete/cacao_diseases/cacao_photos/healthy/healthy_160.jpg,0,afa41537b788054f,1080,1080,/workspace/cacao/cache_256/dataset_complete/cacao_diseases/cacao_photos/healthy/healthy_160.png,1080x1080,A,18,0.8517249,dataT/healthy/healthy_285.jpg,0,False,False,False,0.4132136,False,257
8f99d98a9b7a8205e76c5b9edb1af76b,dataset_complete/cacao_diseases/cacao_photos/healthy/healthy_1600.jpg,0,dd840b237978dab2,1080,1080,/workspace/cacao/cache_256/dataset_complete/cacao_diseases/cacao_photos/healthy/healthy_1600.png,1080x1080,A,16,0.8471234,dataT/pod_rot_black/black_pod_rot_428.jpg,1,False,False,False,0.39383817,False,258
54e2e9b9b7076a8f885afc8bf017cb41,dataset_complete/cacao_diseases/cacao_photos/healthy/healthy_1601.jpg,0,9fad0aa679c63918,1080,1080,/workspace/cacao/cache_256/dataset_complete/cacao_diseases/cacao_photos/healthy/healthy_1601.png,1080x1080,A,16,0.8073025,dataT/healthy/healthy_670.jpg,0,False,False,False,0.45825613,False,259
e14c839901059a542097be6538fc6e8f,dataset_complete/cacao_diseases/cacao_photos/healthy/healthy_1602.jpg,0,cfa3dac3031db701,1080,1080,/workspace/cacao/cache_256/dataset_complete/cacao_diseases/cacao_photos/healthy/healthy_1602.png,1080x1080,A,18,0.8680955,dataT/healthy/healthy_37.jpg,0,False,False,False,0.37351644,False,260
c127d3677c9fc6dc5411804284e739f9,dataset_complete/cacao_diseases/cacao_photos/healthy/healthy_1603.jpg,0,adede56774712081,1080,1080,/workspace/cacao/cache_256/dataset_complete/cacao_diseases/cacao_photos/healthy/healthy_1603.png,1080x1080,A,18,0.85731846,dataT/pod_rot_black/black_pod_rot_135.jpg,1,False,False,False,0.48687518,False,261
86b751707e1acbaab0c590ca5ccade3e,dataset_complete/cacao_diseases/cacao_photos/healthy/healthy_1604.jpg,0,cf3270a436b9b989,1080,1080,/workspace/cacao/cache_256/dataset_complete/cacao_diseases/cacao_photos/healthy/healthy_1604.png,1080x1080,A,16,0.85207963,dataT/healthy/healthy_220.jpg,0,False,False,False,0.54916465,False,262
ba6e9caf2f1958223220b7a450e7a2d5,dataset_complete/cacao_diseases/cacao_photos/healthy/healthy_1605.jpg,0,ce38e0fb68f36881,1080,1080,/workspace/cacao/cache_256/dataset_complete/cacao_diseases/cacao_photos/healthy/healthy_1605.png,1080x1080,A,18,0.85637194,dataT/healthy/healthy_1020.jpg,0,False,False,False,0.44975764,False,263
f7cd33f79c4c7a0a07ae716f7666a0b0,dataset_complete/cacao_diseases/cacao_photos/healthy/healthy_1606.jpg,0,c307263cf9d1ae07,1080,1080,/workspace/cacao/cache_256/dataset_complete/cacao_diseases/cacao_photos/healthy/healthy_1606.png,1080x1080,A,20,0.7437433,dataT/pod_rot_black/black_pod_rot_443.jpg,1,False,False,False,0.4066715,False,264
94cac6aea1b1050bf86da625a482b971,dataset_complete/cacao_diseases/cacao_photos/healthy/healthy_1607.jpg,0,c88e2dec76f16183,1080,1080,/workspace/cacao/cache_256/dataset_complete/cacao_diseases/cacao_photos/healthy/healthy_1607.png,1080x1080,A,14,0.8312082,dataT/healthy/healthy_2144.jpg,0,False,False,False,0.45049196,False,265
ffda3c39bc01144c9ebf35b52c26a918,dataset_complete/cacao_diseases/cacao_photos/healthy/healthy_1608.jpg,0,99b3bc222e78e89a,1080,1080,/workspace/cacao/cache_256/dataset_complete/cacao_diseases/cacao_photos/healthy/healthy_1608.png,1080x1080,A,16,0.86461055,dataT/healthy/healthy_1216.jpg,0,False,False,False,0.39649433,False,266
7505fed369ae54ddb017590cd60e71d3,dataset_complete/cacao_diseases/cacao_photos/healthy/healthy_1609.jpg,0,98047633f389cceb,1080,1080,/workspace/cacao/cache_256/dataset_complete/cacao_diseases/cacao_photos/healthy/healthy_1609.png,1080x1080,A,14,0.7694646,dataT/healthy/healthy_2624.jpg,0,False,False,False,0.50115234,False,267
a74333b9c63aabfc9340a6b25b3016fb,dataset_complete/cacao_diseases/cacao_photos/healthy/healthy_161.jpg,0,ca7a29419f5ec525,1080,1080,/workspace/cacao/cache_256/dataset_complete/cacao_diseases/cacao_photos/healthy/healthy_161.png,1080x1080,A,20,0.8703398,dataT/healthy/healthy_1159.jpg,0,False,False,False,0.471821,False,268
e17f13ec819943ebc37216a3f135c73c,dataset_complete/cacao_diseases/cacao_photos/healthy/healthy_1610.jpg,0,f8a6b7c141dd6e08,1080,1080,/workspace/cacao/cache_256/dataset_complete/cacao_diseases/cacao_photos/healthy/healthy_1610.png,1080x1080,A,18,0.88150024,dataT/healthy/healthy_1217.jpg,0,False,False,True,0.31180972,False,269
562862b2ebdae589b5a6765afc1a679c,dataset_complete/cacao_diseases/cacao_photos/healthy/healthy_1611.jpg,0,89a223c7e75d4e58,1080,1080,/workspace/cacao/cache_256/dataset_complete/cacao_diseases/cacao_photos/healthy/healthy_1611.png,1080x1080,A,18,0.9053024,dataT/healthy/healthy_1217.jpg,0,False,False,True,0.36386153,False,270
c8be789d12162a5a93bd3b787a12a87f,dataset_complete/cacao_diseases/cacao_photos/healthy/healthy_1612.jpg,0,91e11aa8759f9761,1080,1080,/workspace/cacao/cache_256/dataset_complete/cacao_diseases/cacao_photos/healthy/healthy_1612.png,1080x1080,A,18,0.7803638,dataT/healthy/healthy_1560.jpg,0,False,False,False,0.45654774,False,271
820705eaa77019dd245c3f48c6284a12,dataset_complete/cacao_diseases/cacao_photos/healthy/healthy_1613.jpg,0,d2ed6232e49bc01f,1080,1080,/workspace/cacao/cache_256/dataset_complete/cacao_diseases/cacao_photos/healthy/healthy_1613.png,1080x1080,A,16,0.79616046,dataT/healthy/healthy_626.jpg,0,False,False,False,0.3645152,False,272
ff85ade984c149245e0ccc5271efbdfc,dataset_complete/cacao_diseases/cacao_photos/healthy/healthy_1614.jpg,0,d9142665393bb1ba,1080,1080,/workspace/cacao/cache_256/dataset_complete/cacao_diseases/cacao_photos/healthy/healthy_1614.png,1080x1080,A,14,0.86508834,dataT/healthy/healthy_2623.jpg,0,False,False,False,0.57862866,False,273
4b789176e76fec282348e35b786acb30,dataset_complete/cacao_diseases/cacao_photos/healthy/healthy_1615.jpg,0,df121a37a3abe2c0,1080,1080,/workspace/cacao/cache_256/dataset_complete/cacao_diseases/cacao_photos/healthy/healthy_1615.png,1080x1080,A,14,0.8777944,dataT/pod_rot_black/black_pod_rot_354.jpg,1,False,False,False,0.56254375,False,274
d539f692db33d5025a572f8f1cb39fe8,dataset_complete/cacao_diseases/cacao_photos/healthy/healthy_1616.jpg,0,cf1fde70003bad12,1080,1080,/workspace/cacao/cache_256/dataset_complete/cacao_diseases/cacao_photos/healthy/healthy_1616.png,1080x1080,A,16,0.8591034,dataT/healthy/healthy_3161.jpg,0,False,False,False,0.5711684,False,275
6b66cd1888b793a098ec867bad010a38,dataset_complete/cacao_diseases/cacao_photos/healthy/healthy_1617.jpg,0,bb762b6a470fe408,1080,1080,/workspace/cacao/cache_256/dataset_complete/cacao_diseases/cacao_photos/healthy/healthy_1617.png,1080x1080,A,16,0.8669679,dataT/healthy/healthy_3322.jpg,0,False,False,False,0.43009496,False,276
489f2cb136395bb29f3c4e10f246c217,dataset_complete/cacao_diseases/cacao_photos/healthy/healthy_1618.jpg,0,f7e48d6d04a49617,1080,1080,/workspace/cacao/cache_256/dataset_complete/cacao_diseases/cacao_photos/healthy/healthy_1618.png,1080x1080,A,18,0.84559184,dataT/healthy/healthy_42.jpg,0,False,False,False,0.44244274,False,277
891adb6a729bb7566d39f03376df80e4,dataset_complete/cacao_diseases/cacao_photos/healthy/healthy_1619.jpg,0,ccdc5967a7879418,1080,1080,/workspace/cacao/cache_256/dataset_complete/cacao_diseases/cacao_photos/healthy/healthy_1619.png,1080x1080,A,14,0.8782944,dataT/pod_rot_black/black_pod_rot_863.jpg,1,False,False,False,0.43800136,False,278
b826db370103395696ba7658cc8a8d6c,dataset_complete/cacao_diseases/cacao_photos/healthy/healthy_162.jpg,0,8eb463673656292d,1080,1080,/workspace/cacao/cache_256/dataset_complete/cacao_diseases/cacao_photos/healthy/healthy_162.png,1080x1080,A,16,0.89728284,dataT/healthy/healthy_2583.jpg,0,False,False,True,0.4039222,False,279
c7ebef8b4ccfe754ac2c1c877bbf4c28,dataset_complete/cacao_diseases/cacao_photos/healthy/healthy_1620.jpg,0,8e6f312064f22fb3,1080,1080,/workspace/cacao/cache_256/dataset_complete/cacao_diseases/cacao_photos/healthy/healthy_1620.png,1080x1080,A,18,0.8624011,dataT/healthy/healthy_2077.jpg,0,False,False,False,0.6077257,False,280
2b909734999581b6bb1110db4aa091db,dataset_complete/cacao_diseases/cacao_photos/healthy/healthy_1621.jpg,0,d90cf2f3f4cccc01,1080,1080,/workspace/cacao/cache_256/dataset_complete/cacao_diseases/cacao_photos/healthy/healthy_1621.png,1080x1080,A,18,0.7721685,dataT/healthy/healthy_281.jpg,0,False,False,False,0.52147025,False,281
3dee1fb1314ddc9cf2758a6f62ba1a33,dataset_complete/cacao_diseases/cacao_photos/healthy/healthy_1622.jpg,0,9db124e370b4535e,1080,1080,/workspace/cacao/cache_256/dataset_complete/cacao_diseases/cacao_photos/healthy/healthy_1622.png,1080x1080,A,18,0.86134094,dataT/healthy/healthy_36.jpg,0,False,False,False,0.5132902,False,282
d1a3208ea412229f6f0a010aa4df48fd,dataset_complete/cacao_diseases/cacao_photos/healthy/healthy_1623.jpg,0,dcfe3ec0f0964258,1080,1080,/workspace/cacao/cache_256/dataset_complete/cacao_diseases/cacao_photos/healthy/healthy_1623.png,1080x1080,A,16,0.8623358,dataT/healthy/healthy_204.jpg,0,False,False,False,0.5361807,False,283
265c536715626d2e9f98161ab5c6692c,dataset_complete/cacao_diseases/cacao_photos/healthy/healthy_1624.jpg,0,a6fb5c75a4b2b108,1080,1080,/workspace/cacao/cache_256/dataset_complete/cacao_diseases/cacao_photos/healthy/healthy_1624.png,1080x1080,A,18,0.86191666,dataT/healthy/healthy_2117.jpg,0,False,False,False,0.4736064,False,284
677372eb3b37888a2b0b4213de984779,dataset_complete/cacao_diseases/cacao_photos/healthy/healthy_1625.jpg,0,e793f2e5064e4e48,1080,1080,/workspace/cacao/cache_256/dataset_complete/cacao_diseases/cacao_photos/healthy/healthy_1625.png,1080x1080,A,18,0.88052094,dataT/pod_rot_black/black_pod_rot_759.jpg,1,False,False,True,0.42513683,False,285
14e7a903e18c25da5ec33398900d742f,dataset_complete/cacao_diseases/cacao_photos/healthy/healthy_1626.jpg,0,eb37317340cc1e5c,1080,1080,/workspace/cacao/cache_256/dataset_complete/cacao_diseases/cacao_photos/healthy/healthy_1626.png,1080x1080,A,16,0.9018049,dataT/healthy/healthy_1634.jpg,0,True,True,True,0.43320802,False,286
b61e032d925e56721bfdad89b3cf4cb8,dataset_complete/cacao_diseases/cacao_photos/healthy/healthy_1627.jpg,0,d36b0d66bc6ec00d,1080,1080,/workspace/cacao/cache_256/dataset_complete/cacao_diseases/cacao_photos/healthy/healthy_1627.png,1080x1080,A,16,0.84078145,dataT/healthy/healthy_3141.jpg,0,False,False,False,0.5536621,False,287
ad5f01b67e3c87eaf898ace2adb68f71,dataset_complete/cacao_diseases/cacao_photos/healthy/healthy_1628.jpg,0,9bda990d113d2f31,1080,1080,/workspace/cacao/cache_256/dataset_complete/cacao_diseases/cacao_photos/healthy/healthy_1628.png,1080x1080,A,18,0.83239746,dataT/pod_rot_black/black_pod_rot_828.jpg,1,False,False,False,0.50609064,False,288
3e795548796494f57fac304c4a2f4ba8,dataset_complete/cacao_diseases/cacao_photos/healthy/healthy_1629.jpg,0,a4964d756b3566a8,1080,1080,/workspace/cacao/cache_256/dataset_complete/cacao_diseases/cacao_photos/healthy/healthy_1629.png,1080x1080,A,16,0.8738619,dataT/healthy/healthy_438.jpg,0,False,False,False,0.5160271,False,289
ccf0e0ff7ba65932ec0ddcd0c7cd7e74,dataset_complete/cacao_diseases/cacao_photos/healthy/healthy_163.jpg,0,be666b236a2aa0ad,1080,1080,/workspace/cacao/cache_256/dataset_complete/cacao_diseases/cacao_photos/healthy/healthy_163.png,1080x1080,A,18,0.87332356,dataT/healthy/healthy_206.jpg,0,False,False,False,0.5003257,False,290
5e67dd9cf1d14aee37876064e24ff08b,dataset_complete/cacao_diseases/cacao_photos/healthy/healthy_1630.jpg,0,c4cc9060399effaa,1080,1080,/workspace/cacao/cache_256/dataset_complete/cacao_diseases/cacao_photos/healthy/healthy_1630.png,1080x1080,A,18,0.8078664,dataT/healthy/healthy_3161.jpg,0,False,False,False,0.59229034,False,291
c13645c59f3d9b642ae20769ce4f11a1,dataset_complete/cacao_diseases/cacao_photos/healthy/healthy_164.jpg,0,cdcc26670787c4cd,1080,1080,/workspace/cacao/cache_256/dataset_complete/cacao_diseases/cacao_photos/healthy/healthy_164.png,1080x1080,A,12,0.86155784,dataT/pod_rot_black/black_pod_rot_135.jpg,1,False,False,False,0.5094472,False,292
414586c67ec29918c9563b8983da3f40,dataset_complete/cacao_diseases/cacao_photos/healthy/healthy_165.jpg,0,cfd89191961f0e72,1080,1080,/workspace/cacao/cache_256/dataset_complete/cacao_diseases/cacao_photos/healthy/healthy_165.png,1080x1080,A,16,0.7884468,dataT/healthy/healthy_224.jpg,0,False,False,False,0.52963054,False,293
20e076e1b373a55f265bc1e142cea361,dataset_complete/cacao_diseases/cacao_photos/healthy/healthy_166.jpg,0,92aa2f38746f34e1,1080,1080,/workspace/cacao/cache_256/dataset_complete/cacao_diseases/cacao_photos/healthy/healthy_166.png,1080x1080,A,16,0.85169137,dataT/healthy/healthy_670.jpg,0,False,False,False,0.41411722,False,294
fbc3f5f957f3ed427d673536e50809a5,dataset_complete/cacao_diseases/cacao_photos/healthy/healthy_167.jpg,0,ecb61a7233a6a323,1080,1080,/workspace/cacao/cache_256/dataset_complete/cacao_diseases/cacao_photos/healthy/healthy_167.png,1080x1080,A,16,0.92685086,dataT/healthy/healthy_281.jpg,0,False,False,True,0.5701649,False,295
528e5bf63e9f2aff0f21622f9551b0e7,dataset_complete/cacao_diseases/cacao_photos/healthy/healthy_168.jpg,0,a34d48a5b8735bf0,1080,1080,/workspace/cacao/cache_256/dataset_complete/cacao_diseases/cacao_photos/healthy/healthy_168.png,1080x1080,A,16,0.87072235,dataT/healthy/healthy_2757.jpg,0,False,False,False,0.40575433,False,296
c5f5a2aac6eb3418817ff9f631bc469d,dataset_complete/cacao_diseases/cacao_photos/healthy/healthy_1680.jpg,0,be4741606fe056d6,1080,1080,/workspace/cacao/cache_256/dataset_complete/cacao_diseases/cacao_photos/healthy/healthy_1680.png,1080x1080,A,14,0.85721123,dataT/healthy/healthy_3106.jpg,0,True,True,False,0.4994287,False,297
b24dcf64f169e9b7281deb12aefc0b1b,dataset_complete/cacao_diseases/cacao_photos/healthy/healthy_1681.jpg,0,a66bdc7bd1b44054,1080,1080,/workspace/cacao/cache_256/dataset_complete/cacao_diseases/cacao_photos/healthy/healthy_1681.png,1080x1080,A,18,0.87619305,dataT/healthy/healthy_584.jpg,0,True,True,False,0.44292128,False,298
1a5ba8e38a1827747771cc30a575b064,dataset_complete/cacao_diseases/cacao_photos/healthy/healthy_1682.jpg,0,9ae49e3176798691,1080,1080,/workspace/cacao/cache_256/dataset_complete/cacao_diseases/cacao_photos/healthy/healthy_1682.png,1080x1080,A,18,0.8754493,dataT/healthy/healthy_1034.jpg,0,True,True,True,0.49731153,False,299
1d8c467d2b5b73ab06d76115925a05a3,dataset_complete/cacao_diseases/cacao_photos/healthy/healthy_1683.jpg,0,c43b36a4b9b1eb48,1080,1080,/workspace/cacao/cache_256/dataset_complete/cacao_diseases/cacao_photos/healthy/healthy_1683.png,1080x1080,A,18,0.7893994,dataT/healthy/healthy_436.jpg,0,False,False,False,0.41609728,False,300
ca49a61898d237879da14cf94b117af0,dataset_complete/cacao_diseases/cacao_photos/healthy/healthy_1684.jpg,0,db5f7d61372010c6,1080,1080,/workspace/cacao/cache_256/dataset_complete/cacao_diseases/cacao_photos/healthy/healthy_1684.png,1080x1080,A,16,0.87524784,dataT/pod_rot_black/black_pod_rot_510.jpg,1,False,False,False,0.8786895,True,301
c9e934455f3ebee3ab20add8d9f07f54,dataset_complete/cacao_diseases/cacao_photos/healthy/healthy_1685.jpg,0,db1a3d31626f640e,1080,1080,/workspace/cacao/cache_256/dataset_complete/cacao_diseases/cacao_photos/healthy/healthy_1685.png,1080x1080,A,16,0.85681427,dataT/pod_rot_black/black_pod_rot_787.jpg,1,False,False,False,0.84970313,True,302
f213c9752a040df64745e02ccbe56777,dataset_complete/cacao_diseases/cacao_photos/healthy/healthy_1686.jpg,0,cb4b2d3077307789,1080,1080,/workspace/cacao/cache_256/dataset_complete/cacao_diseases/cacao_photos/healthy/healthy_1686.png,1080x1080,A,14,0.8567227,dataT/pod_rot_black/black_pod_rot_511.jpg,1,False,False,False,0.8777595,True,303
0fc0db41a0b7f41188b6e61099825f15,dataset_complete/cacao_diseases/cacao_photos/healthy/healthy_1687.jpg,0,da4f2d346037e296,1080,1080,/workspace/cacao/cache_256/dataset_complete/cacao_diseases/cacao_photos/healthy/healthy_1687.png,1080x1080,A,16,0.8782027,dataT/pod_rot_black/black_pod_rot_512.jpg,1,False,False,True,0.9010116,True,304
5eb17b8dc46c2837ac0448b81826fd2d,dataset_complete/cacao_diseases/cacao_photos/healthy/healthy_1688.jpg,0,cf9f3c31230f228e,1080,1080,/workspace/cacao/cache_256/dataset_complete/cacao_diseases/cacao_photos/healthy/healthy_1688.png,1080x1080,A,14,0.88916194,dataT/pod_rot_black/black_pod_rot_509.jpg,1,True,True,True,0.9098846,True,305
2651bee8c498569842c5e6f61aa0ee65,dataset_complete/cacao_diseases/cacao_photos/healthy/healthy_1689.jpg,0,c91c3cb1b7e62e84,1080,1080,/workspace/cacao/cache_256/dataset_complete/cacao_diseases/cacao_photos/healthy/healthy_1689.png,1080x1080,A,16,0.88611126,dataT/pod_rot_black/black_pod_rot_503.jpg,1,False,False,True,0.9039191,True,306
5ca6316c70d2a3ca8b059d9ef54fc4fc,dataset_complete/cacao_diseases/cacao_photos/healthy/healthy_169.jpg,0,e95a30a333672dac,1080,1080,/workspace/cacao/cache_256/dataset_complete/cacao_diseases/cacao_photos/healthy/healthy_169.png,1080x1080,A,14,0.9025339,dataT/healthy/healthy_281.jpg,0,False,False,True,0.531997,False,307
80ae3d22c030da0f2dd22e77a5dfbbd7,dataset_complete/cacao_diseases/cacao_photos/healthy/healthy_1690.jpg,0,db1f3eb186c0988d,1080,1080,/workspace/cacao/cache_256/dataset_complete/cacao_diseases/cacao_photos/healthy/healthy_1690.png,1080x1080,A,18,0.8828492,dataT/pod_rot_black/black_pod_rot_502.jpg,1,False,False,True,0.8857133,True,308
8e33c7c01bd3727d7c1f9635241ac795,dataset_complete/cacao_diseases/cacao_photos/healthy/healthy_1691.jpg,0,db1c3df127c2ce80,1080,1080,/workspace/cacao/cache_256/dataset_complete/cacao_diseases/cacao_photos/healthy/healthy_1691.png,1080x1080,A,18,0.8772621,dataT/pod_rot_black/black_pod_rot_501.jpg,1,False,False,False,0.8882184,True,309
ca33475ea85f64c2a034fbb50ef4eb26,dataset_complete/cacao_diseases/cacao_photos/healthy/healthy_1692.jpg,0,b2c7d9584f694364,1080,1080,/workspace/cacao/cache_256/dataset_complete/cacao_diseases/cacao_photos/healthy/healthy_1692.png,1080x1080,A,18,0.8380624,dataT/healthy/healthy_587.jpg,0,False,False,False,0.38538474,False,310
7dd0da775b298e8d174fdb946aa01aaa,dataset_complete/cacao_diseases/cacao_photos/healthy/healthy_1693.jpg,0,d98dac20e20e66bf,1080,1080,/workspace/cacao/cache_256/dataset_complete/cacao_diseases/cacao_photos/healthy/healthy_1693.png,1080x1080,A,18,0.8878453,dataT/pod_rot_black/black_pod_rot_511.jpg,1,False,False,True,0.8625073,True,311
efad831d85e10699b87e901e26d4e9ee,dataset_complete/cacao_diseases/cacao_photos/healthy/healthy_1694.jpg,0,d16d8572729252fa,1080,1080,/workspace/cacao/cache_256/dataset_complete/cacao_diseases/cacao_photos/healthy/healthy_1694.png,1080x1080,A,14,0.81852174,dataT/healthy/healthy_2110.jpg,0,False,False,False,0.49458903,False,312
0328460d022008923eb2a394334e7604,dataset_complete/cacao_diseases/cacao_photos/healthy/healthy_1695.jpg,0,c99c2cf0f307f80e,1080,1080,/workspace/cacao/cache_256/dataset_complete/cacao_diseases/cacao_photos/healthy/healthy_1695.png,1080x1080,A,16,0.8438505,dataT/pod_rot_black/black_pod_rot_790.jpg,1,False,False,False,0.8622179,True,313
d0720e9d7417c7de6eb7e5dd8575f855,dataset_complete/cacao_diseases/cacao_photos/healthy/healthy_1696.jpg,0,d6160b6efc1c19c3,1080,1080,/workspace/cacao/cache_256/dataset_complete/cacao_diseases/cacao_photos/healthy/healthy_1696.png,1080x1080,A,18,0.78921854,dataT/healthy/healthy_2063.jpg,0,False,False,False,0.3245575,False,314
1467fbd5c23c0407b1687f63da59fc55,dataset_complete/cacao_diseases/cacao_photos/healthy/healthy_1697.jpg,0,f4662427c199e772,1080,1080,/workspace/cacao/cache_256/dataset_complete/cacao_diseases/cacao_photos/healthy/healthy_1697.png,1080x1080,A,18,0.7956375,dataT/healthy/healthy_2052.jpg,0,False,False,False,0.36843634,False,315
2f88b024fab4acb692ae7c6fa3ff15b4,dataset_complete/cacao_diseases/cacao_photos/healthy/healthy_1698.jpg,0,e9b1170c4cb79792,1080,1080,/workspace/cacao/cache_256/dataset_complete/cacao_diseases/cacao_photos/healthy/healthy_1698.png,1080x1080,A,20,0.79107827,dataT/healthy/healthy_1519.jpg,0,False,False,False,0.53141946,False,316
c5fb1c4ddfc34f7e32cc39bca6dc5fd2,dataset_complete/cacao_diseases/cacao_photos/healthy/healthy_1699.jpg,0,b0ac3d242999cdcf,1080,1080,/workspace/cacao/cache_256/dataset_complete/cacao_diseases/cacao_photos/healthy/healthy_1699.png,1080x1080,A,20,0.8507457,dataT/pod_rot_black/black_pod_rot_568.jpg,1,False,False,False,0.5398459,False,317
02b9e9e5bfff4f6f9b5b91814ecc7219,dataset_complete/cacao_diseases/cacao_photos/healthy/healthy_170.jpg,0,c20c9ce38f7f0f82,1080,1080,/workspace/cacao/cache_256/dataset_complete/cacao_diseases/cacao_photos/healthy/healthy_170.png,1080x1080,A,16,0.84613377,dataT/healthy/healthy_2610.jpg,0,True,True,False,0.44337696,False,318
e50a9c6aaa55bbe61d2714a972dab6ce,dataset_complete/cacao_diseases/cacao_photos/healthy/healthy_1700.jpg,0,dc583925322fc68f,1080,1080,/workspace/cacao/cache_256/dataset_complete/cacao_diseases/cacao_photos/healthy/healthy_1700.png,1080x1080,A,6,0.90891516,dataT/pod_rot_black/black_pod_rot_508.jpg,1,True,True,True,0.9271184,True,319
f1f7e50094120395843098a0980402f5,dataset_complete/cacao_diseases/cacao_photos/healthy/healthy_1701.jpg,0,c93736668c59135b,1080,1080,/workspace/cacao/cache_256/dataset_complete/cacao_diseases/cacao_photos/healthy/healthy_1701.png,1080x1080,A,18,0.8000909,dataT/pod_rot_black/black_pod_rot_585.jpg,1,False,False,False,0.61533964,False,320
e0b8f019e040e7e351acaa4f275310a5,dataset_complete/cacao_diseases/cacao_photos/healthy/healthy_1702.jpg,0,df4f383542e70ec0,1080,1080,/workspace/cacao/cache_256/dataset_complete/cacao_diseases/cacao_photos/healthy/healthy_1702.png,1080x1080,A,16,0.89672005,dataT/pod_rot_black/black_pod_rot_509.jpg,1,True,True,True,0.90563834,True,321
b8f75db57002e0cd70ce4753ed4f0d6d,dataset_complete/cacao_diseases/cacao_photos/healthy/healthy_1703.jpg,0,c49cf02135f4aef8,1080,1080,/workspace/cacao/cache_256/dataset_complete/cacao_diseases/cacao_photos/healthy/healthy_1703.png,1080x1080,A,16,0.82337046,dataT/pod_rot_black/black_pod_rot_279.jpg,1,False,False,False,0.5416191,False,322
1797137e483c1b12fedcdec22ea299cf,dataset_complete/cacao_diseases/cacao_photos/healthy/healthy_1704.jpg,0,de702f35c38f90a8,1080,1080,/workspace/cacao/cache_256/dataset_complete/cacao_diseases/cacao_photos/healthy/healthy_1704.png,1080x1080,A,14,0.88666975,dataT/pod_rot_black/black_pod_rot_792.jpg,1,True,True,True,0.9027483,True,323
90aeb22ddae9766a19f8c1b106ac5624,dataset_complete/cacao_diseases/cacao_photos/healthy/healthy_1705.jpg,0,df7229a714895aa5,1080,1080,/workspace/cacao/cache_256/dataset_complete/cacao_diseases/cacao_photos/healthy/healthy_1705.png,1080x1080,A,16,0.927934,dataT/pod_rot_black/black_pod_rot_510.jpg,1,False,False,True,0.9200237,True,324
b6ea9acb70c5b19bcb5baa1f83eca56f,dataset_complete/cacao_diseases/cacao_photos/healthy/healthy_1706.jpg,0,f669182370b21f1f,1080,1080,/workspace/cacao/cache_256/dataset_complete/cacao_diseases/cacao_photos/healthy/healthy_1706.png,1080x1080,A,14,0.8359914,dataT/healthy/healthy_4.jpg,0,False,False,False,0.46770525,False,325
b5a7292a52e4c35de1ba226bef0a554b,dataset_complete/cacao_diseases/cacao_photos/healthy/healthy_1707.jpg,0,de58a837234fc788,1080,1080,/workspace/cacao/cache_256/dataset_complete/cacao_diseases/cacao_photos/healthy/healthy_1707.png,1080x1080,A,8,0.90860033,dataT/pod_rot_black/black_pod_rot_510.jpg,1,True,True,True,0.89661556,True,326
95fb5706d1fd963a1def434aac3d4f1a,dataset_complete/cacao_diseases/cacao_photos/healthy/healthy_1708.jpg,0,d81c66759cc27978,1080,1080,/workspace/cacao/cache_256/dataset_complete/cacao_diseases/cacao_photos/healthy/healthy_1708.png,1080x1080,A,16,0.86332154,dataT/pod_rot_black/black_pod_rot_807.jpg,1,False,False,False,0.5193502,False,327
9b899a0a5e88b3abbbc3e4f3ab5a7df0,dataset_complete/cacao_diseases/cacao_photos/healthy/healthy_1709.jpg,0,fdada42989894b4b,1080,1080,/workspace/cacao/cache_256/dataset_complete/cacao_diseases/cacao_photos/healthy/healthy_1709.png,1080x1080,A,20,0.83068645,dataT/pod_rot_black/black_pod_rot_544.jpg,1,False,False,False,0.4949668,False,328
21d1fdf64147e65f0ce7c37637072123,dataset_complete/cacao_diseases/cacao_photos/healthy/healthy_171.jpg,0,e9b9302777e2183c,1080,1080,/workspace/cacao/cache_256/dataset_complete/cacao_diseases/cacao_photos/healthy/healthy_171.png,1080x1080,A,16,0.93209004,dataT/healthy/healthy_237.jpg,0,True,True,True,0.534264,False,329
b31ae3afc842465e943e3b2db77377bb,dataset_complete/cacao_diseases/cacao_photos/healthy/healthy_1710.jpg,0,99a85c786e8cee1c,1080,1080,/workspace/cacao/cache_256/dataset_complete/cacao_diseases/cacao_photos/healthy/healthy_1710.png,1080x1080,A,18,0.8683167,dataT/pod_rot_black/black_pod_rot_807.jpg,1,False,False,False,0.5494328,False,330
9de6ea019787b7b741d119241927917f,dataset_complete/cacao_diseases/cacao_photos/healthy/healthy_1711.jpg,0,a473d9f040f3879a,1080,1080,/workspace/cacao/cache_256/dataset_complete/cacao_diseases/cacao_photos/healthy/healthy_1711.png,1080x1080,A,16,0.8184974,dataT/pod_rot_black/black_pod_rot_140.jpg,1,False,False,False,0.49190938,False,331
b2cb9f3d832941cb3b7cf95d8d07736c,dataset_complete/cacao_diseases/cacao_photos/healthy/healthy_1712.jpg,0,cfd84047de9424bd,1080,1080,/workspace/cacao/cache_256/dataset_complete/cacao_diseases/cacao_photos/healthy/healthy_1712.png,1080x1080,A,18,0.85618687,dataT/healthy/healthy_692.jpg,0,False,False,False,0.50997037,False,332
2042166603b2bc1ebd0c5cfdfe2c10c7,dataset_complete/cacao_diseases/cacao_photos/healthy/healthy_1713.jpg,0,a2495f66e3ccc6c8,1080,1080,/workspace/cacao/cache_256/dataset_complete/cacao_diseases/cacao_photos/healthy/healthy_1713.png,1080x1080,A,16,0.85445255,dataT/pod_rot_black/black_pod_rot_807.jpg,1,False,False,False,0.5545442,False,333
d928f441117e6540fb70f82e517d4d6f,dataset_complete/cacao_diseases/cacao_photos/healthy/healthy_1714.jpg,0,ecf8b4334126ec65,1080,1080,/workspace/cacao/cache_256/dataset_complete/cacao_diseases/cacao_photos/healthy/healthy_1714.png,1080x1080,A,16,0.8663005,dataT/healthy/healthy_220.jpg,0,False,False,False,0.553691,False,334
4a3d9717a9191be181b4fdce82311ddc,dataset_complete/cacao_diseases/cacao_photos/healthy/healthy_1715.jpg,0,f624d4324bc9497d,1080,1080,/workspace/cacao/cache_256/dataset_complete/cacao_diseases/cacao_photos/healthy/healthy_1715.png,1080x1080,A,16,0.8187886,dataT/healthy/healthy_692.jpg,0,False,False,False,0.45146045,False,335
fae251e7c5713fb05373113375472252,dataset_complete/cacao_diseases/cacao_photos/healthy/healthy_1716.jpg,0,fa5d24361a8299e7,1080,1080,/workspace/cacao/cache_256/dataset_complete/cacao_diseases/cacao_photos/healthy/healthy_1716.png,1080x1080,A,18,0.8333862,dataT/pod_rot_black/black_pod_rot_807.jpg,1,False,False,False,0.52546287,False,336
c24c7000f50c62ba9752529a7e7c2c57,dataset_complete/cacao_diseases/cacao_photos/healthy/healthy_1717.jpg,0,df7e21a5c68a8aa1,1080,1080,/workspace/cacao/cache_256/dataset_complete/cacao_diseases/cacao_photos/healthy/healthy_1717.png,1080x1080,A,18,0.91623276,dataT/pod_rot_black/black_pod_rot_790.jpg,1,False,False,True,0.92460245,True,337
deda0ba1788724afb4a12dba8bdf8f80,dataset_complete/cacao_diseases/cacao_photos/healthy/healthy_1718.jpg,0,a65949a61d977e09,1080,1080,/workspace/cacao/cache_256/dataset_complete/cacao_diseases/cacao_photos/healthy/healthy_1718.png,1080x1080,A,16,0.82759345,dataT/healthy/healthy_2063.jpg,0,False,False,False,0.37622976,False,338
3c1e1bb04558753d5277e9ebd2b59e8f,dataset_complete/cacao_diseases/cacao_photos/healthy/healthy_1719.jpg,0,b9b1192cc2e9d83b,1080,1080,/workspace/cacao/cache_256/dataset_complete/cacao_diseases/cacao_photos/healthy/healthy_1719.png,1080x1080,A,16,0.861411,dataT/healthy/healthy_692.jpg,0,False,False,False,0.42518455,False,339
36d5a1fb8a4e462bb85f1228e8c6a8f7,dataset_complete/cacao_diseases/cacao_photos/healthy/healthy_172.jpg,0,8d9a733361775550,1080,1080,/workspace/cacao/cache_256/dataset_complete/cacao_diseases/cacao_photos/healthy/healthy_172.png,1080x1080,A,18,0.9242463,dataT/healthy/healthy_270.jpg,0,True,True,True,0.50088346,False,340
4c49f40da29d513da9debf38d343ace9,dataset_complete/cacao_diseases/cacao_photos/healthy/healthy_1720.jpg,0,ae584cc6dccba117,1080,1080,/workspace/cacao/cache_256/dataset_complete/cacao_diseases/cacao_photos/healthy/healthy_1720.png,1080x1080,A,16,0.7962564,dataT/healthy/healthy_200.jpg,0,False,False,False,0.348488,False,341
a2d9ec7fb9cda28c4396cd770022f828,dataset_complete/cacao_diseases/cacao_photos/healthy/healthy_1721.jpg,0,e99c0e466cbda159,1080,1080,/workspace/cacao/cache_256/dataset_complete/cacao_diseases/cacao_photos/healthy/healthy_1721.png,1080x1080,A,18,0.83714724,dataT/healthy/healthy_2623.jpg,0,False,False,False,0.43745843,False,342
057212256e5bf871a628d2d55484edc9,dataset_complete/cacao_diseases/cacao_photos/healthy/healthy_1722.jpg,0,ba6e6d3555595302,1080,1080,/workspace/cacao/cache_256/dataset_complete/cacao_diseases/cacao_photos/healthy/healthy_1722.png,1080x1080,A,16,0.8222523,dataT/healthy/healthy_692.jpg,0,False,False,False,0.45918208,False,343
852ccdba452b358bb5b58363bc3374c1,dataset_complete/cacao_diseases/cacao_photos/healthy/healthy_1723.jpg,0,b7bc4965066d5748,1080,1080,/workspace/cacao/cache_256/dataset_complete/cacao_diseases/cacao_photos/healthy/healthy_1723.png,1080x1080,A,18,0.8599908,dataT/pod_rot_black/black_pod_rot_140.jpg,1,False,False,False,0.5672796,False,344
2e5ff04f880de67f5041d1d109d70989,dataset_complete/cacao_diseases/cacao_photos/healthy/healthy_1724.jpg,0,ea581cf6e9f891a0,1080,1080,/workspace/cacao/cache_256/dataset_complete/cacao_diseases/cacao_photos/healthy/healthy_1724.png,1080x1080,A,16,0.84313047,dataT/healthy/healthy_2623.jpg,0,False,False,False,0.5509093,False,345
ab4c9c29347ade74b177ff03fd7b8add,dataset_complete/cacao_diseases/cacao_photos/healthy/healthy_1725.jpg,0,b5560623abb678b8,1080,1080,/workspace/cacao/cache_256/dataset_complete/cacao_diseases/cacao_photos/healthy/healthy_1725.png,1080x1080,A,18,0.89882004,dataT/healthy/healthy_220.jpg,0,False,False,True,0.5703853,False,346
1c6c124d068388e85730de906a641fbd,dataset_complete/cacao_diseases/cacao_photos/healthy/healthy_1726.jpg,0,b338e067af2e0ec4,1080,1080,/workspace/cacao/cache_256/dataset_complete/cacao_diseases/cacao_photos/healthy/healthy_1726.png,1080x1080,A,16,0.8317786,dataT/healthy/healthy_285.jpg,0,False,False,False,0.39148837,False,347
46b9843f2d674531cc32b33d39197258,dataset_complete/cacao_diseases/cacao_photos/healthy/healthy_1727.jpg,0,d90c2676c9c60777,1080,1080,/workspace/cacao/cache_256/dataset_complete/cacao_diseases/cacao_photos/healthy/healthy_1727.png,1080x1080,A,18,0.839344,dataT/healthy/healthy_436.jpg,0,False,False,False,0.48187488,False,348
fea8dc0e83dcd95da91eaeac81765767,dataset_complete/cacao_diseases/cacao_photos/healthy/healthy_1728.jpg,0,984c32339bdc4fac,1080,1080,/workspace/cacao/cache_256/dataset_complete/cacao_diseases/cacao_photos/healthy/healthy_1728.png,1080x1080,A,16,0.8315345,dataT/pod_rot_black/black_pod_rot_784.jpg,1,False,False,False,0.4720824,False,349
34cf627d2618c4dbf6ad2fe21f6ad6a1,dataset_complete/cacao_diseases/cacao_photos/healthy/healthy_1729.jpg,0,db5c2da714ca9e81,1080,1080,/workspace/cacao/cache_256/dataset_complete/cacao_diseases/cacao_photos/healthy/healthy_1729.png,1080x1080,A,16,0.8864392,dataT/pod_rot_black/black_pod_rot_788.jpg,1,False,False,True,0.89082086,True,350
aa8423fd89212a4a9f66bc2a91bb276a,dataset_complete/cacao_diseases/cacao_photos/healthy/healthy_173.jpg,0,c9e73626079ac5cc,1080,1080,/workspace/cacao/cache_256/dataset_complete/cacao_diseases/cacao_photos/healthy/healthy_173.png,1080x1080,A,16,0.9007802,dataT/healthy/healthy_248.jpg,0,False,False,True,0.47285128,False,351
f02cdd726d965a944b03b8e49371fa12,dataset_complete/cacao_diseases/cacao_photos/healthy/healthy_1730.jpg,0,9734836632db8d96,1080,1080,/workspace/cacao/cache_256/dataset_complete/cacao_diseases/cacao_photos/healthy/healthy_1730.png,1080x1080,A,18,0.85150445,dataT/healthy/healthy_279.jpg,0,False,False,False,0.46390933,False,352
c9da6e305a0e5b162f91d58ec5bf1a2a,dataset_complete/cacao_diseases/cacao_photos/healthy/healthy_1731.jpg,0,e360cfe24c4b23ad,1080,1080,/workspace/cacao/cache_256/dataset_complete/cacao_diseases/cacao_photos/healthy/healthy_1731.png,1080x1080,A,18,0.84657085,dataT/healthy/healthy_1570.jpg,0,False,False,False,0.47991642,False,353
fa76973f304050c1b695f59c344e3312,dataset_complete/cacao_diseases/cacao_photos/healthy/healthy_1732.jpg,0,ee79b9a237d04059,1080,1080,/workspace/cacao/cache_256/dataset_complete/cacao_diseases/cacao_photos/healthy/healthy_1732.png,1080x1080,A,18,0.83382624,dataT/healthy/healthy_4.jpg,0,False,False,False,0.5447427,False,354
6420806399af6aa4d25d160029b6a9ee,dataset_complete/cacao_diseases/cacao_photos/healthy/healthy_1733.jpg,0,da0e0c4fddcd4943,1080,1080,/workspace/cacao/cache_256/dataset_complete/cacao_diseases/cacao_photos/healthy/healthy_1733.png,1080x1080,A,20,0.82564247,dataT/pod_rot_black/black_pod_rot_550.jpg,1,False,False,False,0.40258318,False,355
723fa27fb69405a6042ec8d479c1936e,dataset_complete/cacao_diseases/cacao_photos/healthy/healthy_1734.jpg,0,9db9b023b7958b24,1080,1080,/workspace/cacao/cache_256/dataset_complete/cacao_diseases/cacao_photos/healthy/healthy_1734.png,1080x1080,A,16,0.8708733,dataT/healthy/healthy_2055.jpg,0,False,False,False,0.49532497,False,356
e362afd1c13647c40493b3f15c7ad442,dataset_complete/cacao_diseases/cacao_photos/healthy/healthy_1735.jpg,0,ce6a2514730f9bc5,1080,1080,/workspace/cacao/cache_256/dataset_complete/cacao_diseases/cacao_photos/healthy/healthy_1735.png,1080x1080,A,18,0.842924,dataT/healthy/healthy_281.jpg,0,False,False,False,0.4818378,False,357
b8bdc6e724271e439d7ff097e12f628a,dataset_complete/cacao_diseases/cacao_photos/healthy/healthy_1736.jpg,0,c2241f3e387f7268,1080,1080,/workspace/cacao/cache_256/dataset_complete/cacao_diseases/cacao_photos/healthy/healthy_1736.png,1080x1080,A,16,0.88810474,dataT/healthy/healthy_1470.jpg,0,False,False,True,0.3152098,False,358
846f83095ed80bee54122b502cab0b0a,dataset_complete/cacao_diseases/cacao_photos/healthy/healthy_1737.jpg,0,f95d2737660a50ca,1080,1080,/workspace/cacao/cache_256/dataset_complete/cacao_diseases/cacao_photos/healthy/healthy_1737.png,1080x1080,A,18,0.8676006,dataT/healthy/healthy_281.jpg,0,False,False,False,0.51286006,False,359
8e1be4653eefc52e7feba7334adbffc6,dataset_complete/cacao_diseases/cacao_photos/healthy/healthy_1738.jpg,0,8c33373717d0dac8,1080,1080,/workspace/cacao/cache_256/dataset_complete/cacao_diseases/cacao_photos/healthy/healthy_1738.png,1080x1080,A,14,0.8579241,dataT/healthy/healthy_281.jpg,0,False,False,False,0.54276466,False,360
26e30bd0f9e6d3a5a96481550ac74f0b,dataset_complete/cacao_diseases/cacao_photos/healthy/healthy_1739.jpg,0,cc4b660dddc93364,1080,1080,/workspace/cacao/cache_256/dataset_complete/cacao_diseases/cacao_photos/healthy/healthy_1739.png,1080x1080,A,20,0.7936036,dataT/healthy/healthy_657.jpg,0,False,False,False,0.44380328,False,361
191038b9a46900d6ba0c657532e27e18,dataset_complete/cacao_diseases/cacao_photos/healthy/healthy_174.jpg,0,ea8f327651d015f1,1080,1080,/workspace/cacao/cache_256/dataset_complete/cacao_diseases/cacao_photos/healthy/healthy_174.png,1080x1080,A,18,0.8957481,dataT/healthy/healthy_2585.jpg,0,False,False,True,0.37988788,False,362
ed41bdf4d02d064f9f5861e977a326c4,dataset_complete/cacao_diseases/cacao_photos/healthy/healthy_1740.jpg,0,dab0bb1b1d8c610f,1080,1080,/workspace/cacao/cache_256/dataset_complete/cacao_diseases/cacao_photos/healthy/healthy_1740.png,1080x1080,A,18,0.8249055,dataT/pod_rot_black/black_pod_rot_807.jpg,1,False,False,False,0.4759918,False,363
38b1aef7b46e7f9290cd88d9f303a9dd,dataset_complete/cacao_diseases/cacao_photos/healthy/healthy_1741.jpg,0,9eec91aa9c1270b7,1080,1080,/workspace/cacao/cache_256/dataset_complete/cacao_diseases/cacao_photos/healthy/healthy_1741.png,1080x1080,A,18,0.8453858,dataT/healthy/healthy_2063.jpg,0,False,False,False,0.47555366,False,364
c36ba8a85f9265b428d48859e4ad8c32,dataset_complete/cacao_diseases/cacao_photos/healthy/healthy_1742.jpg,0,fff6a2349a882e24,1080,1080,/workspace/cacao/cache_256/dataset_complete/cacao_diseases/cacao_photos/healthy/healthy_1742.png,1080x1080,A,20,0.8412938,dataT/pod_rot_black/black_pod_rot_807.jpg,1,False,False,False,0.4879856,False,365
bc8dbf329eee97847421c63ecefa2d73,dataset_complete/cacao_diseases/cacao_photos/healthy/healthy_1743.jpg,0,ccebb932068f4c96,1080,1080,/workspace/cacao/cache_256/dataset_complete/cacao_diseases/cacao_photos/healthy/healthy_1743.png,1080x1080,A,14,0.83709216,dataT/pod_rot_black/black_pod_rot_551.jpg,1,False,False,False,0.50977147,False,366
914b5f289253e32fa01b7edf6973ddce,dataset_complete/cacao_diseases/cacao_photos/healthy/healthy_1744.jpg,0,e0e3cb43dad05317,1080,1080,/workspace/cacao/cache_256/dataset_complete/cacao_diseases/cacao_photos/healthy/healthy_1744.png,1080x1080,A,16,0.837717,dataT/healthy/healthy_1570.jpg,0,False,False,False,0.45445698,False,367
a32e6865011599ece909514cc3a9ebce,dataset_complete/cacao_diseases/cacao_photos/healthy/healthy_1745.jpg,0,ba1991b30dc42afd,1080,1080,/workspace/cacao/cache_256/dataset_complete/cacao_diseases/cacao_photos/healthy/healthy_1745.png,1080x1080,A,16,0.8028278,dataT/pod_rot_black/black_pod_rot_807.jpg,1,False,False,False,0.52035546,False,368
bb4b2a27bc94b04520189393fbd625e9,dataset_complete/cacao_diseases/cacao_photos/healthy/healthy_1746.jpg,0,99666766dcc8d924,1080,1080,/workspace/cacao/cache_256/dataset_complete/cacao_diseases/cacao_photos/healthy/healthy_1746.png,1080x1080,A,16,0.8115972,dataT/pod_rot_black/black_pod_rot_588.jpg,1,False,False,False,0.48002425,False,369
746f3f0786b07d948874002477039f0c,dataset_complete/cacao_diseases/cacao_photos/healthy/healthy_1747.jpg,0,bfb719644546a239,1080,1080,/workspace/cacao/cache_256/dataset_complete/cacao_diseases/cacao_photos/healthy/healthy_1747.png,1080x1080,A,16,0.83439064,dataT/healthy/healthy_584.jpg,0,False,False,False,0.40442336,False,370
29feb650dca515b7b823253a982dc573,dataset_complete/cacao_diseases/cacao_photos/healthy/healthy_1748.jpg,0,d9f0e6c24c79ccc2,1080,1080,/workspace/cacao/cache_256/dataset_complete/cacao_diseases/cacao_photos/healthy/healthy_1748.png,1080x1080,A,18,0.7970121,dataT/healthy/healthy_1519.jpg,0,False,False,False,0.49701223,False,371
a1a7da817059d5b81cd84e02c36d4bc1,dataset_complete/cacao_diseases/cacao_photos/healthy/healthy_1749.jpg,0,899f24a6ccc9d372,1080,1080,/workspace/cacao/cache_256/dataset_complete/cacao_diseases/cacao_photos/healthy/healthy_1749.png,1080x1080,A,18,0.81719905,dataT/pod_rot_black/black_pod_rot_824.jpg,1,False,False,False,0.4494913,False,372
7a65ecf95c8a6b32ca14c885b08e05c0,dataset_complete/cacao_diseases/cacao_photos/healthy/healthy_175.jpg,0,bc1d5a77660e3ca0,1080,1080,/workspace/cacao/cache_256/dataset_complete/cacao_diseases/cacao_photos/healthy/healthy_175.png,1080x1080,A,18,0.885061,dataT/healthy/healthy_223.jpg,0,False,False,True,0.5531417,False,373
cc6df2ce75a026b33e7563df6eb0d7ed,dataset_complete/cacao_diseases/cacao_photos/healthy/healthy_1750.jpg,0,9df467471d8cc868,1080,1080,/workspace/cacao/cache_256/dataset_complete/cacao_diseases/cacao_photos/healthy/healthy_1750.png,1080x1080,A,14,0.78802073,dataT/healthy/healthy_436.jpg,0,False,False,False,0.44343263,False,374
52d0363971b55c86ee2bea5464e93470,dataset_complete/cacao_diseases/cacao_photos/healthy/healthy_1751.jpg,0,b1e6266c3e8dc9d0,1080,1080,/workspace/cacao/cache_256/dataset_complete/cacao_diseases/cacao_photos/healthy/healthy_1751.png,1080x1080,A,16,0.81629664,dataT/healthy/healthy_1514.jpg,0,False,False,False,0.5165448,False,375
0b2518372c42f1850fb6365054fd90dd,dataset_complete/cacao_diseases/cacao_photos/healthy/healthy_1752.jpg,0,99be325ac88ce45e,1080,1080,/workspace/cacao/cache_256/dataset_complete/cacao_diseases/cacao_photos/healthy/healthy_1752.png,1080x1080,A,16,0.7988013,dataT/healthy/healthy_1417.jpg,0,False,False,False,0.47680128,False,376
ceccfa131ee4b814e68ac0cc2e57ae52,dataset_complete/cacao_diseases/cacao_photos/healthy/healthy_1753.jpg,0,df5a2ca31622da8d,1080,1080,/workspace/cacao/cache_256/dataset_complete/cacao_diseases/cacao_photos/healthy/healthy_1753.png,1080x1080,A,14,0.8931859,dataT/pod_rot_black/black_pod_rot_788.jpg,1,False,False,True,0.8861062,True,377
3f806a869fa3ba333f58a489652b4f8f,dataset_complete/cacao_diseases/cacao_photos/healthy/healthy_1754.jpg,0,99aa60478f1d9cb9,1080,1080,/workspace/cacao/cache_256/dataset_complete/cacao_diseases/cacao_photos/healthy/healthy_1754.png,1080x1080,A,18,0.82622194,dataT/pod_rot_black/black_pod_rot_140.jpg,1,False,False,False,0.5149649,False,378
03ac2f3f097d2a622d976b246f7e7e6a,dataset_complete/cacao_diseases/cacao_photos/healthy/healthy_1755.jpg,0,acbd19f2f386068c,1080,1080,/workspace/cacao/cache_256/dataset_complete/cacao_diseases/cacao_photos/healthy/healthy_1755.png,1080x1080,A,16,0.8113179,dataT/pod_rot_black/black_pod_rot_536.jpg,1,False,False,False,0.59938574,False,379
23a3e61f254b73e34e9501084dff470a,dataset_complete/cacao_diseases/cacao_photos/healthy/healthy_1756.jpg,0,ece4520323cb693f,1080,1080,/workspace/cacao/cache_256/dataset_complete/cacao_diseases/cacao_photos/healthy/healthy_1756.png,1080x1080,A,14,0.82194865,dataT/pod_rot_black/black_pod_rot_536.jpg,1,False,False,False,0.45864257,False,380
b271c263d4446bf5e8c561391f1b3a1c,dataset_complete/cacao_diseases/cacao_photos/healthy/healthy_1757.jpg,0,cde6307227cc9a8d,1080,1080,/workspace/cacao/cache_256/dataset_complete/cacao_diseases/cacao_photos/healthy/healthy_1757.png,1080x1080,A,16,0.80689824,dataT/healthy/healthy_567.jpg,0,False,False,False,0.50634193,False,381
ff650d0273876feae4de4fc047980902,dataset_complete/cacao_diseases/cacao_photos/healthy/healthy_1758.jpg,0,b45d1b3ff9e00306,1080,1080,/workspace/cacao/cache_256/dataset_complete/cacao_diseases/cacao_photos/healthy/healthy_1758.png,1080x1080,A,18,0.8973937,dataT/healthy/healthy_1670.jpg,0,False,False,True,0.46402615,False,382
4d06684e2e72302825368e49ebe6a4c5,dataset_complete/cacao_diseases/cacao_photos/healthy/healthy_1759.jpg,0,cc3633a783c8fcc8,1080,1080,/workspace/cacao/cache_256/dataset_complete/cacao_diseases/cacao_photos/healthy/healthy_1759.png,1080x1080,A,14,0.77838665,dataT/healthy/healthy_1197.jpg,0,False,False,False,0.37772435,False,383
b0088470ce3a94aa00e8cd9c2414e5c7,dataset_complete/cacao_diseases/cacao_photos/healthy/healthy_176.jpg,0,b2c29c4ee8ea8be1,1080,1080,/workspace/cacao/cache_256/dataset_complete/cacao_diseases/cacao_photos/healthy/healthy_176.png,1080x1080,A,20,0.87284446,dataT/healthy/healthy_26.jpg,0,False,False,False,0.4766407,False,384
439dadf5d533124edd057c0aa53fab1a,dataset_complete/cacao_diseases/cacao_photos/healthy/healthy_1760.jpg,0,d9912727c589e9ca,1080,1080,/workspace/cacao/cache_256/dataset_complete/cacao_diseases/cacao_photos/healthy/healthy_1760.png,1080x1080,A,16,0.8348322,dataT/pod_rot_black/black_pod_rot_544.jpg,1,False,False,False,0.4558231,False,385
6019667687db51f26dfe32cc4e71eaaf,dataset_complete/cacao_diseases/cacao_photos/healthy/healthy_1761.jpg,0,c82a2db135971bd9,1080,1080,/workspace/cacao/cache_256/dataset_complete/cacao_diseases/cacao_photos/healthy/healthy_1761.png,1080x1080,A,16,0.82165444,dataT/healthy/healthy_1037.jpg,0,False,False,False,0.43155402,False,386
03f07a431195d5fc175fa6eb1b4fe5f4,dataset_complete/cacao_diseases/cacao_photos/healthy/healthy_1762.jpg,0,a6e44967458ffa50,1080,1080,/workspace/cacao/cache_256/dataset_complete/cacao_diseases/cacao_photos/healthy/healthy_1762.png,1080x1080,A,16,0.8144479,dataT/pod_rot_black/black_pod_rot_599.jpg,1,False,False,False,0.48245886,False,387
c1ac105924ca18ca63555dd3eb999913,dataset_complete/cacao_diseases/cacao_photos/healthy/healthy_1763.jpg,0,88ac494bd8dad39e,1080,1080,/workspace/cacao/cache_256/dataset_complete/cacao_diseases/cacao_photos/healthy/healthy_1763.png,1080x1080,A,18,0.81972086,dataT/healthy/healthy_2501.jpg,0,False,False,False,0.47340554,False,388
0f0e860363dcdc3bb9ec18b6ddbcead1,dataset_complete/cacao_diseases/cacao_photos/healthy/healthy_1764.jpg,0,ce813673fc8c3878,1080,1080,/workspace/cacao/cache_256/dataset_complete/cacao_diseases/cacao_photos/healthy/healthy_1764.png,1080x1080,A,16,0.808529,dataT/healthy/healthy_2636.jpg,0,False,False,False,0.46068338,False,389
93eb81ece2094a9bbc5d7b5042294551,dataset_complete/cacao_diseases/cacao_photos/healthy/healthy_1765.jpg,0,de5c4b219660dea9,1080,1080,/workspace/cacao/cache_256/dataset_complete/cacao_diseases/cacao_photos/healthy/healthy_1765.png,1080x1080,A,16,0.8972665,dataT/pod_rot_black/black_pod_rot_795.jpg,1,False,False,True,0.9122441,True,390
41ea809d4af45c25f03689e5d68d8cdf,dataset_complete/cacao_diseases/cacao_photos/healthy/healthy_1766.jpg,0,cfec272698991978,1080,1080,/workspace/cacao/cache_256/dataset_complete/cacao_diseases/cacao_photos/healthy/healthy_1766.png,1080x1080,A,18,0.8132721,dataT/pod_rot_black/black_pod_rot_569.jpg,1,False,False,False,0.45197177,False,391
efff13deeeda02d14f53fae922cbedb8,dataset_complete/cacao_diseases/cacao_photos/healthy/healthy_1767.jpg,0,ec96133199cccbcc,1080,1080,/workspace/cacao/cache_256/dataset_complete/cacao_diseases/cacao_photos/healthy/healthy_1767.png,1080x1080,A,14,0.8534509,dataT/pod_rot_black/black_pod_rot_140.jpg,1,False,False,False,0.49178427,False,392
c47cb6731cb14c0e71530911e239c254,dataset_complete/cacao_diseases/cacao_photos/healthy/healthy_1768.jpg,0,f3c61232b3b1879c,1080,1080,/workspace/cacao/cache_256/dataset_complete/cacao_diseases/cacao_photos/healthy/healthy_1768.png,1080x1080,A,18,0.863556,dataT/pod_rot_black/black_pod_rot_568.jpg,1,False,False,False,0.51969963,False,393
3da21c688c79884c50130426d63d69fe,dataset_complete/cacao_diseases/cacao_photos/healthy/healthy_1769.jpg,0,d9dd4925a5a6a662,1080,1080,/workspace/cacao/cache_256/dataset_complete/cacao_diseases/cacao_photos/healthy/healthy_1769.png,1080x1080,A,14,0.89216155,dataT/healthy/healthy_692.jpg,0,False,False,True,0.49772102,False,394
55fa5d4e849ee54421d2fc7a9818d5d0,dataset_complete/cacao_diseases/cacao_photos/healthy/healthy_177.jpg,0,d74cd919edb12123,1080,1080,/workspace/cacao/cache_256/dataset_complete/cacao_diseases/cacao_photos/healthy/healthy_177.png,1080x1080,A,16,0.9260713,dataT/healthy/healthy_15.jpg,0,False,False,True,0.4304288,False,395
3fc1071417d78354f41edf400e9c2f6b,dataset_complete/cacao_diseases/cacao_photos/healthy/healthy_1770.jpg,0,b8d8e1762289acf9,1080,1080,/workspace/cacao/cache_256/dataset_complete/cacao_diseases/cacao_photos/healthy/healthy_1770.png,1080x1080,A,18,0.87261146,dataT/healthy/healthy_2055.jpg,0,False,False,False,0.57534784,False,396
069c57223494ee22ca87cf0d719c7f0b,dataset_complete/cacao_diseases/cacao_photos/healthy/healthy_1771.jpg,0,bc4caf5703a15ab4,1080,1080,/workspace/cacao/cache_256/dataset_complete/cacao_diseases/cacao_photos/healthy/healthy_1771.png,1080x1080,A,18,0.8278879,dataT/healthy/healthy_1272.jpg,0,False,False,False,0.5200437,False,397
666f7d7c65137ad2ed49707aeb749182,dataset_complete/cacao_diseases/cacao_photos/healthy/healthy_1772.jpg,0,9c6d5e6631eba118,1080,1080,/workspace/cacao/cache_256/dataset_complete/cacao_diseases/cacao_photos/healthy/healthy_1772.png,1080x1080,A,18,0.85923004,dataT/healthy/healthy_69.jpg,0,False,False,False,0.49663427,False,398
1d63863062926cf992167b1b5b1ef809,dataset_complete/cacao_diseases/cacao_photos/healthy/healthy_1773.jpg,0,df58a1a5c29a99c9,1080,1080,/workspace/cacao/cache_256/dataset_complete/cacao_diseases/cacao_photos/healthy/healthy_1773.png,1080x1080,A,16,0.87877214,dataT/pod_rot_black/black_pod_rot_795.jpg,1,False,False,False,0.88282365,True,399
35e533994165e103995f5824c31c78b7,dataset_complete/cacao_diseases/cacao_photos/healthy/healthy_1774.jpg,0,dece2d3132708ad9,1080,1080,/workspace/cacao/cache_256/dataset_complete/cacao_diseases/cacao_photos/healthy/healthy_1774.png,1080x1080,A,16,0.88646936,dataT/pod_rot_black/black_pod_rot_792.jpg,1,False,False,True,0.81560683,True,400
0100dafa8a7e2a251df242d6c9c88130,dataset_complete/cacao_diseases/cacao_photos/healthy/healthy_1775.jpg,0,df5c80a5d2cadca1,1080,1080,/workspace/cacao/cache_256/dataset_complete/cacao_diseases/cacao_photos/healthy/healthy_1775.png,1080x1080,A,18,0.91012883,dataT/pod_rot_black/black_pod_rot_788.jpg,1,False,False,True,0.92020124,True,401
cc0c301b9c542b9e029f81765194ac70,dataset_complete/cacao_diseases/cacao_photos/healthy/healthy_1776.jpg,0,db5c27a194c87aa5,1080,1080,/workspace/cacao/cache_256/dataset_complete/cacao_diseases/cacao_photos/healthy/healthy_1776.png,1080x1080,A,16,0.8672485,dataT/pod_rot_black/black_pod_rot_509.jpg,1,False,False,False,0.8853626,True,402
1704999ba0397018d21f2e045a753eee,dataset_complete/cacao_diseases/cacao_photos/healthy/healthy_1777.jpg,0,db5c6ca3b486ca85,1080,1080,/workspace/cacao/cache_256/dataset_complete/cacao_diseases/cacao_photos/healthy/healthy_1777.png,1080x1080,A,16,0.9088851,dataT/pod_rot_black/black_pod_rot_510.jpg,1,False,False,True,0.8968079,True,403
bed80b1ce8506ec2efb337ad01e0f6a1,dataset_complete/cacao_diseases/cacao_photos/healthy/healthy_1778.jpg,0,db5429a7b64ab80d,1080,1080,/workspace/cacao/cache_256/dataset_complete/cacao_diseases/cacao_photos/healthy/healthy_1778.png,1080x1080,A,16,0.90547836,dataT/pod_rot_black/black_pod_rot_795.jpg,1,False,False,True,0.92182755,True,404
0c37cba6aac8146f5d2f11b6fed18cc5,dataset_complete/cacao_diseases/cacao_photos/healthy/healthy_1779.jpg,0,db562925764ab4cc,1080,1080,/workspace/cacao/cache_256/dataset_complete/cacao_diseases/cacao_photos/healthy/healthy_1779.png,1080x1080,A,16,0.897593,dataT/pod_rot_black/black_pod_rot_795.jpg,1,False,False,True,0.89972365,True,405
13b58c31ee221d25a2d37002e2365dd9,dataset_complete/cacao_diseases/cacao_photos/healthy/healthy_178.jpg,0,8dfc706132caed8c,1080,1080,/workspace/cacao/cache_256/dataset_complete/cacao_diseases/cacao_photos/healthy/healthy_178.png,1080x1080,A,14,0.87759054,dataT/healthy/healthy_67.jpg,0,False,False,False,0.44447887,False,406
c3c098e22e82fc333ddfa7b2b0f598e7,dataset_complete/cacao_diseases/cacao_photos/healthy/healthy_1780.jpg,0,c3c38ca04ce77ee8,1080,1080,/workspace/cacao/cache_256/dataset_complete/cacao_diseases/cacao_photos/healthy/healthy_1780.png,1080x1080,A,18,0.85453635,dataT/healthy/healthy_1435.jpg,0,False,False,False,0.3880974,False,407
f3313b3c40e6c2b75681e6a95fe79ca0,dataset_complete/cacao_diseases/cacao_photos/healthy/healthy_1781.jpg,0,b1d970b0e3ba1dc1,1080,1080,/workspace/cacao/cache_256/dataset_complete/cacao_diseases/cacao_photos/healthy/healthy_1781.png,1080x1080,A,18,0.86538327,dataT/healthy/healthy_570.jpg,0,False,False,False,0.43950164,False,408
09dd9499b6a9e06f9bed452288836876,dataset_complete/cacao_diseases/cacao_photos/healthy/healthy_1782.jpg,0,df5f2421964e2ab4,1080,1080,/workspace/cacao/cache_256/dataset_complete/cacao_diseases/cacao_photos/healthy/healthy_1782.png,1080x1080,A,18,0.92209554,dataT/pod_rot_black/black_pod_rot_790.jpg,1,False,False,True,0.93058693,True,409
d0ad6df9b73d41d98a583501aecc4282,dataset_complete/cacao_diseases/cacao_photos/healthy/healthy_1783.jpg,0,e3b376464eb890a5,1080,1080,/workspace/cacao/cache_256/dataset_complete/cacao_diseases/cacao_photos/healthy/healthy_1783.png,1080x1080,A,20,0.8260221,dataT/healthy/healthy_610.jpg,0,False,False,False,0.481654,False,410
bfc204592fb2cf0f84c8fb73b63d3db6,dataset_complete/cacao_diseases/cacao_photos/healthy/healthy_1784.jpg,0,db7f6ca0858289b5,1080,1080,/workspace/cacao/cache_256/dataset_complete/cacao_diseases/cacao_photos/healthy/healthy_1784.png,1080x1080,A,18,0.8853965,dataT/pod_rot_black/black_pod_rot_503.jpg,1,False,False,True,0.8804739,True,411
11813383aa2c07ca919b908e5d0a444e,dataset_complete/cacao_diseases/cacao_photos/healthy/healthy_1785.jpg,0,df5881a794cab5c1,1080,1080,/workspace/cacao/cache_256/dataset_complete/cacao_diseases/cacao_photos/healthy/healthy_1785.png,1080x1080,A,16,0.90559345,dataT/pod_rot_black/black_pod_rot_790.jpg,1,False,False,True,0.9359859,True,412
b92604fddda7410f9bf398c92476376c,dataset_complete/cacao_diseases/cacao_photos/healthy/healthy_1786.jpg,0,df5827a3124ab5cc,1080,1080,/workspace/cacao/cache_256/dataset_complete/cacao_diseases/cacao_photos/healthy/healthy_1786.png,1080x1080,A,18,0.85587585,dataT/pod_rot_black/black_pod_rot_505.jpg,1,False,False,False,0.8641921,True,413
e112cd9e1e8449e8d75ba6749973afb4,dataset_complete/cacao_diseases/cacao_photos/healthy/healthy_1787.jpg,0,df582ca1b64670a7,1080,1080,/workspace/cacao/cache_256/dataset_complete/cacao_diseases/cacao_photos/healthy/healthy_1787.png,1080x1080,A,16,0.92227316,dataT/pod_rot_black/black_pod_rot_790.jpg,1,False,False,True,0.9166267,True,414
b4f160b3b651a58b83850a2facc8838b,dataset_complete/cacao_diseases/cacao_photos/healthy/healthy_1788.jpg,0,df5f24a0d24eb0cc,1080,1080,/workspace/cacao/cache_256/dataset_complete/cacao_diseases/cacao_photos/healthy/healthy_1788.png,1080x1080,A,20,0.8997172,dataT/pod_rot_black/black_pod_rot_510.jpg,1,False,False,True,0.89795136,True,415
1c7c393fa9cd7847c087285d0f2887cb,dataset_complete/cacao_diseases/cacao_photos/healthy/healthy_1789.jpg,0,df7864a78c905ba4,1080,1080,/workspace/cacao/cache_256/dataset_complete/cacao_diseases/cacao_photos/healthy/healthy_1789.png,1080x1080,A,18,0.9304465,dataT/pod_rot_black/black_pod_rot_790.jpg,1,True,True,True,0.94535804,True,416
191b9e84c12fc138936df5741ba090f9,dataset_complete/cacao_diseases/cacao_photos/healthy/healthy_179.jpg,0,c85fb443ca1dc8b9,1080,1080,/workspace/cacao/cache_256/dataset_complete/cacao_diseases/cacao_photos/healthy/healthy_179.png,1080x1080,A,16,0.8467246,dataT/healthy/healthy_67.jpg,0,False,False,False,0.39865917,False,417
41f497f2765109bb246f68a6b12b8a8e,dataset_complete/cacao_diseases/cacao_photos/healthy/healthy_1790.jpg,0,da5b2d20664aef0d,1080,1080,/workspace/cacao/cache_256/dataset_complete/cacao_diseases/cacao_photos/healthy/healthy_1790.png,1080x1080,A,16,0.89635426,dataT/pod_rot_black/black_pod_rot_790.jpg,1,False,False,True,0.9255053,True,418
2982467dd94a9bfc734573533f1d5e86,dataset_complete/cacao_diseases/cacao_photos/healthy/healthy_1791.jpg,0,db5d2ca0f64ab909,1080,1080,/workspace/cacao/cache_256/dataset_complete/cacao_diseases/cacao_photos/healthy/healthy_1791.png,1080x1080,A,16,0.9097717,dataT/pod_rot_black/black_pod_rot_790.jpg,1,False,False,True,0.9230995,True,419
bcff7734c22e67427c4ceaa383e6026a,dataset_complete/cacao_diseases/cacao_photos/healthy/healthy_1792.jpg,0,c5cfd9b7809044f9,1080,1080,/workspace/cacao/cache_256/dataset_complete/cacao_diseases/cacao_photos/healthy/healthy_1792.png,1080x1080,A,18,0.88641334,dataT/healthy/healthy_595.jpg,0,False,False,True,0.40882483,False,420
f579397398bbd8a3e4d106365443179c,dataset_complete/cacao_diseases/cacao_photos/healthy/healthy_1793.jpg,0,df49a0277a0fe50a,1080,1080,/workspace/cacao/cache_256/dataset_complete/cacao_diseases/cacao_photos/healthy/healthy_1793.png,1080x1080,A,16,0.893057,dataT/pod_rot_black/black_pod_rot_512.jpg,1,False,False,True,0.89960885,True,421
9d9202fc10d7dbe5a4355f857b363d93,dataset_complete/cacao_diseases/cacao_photos/healthy/healthy_1794.jpg,0,d94e2da1b603f293,1080,1080,/workspace/cacao/cache_256/dataset_complete/cacao_diseases/cacao_photos/healthy/healthy_1794.png,1080x1080,A,18,0.88095343,dataT/pod_rot_black/black_pod_rot_788.jpg,1,False,False,True,0.8752077,True,422
9f29cee8abfb74dec135d4b11578dfe7,dataset_complete/cacao_diseases/cacao_photos/healthy/healthy_1795.jpg,0,ccfd792285dc4949,1080,1080,/workspace/cacao/cache_256/dataset_complete/cacao_diseases/cacao_photos/healthy/healthy_1795.png,1080x1080,A,16,0.8486094,dataT/healthy/healthy_670.jpg,0,False,False,False,0.44021064,False,423
1cf11e7890e0de05fa7841bf436eabaf,dataset_complete/cacao_diseases/cacao_photos/healthy/healthy_1796.jpg,0,df5827a752d099d0,1080,1080,/workspace/cacao/cache_256/dataset_complete/cacao_diseases/cacao_photos/healthy/healthy_1796.png,1080x1080,A,16,0.88833594,dataT/pod_rot_black/black_pod_rot_788.jpg,1,False,False,True,0.8829543,True,424
eb45edb90d403b4e3946e3677588f5c5,dataset_complete/cacao_diseases/cacao_photos/healthy/healthy_1797.jpg,0,db4ca0677a85b689,1080,1080,/workspace/cacao/cache_256/dataset_complete/cacao_diseases/cacao_photos/healthy/healthy_1797.png,1080x1080,A,16,0.90535384,dataT/pod_rot_black/black_pod_rot_792.jpg,1,False,False,True,0.8905635,True,425
432f1b58cebc1ddcac771f694fb7db98,dataset_complete/cacao_diseases/cacao_photos/healthy/healthy_1798.jpg,0,df7da021c6c89dc8,1080,1080,/workspace/cacao/cache_256/dataset_complete/cacao_diseases/cacao_photos/healthy/healthy_1798.png,1080x1080,A,16,0.89732623,dataT/pod_rot_black/black_pod_rot_510.jpg,1,False,False,True,0.8830433,True,426
c430d8290275ce2bf77fcc5d53723bdd,dataset_complete/cacao_diseases/cacao_photos/healthy/healthy_1799.jpg,0,df5d20a0cec89dd8,1080,1080,/workspace/cacao/cache_256/dataset_complete/cacao_diseases/cacao_photos/healthy/healthy_1799.png,1080x1080,A,16,0.91602075,dataT/pod_rot_black/black_pod_rot_512.jpg,1,False,False,True,0.9213681,True,426
40d09070058fb631d22e8e5ff8d843c8,dataset_complete/cacao_diseases/cacao_photos/healthy/healthy_180.jpg,0,e1ad2d27164723c7,1080,1080,/workspace/cacao/cache_256/dataset_complete/cacao_diseases/cacao_photos/healthy/healthy_180.png,1080x1080,A,18,0.8846841,dataT/healthy/healthy_281.jpg,0,False,False,True,0.46870506,False,428
a67424778d04be541be0b1bd5bf16ab1,dataset_complete/cacao_diseases/cacao_photos/healthy/healthy_1800.jpg,0,cfc3eca4e063a067,1080,1080,/workspace/cacao/cache_256/dataset_complete/cacao_diseases/cacao_photos/healthy/healthy_1800.png,1080x1080,A,18,0.9086702,dataT/pod_rot_black/black_pod_rot_502.jpg,1,False,False,True,0.9018314,True,429
3f4cbcee749311085f05503b40cfecf8,dataset_complete/cacao_diseases/cacao_photos/healthy/healthy_1801.jpg,0,df5f6c2035326217,1080,1080,/workspace/cacao/cache_256/dataset_complete/cacao_diseases/cacao_photos/healthy/healthy_1801.png,1080x1080,A,12,0.8730415,dataT/pod_rot_black/black_pod_rot_510.jpg,1,False,False,False,0.8679842,True,430
393098d40fa17e9b0ad4811f0f61d919,dataset_complete/cacao_diseases/cacao_photos/healthy/healthy_1802.jpg,0,db5d7f208485d81b,1080,1080,/workspace/cacao/cache_256/dataset_complete/cacao_diseases/cacao_photos/healthy/healthy_1802.png,1080x1080,A,18,0.8969389,dataT/pod_rot_black/black_pod_rot_502.jpg,1,False,False,True,0.8925425,True,431
f9be2e49c5c68d9ea93a84e4fb5419c4,dataset_complete/cacao_diseases/cacao_photos/healthy/healthy_1803.jpg,0,f6e348a5336c8be0,1080,1080,/workspace/cacao/cache_256/dataset_complete/cacao_diseases/cacao_photos/healthy/healthy_1803.png,1080x1080,A,16,0.8213776,dataT/pod_rot_black/black_pod_rot_909.jpg,1,False,False,False,0.33301887,False,432
25134f518b572ac94458cad23154f89d,dataset_complete/cacao_diseases/cacao_photos/healthy/healthy_1804.jpg,0,d95d673097c44a8e,1080,1080,/workspace/cacao/cache_256/dataset_complete/cacao_diseases/cacao_photos/healthy/healthy_1804.png,1080x1080,A,16,0.86816347,dataT/pod_rot_black/black_pod_rot_502.jpg,1,False,False,False,0.8801584,True,433
3e5cd0890456a49a1366c70abeb99146,dataset_complete/cacao_diseases/cacao_photos/healthy/healthy_1805.jpg,0,de5f683825e1364a,1080,1080,/workspace/cacao/cache_256/dataset_complete/cacao_diseases/cacao_photos/healthy/healthy_1805.png,1080x1080,A,16,0.8842648,dataT/pod_rot_black/black_pod_rot_790.jpg,1,False,False,True,0.8913009,True,434
d48887d32f5f012332143527efcfda43,dataset_complete/cacao_diseases/cacao_photos/healthy/healthy_1806.jpg,0,df5f78622207a07a,1080,1080,/workspace/cacao/cache_256/dataset_complete/cacao_diseases/cacao_photos/healthy/healthy_1806.png,1080x1080,A,14,0.91475713,dataT/pod_rot_black/black_pod_rot_505.jpg,1,False,False,True,0.9203523,True,435
a4e7337926467ecd8e35445a2259ffd4,dataset_complete/cacao_diseases/cacao_photos/healthy/healthy_1807.jpg,0,99c9e666d388c4e9,1080,1080,/workspace/cacao/cache_256/dataset_complete/cacao_diseases/cacao_photos/healthy/healthy_1807.png,1080x1080,A,12,0.7649205,dataT/healthy/healthy_436.jpg,0,False,False,False,0.43733227,False,436
ddc406a1c649cc8f9ed57560a672638d,dataset_complete/cacao_diseases/cacao_photos/healthy/healthy_1808.jpg,0,df5f79222507a05a,1080,1080,/workspace/cacao/cache_256/dataset_complete/cacao_diseases/cacao_photos/healthy/healthy_1808.png,1080x1080,A,14,0.90347993,dataT/pod_rot_black/black_pod_rot_510.jpg,1,False,False,True,0.9091606,True,435
a9e543cf372145c4a924afdb3e57ff61,dataset_complete/cacao_diseases/cacao_photos/healthy/healthy_1809.jpg,0,db4c3d2376c24b86,1080,1080,/workspace/cacao/cache_256/dataset_complete/cacao_diseases/cacao_photos/healthy/healthy_1809.png,1080x1080,A,16,0.92386734,dataT/pod_rot_black/black_pod_rot_510.jpg,1,True,True,True,0.9037219,True,438
a98f996d6872e7646e48d40097277ae4,dataset_complete/cacao_diseases/cacao_photos/healthy/healthy_181.jpg,0,b8b3935176d39644,1080,1080,/workspace/cacao/cache_256/dataset_complete/cacao_diseases/cacao_photos/healthy/healthy_181.png,1080x1080,A,18,0.82406247,dataT/pod_rot_black/black_pod_rot_495.jpg,1,False,False,False,0.4101537,False,439
06d60a41e7fe539d09bb4a21022fbfd2,dataset_complete/cacao_diseases/cacao_photos/healthy/healthy_1810.jpg,0,d94b7d26e48f4894,1080,1080,/workspace/cacao/cache_256/dataset_complete/cacao_diseases/cacao_photos/healthy/healthy_1810.png,1080x1080,A,14,0.9055824,dataT/pod_rot_black/black_pod_rot_790.jpg,1,False,False,True,0.9178632,True,440
2707929b2e8a0d11c482652cf6d39308,dataset_complete/cacao_diseases/cacao_photos/healthy/healthy_1811.jpg,0,db5e7d2027c4ce09,1080,1080,/workspace/cacao/cache_256/dataset_complete/cacao_diseases/cacao_photos/healthy/healthy_1811.png,1080x1080,A,16,0.9142481,dataT/pod_rot_black/black_pod_rot_790.jpg,1,False,False,True,0.93188417,True,441
624903a1c68ef7410c0b620e4244c451,dataset_complete/cacao_diseases/cacao_photos/healthy/healthy_1812.jpg,0,db5b7d2026e4a4ca,1080,1080,/workspace/cacao/cache_256/dataset_complete/cacao_diseases/cacao_photos/healthy/healthy_1812.png,1080x1080,A,16,0.90033174,dataT/pod_rot_black/black_pod_rot_510.jpg,1,False,False,True,0.8900816,True,442
d65bcbf833fb92e8bc584f129900ddaa,dataset_complete/cacao_diseases/cacao_photos/healthy/healthy_1813.jpg,0,8f5c787321a5e45a,1080,1080,/workspace/cacao/cache_256/dataset_complete/cacao_diseases/cacao_photos/healthy/healthy_1813.png,1080x1080,A,16,0.89652854,dataT/pod_rot_black/black_pod_rot_513.jpg,1,False,False,True,0.9294189,True,443
984b94676aab9c7f5b43ee26936d7273,dataset_complete/cacao_diseases/cacao_photos/healthy/healthy_1814.jpg,0,989d1c23567b4e4d,1080,1080,/workspace/cacao/cache_256/dataset_complete/cacao_diseases/cacao_photos/healthy/healthy_1814.png,1080x1080,A,16,0.88806444,dataT/healthy/healthy_608.jpg,0,False,False,True,0.5054718,False,444
9e4892ade1539fd2cfb0b05252853eb0,dataset_complete/cacao_diseases/cacao_photos/healthy/healthy_1815.jpg,0,d35b3f7a7501a04a,1080,1080,/workspace/cacao/cache_256/dataset_complete/cacao_diseases/cacao_photos/healthy/healthy_1815.png,1080x1080,A,18,0.879366,dataT/pod_rot_black/black_pod_rot_511.jpg,1,False,False,False,0.88370794,True,445
12e5212c6f4b238e47c2cedde9d321c9,dataset_complete/cacao_diseases/cacao_photos/healthy/healthy_1816.jpg,0,df5e782023a7501f,1080,1080,/workspace/cacao/cache_256/dataset_complete/cacao_diseases/cacao_photos/healthy/healthy_1816.png,1080x1080,A,14,0.90826297,dataT/pod_rot_black/black_pod_rot_795.jpg,1,False,False,True,0.92676985,True,446
b2562385a1cce6f3609bd9338312986c,dataset_complete/cacao_diseases/cacao_photos/healthy/healthy_1817.jpg,0,d9dd7c6021a67067,1080,1080,/workspace/cacao/cache_256/dataset_complete/cacao_diseases/cacao_photos/healthy/healthy_1817.png,1080x1080,A,16,0.8881489,dataT/pod_rot_black/black_pod_rot_512.jpg,1,False,False,True,0.8941095,True,447
3bdad10a51a86e22bdab39fa155ae4fb,dataset_complete/cacao_diseases/cacao_photos/healthy/healthy_1818.jpg,0,df5f786232a5a046,1080,1080,/workspace/cacao/cache_256/dataset_complete/cacao_diseases/cacao_photos/healthy/healthy_1818.png,1080x1080,A,16,0.9127992,dataT/pod_rot_black/black_pod_rot_512.jpg,1,True,True,True,0.9066496,True,448
d72357af55bd13f219ccf1be939dd20a,dataset_complete/cacao_diseases/cacao_photos/healthy/healthy_1819.jpg,0,defc002329ddc9d8,1080,1080,/workspace/cacao/cache_256/dataset_complete/cacao_diseases/cacao_photos/healthy/healthy_1819.png,1080x1080,A,18,0.8494376,dataT/healthy/healthy_692.jpg,0,False,False,False,0.4703894,False,449
de86e3366857c36275ec0e5bf80f1581,dataset_complete/cacao_diseases/cacao_photos/healthy/healthy_182.jpg,0,cd594c6346e2ada3,1080,1080,/workspace/cacao/cache_256/dataset_complete/cacao_diseases/cacao_photos/healthy/healthy_182.png,1080x1080,A,14,0.8718889,dataT/healthy/healthy_431.jpg,0,False,False,False,0.48912898,False,450
90663dccd25c9170a974cc702e1a15fa,dataset_complete/cacao_diseases/cacao_photos/healthy/healthy_1820.jpg,0,db4e7927e494c11a,1080,1080,/workspace/cacao/cache_256/dataset_complete/cacao_diseases/cacao_photos/healthy/healthy_1820.png,1080x1080,A,12,0.9056494,dataT/pod_rot_black/black_pod_rot_790.jpg,1,False,False,True,0.91867375,True,451
d60107c0fd5ba6e50dd5b2124b05733c,dataset_complete/cacao_diseases/cacao_photos/healthy/healthy_1821.jpg,0,db5f6b30c5804e99,1080,1080,/workspace/cacao/cache_256/dataset_complete/cacao_diseases/cacao_photos/healthy/healthy_1821.png,1080x1080,A,14,0.9174459,dataT/pod_rot_black/black_pod_rot_510.jpg,1,False,False,True,0.89883345,True,452
2c9449e7a51d16b64b212725fd76da4d,dataset_complete/cacao_diseases/cacao_photos/healthy/healthy_1822.jpg,0,df7d6023ac855899,1080,1080,/workspace/cacao/cache_256/dataset_complete/cacao_diseases/cacao_photos/healthy/healthy_1822.png,1080x1080,A,16,0.9132361,dataT/pod_rot_black/black_pod_rot_511.jpg,1,False,False,True,0.93469894,True,453
d616483e39a0c79cf0f37af804d07f24,dataset_complete/cacao_diseases/cacao_photos/healthy/healthy_1823.jpg,0,de7c6021a7954f98,1080,1080,/workspace/cacao/cache_256/dataset_complete/cacao_diseases/cacao_photos/healthy/healthy_1823.png,1080x1080,A,16,0.8488618,dataT/pod_rot_black/black_pod_rot_502.jpg,1,False,False,False,0.81465405,True,454
babeb62529b94f7727c03ec66c71101d,dataset_complete/cacao_diseases/cacao_photos/healthy/healthy_1824.jpg,0,dad8792127c6748e,1080,1080,/workspace/cacao/cache_256/dataset_complete/cacao_diseases/cacao_photos/healthy/healthy_1824.png,1080x1080,A,14,0.8849927,dataT/pod_rot_black/black_pod_rot_787.jpg,1,False,False,True,0.843454,True,455
bb48c2d882650c3403380fec6ffc014b,dataset_complete/cacao_diseases/cacao_photos/healthy/healthy_1825.jpg,0,f89e302f274a6f24,1080,1080,/workspace/cacao/cache_256/dataset_complete/cacao_diseases/cacao_photos/healthy/healthy_1825.png,1080x1080,A,18,0.8937622,dataT/healthy/healthy_608.jpg,0,False,False,True,0.4899271,False,456
2e85c63ce5da4a8cf2d1c95b720ff4fa,dataset_complete/cacao_diseases/cacao_photos/healthy/healthy_1826.jpg,0,db593da026ce3037,1080,1080,/workspace/cacao/cache_256/dataset_complete/cacao_diseases/cacao_photos/healthy/healthy_1826.png,1080x1080,A,16,0.9011939,dataT/pod_rot_black/black_pod_rot_512.jpg,1,False,False,True,0.8894062,True,457
a9997a4ddf1379c205afcf67395e050d,dataset_complete/cacao_diseases/cacao_photos/healthy/healthy_1827.jpg,0,df7f20809ec83ba4,1080,1080,/workspace/cacao/cache_256/dataset_complete/cacao_diseases/cacao_photos/healthy/healthy_1827.png,1080x1080,A,18,0.8865591,dataT/pod_rot_black/black_pod_rot_790.jpg,1,False,False,True,0.8812901,True,458
21772896dda4b43fb96b740715b75402,dataset_complete/cacao_diseases/cacao_photos/healthy/healthy_1828.jpg,0,df7e3ca0a642b885,1080,1080,/workspace/cacao/cache_256/dataset_complete/cacao_diseases/cacao_photos/healthy/healthy_1828.png,1080x1080,A,16,0.8842236,dataT/pod_rot_black/black_pod_rot_790.jpg,1,False,False,True,0.8885143,True,459
6190c84fa807cc6c6327d0cea87b38fa,dataset_complete/cacao_diseases/cacao_photos/healthy/healthy_1829.jpg,0,df5f792526047c81,1080,1080,/workspace/cacao/cache_256/dataset_complete/cacao_diseases/cacao_photos/healthy/healthy_1829.png,1080x1080,A,12,0.9226625,dataT/pod_rot_black/black_pod_rot_788.jpg,1,False,False,True,0.9343262,True,460
bd54537f607c2c63be00a8d2642bd367,dataset_complete/cacao_diseases/cacao_photos/healthy/healthy_183.jpg,0,f0f30bb00e5cfc2c,1080,1080,/workspace/cacao/cache_256/dataset_complete/cacao_diseases/cacao_photos/healthy/healthy_183.png,1080x1080,A,16,0.8451303,dataT/healthy/healthy_199.jpg,0,False,False,False,0.28131223,False,461
1d20f4664f8ebf602dd4a1c4e260d9c7,dataset_complete/cacao_diseases/cacao_photos/healthy/healthy_1830.jpg,0,dd5e6823e71a8c89,1080,1080,/workspace/cacao/cache_256/dataset_complete/cacao_diseases/cacao_photos/healthy/healthy_1830.png,1080x1080,A,16,0.9207732,dataT/pod_rot_black/black_pod_rot_790.jpg,1,False,False,True,0.93749267,True,462
f09f5582f885e3c756eb44306ef5a0f6,dataset_complete/cacao_diseases/cacao_photos/healthy/healthy_1831.jpg,0,e5a434267efe030b,1080,1080,/workspace/cacao/cache_256/dataset_complete/cacao_diseases/cacao_photos/healthy/healthy_1831.png,1080x1080,A,20,0.7769949,dataT/healthy/healthy_238.jpg,0,False,False,False,0.40796554,False,463
58905f80b06265a1083c39206805a3ca,dataset_complete/cacao_diseases/cacao_photos/healthy/healthy_1832.jpg,0,df6f20828ec8bd61,1080,1080,/workspace/cacao/cache_256/dataset_complete/cacao_diseases/cacao_photos/healthy/healthy_1832.png,1080x1080,A,18,0.88629127,dataT/pod_rot_black/black_pod_rot_512.jpg,1,False,False,True,0.9041182,True,464
69157206dfed271b7df19ce71b2654bf,dataset_complete/cacao_diseases/cacao_photos/healthy/healthy_1833.jpg,0,df6e3c2087ce809d,1080,1080,/workspace/cacao/cache_256/dataset_complete/cacao_diseases/cacao_photos/healthy/healthy_1833.png,1080x1080,A,16,0.9060997,dataT/pod_rot_black/black_pod_rot_512.jpg,1,False,False,True,0.90759027,True,465
22ec04fd3d337a881bd45d0fc5c312fc,dataset_complete/cacao_diseases/cacao_photos/healthy/healthy_1834.jpg,0,df5c2827a74687a8,1080,1080,/workspace/cacao/cache_256/dataset_complete/cacao_diseases/cacao_photos/healthy/healthy_1834.png,1080x1080,A,14,0.88784796,dataT/pod_rot_black/black_pod_rot_788.jpg,1,False,False,True,0.85901654,True,466
aebf5bb26a02ec8c5fe7c515b83254c4,dataset_complete/cacao_diseases/cacao_photos/healthy/healthy_1835.jpg,0,dfda382067c6948e,1080,1080,/workspace/cacao/cache_256/dataset_complete/cacao_diseases/cacao_photos/healthy/healthy_1835.png,1080x1080,A,14,0.8817182,dataT/pod_rot_black/black_pod_rot_505.jpg,1,False,False,True,0.8666469,True,467
72aa1820cf01223ef9477b257d7253e5,dataset_complete/cacao_diseases/cacao_photos/healthy/healthy_1836.jpg,0,a68d1a2ce4a54fcd,1080,1080,/workspace/cacao/cache_256/dataset_complete/cacao_diseases/cacao_photos/healthy/healthy_1836.png,1080x1080,A,16,0.7469833,dataT/healthy/healthy_1460.jpg,0,False,False,False,0.5479669,False,468
411219bf8ebed354b6877781388204d0,dataset_complete/cacao_diseases/cacao_photos/healthy/healthy_1837.jpg,0,db1f7c21e682929c,1080,1080,/workspace/cacao/cache_256/dataset_complete/cacao_diseases/cacao_photos/healthy/healthy_1837.png,1080x1080,A,14,0.8766278,dataT/pod_rot_black/black_pod_rot_503.jpg,1,True,True,False,0.8943392,True,469
0c1cf600dc5df76335227cb5bfcc0327,dataset_complete/cacao_diseases/cacao_photos/healthy/healthy_1838.jpg,0,dd1f7821272607b6,1080,1080,/workspace/cacao/cache_256/dataset_complete/cacao_diseases/cacao_photos/healthy/healthy_1838.png,1080x1080,A,16,0.8658239,dataT/pod_rot_black/black_pod_rot_511.jpg,1,False,False,False,0.88414633,True,470
bdd595b548df9c656b345606dc5f808d,dataset_complete/cacao_diseases/cacao_photos/healthy/healthy_1839.jpg,0,d90d3cb3f3cc803c,1080,1080,/workspace/cacao/cache_256/dataset_complete/cacao_diseases/cacao_photos/healthy/healthy_1839.png,1080x1080,A,16,0.8707873,dataT/pod_rot_black/black_pod_rot_509.jpg,1,False,False,True,0.8772965,True,471
5a619697d9a76205e19b39aa390bc50e,dataset_complete/cacao_diseases/cacao_photos/healthy/healthy_184.jpg,0,a620f83770dec3cc,1080,1080,/workspace/cacao/cache_256/dataset_complete/cacao_diseases/cacao_photos/healthy/healthy_184.png,1080x1080,A,18,0.83605826,dataT/healthy/healthy_2787.jpg,0,False,False,False,0.37607133,False,472
5ca92e17976c78d59b74a1c2a5f2a17b,dataset_complete/cacao_diseases/cacao_photos/healthy/healthy_1840.jpg,0,d90c6cb0f247b21f,1080,1080,/workspace/cacao/cache_256/dataset_complete/cacao_diseases/cacao_photos/healthy/healthy_1840.png,1080x1080,A,16,0.9045605,dataT/pod_rot_black/black_pod_rot_790.jpg,1,False,False,True,0.90201056,True,473
9abdbc2e62fe17b16846de4622604c3f,dataset_complete/cacao_diseases/cacao_photos/healthy/healthy_1841.jpg,0,b66909379c874ec6,1080,1080,/workspace/cacao/cache_256/dataset_complete/cacao_diseases/cacao_photos/healthy/healthy_1841.png,1080x1080,A,18,0.860973,dataT/pod_rot_black/black_pod_rot_568.jpg,1,False,False,False,0.5474355,False,474
ebfeda0970035545d9b34000a41c77c4,dataset_complete/cacao_diseases/cacao_photos/healthy/healthy_1842.jpg,0,f4b43dabeed01602,1080,1080,/workspace/cacao/cache_256/dataset_complete/cacao_diseases/cacao_photos/healthy/healthy_1842.png,1080x1080,A,18,0.8288659,dataT/healthy/healthy_2645.jpg,0,False,False,False,0.463455,False,475
8da05a273a0e88ad5a3ef233e5164edd,dataset_complete/cacao_diseases/cacao_photos/healthy/healthy_1843.jpg,0,db5d6f3036637404,1080,1080,/workspace/cacao/cache_256/dataset_complete/cacao_diseases/cacao_photos/healthy/healthy_1843.png,1080x1080,A,14,0.88344705,dataT/pod_rot_black/black_pod_rot_510.jpg,1,False,False,True,0.8882147,True,476
799a6fc426e19f6d9eae70f26451c31e,dataset_complete/cacao_diseases/cacao_photos/healthy/healthy_1844.jpg,0,df7e6c20a7c68889,1080,1080,/workspace/cacao/cache_256/dataset_complete/cacao_diseases/cacao_photos/healthy/healthy_1844.png,1080x1080,A,14,0.90343326,dataT/pod_rot_black/black_pod_rot_792.jpg,1,False,False,True,0.86502504,True,477
62b00eca7d7b371f0dc0929e1d39f622,dataset_complete/cacao_diseases/cacao_photos/healthy/healthy_1845.jpg,0,db8d2eb5f203b019,1080,1080,/workspace/cacao/cache_256/dataset_complete/cacao_diseases/cacao_photos/healthy/healthy_1845.png,1080x1080,A,16,0.89966005,dataT/pod_rot_black/black_pod_rot_511.jpg,1,False,False,True,0.9133121,True,478
7fbc8473f9af90faa2ac4b413f6c4254,dataset_complete/cacao_diseases/cacao_photos/healthy/healthy_1846.jpg,0,dbdf2d203203f607,1080,1080,/workspace/cacao/cache_256/dataset_complete/cacao_diseases/cacao_photos/healthy/healthy_1846.png,1080x1080,A,18,0.847203,dataT/pod_rot_black/black_pod_rot_790.jpg,1,False,False,False,0.8711035,True,479
4d75325931ae823f34da5ff7336e6e79,dataset_complete/cacao_diseases/cacao_photos/healthy/healthy_1847.jpg,0,daebf0268e89cc89,1080,1080,/workspace/cacao/cache_256/dataset_complete/cacao_diseases/cacao_photos/healthy/healthy_1847.png,1080x1080,A,14,0.8402759,dataT/healthy/healthy_223.jpg,0,False,False,False,0.46162432,False,480
f00d9b0ce2b73cd7892adc55fe73532e,dataset_complete/cacao_diseases/cacao_photos/healthy/healthy_1848.jpg,0,df7e6c60a7613209,1080,1080,/workspace/cacao/cache_256/dataset_complete/cacao_diseases/cacao_photos/healthy/healthy_1848.png,1080x1080,A,16,0.84790874,dataT/pod_rot_black/black_pod_rot_505.jpg,1,False,False,False,0.8367429,True,481
b3584c305e1a76ce0192dff74d133379,dataset_complete/cacao_diseases/cacao_photos/healthy/healthy_1849.jpg,0,cb0d6e71327a1b86,1080,1080,/workspace/cacao/cache_256/dataset_complete/cacao_diseases/cacao_photos/healthy/healthy_1849.png,1080x1080,A,16,0.87248003,dataT/pod_rot_black/black_pod_rot_511.jpg,1,False,False,False,0.8655478,True,482
e04dae05d081c628c4a8baacc2483e88,dataset_complete/cacao_diseases/cacao_photos/healthy/healthy_185.jpg,0,f8ea2b6666e8e881,1080,1080,/workspace/cacao/cache_256/dataset_complete/cacao_diseases/cacao_photos/healthy/healthy_185.png,1080x1080,A,16,0.82533807,dataT/healthy/healthy_2575.jpg,0,False,False,False,0.3288962,False,483
192a28a4524e075f9e17ea970546f88b,dataset_complete/cacao_diseases/cacao_photos/healthy/healthy_1850.jpg,0,d8097d31b643d29e,1080,1080,/workspace/cacao/cache_256/dataset_complete/cacao_diseases/cacao_photos/healthy/healthy_1850.png,1080x1080,A,16,0.8887075,dataT/pod_rot_black/black_pod_rot_511.jpg,1,False,False,True,0.8804432,True,484
5c987c3af1914369678b73dc965488b8,dataset_complete/cacao_diseases/cacao_photos/healthy/healthy_1851.jpg,0,dfdf7c20b0232227,1080,1080,/workspace/cacao/cache_256/dataset_complete/cacao_diseases/cacao_photos/healthy/healthy_1851.png,1080x1080,A,18,0.8795903,dataT/pod_rot_black/black_pod_rot_788.jpg,1,False,False,False,0.84660757,True,485
7a7e7bbef47c54137966beffd0ea0e58,dataset_complete/cacao_diseases/cacao_photos/healthy/healthy_1852.jpg,0,dfcf2c307233603c,1080,1080,/workspace/cacao/cache_256/dataset_complete/cacao_diseases/cacao_photos/healthy/healthy_1852.png,1080x1080,A,14,0.8572341,dataT/pod_rot_black/black_pod_rot_502.jpg,1,False,False,False,0.8480498,True,486
348936b8ccf001106e205b257b1e041d,dataset_complete/cacao_diseases/cacao_photos/healthy/healthy_1853.jpg,0,c3f49e3c2d9d0c4a,1080,1080,/workspace/cacao/cache_256/dataset_complete/cacao_diseases/cacao_photos/healthy/healthy_1853.png,1080x1080,A,18,0.83470047,dataT/healthy/healthy_58.jpg,0,False,False,False,0.49479365,False,487
b04fecd8ebaac5eb73a55d0ba645b1bd,dataset_complete/cacao_diseases/cacao_photos/healthy/healthy_1854.jpg,0,dfdc7c20a147222f,1080,1080,/workspace/cacao/cache_256/dataset_complete/cacao_diseases/cacao_photos/healthy/healthy_1854.png,1080x1080,A,14,0.8971721,dataT/pod_rot_black/black_pod_rot_512.jpg,1,False,False,True,0.89883935,True,488
a3bd9b1a14d9a9582eb53775318ad277,dataset_complete/cacao_diseases/cacao_photos/healthy/healthy_1855.jpg,0,df7b7c2027861c8c,1080,1080,/workspace/cacao/cache_256/dataset_complete/cacao_diseases/cacao_photos/healthy/healthy_1855.png,1080x1080,A,12,0.83127415,dataT/pod_rot_black/black_pod_rot_793.jpg,1,False,False,False,0.80818546,True,489
fa7511d492526f2eed196fa130e9baf2,dataset_complete/cacao_diseases/cacao_photos/healthy/healthy_1856.jpg,0,d95c7db0a6639681,1080,1080,/workspace/cacao/cache_256/dataset_complete/cacao_diseases/cacao_photos/healthy/healthy_1856.png,1080x1080,A,16,0.8822229,dataT/pod_rot_black/black_pod_rot_505.jpg,1,False,False,True,0.8724904,True,490
08db296660a7eb28d3e698baaa054e63,dataset_complete/cacao_diseases/cacao_photos/healthy/healthy_1857.jpg,0,db7e7db1a7428600,1080,1080,/workspace/cacao/cache_256/dataset_complete/cacao_diseases/cacao_photos/healthy/healthy_1857.png,1080x1080,A,18,0.8775115,dataT/pod_rot_black/black_pod_rot_787.jpg,1,False,False,False,0.8771509,True,491
80c8e15b9972afa05acf0af9ab9ee6da,dataset_complete/cacao_diseases/cacao_photos/healthy/healthy_1858.jpg,0,e0e3397231db5a19,1080,1080,/workspace/cacao/cache_256/dataset_complete/cacao_diseases/cacao_photos/healthy/healthy_1858.png,1080x1080,A,16,0.8664423,dataT/healthy/healthy_1063.jpg,0,False,False,False,0.35472092,False,492
c6ed203a94c5efa6d357db502f49a6ab,dataset_complete/cacao_diseases/cacao_photos/healthy/healthy_1859.jpg,0,dfdd2da13286b00e,1080,1080,/workspace/cacao/cache_256/dataset_complete/cacao_diseases/cacao_photos/healthy/healthy_1859.png,1080x1080,A,18,0.8573618,dataT/pod_rot_black/black_pod_rot_792.jpg,1,False,False,False,0.8429364,True,493
317d388a466b97267b492194e689d37d,dataset_complete/cacao_diseases/cacao_photos/healthy/healthy_186.jpg,0,dc9d2923a726e2e2,1080,1080,/workspace/cacao/cache_256/dataset_complete/cacao_diseases/cacao_photos/healthy/healthy_186.png,1080x1080,A,14,0.84461164,dataT/healthy/healthy_223.jpg,0,False,False,False,0.4382633,False,494
f22bc1f95eb0ca0594780d4415f952ff,dataset_complete/cacao_diseases/cacao_photos/healthy/healthy_1860.jpg,0,d9146c27749a619f,1080,1080,/workspace/cacao/cache_256/dataset_complete/cacao_diseases/cacao_photos/healthy/healthy_1860.png,1080x1080,A,16,0.89578336,dataT/pod_rot_black/black_pod_rot_510.jpg,1,False,False,True,0.85190904,True,495
e17ab14279d8a018d46239f496376bec,dataset_complete/cacao_diseases/cacao_photos/healthy/healthy_1861.jpg,0,da136c31f26d831e,1080,1080,/workspace/cacao/cache_256/dataset_complete/cacao_diseases/cacao_photos/healthy/healthy_1861.png,1080x1080,A,18,0.8947738,dataT/pod_rot_black/black_pod_rot_512.jpg,1,False,False,True,0.89964277,True,496
a750a93fbb00aae42b0aaa7dee77cd35,dataset_complete/cacao_diseases/cacao_photos/healthy/healthy_1862.jpg,0,da9c6d21b464728f,1080,1080,/workspace/cacao/cache_256/dataset_complete/cacao_diseases/cacao_photos/healthy/healthy_1862.png,1080x1080,A,10,0.8772322,dataT/pod_rot_black/black_pod_rot_792.jpg,1,False,False,False,0.83813465,True,497
26b9106a628f72d330d81cd9b4572dff,dataset_complete/cacao_diseases/cacao_photos/healthy/healthy_1863.jpg,0,da943d6963696487,1080,1080,/workspace/cacao/cache_256/dataset_complete/cacao_diseases/cacao_photos/healthy/healthy_1863.png,1080x1080,A,14,0.88616294,dataT/pod_rot_black/black_pod_rot_792.jpg,1,False,False,True,0.87645173,True,498
8532588d65b789f4f50f32830e360901,dataset_complete/cacao_diseases/cacao_photos/healthy/healthy_1864.jpg,0,e1b02428664eddbf,1080,1080,/workspace/cacao/cache_256/dataset_complete/cacao_diseases/cacao_photos/healthy/healthy_1864.png,1080x1080,A,20,0.8805259,dataT/healthy/healthy_608.jpg,0,False,False,True,0.5035,False,499
7279a490ae72e8f1d86cf3f3771c3df9,dataset_complete/cacao_diseases/cacao_photos/healthy/healthy_1865.jpg,0,a31a466732c74bd9,1080,1080,/workspace/cacao/cache_256/dataset_complete/cacao_diseases/cacao_photos/healthy/healthy_1865.png,1080x1080,A,18,0.8373705,dataT/healthy/healthy_44.jpg,0,False,False,False,0.3645035,False,500
c5af2f061770066824782725cc794338,dataset_complete/cacao_diseases/cacao_photos/healthy/healthy_1866.jpg,0,daacd97677d04150,1080,1080,/workspace/cacao/cache_256/dataset_complete/cacao_diseases/cacao_photos/healthy/healthy_1866.png,1080x1080,A,16,0.86105096,dataT/healthy/healthy_87.jpg,0,False,False,True,0.41174576,False,501
c512976650be00fd7326b91dd6946605,dataset_complete/cacao_diseases/cacao_photos/healthy/healthy_1867.jpg,0,8fddd0731cb014bc,1080,1080,/workspace/cacao/cache_256/dataset_complete/cacao_diseases/cacao_photos/healthy/healthy_1867.png,1080x1080,A,18,0.8556536,dataT/healthy/healthy_4.jpg,0,False,False,False,0.51350874,False,502
a5a26df92feae503134de82353843f23,dataset_complete/cacao_diseases/cacao_photos/healthy/healthy_1868.jpg,0,c7e279ef86989882,1080,1080,/workspace/cacao/cache_256/dataset_complete/cacao_diseases/cacao_photos/healthy/healthy_1868.png,1080x1080,A,18,0.8827654,dataT/pod_rot_black/black_pod_rot_120.jpg,1,False,False,True,0.3168738,False,503
898ef345e0214ae22dcfdf2278c30ba3,dataset_complete/cacao_diseases/cacao_photos/healthy/healthy_1869.jpg,0,c59687274625e1ed,1080,1080,/workspace/cacao/cache_256/dataset_complete/cacao_diseases/cacao_photos/healthy/healthy_1869.png,1080x1080,A,18,0.89343804,dataT/healthy/healthy_15.jpg,0,False,False,True,0.4104696,False,504
0909baf96e0605e7e35224f6e6f1831f,dataset_complete/cacao_diseases/cacao_photos/healthy/healthy_187.jpg,0,cb1d2d2b6b62c4c6,1080,1080,/workspace/cacao/cache_256/dataset_complete/cacao_diseases/cacao_photos/healthy/healthy_187.png,1080x1080,A,16,0.8489145,dataT/healthy/healthy_1644.jpg,0,False,False,False,0.55576026,False,505
c0e15983c89d17d1452bdd61768739f4,dataset_complete/cacao_diseases/cacao_photos/healthy/healthy_1870.jpg,0,e8cc8f6623f2cb48,1080,1080,/workspace/cacao/cache_256/dataset_complete/cacao_diseases/cacao_photos/healthy/healthy_1870.png,1080x1080,A,12,0.8650273,dataT/healthy/healthy_1080.jpg,0,False,False,False,0.3751896,False,506
bba54f1906a5d769a4db30bd862fbe87,dataset_complete/cacao_diseases/cacao_photos/healthy/healthy_1871.jpg,0,d3c78528e3c0de95,1080,1080,/workspace/cacao/cache_256/dataset_complete/cacao_diseases/cacao_photos/healthy/healthy_1871.png,1080x1080,A,20,0.8447579,dataT/healthy/healthy_16.jpg,0,False,False,False,0.3799497,False,507
2c848a90344fc5be3bc1ef88eab5a3a4,dataset_complete/cacao_diseases/cacao_photos/healthy/healthy_1872.jpg,0,df9d7e66b0d81808,1080,1080,/workspace/cacao/cache_256/dataset_complete/cacao_diseases/cacao_photos/healthy/healthy_1872.png,1080x1080,A,16,0.8595495,dataT/healthy/healthy_1259.jpg,0,False,False,False,0.4037283,False,508
b02f73d7cb30b0ec13752f733af172e0,dataset_complete/cacao_diseases/cacao_photos/healthy/healthy_1873.jpg,0,d0ec0b62e06be7b8,1080,1080,/workspace/cacao/cache_256/dataset_complete/cacao_diseases/cacao_photos/healthy/healthy_1873.png,1080x1080,A,18,0.8938142,dataT/healthy/healthy_87.jpg,0,False,False,True,0.34300548,False,509
7ef511e14fae90373cbbafab8db9e2a5,dataset_complete/cacao_diseases/cacao_photos/healthy/healthy_1874.jpg,0,955ae6e4e2e2a989,1080,1080,/workspace/cacao/cache_256/dataset_complete/cacao_diseases/cacao_photos/healthy/healthy_1874.png,1080x1080,A,16,0.85949945,dataT/healthy/healthy_2779.jpg,0,False,False,False,0.51825184,False,510
f35685f31010cb3958c31cd3ca2cc5e4,dataset_complete/cacao_diseases/cacao_photos/healthy/healthy_1875.jpg,0,ea85f94e66b89099,1080,1080,/workspace/cacao/cache_256/dataset_complete/cacao_diseases/cacao_photos/healthy/healthy_1875.png,1080x1080,A,16,0.7299852,dataT/pod_rot_black/black_pod_rot_143.jpg,1,False,False,False,0.47822925,False,511
3b76fe68f21175795e4cf93c19365557,dataset_complete/cacao_diseases/cacao_photos/healthy/healthy_1876.jpg,0,acf2a927616e4e94,1080,1080,/workspace/cacao/cache_256/dataset_complete/cacao_diseases/cacao_photos/healthy/healthy_1876.png,1080x1080,A,16,0.90322715,dataT/healthy/healthy_1459.jpg,0,False,False,True,0.40600199,False,512
1133c476541d3cfbe0be9d760a2f807c,dataset_complete/cacao_diseases/cacao_photos/healthy/healthy_1877.jpg,0,f1c929741d43f1b4,1080,1080,/workspace/cacao/cache_256/dataset_complete/cacao_diseases/cacao_photos/healthy/healthy_1877.png,1080x1080,A,18,0.88670194,dataT/healthy/healthy_8.jpg,0,False,False,True,0.41624534,False,513
c6c28749734e93b618f52fa03e08c346,dataset_complete/cacao_diseases/cacao_photos/healthy/healthy_1878.jpg,0,f4183773b2968e91,1080,1080,/workspace/cacao/cache_256/dataset_complete/cacao_diseases/cacao_photos/healthy/healthy_1878.png,1080x1080,A,16,0.85391724,dataT/pod_rot_black/black_pod_rot_77.jpg,1,False,False,False,0.47654182,False,514
2dafa6728353f39c0cc801ae9835424d,dataset_complete/cacao_diseases/cacao_photos/healthy/healthy_1879.jpg,0,fc8c4cb0a0529f9f,1080,1080,/workspace/cacao/cache_256/dataset_complete/cacao_diseases/cacao_photos/healthy/healthy_1879.png,1080x1080,A,16,0.8589972,dataT/healthy/healthy_223.jpg,0,False,False,False,0.43015403,False,515
1b80c217feed004e1e209e2dee54b71f,dataset_complete/cacao_diseases/cacao_photos/healthy/healthy_188.jpg,0,d18ca224363e3e3f,1080,1080,/workspace/cacao/cache_256/dataset_complete/cacao_diseases/cacao_photos/healthy/healthy_188.png,1080x1080,A,18,0.8663062,dataT/healthy/healthy_223.jpg,0,False,False,False,0.5368675,False,516
71bfb07c8193edf4042452d99fdbb8f4,dataset_complete/cacao_diseases/cacao_photos/healthy/healthy_1880.jpg,0,f8bd3273e604f490,1080,1080,/workspace/cacao/cache_256/dataset_complete/cacao_diseases/cacao_photos/healthy/healthy_1880.png,1080x1080,A,18,0.83890617,dataT/pod_rot_black/black_pod_rot_414.jpg,1,False,False,False,0.49399891,False,517
aa07cc2a58910e0bf1b5f9c6acac5466,dataset_complete/cacao_diseases/cacao_photos/healthy/healthy_1881.jpg,0,bdd6646e821c1ab3,1080,1080,/workspace/cacao/cache_256/dataset_complete/cacao_diseases/cacao_photos/healthy/healthy_1881.png,1080x1080,A,18,0.8541547,dataT/healthy/healthy_657.jpg,0,False,False,False,0.50972706,False,518
9ab5246346d1ff05ad1c7938afdd78d1,dataset_complete/cacao_diseases/cacao_photos/healthy/healthy_1882.jpg,0,f6cc383333321e1e,1080,1080,/workspace/cacao/cache_256/dataset_complete/cacao_diseases/cacao_photos/healthy/healthy_1882.png,1080x1080,A,14,0.8576044,dataT/pod_rot_black/black_pod_rot_75.jpg,1,False,False,False,0.37334716,False,519
5639f42c03fc79e520eb88a2f065efc9,dataset_complete/cacao_diseases/cacao_photos/healthy/healthy_1883.jpg,0,99fc9d6c38a130f2,1080,1080,/workspace/cacao/cache_256/dataset_complete/cacao_diseases/cacao_photos/healthy/healthy_1883.png,1080x1080,A,16,0.8537115,dataT/healthy/healthy_2757.jpg,0,False,False,False,0.3703783,False,520
1844aedf132b1d5043de24ee19aa8d42,dataset_complete/cacao_diseases/cacao_photos/healthy/healthy_1884.jpg,0,eaeccc551212d3d5,1080,1080,/workspace/cacao/cache_256/dataset_complete/cacao_diseases/cacao_photos/healthy/healthy_1884.png,1080x1080,A,16,0.86530876,dataT/healthy/healthy_2117.jpg,0,False,False,False,0.3718806,False,521
0ff935880d4365b6ea198ce1f7b85413,dataset_complete/cacao_diseases/cacao_photos/healthy/healthy_1885.jpg,0,d688cd36d0f2da89,1080,1080,/workspace/cacao/cache_256/dataset_complete/cacao_diseases/cacao_photos/healthy/healthy_1885.png,1080x1080,A,16,0.8945584,dataT/healthy/healthy_2117.jpg,0,False,False,True,0.46649548,False,522
f5888d1275afa026a18417cc9196f049,dataset_complete/cacao_diseases/cacao_photos/healthy/healthy_1886.jpg,0,b31dd96a4145273e,1080,1080,/workspace/cacao/cache_256/dataset_complete/cacao_diseases/cacao_photos/healthy/healthy_1886.png,1080x1080,A,16,0.87653893,dataT/healthy/healthy_2588.jpg,0,False,False,False,0.45403492,False,523
07a71efe1b88cfb858dbf33a5dec70b9,dataset_complete/cacao_diseases/cacao_photos/healthy/healthy_1887.jpg,0,f966a932a6b51651,1080,1080,/workspace/cacao/cache_256/dataset_complete/cacao_diseases/cacao_photos/healthy/healthy_1887.png,1080x1080,A,14,0.8818835,dataT/healthy/healthy_32.jpg,0,False,False,True,0.37475157,False,524
eae262d7eaffa307fb5cccb8df98be02,dataset_complete/cacao_diseases/cacao_photos/healthy/healthy_1888.jpg,0,b6529fa9bc793820,1080,1080,/workspace/cacao/cache_256/dataset_complete/cacao_diseases/cacao_photos/healthy/healthy_1888.png,1080x1080,A,18,0.88221157,dataT/healthy/healthy_3105.jpg,0,False,False,True,0.5246219,False,525
c9ddf9002e5897fd66c892000f83dbd3,dataset_complete/cacao_diseases/cacao_photos/healthy/healthy_1889.jpg,0,d8272323cfe99638,1080,1080,/workspace/cacao/cache_256/dataset_complete/cacao_diseases/cacao_photos/healthy/healthy_1889.png,1080x1080,A,18,0.8636717,dataT/pod_rot_black/black_pod_rot_731.jpg,1,False,False,False,0.46488288,False,526
bedf9001f2f61e341ce1724ffafe8775,dataset_complete/cacao_diseases/cacao_photos/healthy/healthy_189.jpg,0,e3e95850f8a7a91a,1080,1080,/workspace/cacao/cache_256/dataset_complete/cacao_diseases/cacao_photos/healthy/healthy_189.png,1080x1080,A,18,0.88526434,dataT/healthy/healthy_1647.jpg,0,False,False,True,0.4211472,False,527
eecd7575c3b844cc5c65cfe020ff9be3,dataset_complete/cacao_diseases/cacao_photos/healthy/healthy_1890.jpg,0,ae1c4c164dcdd5ac,1080,1080,/workspace/cacao/cache_256/dataset_complete/cacao_diseases/cacao_photos/healthy/healthy_1890.png,1080x1080,A,18,0.8475541,dataT/healthy/healthy_1062.jpg,0,False,False,False,0.38799107,False,528
d0a75443cd5e38a3a3875668d8012abb,dataset_complete/cacao_diseases/cacao_photos/healthy/healthy_1891.jpg,0,c1598c49e9d6de94,1080,1080,/workspace/cacao/cache_256/dataset_complete/cacao_diseases/cacao_photos/healthy/healthy_1891.png,1080x1080,A,18,0.86656284,dataT/healthy/healthy_2620.jpg,0,False,False,False,0.45644966,False,529
5c7601d9a5b2ab9014a97e609ccff904,dataset_complete/cacao_diseases/cacao_photos/healthy/healthy_1892.jpg,0,ce093f70f131f033,1080,1080,/workspace/cacao/cache_256/dataset_complete/cacao_diseases/cacao_photos/healthy/healthy_1892.png,1080x1080,A,16,0.8709753,dataT/healthy/healthy_1647.jpg,0,False,False,False,0.37100682,False,530
05b71601eb0829ef171205adef2349a5,dataset_complete/cacao_diseases/cacao_photos/healthy/healthy_1893.jpg,0,ecc25809f24dc2ef,1080,1080,/workspace/cacao/cache_256/dataset_complete/cacao_diseases/cacao_photos/healthy/healthy_1893.png,1080x1080,A,20,0.83800393,dataT/healthy/healthy_1495.jpg,0,False,False,False,0.3992843,False,531
4a04e8ca617b02c16bfd531765417f85,dataset_complete/cacao_diseases/cacao_photos/healthy/healthy_1894.jpg,0,e66e893576881b8e,1080,1080,/workspace/cacao/cache_256/dataset_complete/cacao_diseases/cacao_photos/healthy/healthy_1894.png,1080x1080,A,14,0.86286783,dataT/healthy/healthy_623.jpg,0,False,False,False,0.4587745,False,532
3a53572a9f885b6f97ceabee9ded9921,dataset_complete/cacao_diseases/cacao_photos/healthy/healthy_1895.jpg,0,f6f839678982191b,1080,1080,/workspace/cacao/cache_256/dataset_complete/cacao_diseases/cacao_photos/healthy/healthy_1895.png,1080x1080,A,16,0.8627325,dataT/pod_rot_black/black_pod_rot_75.jpg,1,False,False,False,0.35809568,False,519
312026b67dc2af2c71ad655db5aa51d8,dataset_complete/cacao_diseases/cacao_photos/healthy/healthy_1896.jpg,0,e3ab9f73281554c8,1080,1080,/workspace/cacao/cache_256/dataset_complete/cacao_diseases/cacao_photos/healthy/healthy_1896.png,1080x1080,A,14,0.87425905,dataT/healthy/healthy_88.jpg,0,False,False,False,0.40725982,False,534
86a93dc3f87c6359d68770db7f8ff1bf,dataset_complete/cacao_diseases/cacao_photos/healthy/healthy_1897.jpg,0,833d5a36367a226b,1080,1080,/workspace/cacao/cache_256/dataset_complete/cacao_diseases/cacao_photos/healthy/healthy_1897.png,1080x1080,A,16,0.8644551,dataT/pod_rot_black/black_pod_rot_393.jpg,1,False,False,False,0.45297152,False,535
6838462b022aa9479b52f07a4826ee8c,dataset_complete/cacao_diseases/cacao_photos/healthy/healthy_1898.jpg,0,d81c0d2434677b3f,1080,1080,/workspace/cacao/cache_256/dataset_complete/cacao_diseases/cacao_photos/healthy/healthy_1898.png,1080x1080,A,18,0.87583697,dataT/healthy/healthy_2817.jpg,0,False,False,False,0.44993985,False,536
a523c7bf4870c38e4af146ac0358ea7f,dataset_complete/cacao_diseases/cacao_photos/healthy/healthy_1899.jpg,0,92dac9f087c38a97,1080,1080,/workspace/cacao/cache_256/dataset_complete/cacao_diseases/cacao_photos/healthy/healthy_1899.png,1080x1080,A,18,0.8651576,dataT/healthy/healthy_16.jpg,0,False,False,False,0.4767642,False,537
3350c00943e6d3a5307993ded924bae9,dataset_complete/cacao_diseases/cacao_photos/healthy/healthy_190.jpg,0,d8a6ddb4d0d009db,1080,1080,/workspace/cacao/cache_256/dataset_complete/cacao_diseases/cacao_photos/healthy/healthy_190.png,1080x1080,A,18,0.87234664,dataT/healthy/healthy_2635.jpg,0,False,False,True,0.43775472,False,538
35a258ea181f4a1410dd4672cb3b4087,dataset_complete/cacao_diseases/cacao_photos/healthy/healthy_1900.jpg,0,cebc3cc603e2a2b6,1080,1080,/workspace/cacao/cache_256/dataset_complete/cacao_diseases/cacao_photos/healthy/healthy_1900.png,1080x1080,A,16,0.89931,dataT/healthy/healthy_99.jpg,0,False,False,True,0.4939282,False,539
be0fd9dbe01d25a77017d90434c7b2f1,dataset_complete/cacao_diseases/cacao_photos/healthy/healthy_1901.jpg,0,fa7cce22661326c9,1080,1080,/workspace/cacao/cache_256/dataset_complete/cacao_diseases/cacao_photos/healthy/healthy_1901.png,1080x1080,A,16,0.8792387,dataT/healthy/healthy_3105.jpg,0,False,False,False,0.41090602,False,540
d2c0a35291658b694fb376d7d5fed4c1,dataset_complete/cacao_diseases/cacao_photos/healthy/healthy_1902.jpg,0,c0881676eaf0dd9e,1080,1080,/workspace/cacao/cache_256/dataset_complete/cacao_diseases/cacao_photos/healthy/healthy_1902.png,1080x1080,A,18,0.8825017,dataT/healthy/healthy_2519.jpg,0,False,False,True,0.4321999,False,541
bad1b61c4995eea1e12bea2621e94934,dataset_complete/cacao_diseases/cacao_photos/healthy/healthy_1903.jpg,0,eed02bb325998ca5,1080,1080,/workspace/cacao/cache_256/dataset_complete/cacao_diseases/cacao_photos/healthy/healthy_1903.png,1080x1080,A,16,0.7952701,dataT/pod_rot_black/black_pod_rot_916.jpg,1,False,False,False,0.2771572,False,542
71d8f1ef481321a49ecf68d290d42697,dataset_complete/cacao_diseases/cacao_photos/healthy/healthy_1904.jpg,0,e61ddc26c2c28fb4,1080,1080,/workspace/cacao/cache_256/dataset_complete/cacao_diseases/cacao_photos/healthy/healthy_1904.png,1080x1080,A,14,0.84025806,dataT/healthy/healthy_212.jpg,0,False,False,False,0.5013516,False,543
52df376261c04094da85ad7553236665,dataset_complete/cacao_diseases/cacao_photos/healthy/healthy_1905.jpg,0,d9982326f4e70e2d,1080,1080,/workspace/cacao/cache_256/dataset_complete/cacao_diseases/cacao_photos/healthy/healthy_1905.png,1080x1080,A,16,0.8738571,dataT/healthy/healthy_2817.jpg,0,False,False,False,0.43593174,False,544
69f466d7666264f0cd39c371afa9579e,dataset_complete/cacao_diseases/cacao_photos/healthy/healthy_1906.jpg,0,f2f0f3062ffe00e0,1080,1080,/workspace/cacao/cache_256/dataset_complete/cacao_diseases/cacao_photos/healthy/healthy_1906.png,1080x1080,A,18,0.8345237,dataT/healthy/healthy_570.jpg,0,False,False,False,0.4192696,False,545
74939f8bf0dfe641e27b66b0c064ae16,dataset_complete/cacao_diseases/cacao_photos/healthy/healthy_1907.jpg,0,9c5ef1e22532cbd0,1080,1080,/workspace/cacao/cache_256/dataset_complete/cacao_diseases/cacao_photos/healthy/healthy_1907.png,1080x1080,A,14,0.80432695,dataT/healthy/healthy_1053.jpg,0,False,False,False,0.57379335,False,546
706e0be94fd27e18fbd4dbb00d3d8535,dataset_complete/cacao_diseases/cacao_photos/healthy/healthy_1908.jpg,0,feccc16e20372475,1080,1080,/workspace/cacao/cache_256/dataset_complete/cacao_diseases/cacao_photos/healthy/healthy_1908.png,1080x1080,A,16,0.87434936,dataT/healthy/healthy_1053.jpg,0,False,False,False,0.4806544,False,547
b2d7d3431dbc15cef291a1867aff8cd4,dataset_complete/cacao_diseases/cacao_photos/healthy/healthy_1909.jpg,0,9fdd5a69286d2584,1080,1080,/workspace/cacao/cache_256/dataset_complete/cacao_diseases/cacao_photos/healthy/healthy_1909.png,1080x1080,A,16,0.87972414,dataT/healthy/healthy_603.jpg,0,False,False,False,0.52883136,False,548
f8a2f1f735146861a436ef6c679d1b91,dataset_complete/cacao_diseases/cacao_photos/healthy/healthy_191.jpg,0,f9e03360e7e3c708,1080,1080,/workspace/cacao/cache_256/dataset_complete/cacao_diseases/cacao_photos/healthy/healthy_191.png,1080x1080,A,16,0.886738,dataT/healthy/healthy_2576.jpg,0,False,False,True,0.40966147,False,549
7bbb9d17f6d6063dfc43afaa992711d9,dataset_complete/cacao_diseases/cacao_photos/healthy/healthy_1910.jpg,0,e60b9e67cac2a1f0,1080,1080,/workspace/cacao/cache_256/dataset_complete/cacao_diseases/cacao_photos/healthy/healthy_1910.png,1080x1080,A,16,0.8365804,dataT/healthy/healthy_223.jpg,0,False,False,False,0.4713862,False,550
5b72b8a53e4853bc78e65520d0278802,dataset_complete/cacao_diseases/cacao_photos/healthy/healthy_1911.jpg,0,c33a562d0a16e9f3,1080,1080,/workspace/cacao/cache_256/dataset_complete/cacao_diseases/cacao_photos/healthy/healthy_1911.png,1080x1080,A,20,0.8433285,dataT/healthy/healthy_2585.jpg,0,False,False,False,0.48047948,False,551
901d059a890139cf2d48d89a8fbcf070,dataset_complete/cacao_diseases/cacao_photos/healthy/healthy_1912.jpg,0,cc216306cbff19e1,1080,1080,/workspace/cacao/cache_256/dataset_complete/cacao_diseases/cacao_photos/healthy/healthy_1912.png,1080x1080,A,18,0.8572341,dataT/healthy/healthy_1518.jpg,0,False,False,False,0.50815433,False,552
0f0a7dcb6d1e509c654435b379fc8159,dataset_complete/cacao_diseases/cacao_photos/healthy/healthy_1913.jpg,0,e0ec950de44eae74,1080,1080,/workspace/cacao/cache_256/dataset_complete/cacao_diseases/cacao_photos/healthy/healthy_1913.png,1080x1080,A,20,0.82828695,dataT/healthy/healthy_284.jpg,0,False,False,False,0.43246296,False,553
3f7963d7f2186e3cca9cc0c8d36a0c5f,dataset_complete/cacao_diseases/cacao_photos/healthy/healthy_1914.jpg,0,b00c9cb2ace756ea,1080,1080,/workspace/cacao/cache_256/dataset_complete/cacao_diseases/cacao_photos/healthy/healthy_1914.png,1080x1080,A,16,0.8331267,dataT/healthy/healthy_286.jpg,0,False,False,False,0.475372,False,554
5a15bb7cc4cd64f4c6897bb101e201ed,dataset_complete/cacao_diseases/cacao_photos/healthy/healthy_1915.jpg,0,9a8a2eb57569219e,1080,1080,/workspace/cacao/cache_256/dataset_complete/cacao_diseases/cacao_photos/healthy/healthy_1915.png,1080x1080,A,16,0.8782195,dataT/healthy/healthy_2603.jpg,0,False,False,False,0.47879216,False,555
1d354dd2f9ced7967019030c9ed4fc51,dataset_complete/cacao_diseases/cacao_photos/healthy/healthy_1916.jpg,0,bb8459cd2378ba34,1080,1080,/workspace/cacao/cache_256/dataset_complete/cacao_diseases/cacao_photos/healthy/healthy_1916.png,1080x1080,A,18,0.8639362,dataT/healthy/healthy_282.jpg,0,False,False,False,0.45482907,False,556
54e886e77620444a04e23bc3a121fe44,dataset_complete/cacao_diseases/cacao_photos/healthy/healthy_1917.jpg,0,9b199c3962b2719e,1080,1080,/workspace/cacao/cache_256/dataset_complete/cacao_diseases/cacao_photos/healthy/healthy_1917.png,1080x1080,A,16,0.9467802,dataT/healthy/healthy_1647.jpg,0,True,True,False,0.43552464,False,557
18574633546d3eed0003a7a9cfb759a0,dataset_complete/cacao_diseases/cacao_photos/healthy/healthy_1918.jpg,0,f36e1c2b2d01bc96,1080,1080,/workspace/cacao/cache_256/dataset_complete/cacao_diseases/cacao_photos/healthy/healthy_1918.png,1080x1080,A,14,0.8435015,dataT/pod_rot_black/black_pod_rot_376.jpg,1,False,False,False,0.46554852,False,558
1c509c15111c7bf015da6de867ef4f5a,dataset_complete/cacao_diseases/cacao_photos/healthy/healthy_1919.jpg,0,a3e91af3539ec00e,1080,1080,/workspace/cacao/cache_256/dataset_complete/cacao_diseases/cacao_photos/healthy/healthy_1919.png,1080x1080,A,18,0.8839067,dataT/healthy/healthy_2818.jpg,0,False,False,True,0.4032728,False,559
501e5f14c0ad8a910b336b955c52b15c,dataset_complete/cacao_diseases/cacao_photos/healthy/healthy_192.jpg,0,c5a5383a33a383de,1080,1080,/workspace/cacao/cache_256/dataset_complete/cacao_diseases/cacao_photos/healthy/healthy_192.png,1080x1080,A,12,0.8905666,dataT/healthy/healthy_2567.jpg,0,False,False,True,0.49112815,False,560
5dad7fa28bb796193588c73bb0d2c74e,dataset_complete/cacao_diseases/cacao_photos/healthy/healthy_1920.jpg,0,a23d4cf29d03ab47,1080,1080,/workspace/cacao/cache_256/dataset_complete/cacao_diseases/cacao_photos/healthy/healthy_1920.png,1080x1080,A,18,0.86019015,dataT/healthy/healthy_1440.jpg,0,False,False,False,0.36398077,False,561
9806902a83e479641a54c99ecfd9e9f5,dataset_complete/cacao_diseases/cacao_photos/healthy/healthy_1921.jpg,0,e3169c6a3c7f6830,1080,1080,/workspace/cacao/cache_256/dataset_complete/cacao_diseases/cacao_photos/healthy/healthy_1921.png,1080x1080,A,18,0.880269,dataT/healthy/healthy_243.jpg,0,False,False,True,0.43778786,False,562
3ba0b34d4fd27647e2105bae29e7a96c,dataset_complete/cacao_diseases/cacao_photos/healthy/healthy_1922.jpg,0,bd4e4cf1721b3381,1080,1080,/workspace/cacao/cache_256/dataset_complete/cacao_diseases/cacao_photos/healthy/healthy_1922.png,1080x1080,A,16,0.9133462,dataT/healthy/healthy_2613.jpg,0,False,False,True,0.44504195,False,563
e59ea70c7737480505a323143511f9b6,dataset_complete/cacao_diseases/cacao_photos/healthy/healthy_1923.jpg,0,b5150ab5fde20dc4,1080,1080,/workspace/cacao/cache_256/dataset_complete/cacao_diseases/cacao_photos/healthy/healthy_1923.png,1080x1080,A,20,0.877368,dataT/healthy/healthy_8.jpg,0,False,False,False,0.45019573,False,564
31d848a9969f1ba4c4a5fa552742e8bb,dataset_complete/cacao_diseases/cacao_photos/healthy/healthy_1924.jpg,0,933abda758a5a2c2,1080,1080,/workspace/cacao/cache_256/dataset_complete/cacao_diseases/cacao_photos/healthy/healthy_1924.png,1080x1080,A,18,0.8893094,dataT/healthy/healthy_2617.jpg,0,False,False,True,0.45476812,False,565
f08aa527040ae5628f09ddacc0f1fa74,dataset_complete/cacao_diseases/cacao_photos/healthy/healthy_1925.jpg,0,b7689da498961ada,1080,1080,/workspace/cacao/cache_256/dataset_complete/cacao_diseases/cacao_photos/healthy/healthy_1925.png,1080x1080,A,14,0.8845141,dataT/healthy/healthy_2616.jpg,0,False,False,True,0.50751317,False,566
f5a99e5d2c4a0ad241adf416f1816c64,dataset_complete/cacao_diseases/cacao_photos/healthy/healthy_1926.jpg,0,e462ad26a5b4b635,1080,1080,/workspace/cacao/cache_256/dataset_complete/cacao_diseases/cacao_photos/healthy/healthy_1926.png,1080x1080,A,16,0.8862746,dataT/healthy/healthy_2621.jpg,0,False,False,True,0.5168378,False,567
3f43b5f8a4a4c8467594c58fb046ebba,dataset_complete/cacao_diseases/cacao_photos/healthy/healthy_1927.jpg,0,f339083ff4f0e141,1080,1080,/workspace/cacao/cache_256/dataset_complete/cacao_diseases/cacao_photos/healthy/healthy_1927.png,1080x1080,A,14,0.8863093,dataT/healthy/healthy_1438.jpg,0,False,False,True,0.45061964,False,568
80cac4363a7b27f7bca79bf02fb97dd5,dataset_complete/cacao_diseases/cacao_photos/healthy/healthy_1928.jpg,0,e30e1ce09bf70275,1080,1080,/workspace/cacao/cache_256/dataset_complete/cacao_diseases/cacao_photos/healthy/healthy_1928.png,1080x1080,A,18,0.8727608,dataT/healthy/healthy_2638.jpg,0,False,False,False,0.4185604,False,569
cb329223e85aa72fd473ed28d7d2518f,dataset_complete/cacao_diseases/cacao_photos/healthy/healthy_1929.jpg,0,9f1ca9b550634da6,1080,1080,/workspace/cacao/cache_256/dataset_complete/cacao_diseases/cacao_photos/healthy/healthy_1929.png,1080x1080,A,16,0.87309396,dataT/healthy/healthy_2077.jpg,0,False,False,False,0.54446554,False,570
fc3d6d81393af8c8b69fbc92e2c2d1be,dataset_complete/cacao_diseases/cacao_photos/healthy/healthy_193.jpg,0,a49010e17e7e47e7,1080,1080,/workspace/cacao/cache_256/dataset_complete/cacao_diseases/cacao_photos/healthy/healthy_193.png,1080x1080,A,16,0.88618135,dataT/healthy/healthy_55.jpg,0,False,False,True,0.49218172,False,571
fb58c6cff571b38a654f8b9ec473254b,dataset_complete/cacao_diseases/cacao_photos/healthy/healthy_1930.jpg,0,a7785a36ada68998,1080,1080,/workspace/cacao/cache_256/dataset_complete/cacao_diseases/cacao_photos/healthy/healthy_1930.png,1080x1080,A,16,0.8486726,dataT/healthy/healthy_16.jpg,0,False,False,False,0.43922964,False,572
856c98772c4da7bf0f6bd188f5fa2cac,dataset_complete/cacao_diseases/cacao_photos/healthy/healthy_1931.jpg,0,c86f47278e9edc08,1080,1080,/workspace/cacao/cache_256/dataset_complete/cacao_diseases/cacao_photos/healthy/healthy_1931.png,1080x1080,A,18,0.8413766,dataT/pod_rot_black/black_pod_rot_241.jpg,1,False,False,False,0.47027814,False,573
15aec64e4dd9b6a6cb2a0d4eb583eeaa,dataset_complete/cacao_diseases/cacao_photos/healthy/healthy_1932.jpg,0,8e9c95654d6ec8c9,1080,1080,/workspace/cacao/cache_256/dataset_complete/cacao_diseases/cacao_photos/healthy/healthy_1932.png,1080x1080,A,16,0.82382655,dataT/healthy/healthy_1567.jpg,0,False,False,False,0.4793454,False,574
f0ab06a8cf6548d37fbf4595bfff6ab6,dataset_complete/cacao_diseases/cacao_photos/healthy/healthy_1933.jpg,0,f3373d69084e638a,1080,1080,/workspace/cacao/cache_256/dataset_complete/cacao_diseases/cacao_photos/healthy/healthy_1933.png,1080x1080,A,20,0.8421564,dataT/healthy/healthy_288.jpg,0,False,False,False,0.44364268,False,575
6422258cc8e65ee8f0897c59375bfa88,dataset_complete/cacao_diseases/cacao_photos/healthy/healthy_1934.jpg,0,9c6c7070f7f6c0c1,1080,1080,/workspace/cacao/cache_256/dataset_complete/cacao_diseases/cacao_photos/healthy/healthy_1934.png,1080x1080,A,16,0.87139773,dataT/healthy/healthy_2774.jpg,0,False,False,False,0.51319486,False,576
6486b8daf1679534aeb74f1262e6b8aa,dataset_complete/cacao_diseases/cacao_photos/healthy/healthy_1935.jpg,0,cf830d4cf8a424df,1080,1080,/workspace/cacao/cache_256/dataset_complete/cacao_diseases/cacao_photos/healthy/healthy_1935.png,1080x1080,A,18,0.8616812,dataT/pod_rot_black/black_pod_rot_107.jpg,1,False,False,False,0.4630055,False,577
7cf0976c45bdce885fb3fea8969067e4,dataset_complete/cacao_diseases/cacao_photos/healthy/healthy_1936.jpg,0,e4848c69f1755ba6,1080,1080,/workspace/cacao/cache_256/dataset_complete/cacao_diseases/cacao_photos/healthy/healthy_1936.png,1080x1080,A,16,0.8741846,dataT/healthy/healthy_8.jpg,0,False,False,False,0.5001246,False,578
41243691cf87fbed812fec6e64a9de19,dataset_complete/cacao_diseases/cacao_photos/healthy/healthy_1937.jpg,0,9b66b812524e4eed,1080,1080,/workspace/cacao/cache_256/dataset_complete/cacao_diseases/cacao_photos/healthy/healthy_1937.png,1080x1080,A,18,0.88608384,dataT/pod_rot_black/black_pod_rot_731.jpg,1,False,False,True,0.44214267,False,579
42f8cae699aaec83acf9066674463183,dataset_complete/cacao_diseases/cacao_photos/healthy/healthy_1938.jpg,0,b3b99a2735361c4a,1080,1080,/workspace/cacao/cache_256/dataset_complete/cacao_diseases/cacao_photos/healthy/healthy_1938.png,1080x1080,A,14,0.87372434,dataT/pod_rot_black/black_pod_rot_604.jpg,1,False,False,False,0.5242224,False,580
024df52e323817b083fe0163c5be0d09,dataset_complete/cacao_diseases/cacao_photos/healthy/healthy_1939.jpg,0,eff49932702b5a41,1080,1080,/workspace/cacao/cache_256/dataset_complete/cacao_diseases/cacao_photos/healthy/healthy_1939.png,1080x1080,A,16,0.871336,dataT/healthy/healthy_2149.jpg,0,False,False,False,0.53687036,False,581
2469f737c948127c5fe2f69ca5e04b2f,dataset_complete/cacao_diseases/cacao_photos/healthy/healthy_194.jpg,0,a91b3027768373f8,1080,1080,/workspace/cacao/cache_256/dataset_complete/cacao_diseases/cacao_photos/healthy/healthy_194.png,1080x1080,A,14,0.85492176,dataT/healthy/healthy_281.jpg,0,False,False,False,0.559556,False,582
81e48e8cc30a13a86571b9628e71b019,dataset_complete/cacao_diseases/cacao_photos/healthy/healthy_1940.jpg,0,9eb98c2167756668,1080,1080,/workspace/cacao/cache_256/dataset_complete/cacao_diseases/cacao_photos/healthy/healthy_1940.png,1080x1080,A,16,0.8755621,dataT/healthy/healthy_3136.jpg,0,False,False,False,0.56240225,False,583
dcdf0afd16598a7b504952ccda711cbd,dataset_complete/cacao_diseases/cacao_photos/healthy/healthy_1941.jpg,0,a74c4d367fb282b0,1080,1080,/workspace/cacao/cache_256/dataset_complete/cacao_diseases/cacao_photos/healthy/healthy_1941.png,1080x1080,A,16,0.87377214,dataT/healthy/healthy_2055.jpg,0,False,False,False,0.5389985,False,584
d26caec7a24a56d0eee5b2c06eb920ae,dataset_complete/cacao_diseases/cacao_photos/healthy/healthy_1942.jpg,0,e21ab6f7512d0cc9,1080,1080,/workspace/cacao/cache_256/dataset_complete/cacao_diseases/cacao_photos/healthy/healthy_1942.png,1080x1080,A,16,0.84799266,dataT/healthy/healthy_1084.jpg,0,False,False,False,0.5933077,False,585
0142756402ed40dcb069d434ca8a1616,dataset_complete/cacao_diseases/cacao_photos/healthy/healthy_1943.jpg,0,ecee3352f81ce103,1080,1080,/workspace/cacao/cache_256/dataset_complete/cacao_diseases/cacao_photos/healthy/healthy_1943.png,1080x1080,A,18,0.87509096,dataT/healthy/healthy_2568.jpg,0,False,False,False,0.49297065,False,586
5cebe031419c2d569cd6bb334cd73436,dataset_complete/cacao_diseases/cacao_photos/healthy/healthy_1944.jpg,0,ad9fc2f2853843b8,1080,1080,/workspace/cacao/cache_256/dataset_complete/cacao_diseases/cacao_photos/healthy/healthy_1944.png,1080x1080,A,18,0.8772974,dataT/healthy/healthy_3136.jpg,0,False,False,False,0.52881026,False,587
18259a058894ba7c02b03710f1b6bdd0,dataset_complete/cacao_diseases/cacao_photos/healthy/healthy_1945.jpg,0,a73bc9a781b74017,1080,1080,/workspace/cacao/cache_256/dataset_complete/cacao_diseases/cacao_photos/healthy/healthy_1945.png,1080x1080,A,16,0.8249166,dataT/healthy/healthy_3161.jpg,0,False,False,False,0.6138634,False,588
ae1b967984132ac149f83a381898e78d,dataset_complete/cacao_diseases/cacao_photos/healthy/healthy_1946.jpg,0,eeecd11eb1d0b218,1080,1080,/workspace/cacao/cache_256/dataset_complete/cacao_diseases/cacao_photos/healthy/healthy_1946.png,1080x1080,A,16,0.85543644,dataT/healthy/healthy_3136.jpg,0,False,False,False,0.484488,False,589
02577c7b513bf356cc57ef12677b48c5,dataset_complete/cacao_diseases/cacao_photos/healthy/healthy_1947.jpg,0,d8deb14137ce16b0,1080,1080,/workspace/cacao/cache_256/dataset_complete/cacao_diseases/cacao_photos/healthy/healthy_1947.png,1080x1080,A,18,0.83996797,dataT/healthy/healthy_2096.jpg,0,False,False,False,0.47617498,False,590
85d58e72142f8fe9768436a556db1021,dataset_complete/cacao_diseases/cacao_photos/healthy/healthy_1948.jpg,0,e3ab99067a2237b1,1080,1080,/workspace/cacao/cache_256/dataset_complete/cacao_diseases/cacao_photos/healthy/healthy_1948.png,1080x1080,A,16,0.877888,dataT/pod_rot_black/black_pod_rot_2.jpg,1,False,False,False,0.54184914,False,591
70a2081f9d88fb8103caedc54b3d0811,dataset_complete/cacao_diseases/cacao_photos/healthy/healthy_1949.jpg,0,c08f74600dbdc99f,1080,1080,/workspace/cacao/cache_256/dataset_complete/cacao_diseases/cacao_photos/healthy/healthy_1949.png,1080x1080,A,20,0.8540753,dataT/healthy/healthy_47.jpg,0,False,False,False,0.5825573,False,592
46b8a0d9e7d7ccd8acdbb3972263dcf3,dataset_complete/cacao_diseases/cacao_photos/healthy/healthy_195.jpg,0,c98d74743cee0c1e,1080,1080,/workspace/cacao/cache_256/dataset_complete/cacao_diseases/cacao_photos/healthy/healthy_195.png,1080x1080,A,16,0.87600505,dataT/healthy/healthy_223.jpg,0,False,False,False,0.4500867,False,593
f755b78b51ee8b98d12ef9b7984b8589,dataset_complete/cacao_diseases/cacao_photos/healthy/healthy_1950.jpg,0,ddce3b78f1213221,1080,1080,/workspace/cacao/cache_256/dataset_complete/cacao_diseases/cacao_photos/healthy/healthy_1950.png,1080x1080,A,16,0.85672307,dataT/healthy/healthy_2588.jpg,0,False,False,False,0.54680806,False,594
4b4b38bd98667072c44f50082913c5a4,dataset_complete/cacao_diseases/cacao_photos/healthy/healthy_1951.jpg,0,cb08f16326f865b9,1080,1080,/workspace/cacao/cache_256/dataset_complete/cacao_diseases/cacao_photos/healthy/healthy_1951.png,1080x1080,A,14,0.8655473,dataT/healthy/healthy_2613.jpg,0,False,False,False,0.42842245,False,595
28dc4b27c05dbdd91ce41054e0895937,dataset_complete/cacao_diseases/cacao_photos/healthy/healthy_1952.jpg,0,cb839b7a63c9a149,1080,1080,/workspace/cacao/cache_256/dataset_complete/cacao_diseases/cacao_photos/healthy/healthy_1952.png,1080x1080,A,18,0.868571,dataT/pod_rot_black/black_pod_rot_731.jpg,1,False,False,False,0.49196327,False,596
bcbbeae05964f3defc08106cb3946692,dataset_complete/cacao_diseases/cacao_photos/healthy/healthy_1953.jpg,0,ca8c702637d3e3d8,1080,1080,/workspace/cacao/cache_256/dataset_complete/cacao_diseases/cacao_photos/healthy/healthy_1953.png,1080x1080,A,14,0.7917793,dataT/pod_rot_black/black_pod_rot_31.jpg,1,False,False,False,0.4476056,False,597
0e433875380aa406015dab7bb332727d,dataset_complete/cacao_diseases/cacao_photos/healthy/healthy_1954.jpg,0,8787786687bc94b8,1080,1080,/workspace/cacao/cache_256/dataset_complete/cacao_diseases/cacao_photos/healthy/healthy_1954.png,1080x1080,A,18,0.8404851,dataT/healthy/healthy_2778.jpg,0,False,False,False,0.5649222,False,598
60c5f87877b0ca809500d9d40cf014ae,dataset_complete/cacao_diseases/cacao_photos/healthy/healthy_1955.jpg,0,c6b491212f3f8f98,1080,1080,/workspace/cacao/cache_256/dataset_complete/cacao_diseases/cacao_photos/healthy/healthy_1955.png,1080x1080,A,16,0.881662,dataT/healthy/healthy_3136.jpg,0,False,False,True,0.500121,False,599
2e967031ea6a3c32025d87e4caecb620,dataset_complete/cacao_diseases/cacao_photos/healthy/healthy_1956.jpg,0,dda0ac2725b591d9,1080,1080,/workspace/cacao/cache_256/dataset_complete/cacao_diseases/cacao_photos/healthy/healthy_1956.png,1080x1080,A,18,0.84993315,dataT/healthy/healthy_100.jpg,0,False,False,False,0.46376663,False,600
feea710a6a168719a6654140277c2843,dataset_complete/cacao_diseases/cacao_photos/healthy/healthy_1957.jpg,0,ef66b03335164a9c,1080,1080,/workspace/cacao/cache_256/dataset_complete/cacao_diseases/cacao_photos/healthy/healthy_1957.png,1080x1080,A,16,0.85033536,dataT/healthy/healthy_2775.jpg,0,False,False,False,0.44456312,False,601
eedaaf4a4733ea8641069eec740bd406,dataset_complete/cacao_diseases/cacao_photos/healthy/healthy_1958.jpg,0,94cd72a4597d094f,1080,1080,/workspace/cacao/cache_256/dataset_complete/cacao_diseases/cacao_photos/healthy/healthy_1958.png,1080x1080,A,14,0.84987974,dataT/healthy/healthy_2149.jpg,0,False,False,False,0.5334376,False,602
9b23fe6f1cdbcedf3c00ad2a41ab87a1,dataset_complete/cacao_diseases/cacao_photos/healthy/healthy_1959.jpg,0,fb91866f9063a80f,1080,1080,/workspace/cacao/cache_256/dataset_complete/cacao_diseases/cacao_photos/healthy/healthy_1959.png,1080x1080,A,16,0.8695189,dataT/pod_rot_black/black_pod_rot_374.jpg,1,False,False,False,0.31323358,False,603
670f2b338417c4d24090a30ff0a62ecf,dataset_complete/cacao_diseases/cacao_photos/healthy/healthy_196.jpg,0,919a3323a3a7b6b2,1080,1080,/workspace/cacao/cache_256/dataset_complete/cacao_diseases/cacao_photos/healthy/healthy_196.png,1080x1080,A,16,0.8528514,dataT/healthy/healthy_1434.jpg,0,True,True,False,0.45084366,False,604
5285197d7e53cf14cf86c3d735b572ec,dataset_complete/cacao_diseases/cacao_photos/healthy/healthy_1960.jpg,0,a999e473027bb133,1080,1080,/workspace/cacao/cache_256/dataset_complete/cacao_diseases/cacao_photos/healthy/healthy_1960.png,1080x1080,A,16,0.8875997,dataT/healthy/healthy_96.jpg,0,False,False,True,0.5137272,False,605
bcd456f25d5edd75f4e53fbf96476677,dataset_complete/cacao_diseases/cacao_photos/healthy/healthy_1961.jpg,0,b84d4822bd378f53,1080,1080,/workspace/cacao/cache_256/dataset_complete/cacao_diseases/cacao_photos/healthy/healthy_1961.png,1080x1080,A,18,0.87777084,dataT/healthy/healthy_573.jpg,0,False,False,False,0.5173434,False,606
e86a0021dd485cdad6636ee6d9246402,dataset_complete/cacao_diseases/cacao_photos/healthy/healthy_1962.jpg,0,eb38e7b20e610cab,1080,1080,/workspace/cacao/cache_256/dataset_complete/cacao_diseases/cacao_photos/healthy/healthy_1962.png,1080x1080,A,18,0.88962257,dataT/healthy/healthy_2145.jpg,0,False,False,True,0.488835,False,607
f01612fa3705cb7e4ec509ab437ac00e,dataset_complete/cacao_diseases/cacao_photos/healthy/healthy_1963.jpg,0,d109686721bd34df,1080,1080,/workspace/cacao/cache_256/dataset_complete/cacao_diseases/cacao_photos/healthy/healthy_1963.png,1080x1080,A,18,0.8713922,dataT/healthy/healthy_640.jpg,0,False,False,False,0.5056851,False,608
dbe58406258f444b7a02e1e0be57fad8,dataset_complete/cacao_diseases/cacao_photos/healthy/healthy_1964.jpg,0,b6665b52e9c942a9,1080,1080,/workspace/cacao/cache_256/dataset_complete/cacao_diseases/cacao_photos/healthy/healthy_1964.png,1080x1080,A,20,0.8198744,dataT/healthy/healthy_692.jpg,0,False,False,False,0.46337888,False,609
e02cb42c63e913616e70cf4f1e89cb95,dataset_complete/cacao_diseases/cacao_photos/healthy/healthy_1965.jpg,0,e0c80ba8c975e9bd,1080,1080,/workspace/cacao/cache_256/dataset_complete/cacao_diseases/cacao_photos/healthy/healthy_1965.png,1080x1080,A,16,0.84496075,dataT/pod_rot_black/black_pod_rot_602.jpg,1,False,False,False,0.5337564,False,610
b4c889eee3c3ad4b38e87017bab96b90,dataset_complete/cacao_diseases/cacao_photos/healthy/healthy_1966.jpg,0,caa9dc7e2c0e0eca,1080,1080,/workspace/cacao/cache_256/dataset_complete/cacao_diseases/cacao_photos/healthy/healthy_1966.png,1080x1080,A,16,0.87818867,dataT/pod_rot_black/black_pod_rot_305.jpg,1,False,False,True,0.4374437,False,611
abfd5a117a32cfb79f5877ed634239aa,dataset_complete/cacao_diseases/cacao_photos/healthy/healthy_1967.jpg,0,a64b09b463a7768b,1080,1080,/workspace/cacao/cache_256/dataset_complete/cacao_diseases/cacao_photos/healthy/healthy_1967.png,1080x1080,A,18,0.8598782,dataT/pod_rot_black/black_pod_rot_130.jpg,1,False,False,False,0.43532193,False,612
bc3e2b19b2ffeeea4527a59b3fb36f85,dataset_complete/cacao_diseases/cacao_photos/healthy/healthy_1968.jpg,0,9e78d97c34f04d50,1080,1080,/workspace/cacao/cache_256/dataset_complete/cacao_diseases/cacao_photos/healthy/healthy_1968.png,1080x1080,A,16,0.8144794,dataT/healthy/healthy_1053.jpg,0,False,False,False,0.6455629,False,613
d4ddddc31e7ea193ae1dbbf51c6a93d3,dataset_complete/cacao_diseases/cacao_photos/healthy/healthy_1969.jpg,0,a63f7921edac4688,1080,1080,/workspace/cacao/cache_256/dataset_complete/cacao_diseases/cacao_photos/healthy/healthy_1969.png,1080x1080,A,16,0.8841435,dataT/healthy/healthy_2783.jpg,0,False,False,True,0.470437,False,614
9f5e37ad4d76446b258052a2740be718,dataset_complete/cacao_diseases/cacao_photos/healthy/healthy_1970.jpg,0,e54f3926fa2831b2,1080,1080,/workspace/cacao/cache_256/dataset_complete/cacao_diseases/cacao_photos/healthy/healthy_1970.png,1080x1080,A,18,0.8216149,dataT/healthy/healthy_3320.jpg,0,False,False,False,0.49279067,False,615
1154039278034fdf45ca21a3b73313ab,dataset_complete/cacao_diseases/cacao_photos/healthy/healthy_1971.jpg,0,9fb357766248aa90,1080,1080,/workspace/cacao/cache_256/dataset_complete/cacao_diseases/cacao_photos/healthy/healthy_1971.png,1080x1080,A,14,0.8595444,dataT/healthy/healthy_270.jpg,0,False,False,False,0.49076772,False,616
b6ded6a22d860225c8e31b25fb0c3b1a,dataset_complete/cacao_diseases/cacao_photos/healthy/healthy_1972.jpg,0,c976bc7124e6c70c,1080,1080,/workspace/cacao/cache_256/dataset_complete/cacao_diseases/cacao_photos/healthy/healthy_1972.png,1080x1080,A,16,0.8382139,dataT/healthy/healthy_2812.jpg,0,False,False,False,0.38147908,False,617
44d884dbe27d1fc2fb19efde871e949e,dataset_complete/cacao_diseases/cacao_photos/healthy/healthy_1973.jpg,0,f4181af2e792e2d8,1080,1080,/workspace/cacao/cache_256/dataset_complete/cacao_diseases/cacao_photos/healthy/healthy_1973.png,1080x1080,A,16,0.8515314,dataT/healthy/healthy_223.jpg,0,False,False,False,0.5081074,False,618
7457680be4787d8ca44ca8f0a80598d0,dataset_complete/cacao_diseases/cacao_photos/healthy/healthy_1974.jpg,0,c80b39f3f2c449f4,1080,1080,/workspace/cacao/cache_256/dataset_complete/cacao_diseases/cacao_photos/healthy/healthy_1974.png,1080x1080,A,16,0.8575875,dataT/healthy/healthy_223.jpg,0,False,False,False,0.46158355,False,619
220ab8a14ab3da277a875980b3c5f822,dataset_complete/cacao_diseases/cacao_photos/healthy/healthy_1975.jpg,0,8c7236e9d6c05795,1080,1080,/workspace/cacao/cache_256/dataset_complete/cacao_diseases/cacao_photos/healthy/healthy_1975.png,1080x1080,A,20,0.8276279,dataT/pod_rot_black/black_pod_rot_135.jpg,1,False,False,False,0.39713794,False,620
c9067e6574f79a55f7f91c0bed582d83,dataset_complete/cacao_diseases/cacao_photos/healthy/healthy_1976.jpg,0,9be5f6a7c444145c,1080,1080,/workspace/cacao/cache_256/dataset_complete/cacao_diseases/cacao_photos/healthy/healthy_1976.png,1080x1080,A,20,0.87745225,dataT/healthy/healthy_1647.jpg,0,False,False,False,0.46535385,False,621
bb62ee3b7e0e13e38b5962ecf0787ee9,dataset_complete/cacao_diseases/cacao_photos/healthy/healthy_1977.jpg,0,d82ce37726f710c2,1080,1080,/workspace/cacao/cache_256/dataset_complete/cacao_diseases/cacao_photos/healthy/healthy_1977.png,1080x1080,A,16,0.8788083,dataT/healthy/healthy_15.jpg,0,False,False,False,0.47174853,False,622
cbe15cc013172903c3349bc3a7762a43,dataset_complete/cacao_diseases/cacao_photos/healthy/healthy_1978.jpg,0,e6098d66c1e2f9b4,1080,1080,/workspace/cacao/cache_256/dataset_complete/cacao_diseases/cacao_photos/healthy/healthy_1978.png,1080x1080,A,16,0.87387383,dataT/healthy/healthy_1459.jpg,0,False,False,False,0.37282905,False,623
feee875ad2c287e4c0d920cb1f5d9ede,dataset_complete/cacao_diseases/cacao_photos/healthy/healthy_1979.jpg,0,825d7dece0e24785,1080,1080,/workspace/cacao/cache_256/dataset_complete/cacao_diseases/cacao_photos/healthy/healthy_1979.png,1080x1080,A,18,0.85990804,dataT/healthy/healthy_206.jpg,0,False,False,False,0.5051748,False,624
99fc37beb167c55f52672c4117452895,dataset_complete/cacao_diseases/cacao_photos/healthy/healthy_1980.jpg,0,9923630ecec347e5,1080,1080,/workspace/cacao/cache_256/dataset_complete/cacao_diseases/cacao_photos/healthy/healthy_1980.png,1080x1080,A,18,0.8579192,dataT/healthy/healthy_1647.jpg,0,False,False,False,0.47565582,False,625
3f5e744343b4b0bc56cf7372c6ad97c1,dataset_complete/cacao_diseases/cacao_photos/healthy/healthy_1981.jpg,0,e404ca636af2a3af,1080,1080,/workspace/cacao/cache_256/dataset_complete/cacao_diseases/cacao_photos/healthy/healthy_1981.png,1080x1080,A,16,0.88014466,dataT/healthy/healthy_4.jpg,0,False,False,True,0.52002025,False,626
7a2337d20efccea8df0f600c946d2070,dataset_complete/cacao_diseases/cacao_photos/healthy/healthy_1982.jpg,0,d386c9f09993f491,1080,1080,/workspace/cacao/cache_256/dataset_complete/cacao_diseases/cacao_photos/healthy/healthy_1982.png,1080x1080,A,16,0.8527852,dataT/healthy/healthy_1647.jpg,0,False,False,False,0.45997664,False,627
a3cd17ed7da836119c1f8fce97776017,dataset_complete/cacao_diseases/cacao_photos/healthy/healthy_1983.jpg,0,e727bc131ac514f2,1080,1080,/workspace/cacao/cache_256/dataset_complete/cacao_diseases/cacao_photos/healthy/healthy_1983.png,1080x1080,A,16,0.77750945,dataT/healthy/healthy_2774.jpg,0,False,False,False,0.43026704,False,628
8c1e66fa9f5c09ceacfa16047b737841,dataset_complete/cacao_diseases/cacao_photos/healthy/healthy_1984.jpg,0,cd292627cbc3e551,1080,1080,/workspace/cacao/cache_256/dataset_complete/cacao_diseases/cacao_photos/healthy/healthy_1984.png,1080x1080,A,18,0.859543,dataT/healthy/healthy_2641.jpg,0,False,False,False,0.47902715,False,629
73832d4afca6c137d3b79529b76cfed1,dataset_complete/cacao_diseases/cacao_photos/healthy/healthy_1985.jpg,0,c6e83c62f2c9cd4c,1080,1080,/workspace/cacao/cache_256/dataset_complete/cacao_diseases/cacao_photos/healthy/healthy_1985.png,1080x1080,A,16,0.83887225,dataT/healthy/healthy_470.jpg,0,False,False,False,0.5144721,False,630
ffbdddeb9bbec030393d75fded89fd5c,dataset_complete/cacao_diseases/cacao_photos/healthy/healthy_1986.jpg,0,98ed247e7880bb1d,1080,1080,/workspace/cacao/cache_256/dataset_complete/cacao_diseases/cacao_photos/healthy/healthy_1986.png,1080x1080,A,18,0.84964293,dataT/healthy/healthy_436.jpg,0,False,False,False,0.4857024,False,631
6ed6530e49ac2c52a7b7b366b78db4e7,dataset_complete/cacao_diseases/cacao_photos/healthy/healthy_1987.jpg,0,8cacb42472737be1,1080,1080,/workspace/cacao/cache_256/dataset_complete/cacao_diseases/cacao_photos/healthy/healthy_1987.png,1080x1080,A,14,0.7747344,dataT/healthy/healthy_3117.jpg,0,False,False,False,0.4325673,False,632
dc13f3aa77930fa8dac74618dab91f43,dataset_complete/cacao_diseases/cacao_photos/healthy/healthy_1988.jpg,0,d3d2182a0fc7cf0d,1080,1080,/workspace/cacao/cache_256/dataset_complete/cacao_diseases/cacao_photos/healthy/healthy_1988.png,1080x1080,A,18,0.845654,dataT/healthy/healthy_1440.jpg,0,False,False,False,0.42940676,False,633
f97289cfc127eb9a6cf39502e7cf44f7,dataset_complete/cacao_diseases/cacao_photos/healthy/healthy_1989.jpg,0,b2a624666e4f2aea,1080,1080,/workspace/cacao/cache_256/dataset_complete/cacao_diseases/cacao_photos/healthy/healthy_1989.png,1080x1080,A,18,0.782488,dataT/pod_rot_black/black_pod_rot_63.jpg,1,False,False,False,0.4087257,False,634
5245f60a3ad58c4fd91dc97b5d13b2fd,dataset_complete/cacao_diseases/cacao_photos/healthy/healthy_1990.jpg,0,e876120fdd488cfa,1080,1080,/workspace/cacao/cache_256/dataset_complete/cacao_diseases/cacao_photos/healthy/healthy_1990.png,1080x1080,A,20,0.8337256,dataT/healthy/healthy_3344.jpg,0,False,False,False,0.46569753,False,635
3edc62fd11db6097b8c0c93822fdaeac,dataset_complete/cacao_diseases/cacao_photos/healthy/healthy_1991.jpg,0,cde7626241c7cd8a,1080,1080,/workspace/cacao/cache_256/dataset_complete/cacao_diseases/cacao_photos/healthy/healthy_1991.png,1080x1080,A,16,0.8321409,dataT/healthy/healthy_1573.jpg,0,False,False,False,0.37045777,False,636
c29719fbf75ddb9335674f0506eb6ac9,dataset_complete/cacao_diseases/cacao_photos/healthy/healthy_1992.jpg,0,99b802627d555d5d,1080,1080,/workspace/cacao/cache_256/dataset_complete/cacao_diseases/cacao_photos/healthy/healthy_1992.png,1080x1080,A,18,0.81020033,dataT/healthy/healthy_1673.jpg,0,False,False,False,0.4187895,False,637
4cfa1ea6c823d80768b0fbfa1c46c60a,dataset_complete/cacao_diseases/cacao_photos/healthy/healthy_1993.jpg,0,89892623f2674f6e,1080,1080,/workspace/cacao/cache_256/dataset_complete/cacao_diseases/cacao_photos/healthy/healthy_1993.png,1080x1080,A,16,0.84883726,dataT/healthy/healthy_220.jpg,0,False,False,False,0.5441239,False,638
1bea3ef2bc9030e84e96798129c55123,dataset_complete/cacao_diseases/cacao_photos/healthy/healthy_1994.jpg,0,a3b87623101ff7c8,1080,1080,/workspace/cacao/cache_256/dataset_complete/cacao_diseases/cacao_photos/healthy/healthy_1994.png,1080x1080,A,16,0.82744265,dataT/healthy/healthy_603.jpg,0,False,False,False,0.4354587,False,639
6c23ca177664bfd3bbd2b98a984fd496,dataset_complete/cacao_diseases/cacao_photos/healthy/healthy_1995.jpg,0,9bdc60273f84998d,1080,1080,/workspace/cacao/cache_256/dataset_complete/cacao_diseases/cacao_photos/healthy/healthy_1995.png,1080x1080,A,14,0.8456564,dataT/healthy/healthy_70.jpg,0,False,False,False,0.3951963,False,640
4f8254c7e2c2f42b406598b15f298319,dataset_complete/cacao_diseases/cacao_photos/healthy/healthy_1996.jpg,0,99d873343199b58e,1080,1080,/workspace/cacao/cache_256/dataset_complete/cacao_diseases/cacao_photos/healthy/healthy_1996.png,1080x1080,A,18,0.8602937,dataT/healthy/healthy_270.jpg,0,False,False,False,0.48024574,False,641
ce436864adafc6a2a758cf10d906f1fd,dataset_complete/cacao_diseases/cacao_photos/healthy/healthy_1997.jpg,0,c8de7255a403b2f5,1080,1080,/workspace/cacao/cache_256/dataset_complete/cacao_diseases/cacao_photos/healthy/healthy_1997.png,1080x1080,A,20,0.79904807,dataT/healthy/healthy_1519.jpg,0,False,False,False,0.53316206,False,642
0ae202ab1ccb32e1c69f5fc5fcb5a390,dataset_complete/cacao_diseases/cacao_photos/healthy/healthy_1998.jpg,0,b8bd3366672c0e4c,1080,1080,/workspace/cacao/cache_256/dataset_complete/cacao_diseases/cacao_photos/healthy/healthy_1998.png,1080x1080,A,16,0.84332454,dataT/healthy/healthy_603.jpg,0,False,False,False,0.54862547,False,643
6460b9670827879fca9f642b9792017d,dataset_complete/cacao_diseases/cacao_photos/healthy/healthy_1999.jpg,0,bc98982f966f454a,1080,1080,/workspace/cacao/cache_256/dataset_complete/cacao_diseases/cacao_photos/healthy/healthy_1999.png,1080x1080,A,18,0.87704694,dataT/healthy/healthy_2817.jpg,0,True,True,False,0.43936223,False,644
a525935c8af93815d6c48344f61c9f4f,dataset_complete/cacao_diseases/cacao_photos/healthy/healthy_2000.jpg,0,bce85f6c600e62ae,1080,1080,/workspace/cacao/cache_256/dataset_complete/cacao_diseases/cacao_photos/healthy/healthy_2000.png,1080x1080,A,16,0.823709,dataT/healthy/healthy_658.jpg,0,False,False,False,0.5522629,False,645
c03075e7dab2d1951f303def10bff43f,dataset_complete/cacao_diseases/cacao_photos/healthy/healthy_2001.jpg,0,ecfd1b03d015c3a5,1080,1080,/workspace/cacao/cache_256/dataset_complete/cacao_diseases/cacao_photos/healthy/healthy_2001.png,1080x1080,A,18,0.803332,dataT/healthy/healthy_1426.jpg,0,False,False,False,0.602713,False,646
049121ce543b38f697a3466232213f3f,dataset_complete/cacao_diseases/cacao_photos/healthy/healthy_2002.jpg,0,e9cd662e2212e3ab,1080,1080,/workspace/cacao/cache_256/dataset_complete/cacao_diseases/cacao_photos/healthy/healthy_2002.png,1080x1080,A,14,0.83150667,dataT/healthy/healthy_1437.jpg,0,False,False,False,0.47256994,False,647
8781b4d37f0763071fcda0515e77af5d,dataset_complete/cacao_diseases/cacao_photos/healthy/healthy_2003.jpg,0,b0913b22a69d7ef0,1080,1080,/workspace/cacao/cache_256/dataset_complete/cacao_diseases/cacao_photos/healthy/healthy_2003.png,1080x1080,A,18,0.8138034,dataT/healthy/healthy_603.jpg,0,False,False,False,0.46666095,False,648
bd1b2058efc0955f42c4a1ba8117acea,dataset_complete/cacao_diseases/cacao_photos/healthy/healthy_2004.jpg,0,9b9a6336222ab68f,1080,1080,/workspace/cacao/cache_256/dataset_complete/cacao_diseases/cacao_photos/healthy/healthy_2004.png,1080x1080,A,16,0.84158194,dataT/pod_rot_black/black_pod_rot_600.jpg,1,False,False,False,0.49250144,False,649
1bf8c1a8616164272c7abb092a557274,dataset_complete/cacao_diseases/cacao_photos/healthy/healthy_2005.jpg,0,e4ec23f5c86f2612,1080,1080,/workspace/cacao/cache_256/dataset_complete/cacao_diseases/cacao_photos/healthy/healthy_2005.png,1080x1080,A,18,0.73430467,dataT/healthy/healthy_1552.jpg,0,False,False,False,0.3402801,False,650
782f60c5365e10d4bb7466fb2334f14f,dataset_complete/cacao_diseases/cacao_photos/healthy/healthy_2006.jpg,0,c4ed9c5a7912e9a2,1080,1080,/workspace/cacao/cache_256/dataset_complete/cacao_diseases/cacao_photos/healthy/healthy_2006.png,1080x1080,A,14,0.9005184,dataT/healthy/healthy_2620.jpg,0,False,False,True,0.5104432,False,651
348d05d3ea389dbfd3312eee0b5616f9,dataset_complete/cacao_diseases/cacao_photos/healthy/healthy_2007.jpg,0,b5b8f0e3b666a052,1080,1080,/workspace/cacao/cache_256/dataset_complete/cacao_diseases/cacao_photos/healthy/healthy_2007.png,1080x1080,A,16,0.8736268,dataT/healthy/healthy_2112.jpg,0,False,False,False,0.4588666,False,652
635bc6c15ac72773ef0e75bc2142e648,dataset_complete/cacao_diseases/cacao_photos/healthy/healthy_2008.jpg,0,8c4d59e3b3e20ecc,1080,1080,/workspace/cacao/cache_256/dataset_complete/cacao_diseases/cacao_photos/healthy/healthy_2008.png,1080x1080,A,14,0.86074555,dataT/pod_rot_black/black_pod_rot_108.jpg,1,False,False,False,0.46267533,False,653
7d6b7aca693a8dd20f95c0e91555b6ea,dataset_complete/cacao_diseases/cacao_photos/healthy/healthy_2009.jpg,0,c8ace1273768c2be,1080,1080,/workspace/cacao/cache_256/dataset_complete/cacao_diseases/cacao_photos/healthy/healthy_2009.png,1080x1080,A,16,0.9487751,dataT/healthy/healthy_2084.jpg,0,True,True,False,0.44963652,False,654
0e7fa4e06f067c86182d72bce6e38018,dataset_complete/cacao_diseases/cacao_photos/healthy/healthy_2010.jpg,0,a75a68291a2f764e,1080,1080,/workspace/cacao/cache_256/dataset_complete/cacao_diseases/cacao_photos/healthy/healthy_2010.png,1080x1080,A,16,0.93406606,dataT/healthy/healthy_3.jpg,0,True,True,True,0.46564782,False,655
b4bdb760ccb7a0359312f61017863fac,dataset_complete/cacao_diseases/cacao_photos/healthy/healthy_2011.jpg,0,9c1269617ce4e69e,1080,1080,/workspace/cacao/cache_256/dataset_complete/cacao_diseases/cacao_photos/healthy/healthy_2011.png,1080x1080,A,18,0.91616756,dataT/healthy/healthy_669.jpg,0,False,False,True,0.3971845,False,656
ce59601929471bdf02b1d7b7d453cd44,dataset_complete/cacao_diseases/cacao_photos/healthy/healthy_2012.jpg,0,dade42e485e6c097,1080,1080,/workspace/cacao/cache_256/dataset_complete/cacao_diseases/cacao_photos/healthy/healthy_2012.png,1080x1080,A,16,0.88776815,dataT/healthy/healthy_246.jpg,0,False,False,True,0.4905237,False,657
b67bf294f96cc9309955c9f998797d31,dataset_complete/cacao_diseases/cacao_photos/healthy/healthy_2013.jpg,0,ad585067ada66aa6,1080,1080,/workspace/cacao/cache_256/dataset_complete/cacao_diseases/cacao_photos/healthy/healthy_2013.png,1080x1080,A,16,0.87613714,dataT/healthy/healthy_2617.jpg,0,False,False,False,0.4253032,False,658
b3a4a630ee4c146883886476b2099a9c,dataset_complete/cacao_diseases/cacao_photos/healthy/healthy_2014.jpg,0,e0cacfedc46cec08,1080,1080,/workspace/cacao/cache_256/dataset_complete/cacao_diseases/cacao_photos/healthy/healthy_2014.png,1080x1080,A,16,0.8942986,dataT/healthy/healthy_2569.jpg,0,False,False,True,0.44931704,False,659
6d869f904af6a94a2847b48340907d97,dataset_complete/cacao_diseases/cacao_photos/healthy/healthy_2015.jpg,0,8bc974263acaae8b,1080,1080,/workspace/cacao/cache_256/dataset_complete/cacao_diseases/cacao_photos/healthy/healthy_2015.png,1080x1080,A,14,0.84542465,dataT/healthy/healthy_223.jpg,0,False,False,False,0.4672624,False,660
638a2a3838eb3de9aaff6f042c423c56,dataset_complete/cacao_diseases/cacao_photos/healthy/healthy_2016.jpg,0,dd4f732322a0af38,1080,1080,/workspace/cacao/cache_256/dataset_complete/cacao_diseases/cacao_photos/healthy/healthy_2016.png,1080x1080,A,18,0.865558,dataT/healthy/healthy_425.jpg,0,False,False,False,0.49799594,False,661
82ac6de69b17488625798f22d6090b93,dataset_complete/cacao_diseases/cacao_photos/healthy/healthy_2017.jpg,0,93c55960a3a6b576,1080,1080,/workspace/cacao/cache_256/dataset_complete/cacao_diseases/cacao_photos/healthy/healthy_2017.png,1080x1080,A,18,0.888986,dataT/healthy/healthy_268.jpg,0,False,False,True,0.44513494,False,662
e3ef22a13b1230843842c57a6aec4d97,dataset_complete/cacao_diseases/cacao_photos/healthy/healthy_2018.jpg,0,928a4cc4cfed8d93,1080,1080,/workspace/cacao/cache_256/dataset_complete/cacao_diseases/cacao_photos/healthy/healthy_2018.png,1080x1080,A,18,0.8740854,dataT/healthy/healthy_1459.jpg,0,False,False,False,0.33141017,False,663
eb0feefecefec8808070493d786ce4c8,dataset_complete/cacao_diseases/cacao_photos/healthy/healthy_2019.jpg,0,cd8a35f88f38620f,1080,1080,/workspace/cacao/cache_256/dataset_complete/cacao_diseases/cacao_photos/healthy/healthy_2019.png,1080x1080,A,16,0.89669186,dataT/healthy/healthy_2055.jpg,0,False,False,True,0.56883967,False,664
2339320bf0543342ce8228ac243f8cd4,dataset_complete/cacao_diseases/cacao_photos/healthy/healthy_2020.jpg,0,f89823730237fea2,1080,1080,/workspace/cacao/cache_256/dataset_complete/cacao_diseases/cacao_photos/healthy/healthy_2020.png,1080x1080,A,16,0.8456373,dataT/healthy/healthy_36.jpg,0,False,False,False,0.5453801,False,665
9d392e4018bc6ea0d57e7469f7a848a4,dataset_complete/cacao_diseases/cacao_photos/healthy/healthy_2021.jpg,0,8ca9373359894b9d,1080,1080,/workspace/cacao/cache_256/dataset_complete/cacao_diseases/cacao_photos/healthy/healthy_2021.png,1080x1080,A,12,0.82784545,dataT/healthy/healthy_2590.jpg,0,False,False,False,0.39954412,False,666
08a70b568469adb3147ce71af147da7b,dataset_complete/cacao_diseases/cacao_photos/healthy/healthy_2022.jpg,0,a12ce532d7f84ae8,1080,1080,/workspace/cacao/cache_256/dataset_complete/cacao_diseases/cacao_photos/healthy/healthy_2022.png,1080x1080,A,18,0.83450985,dataT/healthy/healthy_666.jpg,0,False,False,False,0.41234267,False,667
23d047ea08d60d5306c43bf9fe8b92a2,dataset_complete/cacao_diseases/cacao_photos/healthy/healthy_2023.jpg,0,9a835e3fb073b114,1080,1080,/workspace/cacao/cache_256/dataset_complete/cacao_diseases/cacao_photos/healthy/healthy_2023.png,1080x1080,A,16,0.8669249,dataT/healthy/healthy_448.jpg,0,False,False,False,0.40005454,False,668
6dff87ffaaef3990022047f3a7527b11,dataset_complete/cacao_diseases/cacao_photos/healthy/healthy_2024.jpg,0,aea63593ebad0c28,1080,1080,/workspace/cacao/cache_256/dataset_complete/cacao_diseases/cacao_photos/healthy/healthy_2024.png,1080x1080,A,18,0.77742934,dataT/pod_rot_black/black_pod_rot_474.jpg,1,False,False,False,0.30760002,False,669
ef63e48a68871fcfd4d5b8f921e4993c,dataset_complete/cacao_diseases/cacao_photos/healthy/healthy_2025.jpg,0,c9687fb1c4cda262,1080,1080,/workspace/cacao/cache_256/dataset_complete/cacao_diseases/cacao_photos/healthy/healthy_2025.png,1080x1080,A,18,0.8596573,dataT/healthy/healthy_2084.jpg,0,True,True,False,0.45585024,False,670
8c59b1fd3eab34edbf33c5a3060bc87d,dataset_complete/cacao_diseases/cacao_photos/healthy/healthy_2026.jpg,0,86cf5923b07171f4,1080,1080,/workspace/cacao/cache_256/dataset_complete/cacao_diseases/cacao_photos/healthy/healthy_2026.png,1080x1080,A,16,0.8520047,dataT/healthy/healthy_2623.jpg,0,False,False,False,0.42046264,False,671
4d85235c3ef7f5a89de75114e10c2eae,dataset_complete/cacao_diseases/cacao_photos/healthy/healthy_2027.jpg,0,defb6193964a110d,1080,1080,/workspace/cacao/cache_256/dataset_complete/cacao_diseases/cacao_photos/healthy/healthy_2027.png,1080x1080,A,18,0.8316957,dataT/healthy/healthy_2623.jpg,0,False,False,False,0.43041703,False,672
2757227c89f23c1aa1b2127662943fef,dataset_complete/cacao_diseases/cacao_photos/healthy/healthy_2028.jpg,0,f2920d0d25ec379d,1080,1080,/workspace/cacao/cache_256/dataset_complete/cacao_diseases/cacao_photos/healthy/healthy_2028.png,1080x1080,A,18,0.8133675,dataT/healthy/healthy_470.jpg,0,False,False,False,0.37072843,False,673
eee34aedbe4e4ca3931106e57769ada3,dataset_complete/cacao_diseases/cacao_photos/healthy/healthy_2029.jpg,0,c1cdcd05e536f612,1080,1080,/workspace/cacao/cache_256/dataset_complete/cacao_diseases/cacao_photos/healthy/healthy_2029.png,1080x1080,A,16,0.8486901,dataT/pod_rot_black/black_pod_rot_241.jpg,1,False,False,False,0.33248204,False,674
eeb6df057903c76ca2042bf13c316d08,dataset_complete/cacao_diseases/cacao_photos/healthy/healthy_2030.jpg,0,d0b8d82b2389cfd9,1080,1080,/workspace/cacao/cache_256/dataset_complete/cacao_diseases/cacao_photos/healthy/healthy_2030.png,1080x1080,A,14,0.89092946,dataT/healthy/healthy_50.jpg,0,False,False,True,0.34450567,False,675
c47fae80e253e279872273eeba8632eb,dataset_complete/cacao_diseases/cacao_photos/healthy/healthy_2031.jpg,0,dad3060637676555,1080,1080,/workspace/cacao/cache_256/dataset_complete/cacao_diseases/cacao_photos/healthy/healthy_2031.png,1080x1080,A,14,0.85771775,dataT/healthy/healthy_2761.jpg,0,False,False,False,0.3918262,False,676
019c799e618410836b62298078e8005e,dataset_complete/cacao_diseases/cacao_photos/healthy/healthy_2032.jpg,0,ca6c953539271756,1080,1080,/workspace/cacao/cache_256/dataset_complete/cacao_diseases/cacao_photos/healthy/healthy_2032.png,1080x1080,A,16,0.9003818,dataT/healthy/healthy_1069.jpg,0,False,False,True,0.47991368,False,677
0689c38901dae0ea4ae39ba75f75f51d,dataset_complete/cacao_diseases/cacao_photos/healthy/healthy_2033.jpg,0,dfee0826b24d471c,1080,1080,/workspace/cacao/cache_256/dataset_complete/cacao_diseases/cacao_photos/healthy/healthy_2033.png,1080x1080,A,14,0.86564755,dataT/healthy/healthy_2748.jpg,0,False,False,False,0.39877334,False,678
255cc6048665bc4bb48ff456be87ebdd,dataset_complete/cacao_diseases/cacao_photos/healthy/healthy_2034.jpg,0,f32b4b76d4429ec0,1080,1080,/workspace/cacao/cache_256/dataset_complete/cacao_diseases/cacao_photos/healthy/healthy_2034.png,1080x1080,A,16,0.802465,dataT/healthy/healthy_1089.jpg,0,False,False,False,0.43948475,False,679
b334ee78bedee87001d4edb20421307b,dataset_complete/cacao_diseases/cacao_photos/healthy/healthy_2035.jpg,0,e51c6586b1433fb2,1080,1080,/workspace/cacao/cache_256/dataset_complete/cacao_diseases/cacao_photos/healthy/healthy_2035.png,1080x1080,A,18,0.82071793,dataT/healthy/healthy_1263.jpg,0,False,False,False,0.5106889,False,680
3affd389403d69eff9e7a31791a6e661,dataset_complete/cacao_diseases/cacao_photos/healthy/healthy_2036.jpg,0,a60718f7693c7e60,1080,1080,/workspace/cacao/cache_256/dataset_complete/cacao_diseases/cacao_photos/healthy/healthy_2036.png,1080x1080,A,18,0.8932153,dataT/healthy/healthy_8.jpg,0,False,False,True,0.42669776,False,681
e069a1f19f2520867f539c785e22a3b8,dataset_complete/cacao_diseases/cacao_photos/healthy/healthy_2037.jpg,0,8049dbcdadac6b58,1080,1080,/workspace/cacao/cache_256/dataset_complete/cacao_diseases/cacao_photos/healthy/healthy_2037.png,1080x1080,A,16,0.90423775,dataT/healthy/healthy_96.jpg,0,False,False,True,0.48350152,False,682
7b3320caa77cd09e4b85344b74bd4324,dataset_complete/cacao_diseases/cacao_photos/healthy/healthy_2038.jpg,0,dc80a3f6a116fa0f,1080,1080,/workspace/cacao/cache_256/dataset_complete/cacao_diseases/cacao_photos/healthy/healthy_2038.png,1080x1080,A,14,0.8521956,dataT/healthy/healthy_2631.jpg,0,False,False,False,0.4101847,False,683
75878fc91468b8e5ffc8e87a07127265,dataset_complete/cacao_diseases/cacao_photos/healthy/healthy_2039.jpg,0,b823bcf07242f94d,1080,1080,/workspace/cacao/cache_256/dataset_complete/cacao_diseases/cacao_photos/healthy/healthy_2039.png,1080x1080,A,18,0.8572271,dataT/healthy/healthy_678.jpg,0,False,False,False,0.42648906,False,684
c5762dfcef00f6e8c7349f31a0fd0919,dataset_complete/cacao_diseases/cacao_photos/healthy/healthy_2040.jpg,0,f8b8e16b0e6585b4,1080,1080,/workspace/cacao/cache_256/dataset_complete/cacao_diseases/cacao_photos/healthy/healthy_2040.png,1080x1080,A,18,0.84831023,dataT/healthy/healthy_1643.jpg,0,False,False,False,0.48530346,False,685
650f9ed3c7290547961e83672ea4417d,dataset_complete/cacao_diseases/cacao_photos/healthy/healthy_2041.jpg,0,9886666d5c9a6c57,1080,1080,/workspace/cacao/cache_256/dataset_complete/cacao_diseases/cacao_photos/healthy/healthy_2041.png,1080x1080,A,16,0.8368608,dataT/healthy/healthy_2781.jpg,0,False,False,False,0.49078688,False,686
52fcff1e159fcee47a51671c038d8239,dataset_complete/cacao_diseases/cacao_photos/healthy/healthy_2042.jpg,0,fc19d87628a26e2d,1080,1080,/workspace/cacao/cache_256/dataset_complete/cacao_diseases/cacao_photos/healthy/healthy_2042.png,1080x1080,A,18,0.8819932,dataT/healthy/healthy_246.jpg,0,False,False,True,0.45203817,False,687
cef01c15ff0c974d628fdd6cffe46a65,dataset_complete/cacao_diseases/cacao_photos/healthy/healthy_2043.jpg,0,e3e5c86768213da3,1080,1080,/workspace/cacao/cache_256/dataset_complete/cacao_diseases/cacao_photos/healthy/healthy_2043.png,1080x1080,A,16,0.87764883,dataT/healthy/healthy_3130.jpg,0,False,False,False,0.45442882,False,688
5bd99064f548c08d0a8478c062a6c430,dataset_complete/cacao_diseases/cacao_photos/healthy/healthy_2044.jpg,0,8e8c38f26137f171,1080,1080,/workspace/cacao/cache_256/dataset_complete/cacao_diseases/cacao_photos/healthy/healthy_2044.png,1080x1080,A,18,0.8693069,dataT/healthy/healthy_209.jpg,0,False,False,False,0.50195825,False,689
d1cc94050554852f5631386a5e1d3134,dataset_complete/cacao_diseases/cacao_photos/healthy/healthy_2045.jpg,0,ec171ae207be418f,1080,1080,/workspace/cacao/cache_256/dataset_complete/cacao_diseases/cacao_photos/healthy/healthy_2045.png,1080x1080,A,18,0.8623178,dataT/pod_rot_black/black_pod_rot_194.jpg,1,False,False,False,0.53751373,False,690
2dabd199f728703308b1c0d263962646,dataset_complete/cacao_diseases/cacao_photos/healthy/healthy_2046.jpg,0,f904369386b154fd,1080,1080,/workspace/cacao/cache_256/dataset_complete/cacao_diseases/cacao_photos/healthy/healthy_2046.png,1080x1080,A,16,0.83930075,dataT/healthy/healthy_48.jpg,0,False,False,False,0.5302762,False,691
30ebf939d1dc500db3e73db9a92bfb61,dataset_complete/cacao_diseases/cacao_photos/healthy/healthy_2047.jpg,0,ec1f18e65e87c303,1080,1080,/workspace/cacao/cache_256/dataset_complete/cacao_diseases/cacao_photos/healthy/healthy_2047.png,1080x1080,A,18,0.83615327,dataT/pod_rot_black/black_pod_rot_194.jpg,1,False,False,False,0.47351462,False,692
b517d84a419352ef885c7163ffde594d,dataset_complete/cacao_diseases/cacao_photos/healthy/healthy_2048.jpg,0,88be2671cbe43571,1080,1080,/workspace/cacao/cache_256/dataset_complete/cacao_diseases/cacao_photos/healthy/healthy_2048.png,1080x1080,A,18,0.86828315,dataT/healthy/healthy_2056.jpg,0,False,False,True,0.5217851,False,693
fda6c688554f8c20ac3be4331d67aa9f,dataset_complete/cacao_diseases/cacao_photos/healthy/healthy_2049.jpg,0,e42528e7e2cc4f4e,1080,1080,/workspace/cacao/cache_256/dataset_complete/cacao_diseases/cacao_photos/healthy/healthy_2049.png,1080x1080,A,16,0.80335355,dataT/healthy/healthy_1014.jpg,0,False,False,False,0.40908194,False,694
6f990504aa55fc205092a45369c3bd03,dataset_complete/cacao_diseases/cacao_photos/healthy/healthy_2050.jpg,0,cec43530851be7cb,1080,1080,/workspace/cacao/cache_256/dataset_complete/cacao_diseases/cacao_photos/healthy/healthy_2050.png,1080x1080,A,16,0.8611243,dataT/healthy/healthy_237.jpg,0,False,False,True,0.520662,False,695
d0b4dee8c3a26cdb88a77328edddc1ec,dataset_complete/cacao_diseases/cacao_photos/healthy/healthy_2051.jpg,0,f9c2b11ee2a4e668,1080,1080,/workspace/cacao/cache_256/dataset_complete/cacao_diseases/cacao_photos/healthy/healthy_2051.png,1080x1080,A,18,0.8754275,dataT/healthy/healthy_2053.jpg,0,True,True,True,0.6283763,False,696
6a8b94e4e1b087d1771e2032f04de23b,dataset_complete/cacao_diseases/cacao_photos/healthy/healthy_2159.jpg,0,9631b7f40ca6447e,1080,1080,/workspace/cacao/cache_256/dataset_complete/cacao_diseases/cacao_photos/healthy/healthy_2159.png,1080x1080,A,20,0.84524417,dataT/healthy/healthy_2280.jpg,0,True,True,True,0.4227558,False,697
20a53faf20b287542d0223850b79a95c,dataset_complete/cacao_diseases/cacao_photos/healthy/healthy_2160.jpg,0,b2a79a70f127e0e2,1080,1080,/workspace/cacao/cache_256/dataset_complete/cacao_diseases/cacao_photos/healthy/healthy_2160.png,1080x1080,A,18,0.91460586,dataT/healthy/healthy_2577.jpg,0,True,True,True,0.44203162,False,698
56e7ac4dfe189aaead695ff8d2332894,dataset_complete/cacao_diseases/cacao_photos/healthy/healthy_2161.jpg,0,b3b41d71686602ef,1080,1080,/workspace/cacao/cache_256/dataset_complete/cacao_diseases/cacao_photos/healthy/healthy_2161.png,1080x1080,A,18,0.86947423,dataT/healthy/healthy_2074.jpg,0,True,True,True,0.41568312,False,699
fb5e8086a9527fef79fc54bc9a2eb2c6,dataset_complete/cacao_diseases/cacao_photos/healthy/healthy_2162.jpg,0,b22cece5c4ee98d0,1080,1080,/workspace/cacao/cache_256/dataset_complete/cacao_diseases/cacao_photos/healthy/healthy_2162.png,1080x1080,A,16,0.8758563,dataT/healthy/healthy_2080.jpg,0,False,False,True,0.45948327,False,700
3559e8c6ca15bdc8930968b3041c74a2,dataset_complete/cacao_diseases/cacao_photos/healthy/healthy_2163.jpg,0,d50de66361272cf4,1080,1080,/workspace/cacao/cache_256/dataset_complete/cacao_diseases/cacao_photos/healthy/healthy_2163.png,1080x1080,A,18,0.8999134,dataT/healthy/healthy_2151.jpg,0,False,False,True,0.4945405,False,701
157d4b57e60ff534761759d59f013db3,dataset_complete/cacao_diseases/cacao_photos/healthy/healthy_2164.jpg,0,a2ca4d7ef8c6c286,1080,1080,/workspace/cacao/cache_256/dataset_complete/cacao_diseases/cacao_photos/healthy/healthy_2164.png,1080x1080,A,18,0.8541029,dataT/healthy/healthy_2074.jpg,0,False,False,False,0.39191657,False,702
65975ab63fb8e2a1af47fbcd5decb6e0,dataset_complete/cacao_diseases/cacao_photos/healthy/healthy_2165.jpg,0,a3e9ed34534252b5,1080,1080,/workspace/cacao/cache_256/dataset_complete/cacao_diseases/cacao_photos/healthy/healthy_2165.png,1080x1080,A,14,0.88987625,dataT/healthy/healthy_2073.jpg,0,False,False,True,0.4158982,False,703
14f9abb128ab2c55502539e3eb7d6091,dataset_complete/cacao_diseases/cacao_photos/healthy/healthy_2166.jpg,0,c646793a2f51706e,1080,1080,/workspace/cacao/cache_256/dataset_complete/cacao_diseases/cacao_photos/healthy/healthy_2166.png,1080x1080,A,16,0.85754275,dataT/healthy/healthy_1519.jpg,0,False,False,False,0.4693558,False,704
2d2896eda229f29aa91a7b1ea8df3713,dataset_complete/cacao_diseases/cacao_photos/healthy/healthy_2167.jpg,0,e6e9c96e50e3b016,1080,1080,/workspace/cacao/cache_256/dataset_complete/cacao_diseases/cacao_photos/healthy/healthy_2167.png,1080x1080,A,14,0.88945305,dataT/healthy/healthy_2117.jpg,0,False,False,True,0.45075393,False,705
9b67b8ab5ea7ef975b227b621d78c6e0,dataset_complete/cacao_diseases/cacao_photos/healthy/healthy_2168.jpg,0,bfee101475622d59,1080,1080,/workspace/cacao/cache_256/dataset_complete/cacao_diseases/cacao_photos/healthy/healthy_2168.png,1080x1080,A,18,0.86750674,dataT/healthy/healthy_666.jpg,0,False,False,False,0.40367383,False,706
09925e185a52f5a481f72569f107c828,dataset_complete/cacao_diseases/cacao_photos/healthy/healthy_2169.jpg,0,e79bb603a68c02bd,1080,1080,/workspace/cacao/cache_256/dataset_complete/cacao_diseases/cacao_photos/healthy/healthy_2169.png,1080x1080,A,18,0.8361776,dataT/healthy/healthy_2070.jpg,0,False,False,False,0.38877082,False,707
161d1e7df57b7dc1436937b530736723,dataset_complete/cacao_diseases/cacao_photos/healthy/healthy_2170.jpg,0,cacd95c1bb32e063,1080,1080,/workspace/cacao/cache_256/dataset_complete/cacao_diseases/cacao_photos/healthy/healthy_2170.png,1080x1080,A,16,0.8718641,dataT/healthy/healthy_2131.jpg,0,False,False,False,0.43538082,False,708
9eba964c4f8c344ccfe2f9ae1112dd75,dataset_complete/cacao_diseases/cacao_photos/healthy/healthy_2171.jpg,0,bfb9986958a06ca6,1080,1080,/workspace/cacao/cache_256/dataset_complete/cacao_diseases/cacao_photos/healthy/healthy_2171.png,1080x1080,A,16,0.87044525,dataT/healthy/healthy_2280.jpg,0,False,False,False,0.45497632,False,709
0c7f309036e533aa00c48abf0deafff4,dataset_complete/cacao_diseases/cacao_photos/healthy/healthy_2172.jpg,0,b634c0b2196bbe6c,1080,1080,/workspace/cacao/cache_256/dataset_complete/cacao_diseases/cacao_photos/healthy/healthy_2172.png,1080x1080,A,18,0.89480084,dataT/healthy/healthy_2075.jpg,0,False,False,True,0.44750863,False,710
413256d0e39049ed64eb43b714187ccb,dataset_complete/cacao_diseases/cacao_photos/healthy/healthy_2173.jpg,0,e629086bb2e6165f,1080,1080,/workspace/cacao/cache_256/dataset_complete/cacao_diseases/cacao_photos/healthy/healthy_2173.png,1080x1080,A,16,0.8613012,dataT/healthy/healthy_2568.jpg,0,False,False,False,0.5223235,False,711
c366ba78b8d3134db9555fcede0e5492,dataset_complete/cacao_diseases/cacao_photos/healthy/healthy_2174.jpg,0,ae52d8b57935b222,1080,1080,/workspace/cacao/cache_256/dataset_complete/cacao_diseases/cacao_photos/healthy/healthy_2174.png,1080x1080,A,18,0.8940869,dataT/healthy/healthy_59.jpg,0,False,False,True,0.36848134,False,712
4bd7338784a0b3cfb52c80af08b10d4d,dataset_complete/cacao_diseases/cacao_photos/healthy/healthy_2175.jpg,0,a8742153535a75bd,1080,1080,/workspace/cacao/cache_256/dataset_complete/cacao_diseases/cacao_photos/healthy/healthy_2175.png,1080x1080,A,18,0.9018531,dataT/healthy/healthy_1218.jpg,0,False,False,True,0.4593202,False,713
3a11287cf8aca63dfd0b5e4eec11b335,dataset_complete/cacao_diseases/cacao_photos/healthy/healthy_2176.jpg,0,8e2c8c7160731f7e,1080,1080,/workspace/cacao/cache_256/dataset_complete/cacao_diseases/cacao_photos/healthy/healthy_2176.png,1080x1080,A,16,0.8871369,dataT/healthy/healthy_2603.jpg,0,False,False,True,0.4905736,False,714
eeef7c8f2aa7679bf746a523d3304f09,dataset_complete/cacao_diseases/cacao_photos/healthy/healthy_2177.jpg,0,e4e6dc525a0f2a4b,1080,1080,/workspace/cacao/cache_256/dataset_complete/cacao_diseases/cacao_photos/healthy/healthy_2177.png,1080x1080,A,18,0.8556665,dataT/healthy/healthy_2122.jpg,0,False,False,False,0.4825281,False,715
4c7ee11ddd871c1806f8402250e6c51d,dataset_complete/cacao_diseases/cacao_photos/healthy/healthy_2178.jpg,0,9e19c03e7f632263,1080,1080,/workspace/cacao/cache_256/dataset_complete/cacao_diseases/cacao_photos/healthy/healthy_2178.png,1080x1080,A,16,0.8943925,dataT/healthy/healthy_2070.jpg,0,False,False,True,0.48636636,False,716
619a5687431f4fd736a05d9a0bc284fc,dataset_complete/cacao_diseases/cacao_photos/healthy/healthy_2179.jpg,0,f33c9e60e4614567,1080,1080,/workspace/cacao/cache_256/dataset_complete/cacao_diseases/cacao_photos/healthy/healthy_2179.png,1080x1080,A,14,0.8721314,dataT/healthy/healthy_1069.jpg,0,False,False,False,0.5037683,False,717
860a3d6ec1e2c7bed22a56adf1d73262,dataset_complete/cacao_diseases/cacao_photos/healthy/healthy_2180.jpg,0,ccaa3ef0c147b478,1080,1080,/workspace/cacao/cache_256/dataset_complete/cacao_diseases/cacao_photos/healthy/healthy_2180.png,1080x1080,A,18,0.864622,dataT/healthy/healthy_1451.jpg,0,False,False,False,0.5579308,False,718
0d09c33bad7f194b3167ab43fb3b195a,dataset_complete/cacao_diseases/cacao_photos/healthy/healthy_2181.jpg,0,dd91256f27a6d481,1080,1080,/workspace/cacao/cache_256/dataset_complete/cacao_diseases/cacao_photos/healthy/healthy_2181.png,1080x1080,A,14,0.8483243,dataT/healthy/healthy_603.jpg,0,False,False,False,0.45024937,False,719
2225a2ff881089ee52fc87403e809163,dataset_complete/cacao_diseases/cacao_photos/healthy/healthy_2182.jpg,0,f3690c7371f2161a,1080,1080,/workspace/cacao/cache_256/dataset_complete/cacao_diseases/cacao_photos/healthy/healthy_2182.png,1080x1080,A,12,0.85358566,dataT/healthy/healthy_1179.jpg,0,False,False,False,0.34869868,False,720
11548809a37b27c0fa0a678d6d8228ca,dataset_complete/cacao_diseases/cacao_photos/healthy/healthy_2183.jpg,0,cdf0722133ebc8cc,1080,1080,/workspace/cacao/cache_256/dataset_complete/cacao_diseases/cacao_photos/healthy/healthy_2183.png,1080x1080,A,12,0.8750957,dataT/healthy/healthy_220.jpg,0,False,False,False,0.5407397,False,721
637f3f16e850b0219704a115b88307e9,dataset_complete/cacao_diseases/cacao_photos/healthy/healthy_2184.jpg,0,984967365ed69985,1080,1080,/workspace/cacao/cache_256/dataset_complete/cacao_diseases/cacao_photos/healthy/healthy_2184.png,1080x1080,A,16,0.89468336,dataT/healthy/healthy_2055.jpg,0,False,False,True,0.53245306,False,722
2d4876268bbc5fed925902edece3b4d7,dataset_complete/cacao_diseases/cacao_photos/healthy/healthy_2185.jpg,0,8ccd7173626266ea,1080,1080,/workspace/cacao/cache_256/dataset_complete/cacao_diseases/cacao_photos/healthy/healthy_2185.png,1080x1080,A,14,0.8339957,dataT/pod_rot_black/black_pod_rot_474.jpg,1,False,False,False,0.5070948,False,723
d3c7fe967fe142886920a5f3a4c0cb82,dataset_complete/cacao_diseases/cacao_photos/healthy/healthy_2186.jpg,0,c9f8c2770acbacc1,1080,1080,/workspace/cacao/cache_256/dataset_complete/cacao_diseases/cacao_photos/healthy/healthy_2186.png,1080x1080,A,18,0.846346,dataT/healthy/healthy_270.jpg,0,False,False,False,0.44316503,False,724
fc050d7f57035928b67612c677e7a51b,dataset_complete/cacao_diseases/cacao_photos/healthy/healthy_2187.jpg,0,8fa935755b184c4e,1080,1080,/workspace/cacao/cache_256/dataset_complete/cacao_diseases/cacao_photos/healthy/healthy_2187.png,1080x1080,A,18,0.8433827,dataT/healthy/healthy_448.jpg,0,False,False,False,0.47743094,False,725
87d8f00ebda5cce434f2135529b12610,dataset_complete/cacao_diseases/cacao_photos/healthy/healthy_2188.jpg,0,b63be9e14c456515,1080,1080,/workspace/cacao/cache_256/dataset_complete/cacao_diseases/cacao_photos/healthy/healthy_2188.png,1080x1080,A,18,0.8742177,dataT/healthy/healthy_56.jpg,0,False,False,False,0.39531526,False,726
6205c0c15e58fc2664a66f0ec29b5e79,dataset_complete/cacao_diseases/cacao_photos/healthy/healthy_2189.jpg,0,c96cf06617ac10df,1080,1080,/workspace/cacao/cache_256/dataset_complete/cacao_diseases/cacao_photos/healthy/healthy_2189.png,1080x1080,A,18,0.8483672,dataT/healthy/healthy_1647.jpg,0,False,False,False,0.4212587,False,727
7f5774c204fdea5bf60a967ad6f082e2,dataset_complete/cacao_diseases/cacao_photos/healthy/healthy_2190.jpg,0,a886f04c6d0ff6b4,1080,1080,/workspace/cacao/cache_256/dataset_complete/cacao_diseases/cacao_photos/healthy/healthy_2190.png,1080x1080,A,16,0.830191,dataT/healthy/healthy_681.jpg,0,False,False,False,0.36357486,False,728
532793bef92199c2e19136a8015f13b3,dataset_complete/cacao_diseases/cacao_photos/healthy/healthy_2191.jpg,0,8e6ca52e7ea24a96,1080,1080,/workspace/cacao/cache_256/dataset_complete/cacao_diseases/cacao_photos/healthy/healthy_2191.png,1080x1080,A,18,0.85689807,dataT/healthy/healthy_223.jpg,0,False,False,False,0.4719656,False,729
79a9d7cd4e609fca01b815d9cc1a723d,dataset_complete/cacao_diseases/cacao_photos/healthy/healthy_2192.jpg,0,9d9de92b3a72222a,1080,1080,/workspace/cacao/cache_256/dataset_complete/cacao_diseases/cacao_photos/healthy/healthy_2192.png,1080x1080,A,16,0.8924413,dataT/healthy/healthy_281.jpg,0,False,False,True,0.5840353,False,730
c9115a6d911e65d88d6808b82f79e7ad,dataset_complete/cacao_diseases/cacao_photos/healthy/healthy_2193.jpg,0,cadd1d2021676767,1080,1080,/workspace/cacao/cache_256/dataset_complete/cacao_diseases/cacao_photos/healthy/healthy_2193.png,1080x1080,A,10,0.83820456,dataT/healthy/healthy_216.jpg,0,False,False,False,0.45750177,False,731
1224755fcc3ffc12424228372c93ff93,dataset_complete/cacao_diseases/cacao_photos/healthy/healthy_2194.jpg,0,b0084f67ef0ecf44,1080,1080,/workspace/cacao/cache_256/dataset_complete/cacao_diseases/cacao_photos/healthy/healthy_2194.png,1080x1080,A,18,0.8704135,dataT/healthy/healthy_1658.jpg,0,False,False,False,0.36279142,False,732
55bd7e87d820ab3e7b4e8de81a5f67cb,dataset_complete/cacao_diseases/cacao_photos/healthy/healthy_2195.jpg,0,bf504b665e8aa1ac,1080,1080,/workspace/cacao/cache_256/dataset_complete/cacao_diseases/cacao_photos/healthy/healthy_2195.png,1080x1080,A,18,0.83605444,dataT/healthy/healthy_657.jpg,0,False,False,False,0.49641967,False,733
38f5d245f673c7ac90b6423ddc4c457c,dataset_complete/cacao_diseases/cacao_photos/healthy/healthy_2196.jpg,0,9c8c911e5b3ae1f1,1080,1080,/workspace/cacao/cache_256/dataset_complete/cacao_diseases/cacao_photos/healthy/healthy_2196.png,1080x1080,A,16,0.793777,dataT/healthy/healthy_448.jpg,0,False,False,False,0.48269957,False,734
789f3c7ecedfe0302de52643c7239a85,dataset_complete/cacao_diseases/cacao_photos/healthy/healthy_2197.jpg,0,db98acfc74343c30,1080,1080,/workspace/cacao/cache_256/dataset_complete/cacao_diseases/cacao_photos/healthy/healthy_2197.png,1080x1080,A,16,0.8210906,dataT/healthy/healthy_2140.jpg,0,False,False,False,0.48335713,False,735
d9b6a668e80f0be2c2d7f3fec8a82028,dataset_complete/cacao_diseases/cacao_photos/healthy/healthy_2198.jpg,0,c9d86575c6269aa3,1080,1080,/workspace/cacao/cache_256/dataset_complete/cacao_diseases/cacao_photos/healthy/healthy_2198.png,1080x1080,A,16,0.875324,dataT/healthy/healthy_692.jpg,0,False,False,False,0.49084958,False,736
6b0e4ae40c6d4a8fe5def2ae7ebb24b3,dataset_complete/cacao_diseases/cacao_photos/healthy/healthy_2199.jpg,0,d3534b2ddc6cb414,1080,1080,/workspace/cacao/cache_256/dataset_complete/cacao_diseases/cacao_photos/healthy/healthy_2199.png,1080x1080,A,18,0.8316395,dataT/healthy/healthy_2076.jpg,0,False,False,False,0.4034635,False,737
bcd402db57559e4b6b0c471f77ce8ca7,dataset_complete/cacao_diseases/cacao_photos/healthy/healthy_2200.jpg,0,d9c9f3521391959c,1080,1080,/workspace/cacao/cache_256/dataset_complete/cacao_diseases/cacao_photos/healthy/healthy_2200.png,1080x1080,A,14,0.8851718,dataT/healthy/healthy_1173.jpg,0,False,False,True,0.41782004,False,738
6a2cb4d5f3309990e6e1a2e799b606fb,dataset_complete/cacao_diseases/cacao_photos/healthy/healthy_2201.jpg,0,c2c22e3e39f9188f,1080,1080,/workspace/cacao/cache_256/dataset_complete/cacao_diseases/cacao_photos/healthy/healthy_2201.png,1080x1080,A,18,0.83727074,dataT/pod_rot_black/black_pod_rot_496.jpg,1,False,False,False,0.5492445,False,739
05e998cbf2d0c86c81e71fa566962ae5,dataset_complete/cacao_diseases/cacao_photos/healthy/healthy_2202.jpg,0,9c8cf336e22606b7,1080,1080,/workspace/cacao/cache_256/dataset_complete/cacao_diseases/cacao_photos/healthy/healthy_2202.png,1080x1080,A,16,0.8561301,dataT/healthy/healthy_692.jpg,0,False,False,False,0.43784735,False,740
b9d801d3af3f7773ecefb72d45fd2351,dataset_complete/cacao_diseases/cacao_photos/healthy/healthy_2203.jpg,0,9cc963f31706a8dc,1080,1080,/workspace/cacao/cache_256/dataset_complete/cacao_diseases/cacao_photos/healthy/healthy_2203.png,1080x1080,A,16,0.87260365,dataT/healthy/healthy_223.jpg,0,False,False,False,0.515305,False,741
795167c048b63bb90b2a6f5b58d4fb6f,dataset_complete/cacao_diseases/cacao_photos/healthy/healthy_2204.jpg,0,ccb74d2b237303e8,1080,1080,/workspace/cacao/cache_256/dataset_complete/cacao_diseases/cacao_photos/healthy/healthy_2204.png,1080x1080,A,16,0.8649137,dataT/healthy/healthy_4.jpg,0,False,False,False,0.5083031,False,742
ff7c4a43964bfea82f41f0ce0a6e3722,dataset_complete/cacao_diseases/cacao_photos/healthy/healthy_2205.jpg,0,eaeb54750217b703,1080,1080,/workspace/cacao/cache_256/dataset_complete/cacao_diseases/cacao_photos/healthy/healthy_2205.png,1080x1080,A,16,0.87050426,dataT/healthy/healthy_2624.jpg,0,False,False,False,0.46453887,False,743
d4ed88e69810e7728fee4a26b44d9420,dataset_complete/cacao_diseases/cacao_photos/healthy/healthy_2206.jpg,0,b70603736a6d5c8e,1080,1080,/workspace/cacao/cache_256/dataset_complete/cacao_diseases/cacao_photos/healthy/healthy_2206.png,1080x1080,A,14,0.8672012,dataT/healthy/healthy_2637.jpg,0,False,False,False,0.49269614,False,744
74d39ad95e721bb16aaa1eb49fb52927,dataset_complete/cacao_diseases/cacao_photos/healthy/healthy_2207.jpg,0,9bb99f64e436c4a0,1080,1080,/workspace/cacao/cache_256/dataset_complete/cacao_diseases/cacao_photos/healthy/healthy_2207.png,1080x1080,A,14,0.8729516,dataT/healthy/healthy_281.jpg,0,False,False,False,0.5625358,False,745
f9251d6deb3eacff555fbd5f3e526494,dataset_complete/cacao_diseases/cacao_photos/healthy/healthy_2208.jpg,0,8eecb8316b63ce09,1080,1080,/workspace/cacao/cache_256/dataset_complete/cacao_diseases/cacao_photos/healthy/healthy_2208.png,1080x1080,A,14,0.83369243,dataT/healthy/healthy_2649.jpg,0,False,False,False,0.4216628,False,746
41a2fec0233e94fbf62fca5e8478c67e,dataset_complete/cacao_diseases/cacao_photos/healthy/healthy_2209.jpg,0,b3785866ed45c15a,1080,1080,/workspace/cacao/cache_256/dataset_complete/cacao_diseases/cacao_photos/healthy/healthy_2209.png,1080x1080,A,14,0.8743013,dataT/healthy/healthy_223.jpg,0,False,False,False,0.48462698,False,747
b799249c9fc3235e7e3125f6498f5a5f,dataset_complete/cacao_diseases/cacao_photos/healthy/healthy_2210.jpg,0,d2e28686edf6c948,1080,1080,/workspace/cacao/cache_256/dataset_complete/cacao_diseases/cacao_photos/healthy/healthy_2210.png,1080x1080,A,18,0.8078517,dataT/healthy/healthy_1569.jpg,0,False,False,False,0.37366477,False,748
de6056357b02731a4b259a433a6d418d,dataset_complete/cacao_diseases/cacao_photos/healthy/healthy_2211.jpg,0,e4fea862bc9d4854,1080,1080,/workspace/cacao/cache_256/dataset_complete/cacao_diseases/cacao_photos/healthy/healthy_2211.png,1080x1080,A,18,0.87831104,dataT/healthy/healthy_2503.jpg,0,False,False,False,0.3451782,False,749
1ae94c50c9157a2d4f14da6a69bee305,dataset_complete/cacao_diseases/cacao_photos/healthy/healthy_2212.jpg,0,c39be761452136a7,1080,1080,/workspace/cacao/cache_256/dataset_complete/cacao_diseases/cacao_photos/healthy/healthy_2212.png,1080x1080,A,18,0.85744834,dataT/healthy/healthy_2780.jpg,0,False,False,False,0.37680992,False,750
0f72d80b7a1daac2c4799b0b9eabb835,dataset_complete/cacao_diseases/cacao_photos/healthy/healthy_2213.jpg,0,fe640d2336b3788c,1080,1080,/workspace/cacao/cache_256/dataset_complete/cacao_diseases/cacao_photos/healthy/healthy_2213.png,1080x1080,A,16,0.84567,dataT/healthy/healthy_1647.jpg,0,False,False,False,0.43407133,False,751
a593b57b0505522fc34b9650388d74e7,dataset_complete/cacao_diseases/cacao_photos/healthy/healthy_2214.jpg,0,9e5a659e588c5c69,1080,1080,/workspace/cacao/cache_256/dataset_complete/cacao_diseases/cacao_photos/healthy/healthy_2214.png,1080x1080,A,20,0.82104266,dataT/healthy/healthy_223.jpg,0,False,False,False,0.5315972,False,752
41277270899ee7f7526667f18330cb93,dataset_complete/cacao_diseases/cacao_photos/healthy/healthy_2215.jpg,0,998623a6c6ef615c,1080,1080,/workspace/cacao/cache_256/dataset_complete/cacao_diseases/cacao_photos/healthy/healthy_2215.png,1080x1080,A,20,0.84388566,dataT/healthy/healthy_223.jpg,0,False,False,False,0.5082136,False,753
5557fd00f2e358b09740b84fcda56f0e,dataset_complete/cacao_diseases/cacao_photos/healthy/healthy_2216.jpg,0,9dd9a6a61276326a,1080,1080,/workspace/cacao/cache_256/dataset_complete/cacao_diseases/cacao_photos/healthy/healthy_2216.png,1080x1080,A,18,0.85191965,dataT/healthy/healthy_1080.jpg,0,False,False,False,0.46747842,False,754
32786bd9fdaaee7934faa544b0903b60,dataset_complete/cacao_diseases/cacao_photos/healthy/healthy_2217.jpg,0,f46a09b6f21c69c9,1080,1080,/workspace/cacao/cache_256/dataset_complete/cacao_diseases/cacao_photos/healthy/healthy_2217.png,1080x1080,A,16,0.8502201,dataT/healthy/healthy_2504.jpg,0,False,False,False,0.29976547,False,755
f7022ef287f0cfff8f2a81a38f3f171c,dataset_complete/cacao_diseases/cacao_photos/healthy/healthy_2218.jpg,0,a6384b63a92fb887,1080,1080,/workspace/cacao/cache_256/dataset_complete/cacao_diseases/cacao_photos/healthy/healthy_2218.png,1080x1080,A,18,0.85676277,dataT/healthy/healthy_2074.jpg,0,False,False,False,0.44860414,False,756
016173f77a22cd98b6944b12be702816,dataset_complete/cacao_diseases/cacao_photos/healthy/healthy_2219.jpg,0,eb4ce66a38267d21,1080,1080,/workspace/cacao/cache_256/dataset_complete/cacao_diseases/cacao_photos/healthy/healthy_2219.png,1080x1080,A,12,0.89348996,dataT/healthy/healthy_2621.jpg,0,False,False,True,0.530368,False,757
b9616d4e157b836d327d3966df1b0cb1,dataset_complete/cacao_diseases/cacao_photos/healthy/healthy_2220.jpg,0,ab8ca3f3c4a79291,1080,1080,/workspace/cacao/cache_256/dataset_complete/cacao_diseases/cacao_photos/healthy/healthy_2220.png,1080x1080,A,18,0.8526846,dataT/healthy/healthy_2636.jpg,0,False,False,False,0.4446393,False,758
317d4ce2986e80e32e723f833e4f83fe,dataset_complete/cacao_diseases/cacao_photos/healthy/healthy_2221.jpg,0,cccd32716263ef06,1080,1080,/workspace/cacao/cache_256/dataset_complete/cacao_diseases/cacao_photos/healthy/healthy_2221.png,1080x1080,A,14,0.8552929,dataT/healthy/healthy_2144.jpg,0,False,False,False,0.47371927,False,759
c174e9fcafc4f69dcdc419f16cbae3fd,dataset_complete/cacao_diseases/cacao_photos/healthy/healthy_2222.jpg,0,978b183ecdf880ad,1080,1080,/workspace/cacao/cache_256/dataset_complete/cacao_diseases/cacao_photos/healthy/healthy_2222.png,1080x1080,A,18,0.8216289,dataT/pod_rot_black/black_pod_rot_135.jpg,1,False,False,False,0.5051595,False,760
6cccdbd62caa5227a51b2ca6bd0710d0,dataset_complete/cacao_diseases/cacao_photos/healthy/healthy_2223.jpg,0,eb8c8d30b0731af3,1080,1080,/workspace/cacao/cache_256/dataset_complete/cacao_diseases/cacao_photos/healthy/healthy_2223.png,1080x1080,A,16,0.89119434,dataT/healthy/healthy_2055.jpg,0,False,False,True,0.61321527,False,761
776919fb5ce785bf73cf1484cdadc3a2,dataset_complete/cacao_diseases/cacao_photos/healthy/healthy_2224.jpg,0,a6194f6b55c6c1c6,1080,1080,/workspace/cacao/cache_256/dataset_complete/cacao_diseases/cacao_photos/healthy/healthy_2224.png,1080x1080,A,18,0.8833488,dataT/healthy/healthy_86.jpg,0,False,False,True,0.3759498,False,762
3290f4a68419300f1ce3e437c2bf896d,dataset_complete/cacao_diseases/cacao_photos/healthy/healthy_2225.jpg,0,a1495c671af3b1b1,1080,1080,/workspace/cacao/cache_256/dataset_complete/cacao_diseases/cacao_photos/healthy/healthy_2225.png,1080x1080,A,16,0.89910436,dataT/healthy/healthy_1014.jpg,0,False,False,True,0.41074848,False,763
573ff369be5604046834e88971c084a4,dataset_complete/cacao_diseases/cacao_photos/healthy/healthy_2226.jpg,0,ba5a4a69dc0591be,1080,1080,/workspace/cacao/cache_256/dataset_complete/cacao_diseases/cacao_photos/healthy/healthy_2226.png,1080x1080,A,20,0.8639449,dataT/healthy/healthy_2053.jpg,0,False,False,False,0.66404766,False,764
b0059e1880e070d7d0aa22b2316273a2,dataset_complete/cacao_diseases/cacao_photos/healthy/healthy_2227.jpg,0,c6de4d6368762a52,1080,1080,/workspace/cacao/cache_256/dataset_complete/cacao_diseases/cacao_photos/healthy/healthy_2227.png,1080x1080,A,16,0.85215354,dataT/healthy/healthy_670.jpg,0,False,False,False,0.46168512,False,765
087ada35aa68aa1a2ea1e68b7c21bc15,dataset_complete/cacao_diseases/cacao_photos/healthy/healthy_2228.jpg,0,c59c053333b19d3e,1080,1080,/workspace/cacao/cache_256/dataset_complete/cacao_diseases/cacao_photos/healthy/healthy_2228.png,1080x1080,A,18,0.9030353,dataT/healthy/healthy_4.jpg,0,False,False,True,0.49739683,False,766
f0da7d0bdc82e5b55906cc8dd085b7a0,dataset_complete/cacao_diseases/cacao_photos/healthy/healthy_2229.jpg,0,93d14f761627a325,1080,1080,/workspace/cacao/cache_256/dataset_complete/cacao_diseases/cacao_photos/healthy/healthy_2229.png,1080x1080,A,16,0.86113703,dataT/healthy/healthy_2054.jpg,0,False,False,False,0.580461,False,767
a1296b6b0618056f461a26c5c5ce8134,dataset_complete/cacao_diseases/cacao_photos/healthy/healthy_2230.jpg,0,f4e878b089f6097a,1080,1080,/workspace/cacao/cache_256/dataset_complete/cacao_diseases/cacao_photos/healthy/healthy_2230.png,1080x1080,A,18,0.85446495,dataT/healthy/healthy_2053.jpg,0,False,False,False,0.5959334,False,768
00b75caef033e0a244b127bb1de3d1a3,dataset_complete/cacao_diseases/cacao_photos/healthy/healthy_2231.jpg,0,eb9c0db22270733b,1080,1080,/workspace/cacao/cache_256/dataset_complete/cacao_diseases/cacao_photos/healthy/healthy_2231.png,1080x1080,A,16,0.8793498,dataT/healthy/healthy_2055.jpg,0,False,False,False,0.5749937,False,769
47b1bdd39b5a6c1ea90158c0401421bc,dataset_complete/cacao_diseases/cacao_photos/healthy/healthy_2232.jpg,0,fb509a67149a0bad,1080,1080,/workspace/cacao/cache_256/dataset_complete/cacao_diseases/cacao_photos/healthy/healthy_2232.png,1080x1080,A,18,0.86557496,dataT/healthy/healthy_225.jpg,0,False,False,False,0.46666235,False,770
997cd59ba1e596753e41e760e532a447,dataset_complete/cacao_diseases/cacao_photos/healthy/healthy_2233.jpg,0,f6d4dc631a52498b,1080,1080,/workspace/cacao/cache_256/dataset_complete/cacao_diseases/cacao_photos/healthy/healthy_2233.png,1080x1080,A,16,0.8755008,dataT/healthy/healthy_2155.jpg,0,False,False,False,0.45833504,False,771
3d6f6b8408cc497c288b47eecce03096,dataset_complete/cacao_diseases/cacao_photos/healthy/healthy_2234.jpg,0,c68c973269357a0f,1080,1080,/workspace/cacao/cache_256/dataset_complete/cacao_diseases/cacao_photos/healthy/healthy_2234.png,1080x1080,A,16,0.8517215,dataT/healthy/healthy_220.jpg,0,False,False,False,0.58867395,False,772
495e15e87c017517b13d5eec578abf66,dataset_complete/cacao_diseases/cacao_photos/healthy/healthy_2235.jpg,0,cbaca130a161d7d7,1080,1080,/workspace/cacao/cache_256/dataset_complete/cacao_diseases/cacao_photos/healthy/healthy_2235.png,1080x1080,A,16,0.86561835,dataT/healthy/healthy_448.jpg,0,False,False,False,0.50999516,False,773
2050e43dcd03d53c5735983072e99cdf,dataset_complete/cacao_diseases/cacao_photos/healthy/healthy_2236.jpg,0,931ea66f7c6c7820,1080,1080,/workspace/cacao/cache_256/dataset_complete/cacao_diseases/cacao_photos/healthy/healthy_2236.png,1080x1080,A,18,0.8521849,dataT/healthy/healthy_425.jpg,0,False,False,False,0.5156708,False,774
0edd82a953c0ee4f357b148051a553b2,dataset_complete/cacao_diseases/cacao_photos/healthy/healthy_2237.jpg,0,b1e1f5b73821138d,1080,1080,/workspace/cacao/cache_256/dataset_complete/cacao_diseases/cacao_photos/healthy/healthy_2237.png,1080x1080,A,18,0.8818555,dataT/healthy/healthy_1197.jpg,0,False,False,True,0.41867113,False,775
8fe014b1d0c9e2bb3e523395767dc1e6,dataset_complete/cacao_diseases/cacao_photos/healthy/healthy_2238.jpg,0,a4e98c277e6ea4a4,1080,1080,/workspace/cacao/cache_256/dataset_complete/cacao_diseases/cacao_photos/healthy/healthy_2238.png,1080x1080,A,16,0.8607118,dataT/healthy/healthy_1525.jpg,0,False,False,False,0.52853465,False,776
cbb7eacff57193875602ca4806470cf1,dataset_complete/cacao_diseases/cacao_photos/healthy/healthy_2239.jpg,0,9ccd68622bfd825c,1080,1080,/workspace/cacao/cache_256/dataset_complete/cacao_diseases/cacao_photos/healthy/healthy_2239.png,1080x1080,A,14,0.8816182,dataT/healthy/healthy_1034.jpg,0,False,False,True,0.39481437,False,777
5f294eec0db57cde1a08918cd843fe55,dataset_complete/cacao_diseases/cacao_photos/healthy/healthy_2240.jpg,0,bcccb8b0b02f3674,1080,1080,/workspace/cacao/cache_256/dataset_complete/cacao_diseases/cacao_photos/healthy/healthy_2240.png,1080x1080,A,16,0.8540621,dataT/healthy/healthy_220.jpg,0,False,False,False,0.5558735,False,778
e6c64485d6f2c47ebdcb316e70eff606,dataset_complete/cacao_diseases/cacao_photos/healthy/healthy_2241.jpg,0,cf8630693bc33396,1080,1080,/workspace/cacao/cache_256/dataset_complete/cacao_diseases/cacao_photos/healthy/healthy_2241.png,1080x1080,A,16,0.8283882,dataT/healthy/healthy_270.jpg,0,False,False,False,0.5196742,False,779
b4a46c1bcdb9a7b0938bd87f6449a974,dataset_complete/cacao_diseases/cacao_photos/healthy/healthy_2242.jpg,0,9a9ce943463ae655,1080,1080,/workspace/cacao/cache_256/dataset_complete/cacao_diseases/cacao_photos/healthy/healthy_2242.png,1080x1080,A,16,0.82834095,dataT/pod_rot_black/black_pod_rot_554.jpg,1,False,False,False,0.48317868,False,780
4a1e994ec6414a5ecf31eb1ec39225be,dataset_complete/cacao_diseases/cacao_photos/healthy/healthy_2243.jpg,0,f2ce79e6074b9481,1080,1080,/workspace/cacao/cache_256/dataset_complete/cacao_diseases/cacao_photos/healthy/healthy_2243.png,1080x1080,A,18,0.8127672,dataT/healthy/healthy_1631.jpg,0,False,False,False,0.3395607,False,781
cac0f443872224e15f5e3f0d49ad866c,dataset_complete/cacao_diseases/cacao_photos/healthy/healthy_2244.jpg,0,bf90ab0464f698d5,1080,1080,/workspace/cacao/cache_256/dataset_complete/cacao_diseases/cacao_photos/healthy/healthy_2244.png,1080x1080,A,18,0.86398244,dataT/healthy/healthy_2055.jpg,0,False,False,False,0.5614127,False,782
a1e1dc2aff083a78f0a7ee6cd580e7aa,dataset_complete/cacao_diseases/cacao_photos/healthy/healthy_2245.jpg,0,9b895c66f3831c99,1080,1080,/workspace/cacao/cache_256/dataset_complete/cacao_diseases/cacao_photos/healthy/healthy_2245.png,1080x1080,A,14,0.76910484,dataT/healthy/healthy_2587.jpg,0,False,False,False,0.3077994,False,783
4509bf4739c409ee5c2b4d469edc739f,dataset_complete/cacao_diseases/cacao_photos/healthy/healthy_2246.jpg,0,c3fe8763b0833cc1,1080,1080,/workspace/cacao/cache_256/dataset_complete/cacao_diseases/cacao_photos/healthy/healthy_2246.png,1080x1080,A,18,0.7875877,dataT/healthy/healthy_1647.jpg,0,False,False,False,0.32794,False,784
b8210150c581f4e1cdcf38b130529f5d,dataset_complete/cacao_diseases/cacao_photos/healthy/healthy_2247.jpg,0,e47ac8049ec5f7e0,1080,1080,/workspace/cacao/cache_256/dataset_complete/cacao_diseases/cacao_photos/healthy/healthy_2247.png,1080x1080,A,18,0.89571357,dataT/healthy/healthy_2065.jpg,0,True,True,True,0.41867518,False,785
a9587f90e284dd3c6bcef1f4866e0f6b,dataset_complete/cacao_diseases/cacao_photos/healthy/healthy_2248.jpg,0,e81c4b612d7553a7,1080,1080,/workspace/cacao/cache_256/dataset_complete/cacao_diseases/cacao_photos/healthy/healthy_2248.png,1080x1080,A,18,0.8996434,dataT/healthy/healthy_2621.jpg,0,False,False,True,0.5064243,False,786
205589543eac937c0741cf71acec2588,dataset_complete/cacao_diseases/cacao_photos/healthy/healthy_2249.jpg,0,e51818271f7eeac2,1080,1080,/workspace/cacao/cache_256/dataset_complete/cacao_diseases/cacao_photos/healthy/healthy_2249.png,1080x1080,A,16,0.87742674,dataT/healthy/healthy_1429.jpg,0,False,False,False,0.47047216,False,787
094195090bef54110b28712fe4be3c4c,dataset_complete/cacao_diseases/cacao_photos/healthy/healthy_2250.jpg,0,e0dcc4614b2eee47,1080,1080,/workspace/cacao/cache_256/dataset_complete/cacao_diseases/cacao_photos/healthy/healthy_2250.png,1080x1080,A,18,0.8982238,dataT/healthy/healthy_2289.jpg,0,False,False,True,0.49817744,False,788
e49022029be6216a748be6bc21b2952f,dataset_complete/cacao_diseases/cacao_photos/healthy/healthy_2251.jpg,0,f64e8ebc101f69d0,1080,1080,/workspace/cacao/cache_256/dataset_complete/cacao_diseases/cacao_photos/healthy/healthy_2251.png,1080x1080,A,16,0.85273755,dataT/healthy/healthy_8.jpg,0,False,False,False,0.4454658,False,789
ac6464618068600bd0fe4f3973ed5d23,dataset_complete/cacao_diseases/cacao_photos/healthy/healthy_2252.jpg,0,bbf86005dd9b5152,1080,1080,/workspace/cacao/cache_256/dataset_complete/cacao_diseases/cacao_photos/healthy/healthy_2252.png,1080x1080,A,20,0.8306209,dataT/healthy/healthy_108.jpg,0,False,False,False,0.49272007,False,790
8fbcb04d1b7597c1adf8f10dd246ca00,dataset_complete/cacao_diseases/cacao_photos/healthy/healthy_2253.jpg,0,f1e8eca725a490d5,1080,1080,/workspace/cacao/cache_256/dataset_complete/cacao_diseases/cacao_photos/healthy/healthy_2253.png,1080x1080,A,18,0.8813485,dataT/healthy/healthy_107.jpg,0,False,False,True,0.40792948,False,791
f11d3060b41f4c06133907b4b5336df8,dataset_complete/cacao_diseases/cacao_photos/healthy/healthy_2254.jpg,0,b79597171479c22a,1080,1080,/workspace/cacao/cache_256/dataset_complete/cacao_diseases/cacao_photos/healthy/healthy_2254.png,1080x1080,A,16,0.8237058,dataT/healthy/healthy_2621.jpg,0,False,False,False,0.5211878,False,792
90f8f7c683afd4803a74990fa1621ef2,dataset_complete/cacao_diseases/cacao_photos/healthy/healthy_2255.jpg,0,9bd94e3566512c33,1080,1080,/workspace/cacao/cache_256/dataset_complete/cacao_diseases/cacao_photos/healthy/healthy_2255.png,1080x1080,A,18,0.81497765,dataT/healthy/healthy_1420.jpg,0,False,False,False,0.5665417,False,793
fe33e8f33feea297ba9c32281a9b2d71,dataset_complete/cacao_diseases/cacao_photos/healthy/healthy_2256.jpg,0,ba490db47027bfb0,1080,1080,/workspace/cacao/cache_256/dataset_complete/cacao_diseases/cacao_photos/healthy/healthy_2256.png,1080x1080,A,16,0.8843497,dataT/healthy/healthy_243.jpg,0,False,False,True,0.39653665,False,794
2bf77d6326bd9808d02c7c41d7de5751,dataset_complete/cacao_diseases/cacao_photos/healthy/healthy_2257.jpg,0,921d1b6e6526e6a3,1080,1080,/workspace/cacao/cache_256/dataset_complete/cacao_diseases/cacao_photos/healthy/healthy_2257.png,1080x1080,A,14,0.8919859,dataT/pod_rot_black/black_pod_rot_761.jpg,1,False,False,True,0.4786067,False,795
5d1626b234db6e5800e2d679762e1b90,dataset_complete/cacao_diseases/cacao_photos/healthy/healthy_2258.jpg,0,d258c13974373637,1080,1080,/workspace/cacao/cache_256/dataset_complete/cacao_diseases/cacao_photos/healthy/healthy_2258.png,1080x1080,A,16,0.899621,dataT/healthy/healthy_1431.jpg,0,False,False,True,0.43311366,False,796
4bc7a234735e68c86bbeee3e78d2a59e,dataset_complete/cacao_diseases/cacao_photos/healthy/healthy_2259.jpg,0,911d9b7365612778,1080,1080,/workspace/cacao/cache_256/dataset_complete/cacao_diseases/cacao_photos/healthy/healthy_2259.png,1080x1080,A,16,0.8611432,dataT/healthy/healthy_3320.jpg,0,False,False,False,0.517828,False,797
50c2195d379eb18dd0be2074e4f80bd1,dataset_complete/cacao_diseases/cacao_photos/healthy/healthy_2260.jpg,0,a65cd471a9b5a863,1080,1080,/workspace/cacao/cache_256/dataset_complete/cacao_diseases/cacao_photos/healthy/healthy_2260.png,1080x1080,A,14,0.8939729,dataT/healthy/healthy_2117.jpg,0,False,False,True,0.41730562,False,798
98fc5a0a770621f9b1769d52ee70ff94,dataset_complete/cacao_diseases/cacao_photos/healthy/healthy_2261.jpg,0,9b9d193c7167e340,1080,1080,/workspace/cacao/cache_256/dataset_complete/cacao_diseases/cacao_photos/healthy/healthy_2261.png,1080x1080,A,16,0.88717127,dataT/pod_rot_black/black_pod_rot_670.jpg,1,False,False,True,0.4254059,False,799
f4dadfaf9aef1d3ea0f36f048efb9e4d,dataset_complete/cacao_diseases/cacao_photos/healthy/healthy_2262.jpg,0,873cd84f23416377,1080,1080,/workspace/cacao/cache_256/dataset_complete/cacao_diseases/cacao_photos/healthy/healthy_2262.png,1080x1080,A,16,0.89347565,dataT/pod_rot_black/black_pod_rot_253.jpg,1,True,True,True,0.5232917,False,800
fa262c5170acd43c44c6db22c3de2a73,dataset_complete/cacao_diseases/cacao_photos/healthy/healthy_2263.jpg,0,e40c4e37bce27155,1080,1080,/workspace/cacao/cache_256/dataset_complete/cacao_diseases/cacao_photos/healthy/healthy_2263.png,1080x1080,A,16,0.884271,dataT/healthy/healthy_263.jpg,0,False,False,True,0.48444512,False,801
f227287933fb39211236cdaf6109347c,dataset_complete/cacao_diseases/cacao_photos/healthy/healthy_2264.jpg,0,f60c9c256463cfe4,1080,1080,/workspace/cacao/cache_256/dataset_complete/cacao_diseases/cacao_photos/healthy/healthy_2264.png,1080x1080,A,14,0.9052075,dataT/healthy/healthy_107.jpg,0,False,False,True,0.42937967,False,802
dc0e65d896e311487af48fa65b03ae5a,dataset_complete/cacao_diseases/cacao_photos/healthy/healthy_2265.jpg,0,865dd87fa834492b,1080,1080,/workspace/cacao/cache_256/dataset_complete/cacao_diseases/cacao_photos/healthy/healthy_2265.png,1080x1080,A,16,0.91537493,dataT/healthy/healthy_2287.jpg,0,False,False,True,0.4889252,False,803
e94710b85f1dbf19597131f68104bf34,dataset_complete/cacao_diseases/cacao_photos/healthy/healthy_2266.jpg,0,dc8c373d70e11e92,1080,1080,/workspace/cacao/cache_256/dataset_complete/cacao_diseases/cacao_photos/healthy/healthy_2266.png,1080x1080,A,16,0.8195549,dataT/healthy/healthy_657.jpg,0,False,False,False,0.44038033,False,804
1ac9e679a206ffc5fe337c437b88d38d,dataset_complete/cacao_diseases/cacao_photos/healthy/healthy_2267.jpg,0,966e0971b0bfa685,1080,1080,/workspace/cacao/cache_256/dataset_complete/cacao_diseases/cacao_photos/healthy/healthy_2267.png,1080x1080,A,18,0.88685787,dataT/healthy/healthy_2070.jpg,0,False,False,True,0.43546838,False,805
c21cc6581540b6497c224a6662a0c76e,dataset_complete/cacao_diseases/cacao_photos/healthy/healthy_2268.jpg,0,8df53c132cc7c466,1080,1080,/workspace/cacao/cache_256/dataset_complete/cacao_diseases/cacao_photos/healthy/healthy_2268.png,1080x1080,A,18,0.8490911,dataT/pod_rot_black/black_pod_rot_630.jpg,1,False,False,False,0.44951487,False,806
c7a8465625241bee728bd9f3a6651cc7,dataset_complete/cacao_diseases/cacao_photos/healthy/healthy_2269.jpg,0,ce8846f3710da7c5,1080,1080,/workspace/cacao/cache_256/dataset_complete/cacao_diseases/cacao_photos/healthy/healthy_2269.png,1080x1080,A,14,0.8482648,dataT/healthy/healthy_1077.jpg,0,False,False,False,0.47724438,False,807
582762d177d6c80fc40dd0fc5bf5ce66,dataset_complete/cacao_diseases/cacao_photos/healthy/healthy_2270.jpg,0,a99456e38a3867ec,1080,1080,/workspace/cacao/cache_256/dataset_complete/cacao_diseases/cacao_photos/healthy/healthy_2270.png,1080x1080,A,18,0.8348254,dataT/healthy/healthy_2114.jpg,0,False,False,False,0.41988525,False,808
cd54923bcc62d566e7ba7913f8cfbcf6,dataset_complete/cacao_diseases/cacao_photos/healthy/healthy_2271.jpg,0,e2ed4c36709cb1cc,1080,1080,/workspace/cacao/cache_256/dataset_complete/cacao_diseases/cacao_photos/healthy/healthy_2271.png,1080x1080,A,18,0.8864608,dataT/healthy/healthy_3136.jpg,0,False,False,True,0.46688756,False,809
5b10edfc0627523c40fba6fd186ebe6b,dataset_complete/cacao_diseases/cacao_photos/healthy/healthy_2272.jpg,0,fa284d3d33127cc9,1080,1080,/workspace/cacao/cache_256/dataset_complete/cacao_diseases/cacao_photos/healthy/healthy_2272.png,1080x1080,A,18,0.8585713,dataT/healthy/healthy_2085.jpg,0,False,False,False,0.42540693,False,810
32ab04e638afb4c3839a715ced59da16,dataset_complete/cacao_diseases/cacao_photos/healthy/healthy_2273.jpg,0,e36eacb1901b1e1e,1080,1080,/workspace/cacao/cache_256/dataset_complete/cacao_diseases/cacao_photos/healthy/healthy_2273.png,1080x1080,A,18,0.85753644,dataT/healthy/healthy_2127.jpg,0,False,False,False,0.47411725,False,811
ce0b374d8cf3733ee432b8b487950813,dataset_complete/cacao_diseases/cacao_photos/healthy/healthy_2274.jpg,0,ccc9bfa212e6512d,1080,1080,/workspace/cacao/cache_256/dataset_complete/cacao_diseases/cacao_photos/healthy/healthy_2274.png,1080x1080,A,20,0.8810029,dataT/healthy/healthy_621.jpg,0,False,False,True,0.48752612,False,812
27461c9bed631e1dd37d377da74f2a28,dataset_complete/cacao_diseases/cacao_photos/healthy/healthy_2275.jpg,0,a6d458b1b17ad8d4,1080,1080,/workspace/cacao/cache_256/dataset_complete/cacao_diseases/cacao_photos/healthy/healthy_2275.png,1080x1080,A,16,0.9278325,dataT/healthy/healthy_268.jpg,0,False,False,True,0.41161937,False,813
9d0b827957e45198a232f8bbd269881f,dataset_complete/cacao_diseases/cacao_photos/healthy/healthy_2276.jpg,0,e6888a25a575d5f2,1080,1080,/workspace/cacao/cache_256/dataset_complete/cacao_diseases/cacao_photos/healthy/healthy_2276.png,1080x1080,A,14,0.9010681,dataT/healthy/healthy_1431.jpg,0,False,False,True,0.35117674,False,814
dbd7b30c500ad5a6090a82aeed8761a1,dataset_complete/cacao_diseases/cacao_photos/healthy/healthy_2277.jpg,0,dc8b733163131d95,1080,1080,/workspace/cacao/cache_256/dataset_complete/cacao_diseases/cacao_photos/healthy/healthy_2277.png,1080x1080,A,16,0.8222423,dataT/pod_rot_black/black_pod_rot_193.jpg,1,False,False,False,0.4717257,False,815
b7edb639b050d11a46eec617b461e5db,dataset_complete/cacao_diseases/cacao_photos/healthy/healthy_2278.jpg,0,a601387627b3e9e3,1080,1080,/workspace/cacao/cache_256/dataset_complete/cacao_diseases/cacao_photos/healthy/healthy_2278.png,1080x1080,A,14,0.8826575,dataT/healthy/healthy_1222.jpg,0,True,True,True,0.4290547,False,816
232ab42fa2c35102e606a2aed6cc5e91,dataset_complete/cacao_diseases/cacao_photos/healthy/healthy_2291.jpg,0,87589a38b9f17163,1080,1080,/workspace/cacao/cache_256/dataset_complete/cacao_diseases/cacao_photos/healthy/healthy_2291.png,1080x1080,A,14,0.8784928,dataT/healthy/healthy_2620.jpg,0,True,True,True,0.539962,False,817
634c8bfbec1503f4553ebb0f9dc08886,dataset_complete/cacao_diseases/cacao_photos/healthy/healthy_2292.jpg,0,c303d6e62a6c70ed,1080,1080,/workspace/cacao/cache_256/dataset_complete/cacao_diseases/cacao_photos/healthy/healthy_2292.png,1080x1080,A,18,0.9214406,dataT/healthy/healthy_2613.jpg,0,True,True,True,0.4668404,False,818
971a36673560e9edb707d0d655b64276,dataset_complete/cacao_diseases/cacao_photos/healthy/healthy_2293.jpg,0,92bad9ce25a44ab6,1080,1080,/workspace/cacao/cache_256/dataset_complete/cacao_diseases/cacao_photos/healthy/healthy_2293.png,1080x1080,A,16,0.8548788,dataT/healthy/healthy_2280.jpg,0,True,True,False,0.45258045,False,819
9d28807a12e29ac9cae273f1d17be782,dataset_complete/cacao_diseases/cacao_photos/healthy/healthy_2294.jpg,0,e344cd73682b764a,1080,1080,/workspace/cacao/cache_256/dataset_complete/cacao_diseases/cacao_photos/healthy/healthy_2294.png,1080x1080,A,12,0.8971386,dataT/pod_rot_black/black_pod_rot_239.jpg,1,False,False,True,0.46123,False,803
ca8b4426f5fc5b55ef48b3567128aeca,dataset_complete/cacao_diseases/cacao_photos/healthy/healthy_2295.jpg,0,e7898c3e15636837,1080,1080,/workspace/cacao/cache_256/dataset_complete/cacao_diseases/cacao_photos/healthy/healthy_2295.png,1080x1080,A,16,0.90653336,dataT/healthy/healthy_443.jpg,0,False,False,True,0.47436836,False,821
bd6c39c0b247d9d5bec4c473503079be,dataset_complete/cacao_diseases/cacao_photos/healthy/healthy_2296.jpg,0,aff9985211a75349,1080,1080,/workspace/cacao/cache_256/dataset_complete/cacao_diseases/cacao_photos/healthy/healthy_2296.png,1080x1080,A,16,0.89285344,dataT/pod_rot_black/black_pod_rot_239.jpg,1,False,False,True,0.45222285,False,822
beecea5c976fe946464121bfe5345c81,dataset_complete/cacao_diseases/cacao_photos/healthy/healthy_2297.jpg,0,be8e89f8a24353f0,1080,1080,/workspace/cacao/cache_256/dataset_complete/cacao_diseases/cacao_photos/healthy/healthy_2297.png,1080x1080,A,14,0.86112076,dataT/healthy/healthy_2506.jpg,0,False,False,True,0.55885476,False,823
5162a92790398d5c4a7fbe9f5e4abddc,dataset_complete/cacao_diseases/cacao_photos/healthy/healthy_2298.jpg,0,ea1c66673f8b8115,1080,1080,/workspace/cacao/cache_256/dataset_complete/cacao_diseases/cacao_photos/healthy/healthy_2298.png,1080x1080,A,18,0.8453007,dataT/healthy/healthy_3118.jpg,0,False,False,False,0.45860848,False,824
f4e3b47847771fb0d211e2d2ed3c21f0,dataset_complete/cacao_diseases/cacao_photos/healthy/healthy_2299.jpg,0,e334dfe3082b5887,1080,1080,/workspace/cacao/cache_256/dataset_complete/cacao_diseases/cacao_photos/healthy/healthy_2299.png,1080x1080,A,18,0.86565757,dataT/healthy/healthy_17.jpg,0,False,False,False,0.45296365,False,825
baff715bf8e1102369db03c388f644ad,dataset_complete/cacao_diseases/cacao_photos/healthy/healthy_2300.jpg,0,a0b71f78aae20bc6,1080,1080,/workspace/cacao/cache_256/dataset_complete/cacao_diseases/cacao_photos/healthy/healthy_2300.png,1080x1080,A,18,0.85041773,dataT/healthy/healthy_2154.jpg,0,False,False,False,0.5061915,False,826
ec5c5437606a42cf3f68f852f7d12e25,dataset_complete/cacao_diseases/cacao_photos/healthy/healthy_2301.jpg,0,8a4e977134b368d3,1080,1080,/workspace/cacao/cache_256/dataset_complete/cacao_diseases/cacao_photos/healthy/healthy_2301.png,1080x1080,A,16,0.88136774,dataT/healthy/healthy_67.jpg,0,False,False,True,0.4642694,False,827
9988bce5caa8f037058a484d522e1423,dataset_complete/cacao_diseases/cacao_photos/healthy/healthy_2302.jpg,0,e4191c16bcea785d,1080,1080,/workspace/cacao/cache_256/dataset_complete/cacao_diseases/cacao_photos/healthy/healthy_2302.png,1080x1080,A,20,0.90546405,dataT/healthy/healthy_2613.jpg,0,False,False,True,0.46421647,False,828
49268c7a7f788dbec206ce9c299216a8,dataset_complete/cacao_diseases/cacao_photos/healthy/healthy_2303.jpg,0,e8b0de5225e1f2d8,1080,1080,/workspace/cacao/cache_256/dataset_complete/cacao_diseases/cacao_photos/healthy/healthy_2303.png,1080x1080,A,18,0.89736766,dataT/healthy/healthy_2104.jpg,0,False,False,True,0.41300523,False,829
4e93af15a4d55cc7e321381d92634f6f,dataset_complete/cacao_diseases/cacao_photos/healthy/healthy_2304.jpg,0,a5cddb3690b20e95,1080,1080,/workspace/cacao/cache_256/dataset_complete/cacao_diseases/cacao_photos/healthy/healthy_2304.png,1080x1080,A,18,0.88703454,dataT/healthy/healthy_1259.jpg,0,False,False,True,0.40890577,False,830
e622802ff7f51f498873c24a506c2192,dataset_complete/cacao_diseases/cacao_photos/healthy/healthy_2305.jpg,0,a399dd191b363163,1080,1080,/workspace/cacao/cache_256/dataset_complete/cacao_diseases/cacao_photos/healthy/healthy_2305.png,1080x1080,A,18,0.9046167,dataT/healthy/healthy_1270.jpg,0,False,False,True,0.40829155,False,831
6d9eec2ae6b80da4cbcdd42a3bcb68af,dataset_complete/cacao_diseases/cacao_photos/healthy/healthy_2306.jpg,0,c06b37a91d9dc09b,1080,1080,/workspace/cacao/cache_256/dataset_complete/cacao_diseases/cacao_photos/healthy/healthy_2306.png,1080x1080,A,20,0.8758067,dataT/healthy/healthy_259.jpg,0,False,False,False,0.3179756,False,832
8e6241f0c05bf95113e4f4dabd2daa70,dataset_complete/cacao_diseases/cacao_photos/healthy/healthy_2307.jpg,0,f6c4092ef470d5cc,1080,1080,/workspace/cacao/cache_256/dataset_complete/cacao_diseases/cacao_photos/healthy/healthy_2307.png,1080x1080,A,18,0.89120173,dataT/healthy/healthy_1650.jpg,0,False,False,True,0.3641069,False,833
57795f8e154c46606952706be31d37c0,dataset_complete/cacao_diseases/cacao_photos/healthy/healthy_2308.jpg,0,ec5c1d359301f0f3,1080,1080,/workspace/cacao/cache_256/dataset_complete/cacao_diseases/cacao_photos/healthy/healthy_2308.png,1080x1080,A,16,0.8810384,dataT/healthy/healthy_1053.jpg,0,False,False,True,0.5305665,False,834
666f072cf6d9a8302e64c4e6cdcd2923,dataset_complete/cacao_diseases/cacao_photos/healthy/healthy_2309.jpg,0,c74cf939bc317032,1080,1080,/workspace/cacao/cache_256/dataset_complete/cacao_diseases/cacao_photos/healthy/healthy_2309.png,1080x1080,A,16,0.88919604,dataT/healthy/healthy_213.jpg,0,False,False,True,0.4821389,False,835
7ed35197c29cabb07cdddefaf15f3d34,dataset_complete/cacao_diseases/cacao_photos/healthy/healthy_2310.jpg,0,9bda692454e4b45b,1080,1080,/workspace/cacao/cache_256/dataset_complete/cacao_diseases/cacao_photos/healthy/healthy_2310.png,1080x1080,A,16,0.8952414,dataT/healthy/healthy_2638.jpg,0,False,False,True,0.44039455,False,836
03f935892256d9e0811988f38705bcb3,dataset_complete/cacao_diseases/cacao_photos/healthy/healthy_2311.jpg,0,c1dc32323667e3e2,1080,1080,/workspace/cacao/cache_256/dataset_complete/cacao_diseases/cacao_photos/healthy/healthy_2311.png,1080x1080,A,14,0.8472778,dataT/healthy/healthy_241.jpg,0,False,False,False,0.43471748,False,837
aa506357fbd08955a82d7daa5ff5fd6a,dataset_complete/cacao_diseases/cacao_photos/healthy/healthy_2312.jpg,0,f5edc94a6850f055,1080,1080,/workspace/cacao/cache_256/dataset_complete/cacao_diseases/cacao_photos/healthy/healthy_2312.png,1080x1080,A,16,0.91941065,dataT/healthy/healthy_2613.jpg,0,False,False,True,0.4637208,False,838
32f3e238c9f4771ba1e14c2318955c56,dataset_complete/cacao_diseases/cacao_photos/healthy/healthy_2313.jpg,0,aed1080353b7f297,1080,1080,/workspace/cacao/cache_256/dataset_complete/cacao_diseases/cacao_photos/healthy/healthy_2313.png,1080x1080,A,18,0.88428545,dataT/healthy/healthy_1053.jpg,0,False,False,True,0.49609023,False,839
4d6efd8489511f09c68a2e8f07ed2ce2,dataset_complete/cacao_diseases/cacao_photos/healthy/healthy_2314.jpg,0,f8e347c6adc94c48,1080,1080,/workspace/cacao/cache_256/dataset_complete/cacao_diseases/cacao_photos/healthy/healthy_2314.png,1080x1080,A,18,0.8374033,dataT/pod_rot_black/black_pod_rot_897.jpg,1,False,False,False,0.56068724,False,840
0c5e44dd6208a4d686d5e260628ddec7,dataset_complete/cacao_diseases/cacao_photos/healthy/healthy_2315.jpg,0,e0dc89393843cbde,1080,1080,/workspace/cacao/cache_256/dataset_complete/cacao_diseases/cacao_photos/healthy/healthy_2315.png,1080x1080,A,18,0.8669602,dataT/healthy/healthy_8.jpg,0,False,False,False,0.36889505,False,841
2afa2ba6aa655ae572e4b7ac5cc5f541,dataset_complete/cacao_diseases/cacao_photos/healthy/healthy_2316.jpg,0,c8b1722f456f2c3c,1080,1080,/workspace/cacao/cache_256/dataset_complete/cacao_diseases/cacao_photos/healthy/healthy_2316.png,1080x1080,A,16,0.831228,dataT/healthy/healthy_41.jpg,0,False,False,False,0.57497203,False,842
06970e9a9a206dc1a46fb28e81b17863,dataset_complete/cacao_diseases/cacao_photos/healthy/healthy_2317.jpg,0,d3969643514b53ea,1080,1080,/workspace/cacao/cache_256/dataset_complete/cacao_diseases/cacao_photos/healthy/healthy_2317.png,1080x1080,A,18,0.86397254,dataT/healthy/healthy_2613.jpg,0,False,False,False,0.46494564,False,843
8823f021044255e1f7b742f81183ad44,dataset_complete/cacao_diseases/cacao_photos/healthy/healthy_2318.jpg,0,f3d94b8ca50dc287,1080,1080,/workspace/cacao/cache_256/dataset_complete/cacao_diseases/cacao_photos/healthy/healthy_2318.png,1080x1080,A,20,0.8650243,dataT/healthy/healthy_2565.jpg,0,False,False,False,0.45817077,False,844
b3d78d836df326c5a8d741fad92461fb,dataset_complete/cacao_diseases/cacao_photos/healthy/healthy_2319.jpg,0,c72bc46bc742cdc8,1080,1080,/workspace/cacao/cache_256/dataset_complete/cacao_diseases/cacao_photos/healthy/healthy_2319.png,1080x1080,A,18,0.9017641,dataT/healthy/healthy_8.jpg,0,False,False,True,0.42605245,False,845
58e50519e0d2f3c01ac9d456b505d9f6,dataset_complete/cacao_diseases/cacao_photos/healthy/healthy_2320.jpg,0,8c8f3333998bd8cc,1080,1080,/workspace/cacao/cache_256/dataset_complete/cacao_diseases/cacao_photos/healthy/healthy_2320.png,1080x1080,A,14,0.8371847,dataT/healthy/healthy_1505.jpg,0,False,False,False,0.5556374,False,846
2e92a3e6f281a9324c2b5f1e2453bace,dataset_complete/cacao_diseases/cacao_photos/healthy/healthy_2321.jpg,0,8bbff824e216a790,1080,1080,/workspace/cacao/cache_256/dataset_complete/cacao_diseases/cacao_photos/healthy/healthy_2321.png,1080x1080,A,18,0.8691435,dataT/healthy/healthy_1062.jpg,0,False,False,False,0.46144658,False,847
f24cfad11a26d43c1a89e29c7b5e1bb2,dataset_complete/cacao_diseases/cacao_photos/healthy/healthy_2322.jpg,0,a5a538565e56bc52,1080,1080,/workspace/cacao/cache_256/dataset_complete/cacao_diseases/cacao_photos/healthy/healthy_2322.png,1080x1080,A,18,0.89201343,dataT/healthy/healthy_1482.jpg,0,False,False,True,0.45753473,False,848
31bee1c63142f99f2747a5a56fd3eb25,dataset_complete/cacao_diseases/cacao_photos/healthy/healthy_2323.jpg,0,931bcf344a75b81c,1080,1080,/workspace/cacao/cache_256/dataset_complete/cacao_diseases/cacao_photos/healthy/healthy_2323.png,1080x1080,A,18,0.8568919,dataT/healthy/healthy_2783.jpg,0,False,False,False,0.5645918,False,849
17800033f977717adadef91caad255ec,dataset_complete/cacao_diseases/cacao_photos/healthy/healthy_2324.jpg,0,a4c8db34d316b1b5,1080,1080,/workspace/cacao/cache_256/dataset_complete/cacao_diseases/cacao_photos/healthy/healthy_2324.png,1080x1080,A,16,0.89649403,dataT/healthy/healthy_570.jpg,0,False,False,True,0.50026715,False,850
c3e355569b427927d90ca370a06466da,dataset_complete/cacao_diseases/cacao_photos/healthy/healthy_2325.jpg,0,becd4e4e257d5110,1080,1080,/workspace/cacao/cache_256/dataset_complete/cacao_diseases/cacao_photos/healthy/healthy_2325.png,1080x1080,A,16,0.86644286,dataT/healthy/healthy_3131.jpg,0,False,False,False,0.4859594,False,851
db520758d56ca36f579d0bf9ec18a800,dataset_complete/cacao_diseases/cacao_photos/healthy/healthy_2326.jpg,0,a38de963a5b41f14,1080,1080,/workspace/cacao/cache_256/dataset_complete/cacao_diseases/cacao_photos/healthy/healthy_2326.png,1080x1080,A,16,0.84714675,dataT/healthy/healthy_2613.jpg,0,False,False,False,0.43864077,False,852
3b2ff14002fa65c6439ed4ed339a9ce0,dataset_complete/cacao_diseases/cacao_photos/healthy/healthy_2327.jpg,0,acbdec73525668c0,1080,1080,/workspace/cacao/cache_256/dataset_complete/cacao_diseases/cacao_photos/healthy/healthy_2327.png,1080x1080,A,18,0.87113166,dataT/pod_rot_black/black_pod_rot_410.jpg,1,False,False,False,0.45975146,False,853
665ecc60150310564bff68d4a551e6c6,dataset_complete/cacao_diseases/cacao_photos/healthy/healthy_2328.jpg,0,e4e1906770647f74,1080,1080,/workspace/cacao/cache_256/dataset_complete/cacao_diseases/cacao_photos/healthy/healthy_2328.png,1080x1080,A,18,0.87178016,dataT/healthy/healthy_1250.jpg,0,False,False,False,0.48128527,False,854
253d04d510c603c2d4b138b9306b5e25,dataset_complete/cacao_diseases/cacao_photos/healthy/healthy_2329.jpg,0,81195c7171a3bf5a,1080,1080,/workspace/cacao/cache_256/dataset_complete/cacao_diseases/cacao_photos/healthy/healthy_2329.png,1080x1080,A,14,0.84989285,dataT/healthy/healthy_14.jpg,0,False,False,False,0.39619547,False,855
1605877ebec2a650b296431be72a1ed8,dataset_complete/cacao_diseases/cacao_photos/healthy/healthy_2330.jpg,0,a6a15d92d0f26d72,1080,1080,/workspace/cacao/cache_256/dataset_complete/cacao_diseases/cacao_photos/healthy/healthy_2330.png,1080x1080,A,18,0.8540572,dataT/healthy/healthy_2590.jpg,0,False,False,False,0.36735284,False,856
7bd22e54bed370a46cadf951e1fa2df3,dataset_complete/cacao_diseases/cacao_photos/healthy/healthy_2331.jpg,0,acdc3360d6c6a8cd,1080,1080,/workspace/cacao/cache_256/dataset_complete/cacao_diseases/cacao_photos/healthy/healthy_2331.png,1080x1080,A,16,0.8619603,dataT/pod_rot_black/black_pod_rot_731.jpg,1,False,False,False,0.41645542,False,857
4dd6886024857fb808852cf2d6c7c590,dataset_complete/cacao_diseases/cacao_photos/healthy/healthy_2332.jpg,0,e9933b19c63b06e2,1080,1080,/workspace/cacao/cache_256/dataset_complete/cacao_diseases/cacao_photos/healthy/healthy_2332.png,1080x1080,A,20,0.8541495,dataT/healthy/healthy_4.jpg,0,False,False,False,0.4932734,False,858
3aeab17668ba7f7b58c25221ceefa751,dataset_complete/cacao_diseases/cacao_photos/healthy/healthy_2333.jpg,0,e3421e0b742f393e,1080,1080,/workspace/cacao/cache_256/dataset_complete/cacao_diseases/cacao_photos/healthy/healthy_2333.png,1080x1080,A,14,0.71553075,dataT/healthy/healthy_82.jpg,0,False,False,False,0.19302654,False,859
a06ed5cbce3a2a0fe585402b3ea70775,dataset_complete/cacao_diseases/cacao_photos/healthy/healthy_2334.jpg,0,9f8f2dbc75106262,1080,1080,/workspace/cacao/cache_256/dataset_complete/cacao_diseases/cacao_photos/healthy/healthy_2334.png,1080x1080,A,16,0.83904076,dataT/healthy/healthy_2615.jpg,0,False,False,False,0.51620877,False,860
b6d283f9cdefa6cfff710deae9fb5f7b,dataset_complete/cacao_diseases/cacao_photos/healthy/healthy_2335.jpg,0,9c7bd9a6b0506f81,1080,1080,/workspace/cacao/cache_256/dataset_complete/cacao_diseases/cacao_photos/healthy/healthy_2335.png,1080x1080,A,16,0.8488206,dataT/healthy/healthy_634.jpg,0,False,False,False,0.5097996,False,861
4a6d5454bcc44bdcbccbbf9b69911252,dataset_complete/cacao_diseases/cacao_photos/healthy/healthy_2336.jpg,0,9947263e5e9a9cc1,1080,1080,/workspace/cacao/cache_256/dataset_complete/cacao_diseases/cacao_photos/healthy/healthy_2336.png,1080x1080,A,14,0.8483714,dataT/healthy/healthy_249.jpg,0,False,False,False,0.47129047,False,862
c0ae159cb665e118e25ee46f12b25546,dataset_complete/cacao_diseases/cacao_photos/healthy/healthy_2337.jpg,0,9ec44f23628d9cb5,1080,1080,/workspace/cacao/cache_256/dataset_complete/cacao_diseases/cacao_photos/healthy/healthy_2337.png,1080x1080,A,18,0.81773067,dataT/healthy/healthy_2061.jpg,0,False,False,False,0.42596996,False,863
59ce3c13bd4b3b2f5e36617ca556037a,dataset_complete/cacao_diseases/cacao_photos/healthy/healthy_2338.jpg,0,cc4e3372e10ceee4,1080,1080,/workspace/cacao/cache_256/dataset_complete/cacao_diseases/cacao_photos/healthy/healthy_2338.png,1080x1080,A,18,0.86218596,dataT/healthy/healthy_2130.jpg,0,False,False,False,0.50041497,False,864
c8dc0b9b2f2f56931d96f9a31f08058f,dataset_complete/cacao_diseases/cacao_photos/healthy/healthy_2339.jpg,0,cccc8f1a733235a3,1080,1080,/workspace/cacao/cache_256/dataset_complete/cacao_diseases/cacao_photos/healthy/healthy_2339.png,1080x1080,A,18,0.8585819,dataT/healthy/healthy_2515.jpg,0,False,False,False,0.5721947,False,865
2d29c74d627609e4295d0cf22bc03b47,dataset_complete/cacao_diseases/cacao_photos/healthy/healthy_2340.jpg,0,ecb53123795b4159,1080,1080,/workspace/cacao/cache_256/dataset_complete/cacao_diseases/cacao_photos/healthy/healthy_2340.png,1080x1080,A,14,0.8604804,dataT/healthy/healthy_2142.jpg,0,False,False,False,0.54183555,False,866
e0a6ece60a18cd25923c1c956de255e0,dataset_complete/cacao_diseases/cacao_photos/healthy/healthy_2341.jpg,0,cce9601eb9f919c1,1080,1080,/workspace/cacao/cache_256/dataset_complete/cacao_diseases/cacao_photos/healthy/healthy_2341.png,1080x1080,A,16,0.8543272,dataT/healthy/healthy_2516.jpg,0,False,False,False,0.491433,False,867
a9944fd35baab163c86438763bf44980,dataset_complete/cacao_diseases/cacao_photos/healthy/healthy_2342.jpg,0,bc9cc13135f1165d,1080,1080,/workspace/cacao/cache_256/dataset_complete/cacao_diseases/cacao_photos/healthy/healthy_2342.png,1080x1080,A,16,0.8838767,dataT/healthy/healthy_3136.jpg,0,False,False,True,0.49221718,False,868
c760c92771d16442cf35ab38f5f387b6,dataset_complete/cacao_diseases/cacao_photos/healthy/healthy_2343.jpg,0,a7235960377ce1c9,1080,1080,/workspace/cacao/cache_256/dataset_complete/cacao_diseases/cacao_photos/healthy/healthy_2343.png,1080x1080,A,16,0.8528508,dataT/healthy/healthy_669.jpg,0,False,False,False,0.39247334,False,869
019616779a7b4b89c5cc3c3a1e237bff,dataset_complete/cacao_diseases/cacao_photos/healthy/healthy_2344.jpg,0,8cad16648e3ef0f2,1080,1080,/workspace/cacao/cache_256/dataset_complete/cacao_diseases/cacao_photos/healthy/healthy_2344.png,1080x1080,A,18,0.83687496,dataT/healthy/healthy_414.jpg,0,False,False,False,0.53902197,False,870
210c4b21b0069a4ed9cd651728bc78c2,dataset_complete/cacao_diseases/cacao_photos/healthy/healthy_2345.jpg,0,ce8260e0f4f8f2ba,1080,1080,/workspace/cacao/cache_256/dataset_complete/cacao_diseases/cacao_photos/healthy/healthy_2345.png,1080x1080,A,14,0.8560259,dataT/healthy/healthy_2568.jpg,0,False,False,False,0.58972657,False,871
b58bda0ea4f6cdabca194b35cb1dc715,dataset_complete/cacao_diseases/cacao_photos/healthy/healthy_2346.jpg,0,c8d8f533ba3a9b04,1080,1080,/workspace/cacao/cache_256/dataset_complete/cacao_diseases/cacao_photos/healthy/healthy_2346.png,1080x1080,A,16,0.8911375,dataT/healthy/healthy_2145.jpg,0,False,False,True,0.49949688,False,872
f1a1bee801248c11d25130c1b733851b,dataset_complete/cacao_diseases/cacao_photos/healthy/healthy_2347.jpg,0,bf1abb3f8301930a,1080,1080,/workspace/cacao/cache_256/dataset_complete/cacao_diseases/cacao_photos/healthy/healthy_2347.png,1080x1080,A,18,0.86565506,dataT/healthy/healthy_1265.jpg,0,False,False,False,0.47791058,False,873
543d7d10cf34dc5717b83d6402bff73c,dataset_complete/cacao_diseases/cacao_photos/healthy/healthy_2348.jpg,0,b88f5967b00beb88,1080,1080,/workspace/cacao/cache_256/dataset_complete/cacao_diseases/cacao_photos/healthy/healthy_2348.png,1080x1080,A,16,0.83510387,dataT/healthy/healthy_3118.jpg,0,False,False,False,0.3901256,False,874
19cfb25d443542e2ea0e891b03d8a814,dataset_complete/cacao_diseases/cacao_photos/healthy/healthy_2349.jpg,0,f9581c7c0ca3fa0b,1080,1080,/workspace/cacao/cache_256/dataset_complete/cacao_diseases/cacao_photos/healthy/healthy_2349.png,1080x1080,A,18,0.8884451,dataT/healthy/healthy_2757.jpg,0,False,False,True,0.43551525,False,875
255dc6a494f10dd0662a0d5f21aa4f58,dataset_complete/cacao_diseases/cacao_photos/healthy/healthy_2350.jpg,0,f3e0892380f3ba5b,1080,1080,/workspace/cacao/cache_256/dataset_complete/cacao_diseases/cacao_photos/healthy/healthy_2350.png,1080x1080,A,18,0.90453565,dataT/healthy/healthy_44.jpg,0,False,False,True,0.42437327,False,876
c630ab56816d0196a94cb4a877be6d0d,dataset_complete/cacao_diseases/cacao_photos/healthy/healthy_2351.jpg,0,bffd68017c8203b5,1080,1080,/workspace/cacao/cache_256/dataset_complete/cacao_diseases/cacao_photos/healthy/healthy_2351.png,1080x1080,A,20,0.8381524,dataT/healthy/healthy_414.jpg,0,False,False,False,0.48114267,False,790
b8113aba0e6e2d2d0b56bcb6f2b19220,dataset_complete/cacao_diseases/cacao_photos/healthy/healthy_2352.jpg,0,dddc1be50f0c0746,1080,1080,/workspace/cacao/cache_256/dataset_complete/cacao_diseases/cacao_photos/healthy/healthy_2352.png,1080x1080,A,18,0.8201146,dataT/healthy/healthy_692.jpg,0,False,False,False,0.46001184,False,878
6ebce4195d7d60e5633ba1856578c423,dataset_complete/cacao_diseases/cacao_photos/healthy/healthy_2353.jpg,0,b05e1b632367c2b6,1080,1080,/workspace/cacao/cache_256/dataset_complete/cacao_diseases/cacao_photos/healthy/healthy_2353.png,1080x1080,A,18,0.8509445,dataT/healthy/healthy_3130.jpg,0,False,False,False,0.47266674,False,879
5cca811201049bc637330d096b519a4b,dataset_complete/cacao_diseases/cacao_photos/healthy/healthy_2354.jpg,0,e9db5427331183ab,1080,1080,/workspace/cacao/cache_256/dataset_complete/cacao_diseases/cacao_photos/healthy/healthy_2354.png,1080x1080,A,16,0.85214764,dataT/healthy/healthy_1581.jpg,0,False,False,False,0.46903557,False,880
b89364b468e8552b600be9964ba20809,dataset_complete/cacao_diseases/cacao_photos/healthy/healthy_2355.jpg,0,d9e834667f242725,1080,1080,/workspace/cacao/cache_256/dataset_complete/cacao_diseases/cacao_photos/healthy/healthy_2355.png,1080x1080,A,18,0.84557253,dataT/pod_rot_black/black_pod_rot_270.jpg,1,False,False,False,0.5303253,False,881
a193c3ed019c9cf0847fabcb156d4b29,dataset_complete/cacao_diseases/cacao_photos/healthy/healthy_2356.jpg,0,be0e76b236b05427,1080,1080,/workspace/cacao/cache_256/dataset_complete/cacao_diseases/cacao_photos/healthy/healthy_2356.png,1080x1080,A,18,0.8820032,dataT/healthy/healthy_2781.jpg,0,False,False,True,0.5484247,False,882
daa37346dd7f10d277ead657d8b544a6,dataset_complete/cacao_diseases/cacao_photos/healthy/healthy_2357.jpg,0,db1f3060b26cb6cc,1080,1080,/workspace/cacao/cache_256/dataset_complete/cacao_diseases/cacao_photos/healthy/healthy_2357.png,1080x1080,A,18,0.8747062,dataT/healthy/healthy_2146.jpg,0,False,False,False,0.493824,False,883
aebef20c64875c2f67de170ea4c0cd23,dataset_complete/cacao_diseases/cacao_photos/healthy/healthy_2358.jpg,0,c9272633b8589fc5,1080,1080,/workspace/cacao/cache_256/dataset_complete/cacao_diseases/cacao_photos/healthy/healthy_2358.png,1080x1080,A,16,0.85686624,dataT/healthy/healthy_595.jpg,0,False,False,False,0.43214583,False,884
19c9da1b4127d7133afd4816633a5333,dataset_complete/cacao_diseases/cacao_photos/healthy/healthy_2359.jpg,0,cfe1ec62e682c8cc,1080,1080,/workspace/cacao/cache_256/dataset_complete/cacao_diseases/cacao_photos/healthy/healthy_2359.png,1080x1080,A,18,0.8756943,dataT/healthy/healthy_243.jpg,0,False,False,False,0.4073959,False,885
eacec087d8885d5708ede0be88c059f8,dataset_complete/cacao_diseases/cacao_photos/healthy/healthy_2360.jpg,0,aece482f6b737220,1080,1080,/workspace/cacao/cache_256/dataset_complete/cacao_diseases/cacao_photos/healthy/healthy_2360.png,1080x1080,A,16,0.9088321,dataT/healthy/healthy_90.jpg,0,False,False,True,0.45590582,False,886
40c0188a20f209d99508142baf2fe964,dataset_complete/cacao_diseases/cacao_photos/healthy/healthy_2361.jpg,0,c89d3771f2e3a015,1080,1080,/workspace/cacao/cache_256/dataset_complete/cacao_diseases/cacao_photos/healthy/healthy_2361.png,1080x1080,A,16,0.88780046,dataT/pod_rot_black/black_pod_rot_239.jpg,1,False,False,True,0.48942026,False,887
73054c888bb7b654b67fa7891221a633,dataset_complete/cacao_diseases/cacao_photos/healthy/healthy_2362.jpg,0,9bad3472327393c8,1080,1080,/workspace/cacao/cache_256/dataset_complete/cacao_diseases/cacao_photos/healthy/healthy_2362.png,1080x1080,A,16,0.8780196,dataT/healthy/healthy_99.jpg,0,False,False,False,0.504596,False,888
15f57576e2178a5f9ef683200603368f,dataset_complete/cacao_diseases/cacao_photos/healthy/healthy_2363.jpg,0,d944f162d6c3d81b,1080,1080,/workspace/cacao/cache_256/dataset_complete/cacao_diseases/cacao_photos/healthy/healthy_2363.png,1080x1080,A,18,0.876499,dataT/pod_rot_black/black_pod_rot_731.jpg,1,False,False,False,0.4437706,False,889
5624fadde63928a6c946e266b15d4f89,dataset_complete/cacao_diseases/cacao_photos/healthy/healthy_2364.jpg,0,9d826b6b2478bc93,1080,1080,/workspace/cacao/cache_256/dataset_complete/cacao_diseases/cacao_photos/healthy/healthy_2364.png,1080x1080,A,18,0.8762128,dataT/healthy/healthy_245.jpg,0,False,False,False,0.4202508,False,890
59f4ece5ce57df49c17e0a160179430b,dataset_complete/cacao_diseases/cacao_photos/healthy/healthy_2365.jpg,0,dca130321f4dec9e,1080,1080,/workspace/cacao/cache_256/dataset_complete/cacao_diseases/cacao_photos/healthy/healthy_2365.png,1080x1080,A,16,0.88964397,dataT/healthy/healthy_2152.jpg,0,False,False,True,0.4339612,False,891
608b09c686c5687bae714aadcb79d63a,dataset_complete/cacao_diseases/cacao_photos/healthy/healthy_2366.jpg,0,cd535c2ea3514b96,1080,1080,/workspace/cacao/cache_256/dataset_complete/cacao_diseases/cacao_photos/healthy/healthy_2366.png,1080x1080,A,18,0.8722309,dataT/healthy/healthy_1440.jpg,0,False,False,False,0.50697553,False,892
d0ab01af1e957a20bfba5fd8e0cf03ec,dataset_complete/cacao_diseases/cacao_photos/healthy/healthy_2367.jpg,0,f79617641a6a2d68,1080,1080,/workspace/cacao/cache_256/dataset_complete/cacao_diseases/cacao_photos/healthy/healthy_2367.png,1080x1080,A,16,0.9082154,dataT/healthy/healthy_231.jpg,0,False,False,True,0.42414612,False,893
55e4237da390a199d069728241db74ec,dataset_complete/cacao_diseases/cacao_photos/healthy/healthy_2368.jpg,0,e7a73d301a070bae,1080,1080,/workspace/cacao/cache_256/dataset_complete/cacao_diseases/cacao_photos/healthy/healthy_2368.png,1080x1080,A,18,0.89837277,dataT/healthy/healthy_90.jpg,0,False,False,True,0.49188653,False,894
fa7ae4072f6d81a75f8ee33946a7036d,dataset_complete/cacao_diseases/cacao_photos/healthy/healthy_2369.jpg,0,b4f779782722a4a1,1080,1080,/workspace/cacao/cache_256/dataset_complete/cacao_diseases/cacao_photos/healthy/healthy_2369.png,1080x1080,A,16,0.8672265,dataT/healthy/healthy_1459.jpg,0,False,False,False,0.39342725,False,895
c7e926c9dfc3233b2cf53ce352fa472f,dataset_complete/cacao_diseases/cacao_photos/healthy/healthy_2370.jpg,0,ac4b51b7c98e8699,1080,1080,/workspace/cacao/cache_256/dataset_complete/cacao_diseases/cacao_photos/healthy/healthy_2370.png,1080x1080,A,16,0.8293679,dataT/healthy/healthy_2649.jpg,0,False,False,False,0.39741462,False,896
ca19a5ad6524c1280ed52aaad37c706a,dataset_complete/cacao_diseases/cacao_photos/healthy/healthy_2371.jpg,0,99902573762fb546,1080,1080,/workspace/cacao/cache_256/dataset_complete/cacao_diseases/cacao_photos/healthy/healthy_2371.png,1080x1080,A,16,0.805145,dataT/healthy/healthy_1184.jpg,0,False,False,False,0.52175784,False,897
9d2b40ba920c6aa42fb5943357fe7a69,dataset_complete/cacao_diseases/cacao_photos/healthy/healthy_2372.jpg,0,9c6929676bc2c6d2,1080,1080,/workspace/cacao/cache_256/dataset_complete/cacao_diseases/cacao_photos/healthy/healthy_2372.png,1080x1080,A,18,0.91542387,dataT/pod_rot_black/black_pod_rot_231.jpg,1,True,True,True,0.4439715,False,898
666ba8fd9e4e0402c8ada2dc3834f573,dataset_complete/cacao_diseases/cacao_photos/healthy/healthy_2373.jpg,0,bdacb433334333a1,1080,1080,/workspace/cacao/cache_256/dataset_complete/cacao_diseases/cacao_photos/healthy/healthy_2373.png,1080x1080,A,16,0.8623379,dataT/healthy/healthy_2559.jpg,0,False,False,False,0.5422385,False,899
8f3c0e9f8c57b9e7cf255bf83f37984b,dataset_complete/cacao_diseases/cacao_photos/healthy/healthy_2374.jpg,0,e545acc0e6f8c4f8,1080,1080,/workspace/cacao/cache_256/dataset_complete/cacao_diseases/cacao_photos/healthy/healthy_2374.png,1080x1080,A,20,0.86819047,dataT/healthy/healthy_2143.jpg,0,False,False,False,0.48507085,False,900
56c57acaab65c96ba3de9544c27389d7,dataset_complete/cacao_diseases/cacao_photos/healthy/healthy_2375.jpg,0,bc15dd1f5c300e72,1080,1080,/workspace/cacao/cache_256/dataset_complete/cacao_diseases/cacao_photos/healthy/healthy_2375.png,1080x1080,A,18,0.867634,dataT/healthy/healthy_2576.jpg,0,False,False,False,0.49703494,False,901
64b7d8c0afd31d8c78fbc56a275e0e48,dataset_complete/cacao_diseases/cacao_photos/healthy/healthy_2376.jpg,0,875cb330a1b77592,1080,1080,/workspace/cacao/cache_256/dataset_complete/cacao_diseases/cacao_photos/healthy/healthy_2376.png,1080x1080,A,18,0.86173093,dataT/healthy/healthy_2817.jpg,0,False,False,False,0.5155158,False,902
e940af4d04be91da3962ca6cae45d0ce,dataset_complete/cacao_diseases/cacao_photos/healthy/healthy_2377.jpg,0,b3374d61e19e0e2a,1080,1080,/workspace/cacao/cache_256/dataset_complete/cacao_diseases/cacao_photos/healthy/healthy_2377.png,1080x1080,A,18,0.8500713,dataT/healthy/healthy_2586.jpg,0,False,False,False,0.4072803,False,903
1f189092b7faa4a946a03d2467867638,dataset_complete/cacao_diseases/cacao_photos/healthy/healthy_2378.jpg,0,d8e95d36e20f1e14,1080,1080,/workspace/cacao/cache_256/dataset_complete/cacao_diseases/cacao_photos/healthy/healthy_2378.png,1080x1080,A,16,0.84978175,dataT/healthy/healthy_2636.jpg,0,False,False,False,0.4736964,False,904
e628bb550c376ac8cfd02a79fe8baa1d,dataset_complete/cacao_diseases/cacao_photos/healthy/healthy_2379.jpg,0,b18ded346a624679,1080,1080,/workspace/cacao/cache_256/dataset_complete/cacao_diseases/cacao_photos/healthy/healthy_2379.png,1080x1080,A,16,0.84992886,dataT/healthy/healthy_2070.jpg,0,False,False,False,0.5357528,False,905
f7bf49ae0028089c58b03baedbb3309a,dataset_complete/cacao_diseases/cacao_photos/healthy/healthy_2380.jpg,0,89a9a53877e6a2e8,1080,1080,/workspace/cacao/cache_256/dataset_complete/cacao_diseases/cacao_photos/healthy/healthy_2380.png,1080x1080,A,16,0.85547864,dataT/healthy/healthy_2559.jpg,0,False,False,False,0.5711458,False,906
21f82b91d352f1220a2a6e9d3c1ce516,dataset_complete/cacao_diseases/cacao_photos/healthy/healthy_2381.jpg,0,b4098df10b9f65c9,1080,1080,/workspace/cacao/cache_256/dataset_complete/cacao_diseases/cacao_photos/healthy/healthy_2381.png,1080x1080,A,16,0.88611394,dataT/healthy/healthy_666.jpg,0,False,False,True,0.35813615,False,907
87aa2f5707881abd28299163386574c7,dataset_complete/cacao_diseases/cacao_photos/healthy/healthy_2382.jpg,0,cf8cf80c2466637e,1080,1080,/workspace/cacao/cache_256/dataset_complete/cacao_diseases/cacao_photos/healthy/healthy_2382.png,1080x1080,A,16,0.87491405,dataT/healthy/healthy_2817.jpg,0,False,False,False,0.49141523,False,908
e11cec5a66c8a6a39c6af368ee9231a1,dataset_complete/cacao_diseases/cacao_photos/healthy/healthy_2383.jpg,0,8bc035fe73113b54,1080,1080,/workspace/cacao/cache_256/dataset_complete/cacao_diseases/cacao_photos/healthy/healthy_2383.png,1080x1080,A,18,0.8668797,dataT/healthy/healthy_242.jpg,0,False,False,False,0.5541434,False,909
08c814a0830761fdb2047c7ffda23cfd,dataset_complete/cacao_diseases/cacao_photos/healthy/healthy_2384.jpg,0,92f31c2cb817bd94,1080,1080,/workspace/cacao/cache_256/dataset_complete/cacao_diseases/cacao_photos/healthy/healthy_2384.png,1080x1080,A,16,0.8813637,dataT/healthy/healthy_245.jpg,0,False,False,True,0.42417896,False,910
ebcd8949db05bdad59595dfda0d9df16,dataset_complete/cacao_diseases/cacao_photos/healthy/healthy_2385.jpg,0,cb09bce627a66cc4,1080,1080,/workspace/cacao/cache_256/dataset_complete/cacao_diseases/cacao_photos/healthy/healthy_2385.png,1080x1080,A,16,0.8483621,dataT/healthy/healthy_1189.jpg,0,False,False,False,0.5383996,False,911
8c11956e5b3ddff83e3e580acabe8c1e,dataset_complete/cacao_diseases/cacao_photos/healthy/healthy_2386.jpg,0,998c22707bb12fd9,1080,1080,/workspace/cacao/cache_256/dataset_complete/cacao_diseases/cacao_photos/healthy/healthy_2386.png,1080x1080,A,16,0.87813497,dataT/healthy/healthy_2092.jpg,0,False,False,False,0.49108648,False,912
4ac55658c911e3a6f08f91b6e752af81,dataset_complete/cacao_diseases/cacao_photos/healthy/healthy_2387.jpg,0,cc8cdb762468666e,1080,1080,/workspace/cacao/cache_256/dataset_complete/cacao_diseases/cacao_photos/healthy/healthy_2387.png,1080x1080,A,16,0.83618903,dataT/healthy/healthy_254.jpg,0,False,False,False,0.36240435,False,913
83a9d287277a98a5487c01b6bf13d6f8,dataset_complete/cacao_diseases/cacao_photos/healthy/healthy_2388.jpg,0,cd0fd9760f08a578,1080,1080,/workspace/cacao/cache_256/dataset_complete/cacao_diseases/cacao_photos/healthy/healthy_2388.png,1080x1080,A,18,0.8751373,dataT/healthy/healthy_2613.jpg,0,False,False,False,0.5081911,False,914
77e9229e1dc1ccf71585d84e7e9beae3,dataset_complete/cacao_diseases/cacao_photos/healthy/healthy_2389.jpg,0,92b536326267b62e,1080,1080,/workspace/cacao/cache_256/dataset_complete/cacao_diseases/cacao_photos/healthy/healthy_2389.png,1080x1080,A,16,0.8501805,dataT/pod_rot_black/black_pod_rot_138.jpg,1,False,False,False,0.50642186,False,915
3c6a95b8989326410cebfdfcfe8935b7,dataset_complete/cacao_diseases/cacao_photos/healthy/healthy_2390.jpg,0,821ddf303c620ff6,1080,1080,/workspace/cacao/cache_256/dataset_complete/cacao_diseases/cacao_photos/healthy/healthy_2390.png,1080x1080,A,16,0.87649405,dataT/healthy/healthy_2575.jpg,0,False,False,False,0.48004887,False,916
18a78b74c03033c14d87010563f91c82,dataset_complete/cacao_diseases/cacao_photos/healthy/healthy_2391.jpg,0,bff8b020a774c2aa,1080,1080,/workspace/cacao/cache_256/dataset_complete/cacao_diseases/cacao_photos/healthy/healthy_2391.png,1080x1080,A,18,0.8696367,dataT/healthy/healthy_10.jpg,0,False,False,False,0.49597886,False,917
6d9df171e9dc07dfd9b387f4390e5a1b,dataset_complete/cacao_diseases/cacao_photos/healthy/healthy_2392.jpg,0,9bc95b62a61c5754,1080,1080,/workspace/cacao/cache_256/dataset_complete/cacao_diseases/cacao_photos/healthy/healthy_2392.png,1080x1080,A,18,0.84599924,dataT/healthy/healthy_1175.jpg,0,False,False,False,0.40512565,False,918
bae76fa85f2186aa6436755f0fa23c46,dataset_complete/cacao_diseases/cacao_photos/healthy/healthy_2393.jpg,0,bb8cf57a41320b33,1080,1080,/workspace/cacao/cache_256/dataset_complete/cacao_diseases/cacao_photos/healthy/healthy_2393.png,1080x1080,A,16,0.85800713,dataT/healthy/healthy_1672.jpg,0,False,False,False,0.58170605,False,919
25c1c4513d4c2befbf0b83f0eb9348d9,dataset_complete/cacao_diseases/cacao_photos/healthy/healthy_2394.jpg,0,98bc3553d9898aa7,1080,1080,/workspace/cacao/cache_256/dataset_complete/cacao_diseases/cacao_photos/healthy/healthy_2394.png,1080x1080,A,16,0.8644401,dataT/healthy/healthy_1437.jpg,0,False,False,False,0.46841788,False,920
a03c4e1c721a914e1e45156c8dca3138,dataset_complete/cacao_diseases/cacao_photos/healthy/healthy_2395.jpg,0,8a2d2772f38269ce,1080,1080,/workspace/cacao/cache_256/dataset_complete/cacao_diseases/cacao_photos/healthy/healthy_2395.png,1080x1080,A,18,0.8860717,dataT/healthy/healthy_281.jpg,0,False,False,True,0.5237804,False,921
eb0cd4d35c4c8dce2ccf000f270bb3d5,dataset_complete/cacao_diseases/cacao_photos/healthy/healthy_2396.jpg,0,d9e46c724b3e1515,1080,1080,/workspace/cacao/cache_256/dataset_complete/cacao_diseases/cacao_photos/healthy/healthy_2396.png,1080x1080,A,18,0.8467306,dataT/healthy/healthy_1159.jpg,0,False,False,False,0.4187842,False,922
683c143283c7203bc45467b25d67f2e8,dataset_complete/cacao_diseases/cacao_photos/healthy/healthy_2397.jpg,0,c6db0b47cd454a6c,1080,1080,/workspace/cacao/cache_256/dataset_complete/cacao_diseases/cacao_photos/healthy/healthy_2397.png,1080x1080,A,18,0.8980474,dataT/healthy/healthy_2604.jpg,0,False,False,True,0.41230863,False,923
617ea4c90b270661306e49ddb28efabe,dataset_complete/cacao_diseases/cacao_photos/healthy/healthy_2398.jpg,0,cde4626723039bba,1080,1080,/workspace/cacao/cache_256/dataset_complete/cacao_diseases/cacao_photos/healthy/healthy_2398.png,1080x1080,A,16,0.79505885,dataT/healthy/healthy_1643.jpg,0,False,False,False,0.5068524,False,924
b286a5aa126c4b2f6e9d3a4f97708219,dataset_complete/cacao_diseases/cacao_photos/healthy/healthy_2399.jpg,0,f2249de6195f28aa,1080,1080,/workspace/cacao/cache_256/dataset_complete/cacao_diseases/cacao_photos/healthy/healthy_2399.png,1080x1080,A,18,0.8518457,dataT/healthy/healthy_247.jpg,0,False,False,False,0.5594765,False,925
4ba56e59b56940bcd26491b9dd1397eb,dataset_complete/cacao_diseases/cacao_photos/healthy/healthy_2400.jpg,0,99cc65253436733b,1080,1080,/workspace/cacao/cache_256/dataset_complete/cacao_diseases/cacao_photos/healthy/healthy_2400.png,1080x1080,A,12,0.8185392,dataT/healthy/healthy_1159.jpg,0,False,False,False,0.46226192,False,926
a0b1d500c95f71c971c47687f9787455,dataset_complete/cacao_diseases/cacao_photos/healthy/healthy_2401.jpg,0,94e66b2e65a1b436,1080,1080,/workspace/cacao/cache_256/dataset_complete/cacao_diseases/cacao_photos/healthy/healthy_2401.png,1080x1080,A,18,0.78409415,dataT/healthy/healthy_2590.jpg,0,False,False,False,0.38143793,False,927
43aa8d86f681e3de902605f469d5137c,dataset_complete/cacao_diseases/cacao_photos/healthy/healthy_2402.jpg,0,daec786d65a217c0,1080,1080,/workspace/cacao/cache_256/dataset_complete/cacao_diseases/cacao_photos/healthy/healthy_2402.png,1080x1080,A,16,0.82227683,dataT/healthy/healthy_223.jpg,0,False,False,False,0.4490402,False,928
57edca20b1955b792331b5d8462f6174,dataset_complete/cacao_diseases/cacao_photos/healthy/healthy_2403.jpg,0,f8e3c8a68597170e,1080,1080,/workspace/cacao/cache_256/dataset_complete/cacao_diseases/cacao_photos/healthy/healthy_2403.png,1080x1080,A,18,0.8147102,dataT/healthy/healthy_1647.jpg,0,False,False,False,0.39381737,False,929
39ae742557bed6b675053c7de1b29a23,dataset_complete/cacao_diseases/cacao_photos/healthy/healthy_2404.jpg,0,cb6e2455b9964b8a,1080,1080,/workspace/cacao/cache_256/dataset_complete/cacao_diseases/cacao_photos/healthy/healthy_2404.png,1080x1080,A,18,0.84516424,dataT/healthy/healthy_281.jpg,0,False,False,False,0.49331722,False,930
67aeca4e7a46a948c3711e587daf347a,dataset_complete/cacao_diseases/cacao_photos/healthy/healthy_2405.jpg,0,c5b58d656a468fc4,1080,1080,/workspace/cacao/cache_256/dataset_complete/cacao_diseases/cacao_photos/healthy/healthy_2405.png,1080x1080,A,16,0.8627123,dataT/healthy/healthy_2282.jpg,0,False,False,False,0.42964527,False,931
cbe49bcae05f2ff9a9df3fefb46b320c,dataset_complete/cacao_diseases/cacao_photos/healthy/healthy_2406.jpg,0,cea6f0707272632b,1080,1080,/workspace/cacao/cache_256/dataset_complete/cacao_diseases/cacao_photos/healthy/healthy_2406.png,1080x1080,A,16,0.83702934,dataT/pod_rot_black/black_pod_rot_736.jpg,1,False,False,False,0.49805433,False,932
60fd07de5bc3f7fd81960377440bd2be,dataset_complete/cacao_diseases/cacao_photos/healthy/healthy_2407.jpg,0,814b6e17b9c152fc,1080,1080,/workspace/cacao/cache_256/dataset_complete/cacao_diseases/cacao_photos/healthy/healthy_2407.png,1080x1080,A,18,0.77457386,dataT/healthy/healthy_657.jpg,0,False,False,False,0.43248066,False,933
83d49bb7987c0a99f6078118ee33e081,dataset_complete/cacao_diseases/cacao_photos/healthy/healthy_2408.jpg,0,8f44b331f9c1c6c6,1080,1080,/workspace/cacao/cache_256/dataset_complete/cacao_diseases/cacao_photos/healthy/healthy_2408.png,1080x1080,A,18,0.8677118,dataT/healthy/healthy_2788.jpg,0,False,False,False,0.48346516,False,934
edabb34c1b6c87ab412b0ba55fd1efca,dataset_complete/cacao_diseases/cacao_photos/healthy/healthy_2409.jpg,0,e5a4293a37278e3c,1080,1080,/workspace/cacao/cache_256/dataset_complete/cacao_diseases/cacao_photos/healthy/healthy_2409.png,1080x1080,A,18,0.85150516,dataT/healthy/healthy_1449.jpg,0,False,False,False,0.35698816,False,935
c1933148c4285d0b683884d0c3a14a88,dataset_complete/cacao_diseases/cacao_photos/healthy/healthy_2410.jpg,0,8ee659565f1235a4,1080,1080,/workspace/cacao/cache_256/dataset_complete/cacao_diseases/cacao_photos/healthy/healthy_2410.png,1080x1080,A,18,0.87382305,dataT/healthy/healthy_1264.jpg,0,False,False,False,0.48787883,False,936
45b8a19bb45b2adb48b1aea53c221b25,dataset_complete/cacao_diseases/cacao_photos/healthy/healthy_2411.jpg,0,ed1079f7361e1c81,1080,1080,/workspace/cacao/cache_256/dataset_complete/cacao_diseases/cacao_photos/healthy/healthy_2411.png,1080x1080,A,18,0.83674467,dataT/healthy/healthy_1644.jpg,0,False,False,False,0.4337549,False,937
a17ffa86e8f8281e6c27438ce0f45865,dataset_complete/cacao_diseases/cacao_photos/healthy/healthy_2412.jpg,0,be0c861477b292fa,1080,1080,/workspace/cacao/cache_256/dataset_complete/cacao_diseases/cacao_photos/healthy/healthy_2412.png,1080x1080,A,14,0.8508034,dataT/healthy/healthy_2070.jpg,0,False,False,False,0.47676164,False,938
202923cb46f490ed0689611f096d2c96,dataset_complete/cacao_diseases/cacao_photos/healthy/healthy_2413.jpg,0,b68e58435ec8a8af,1080,1080,/workspace/cacao/cache_256/dataset_complete/cacao_diseases/cacao_photos/healthy/healthy_2413.png,1080x1080,A,18,0.8449136,dataT/healthy/healthy_87.jpg,0,False,False,False,0.38037834,False,939
e2b743e45b33fc4408233aaa23c9dafc,dataset_complete/cacao_diseases/cacao_photos/healthy/healthy_2414.jpg,0,e64c19b3505ee8dc,1080,1080,/workspace/cacao/cache_256/dataset_complete/cacao_diseases/cacao_photos/healthy/healthy_2414.png,1080x1080,A,14,0.84617656,dataT/healthy/healthy_2147.jpg,0,False,False,False,0.43532464,False,940
a161f6cdbedc5729e0979eb2d20b672f,dataset_complete/cacao_diseases/cacao_photos/healthy/healthy_2415.jpg,0,a65bda16a1e90b69,1080,1080,/workspace/cacao/cache_256/dataset_complete/cacao_diseases/cacao_photos/healthy/healthy_2415.png,1080x1080,A,16,0.8320496,dataT/healthy/healthy_1647.jpg,0,False,False,False,0.47775093,False,941
47e1eb449af6234ccf04053b25c345c4,dataset_complete/cacao_diseases/cacao_photos/healthy/healthy_2416.jpg,0,a71e892d40761ef6,1080,1080,/workspace/cacao/cache_256/dataset_complete/cacao_diseases/cacao_photos/healthy/healthy_2416.png,1080x1080,A,16,0.86085236,dataT/healthy/healthy_670.jpg,0,False,False,False,0.4658399,False,942
3da8a8e7cdc3fe05405c4ae2b8f56b76,dataset_complete/cacao_diseases/cacao_photos/healthy/healthy_2417.jpg,0,f348cd2fa0f5a492,1080,1080,/workspace/cacao/cache_256/dataset_complete/cacao_diseases/cacao_photos/healthy/healthy_2417.png,1080x1080,A,18,0.8451843,dataT/healthy/healthy_1159.jpg,0,False,False,False,0.3755649,False,943
5103fd463b9c1d2ac011af5358009737,dataset_complete/cacao_diseases/cacao_photos/healthy/healthy_2418.jpg,0,f9e041635714f4ae,1080,1080,/workspace/cacao/cache_256/dataset_complete/cacao_diseases/cacao_photos/healthy/healthy_2418.png,1080x1080,A,18,0.89468694,dataT/pod_rot_black/black_pod_rot_454.jpg,1,False,False,True,0.43430656,False,944
44c5874ea392158387ed73551cd111f5,dataset_complete/cacao_diseases/cacao_photos/healthy/healthy_2419.jpg,0,d22d1d3227633e3c,1080,1080,/workspace/cacao/cache_256/dataset_complete/cacao_diseases/cacao_photos/healthy/healthy_2419.png,1080x1080,A,16,0.86986893,dataT/pod_rot_black/black_pod_rot_568.jpg,1,False,False,False,0.47874275,False,945
2faca1d3c14a4dd79bc2fb3acebd4fc0,dataset_complete/cacao_diseases/cacao_photos/healthy/healthy_2420.jpg,0,f95c6362306773a8,1080,1080,/workspace/cacao/cache_256/dataset_complete/cacao_diseases/cacao_photos/healthy/healthy_2420.png,1080x1080,A,18,0.8002815,dataT/healthy/healthy_2063.jpg,0,False,False,False,0.4080454,False,946
77a38575c87a81067f8e46b53748f44c,dataset_complete/cacao_diseases/cacao_photos/healthy/healthy_2421.jpg,0,f65280304ae7efe4,1080,1080,/workspace/cacao/cache_256/dataset_complete/cacao_diseases/cacao_photos/healthy/healthy_2421.png,1080x1080,A,18,0.87828285,dataT/healthy/healthy_2620.jpg,0,False,False,False,0.48270068,False,947
0717bfede5a611eacc05a4f47fa34a26,dataset_complete/cacao_diseases/cacao_photos/healthy/healthy_2422.jpg,0,804c5d155cf2acbf,1080,1080,/workspace/cacao/cache_256/dataset_complete/cacao_diseases/cacao_photos/healthy/healthy_2422.png,1080x1080,A,20,0.8940716,dataT/healthy/healthy_90.jpg,0,False,False,True,0.45151076,False,948
8382d07ecc2088b5c093b0a3fa3ad831,dataset_complete/cacao_diseases/cacao_photos/healthy/healthy_2423.jpg,0,cdb73733c14e8e04,1080,1080,/workspace/cacao/cache_256/dataset_complete/cacao_diseases/cacao_photos/healthy/healthy_2423.png,1080x1080,A,16,0.8455069,dataT/healthy/healthy_206.jpg,0,False,False,False,0.50985026,False,949
f05f8a6872dec77b9cfbe5fb2bee50d4,dataset_complete/cacao_diseases/cacao_photos/healthy/healthy_2424.jpg,0,9e995d7d283870f0,1080,1080,/workspace/cacao/cache_256/dataset_complete/cacao_diseases/cacao_photos/healthy/healthy_2424.png,1080x1080,A,16,0.8440548,dataT/healthy/healthy_1159.jpg,0,False,False,False,0.4437032,False,950
d92b6acdd66377210e8469ff43897ed0,dataset_complete/cacao_diseases/cacao_photos/healthy/healthy_2425.jpg,0,cee5312693c8da1e,1080,1080,/workspace/cacao/cache_256/dataset_complete/cacao_diseases/cacao_photos/healthy/healthy_2425.png,1080x1080,A,14,0.8421972,dataT/healthy/healthy_2063.jpg,0,False,False,False,0.4789412,False,951
51a97d7cf82b7440a1a3a9e0f4d30a20,dataset_complete/cacao_diseases/cacao_photos/healthy/healthy_2426.jpg,0,c68d9d3c0f92c3e1,1080,1080,/workspace/cacao/cache_256/dataset_complete/cacao_diseases/cacao_photos/healthy/healthy_2426.png,1080x1080,A,14,0.88265264,dataT/healthy/healthy_670.jpg,0,False,False,True,0.49817282,False,952
37a4249188a4712eae01c24b2032d804,dataset_complete/cacao_diseases/cacao_photos/healthy/healthy_2427.jpg,0,865919a71d1f1f83,1080,1080,/workspace/cacao/cache_256/dataset_complete/cacao_diseases/cacao_photos/healthy/healthy_2427.png,1080x1080,A,18,0.8110864,dataT/healthy/healthy_4.jpg,0,False,False,False,0.45455554,False,953
982b50b1d7eb24260ac0766995dcb4c0,dataset_complete/cacao_diseases/cacao_photos/healthy/healthy_2428.jpg,0,98d0f4669c56cea5,1080,1080,/workspace/cacao/cache_256/dataset_complete/cacao_diseases/cacao_photos/healthy/healthy_2428.png,1080x1080,A,16,0.850829,dataT/healthy/healthy_1578.jpg,0,False,False,False,0.35000187,False,954
0172c564dd56d13543843f9af6448290,dataset_complete/cacao_diseases/cacao_photos/healthy/healthy_2429.jpg,0,e4f19c7709a13969,1080,1080,/workspace/cacao/cache_256/dataset_complete/cacao_diseases/cacao_photos/healthy/healthy_2429.png,1080x1080,A,16,0.87324405,dataT/healthy/healthy_2611.jpg,0,False,False,False,0.37659746,False,955
5a1849960a49133ed72a06b55201e3b0,dataset_complete/cacao_diseases/cacao_photos/healthy/healthy_2430.jpg,0,8e858c44cb7dd1d9,1080,1080,/workspace/cacao/cache_256/dataset_complete/cacao_diseases/cacao_photos/healthy/healthy_2430.png,1080x1080,A,18,0.85902715,dataT/healthy/healthy_15.jpg,0,False,False,False,0.38256946,False,956
6525ac5a82c2074d3def05eff8995c06,dataset_complete/cacao_diseases/cacao_photos/healthy/healthy_2431.jpg,0,df032af2626f5c03,1080,1080,/workspace/cacao/cache_256/dataset_complete/cacao_diseases/cacao_photos/healthy/healthy_2431.png,1080x1080,A,18,0.8874196,dataT/healthy/healthy_105.jpg,0,False,False,True,0.4656928,False,957
d7633fdbfb532ea5dd5995ac4803f4c4,dataset_complete/cacao_diseases/cacao_photos/healthy/healthy_2432.jpg,0,e7149c2d1f783970,1080,1080,/workspace/cacao/cache_256/dataset_complete/cacao_diseases/cacao_photos/healthy/healthy_2432.png,1080x1080,A,16,0.8756443,dataT/healthy/healthy_2620.jpg,0,False,False,False,0.44910187,False,958
2d1b65b3a40dff1c6e7d074da8002e30,dataset_complete/cacao_diseases/cacao_photos/healthy/healthy_2433.jpg,0,c0381c63a3dd1ddb,1080,1080,/workspace/cacao/cache_256/dataset_complete/cacao_diseases/cacao_photos/healthy/healthy_2433.png,1080x1080,A,14,0.88796073,dataT/healthy/healthy_2598.jpg,0,False,False,True,0.3870675,False,959
4cc172ae7208e81a5ce094aca8e5ec7b,dataset_complete/cacao_diseases/cacao_photos/healthy/healthy_2434.jpg,0,e6085d7e596823b5,1080,1080,/workspace/cacao/cache_256/dataset_complete/cacao_diseases/cacao_photos/healthy/healthy_2434.png,1080x1080,A,16,0.8730426,dataT/healthy/healthy_8.jpg,0,False,False,False,0.43413562,False,960
750fd49f99ebd8f6c88a8bf845cd1afd,dataset_complete/cacao_diseases/cacao_photos/healthy/healthy_2435.jpg,0,ccae3362c4e6cd4c,1080,1080,/workspace/cacao/cache_256/dataset_complete/cacao_diseases/cacao_photos/healthy/healthy_2435.png,1080x1080,A,14,0.8309499,dataT/healthy/healthy_274.jpg,0,False,False,False,0.37117398,False,961
beede1b7b3ebf928d56466eb83c5c321,dataset_complete/cacao_diseases/cacao_photos/healthy/healthy_2436.jpg,0,aae8f1f171130597,1080,1080,/workspace/cacao/cache_256/dataset_complete/cacao_diseases/cacao_photos/healthy/healthy_2436.png,1080x1080,A,16,0.8735081,dataT/healthy/healthy_2500.jpg,0,False,False,False,0.4698071,False,962
7db047d507cdbe91f9953bf31dc9a9e8,dataset_complete/cacao_diseases/cacao_photos/healthy/healthy_2437.jpg,0,e2d844776beac1c2,1080,1080,/workspace/cacao/cache_256/dataset_complete/cacao_diseases/cacao_photos/healthy/healthy_2437.png,1080x1080,A,18,0.8779213,dataT/healthy/healthy_2117.jpg,0,False,False,False,0.4497714,False,963
b238256171f70e97e2d5f8d640278f8d,dataset_complete/cacao_diseases/cacao_photos/healthy/healthy_2438.jpg,0,a4b33a434c787a6e,1080,1080,/workspace/cacao/cache_256/dataset_complete/cacao_diseases/cacao_photos/healthy/healthy_2438.png,1080x1080,A,14,0.8496897,dataT/healthy/healthy_2131.jpg,0,False,False,False,0.40154868,False,964
e633adac5f47b3d6ed8e728d471b0546,dataset_complete/cacao_diseases/cacao_photos/healthy/healthy_2439.jpg,0,cf8988797a62e0e6,1080,1080,/workspace/cacao/cache_256/dataset_complete/cacao_diseases/cacao_photos/healthy/healthy_2439.png,1080x1080,A,16,0.8495921,dataT/healthy/healthy_274.jpg,0,False,False,False,0.40408516,False,965
27e868183f3fc594eed7afb71a71d4ab,dataset_complete/cacao_diseases/cacao_photos/healthy/healthy_2440.jpg,0,ffaa01479cd0d859,1080,1080,/workspace/cacao/cache_256/dataset_complete/cacao_diseases/cacao_photos/healthy/healthy_2440.png,1080x1080,A,18,0.8456495,dataT/healthy/healthy_1666.jpg,0,False,False,False,0.40119225,False,966
62e89b4e73a8ad81ef8763697ff0cf38,dataset_complete/cacao_diseases/cacao_photos/healthy/healthy_2441.jpg,0,ff7c802087768f16,1080,1080,/workspace/cacao/cache_256/dataset_complete/cacao_diseases/cacao_photos/healthy/healthy_2441.png,1080x1080,A,18,0.9409238,dataT/healthy/healthy_2504.jpg,0,True,True,True,0.38863534,False,967
777ca052625fab678cd69f5621ce133b,dataset_complete/cacao_diseases/cacao_photos/healthy/healthy_2442.jpg,0,f5939439b0f8115e,1080,1080,/workspace/cacao/cache_256/dataset_complete/cacao_diseases/cacao_photos/healthy/healthy_2442.png,1080x1080,A,14,0.9509096,dataT/healthy/healthy_2503.jpg,0,True,True,False,0.3568329,False,968
71d02d71e0ab06d1857c9a853f02b781,dataset_complete/cacao_diseases/cacao_photos/healthy/healthy_2443.jpg,0,c69673314b1a8ebc,1080,1080,/workspace/cacao/cache_256/dataset_complete/cacao_diseases/cacao_photos/healthy/healthy_2443.png,1080x1080,A,16,0.87706876,dataT/pod_rot_black/black_pod_rot_345.jpg,1,False,False,False,0.48919612,False,969
616092407a431e72697ea2961dac1ed2,dataset_complete/cacao_diseases/cacao_photos/healthy/healthy_2444.jpg,0,a1ba1db5caa93543,1080,1080,/workspace/cacao/cache_256/dataset_complete/cacao_diseases/cacao_photos/healthy/healthy_2444.png,1080x1080,A,20,0.8693108,dataT/pod_rot_black/black_pod_rot_120.jpg,1,False,False,False,0.39063996,False,970
722f87f8646b10dd38993b147eaba7a3,dataset_complete/cacao_diseases/cacao_photos/healthy/healthy_2445.jpg,0,c9cbdc259f298e0c,1080,1080,/workspace/cacao/cache_256/dataset_complete/cacao_diseases/cacao_photos/healthy/healthy_2445.png,1080x1080,A,18,0.8847563,dataT/healthy/healthy_70.jpg,0,False,False,True,0.4881301,False,971
21b16ab170b7e71093618776e465925b,dataset_complete/cacao_diseases/cacao_photos/healthy/healthy_2446.jpg,0,ec0e8c2992d6f1c7,1080,1080,/workspace/cacao/cache_256/dataset_complete/cacao_diseases/cacao_photos/healthy/healthy_2446.png,1080x1080,A,16,0.88457954,dataT/healthy/healthy_2577.jpg,0,False,False,True,0.43749607,False,972
3b99a62e3544a34c824e3a27147c3fc1,dataset_complete/cacao_diseases/cacao_photos/healthy/healthy_2447.jpg,0,e40ac1b64fc2adcd,1080,1080,/workspace/cacao/cache_256/dataset_complete/cacao_diseases/cacao_photos/healthy/healthy_2447.png,1080x1080,A,16,0.9093483,dataT/healthy/healthy_277.jpg,0,False,False,True,0.32458258,False,973
fb2a30c3875640c553465c872f517ed0,dataset_complete/cacao_diseases/cacao_photos/healthy/healthy_2448.jpg,0,f9ad387e22889595,1080,1080,/workspace/cacao/cache_256/dataset_complete/cacao_diseases/cacao_photos/healthy/healthy_2448.png,1080x1080,A,16,0.8492968,dataT/healthy/healthy_606.jpg,0,False,False,False,0.3696491,False,974
19bf5ac3656dbc0dd37630dd7ee0cb41,dataset_complete/cacao_diseases/cacao_photos/healthy/healthy_2449.jpg,0,cd91b4b7731643c8,1080,1080,/workspace/cacao/cache_256/dataset_complete/cacao_diseases/cacao_photos/healthy/healthy_2449.png,1080x1080,A,14,0.8775606,dataT/healthy/healthy_246.jpg,0,False,False,False,0.48176053,False,975
af0dac9ed3b17676ad143d735dfd4713,dataset_complete/cacao_diseases/cacao_photos/healthy/healthy_2450.jpg,0,c7df8661602d2cda,1080,1080,/workspace/cacao/cache_256/dataset_complete/cacao_diseases/cacao_photos/healthy/healthy_2450.png,1080x1080,A,16,0.87548554,dataT/healthy/healthy_2133.jpg,0,False,False,False,0.533507,False,976
e85a55adfe62bee82423c424595b0910,dataset_complete/cacao_diseases/cacao_photos/healthy/healthy_2451.jpg,0,90b94734325372f7,1080,1080,/workspace/cacao/cache_256/dataset_complete/cacao_diseases/cacao_photos/healthy/healthy_2451.png,1080x1080,A,16,0.86085266,dataT/healthy/healthy_2817.jpg,0,False,False,False,0.43452927,False,977
f2ec935660f7144fa3b61999f7162574,dataset_complete/cacao_diseases/cacao_photos/healthy/healthy_2452.jpg,0,b14cccf297115cbc,1080,1080,/workspace/cacao/cache_256/dataset_complete/cacao_diseases/cacao_photos/healthy/healthy_2452.png,1080x1080,A,18,0.8523555,dataT/healthy/healthy_278.jpg,0,False,False,False,0.44250152,False,978
2a965a8dd58daa2bd0816e90197f8f3c,dataset_complete/cacao_diseases/cacao_photos/healthy/healthy_2453.jpg,0,d2bcc5e4b41612bd,1080,1080,/workspace/cacao/cache_256/dataset_complete/cacao_diseases/cacao_photos/healthy/healthy_2453.png,1080x1080,A,16,0.9056072,dataT/healthy/healthy_278.jpg,0,False,False,True,0.40944117,False,979
a2e03fa27330919053bd145d540a5066,dataset_complete/cacao_diseases/cacao_photos/healthy/healthy_2454.jpg,0,ce631377da07053a,1080,1080,/workspace/cacao/cache_256/dataset_complete/cacao_diseases/cacao_photos/healthy/healthy_2454.png,1080x1080,A,18,0.82953703,dataT/healthy/healthy_1647.jpg,0,False,False,False,0.37525517,False,980
7a91688f5bf441133257ad0560068018,dataset_complete/cacao_diseases/cacao_photos/healthy/healthy_2455.jpg,0,82d1726ec5c6cbc5,1080,1080,/workspace/cacao/cache_256/dataset_complete/cacao_diseases/cacao_photos/healthy/healthy_2455.png,1080x1080,A,16,0.8725576,dataT/healthy/healthy_1580.jpg,0,False,False,False,0.4394505,False,981
664a292a18aede73b67170729234ae97,dataset_complete/cacao_diseases/cacao_photos/healthy/healthy_2456.jpg,0,cc9b333f5151d898,1080,1080,/workspace/cacao/cache_256/dataset_complete/cacao_diseases/cacao_photos/healthy/healthy_2456.png,1080x1080,A,16,0.88091695,dataT/healthy/healthy_282.jpg,0,False,False,True,0.44687012,False,982
64e9e7287e9fb57ae25b6df76b58cf58,dataset_complete/cacao_diseases/cacao_photos/healthy/healthy_2457.jpg,0,cc8e3432b4511fdd,1080,1080,/workspace/cacao/cache_256/dataset_complete/cacao_diseases/cacao_photos/healthy/healthy_2457.png,1080x1080,A,16,0.9028394,dataT/healthy/healthy_272.jpg,0,False,False,True,0.42804366,False,983
060df639caf1bc6cbe471975546a2a10,dataset_complete/cacao_diseases/cacao_photos/healthy/healthy_2458.jpg,0,95d58d277260a1dd,1080,1080,/workspace/cacao/cache_256/dataset_complete/cacao_diseases/cacao_photos/healthy/healthy_2458.png,1080x1080,A,16,0.90505606,dataT/healthy/healthy_272.jpg,0,False,False,True,0.43284762,False,984
105c8266a85225a8b368cfc1c6498062,dataset_complete/cacao_diseases/cacao_photos/healthy/healthy_2459.jpg,0,e72f3b7968205cc2,1080,1080,/workspace/cacao/cache_256/dataset_complete/cacao_diseases/cacao_photos/healthy/healthy_2459.png,1080x1080,A,20,0.8687489,dataT/healthy/healthy_1080.jpg,0,False,False,False,0.42519927,False,985
881672a8513975cd0e1cb09b3b3f0e7a,dataset_complete/cacao_diseases/cacao_photos/healthy/healthy_2460.jpg,0,b73968e79db2a180,1080,1080,/workspace/cacao/cache_256/dataset_complete/cacao_diseases/cacao_photos/healthy/healthy_2460.png,1080x1080,A,16,0.87208545,dataT/healthy/healthy_2500.jpg,0,False,False,False,0.43180668,False,986
9f2e251886323bb66aefd21e8602e178,dataset_complete/cacao_diseases/cacao_photos/healthy/healthy_2461.jpg,0,e2ec847ab93195d1,1080,1080,/workspace/cacao/cache_256/dataset_complete/cacao_diseases/cacao_photos/healthy/healthy_2461.png,1080x1080,A,16,0.8470799,dataT/healthy/healthy_692.jpg,0,False,False,False,0.42942184,False,987
1917f6e878fc13e86461ae4346417a75,dataset_complete/cacao_diseases/cacao_photos/healthy/healthy_2462.jpg,0,ee98d86da44e4a95,1080,1080,/workspace/cacao/cache_256/dataset_complete/cacao_diseases/cacao_photos/healthy/healthy_2462.png,1080x1080,A,16,0.9342641,dataT/healthy/healthy_231.jpg,0,True,True,True,0.37490273,False,988
28cf511d7762d86fd66eb912e030d197,dataset_complete/cacao_diseases/cacao_photos/healthy/healthy_2463.jpg,0,e39c5c720227696f,1080,1080,/workspace/cacao/cache_256/dataset_complete/cacao_diseases/cacao_photos/healthy/healthy_2463.png,1080x1080,A,14,0.876347,dataT/healthy/healthy_213.jpg,0,False,False,False,0.472498,False,989
63943ebfaf57a189a7544c6c275748e5,dataset_complete/cacao_diseases/cacao_photos/healthy/healthy_2464.jpg,0,9ac9ec64b6a3a525,1080,1080,/workspace/cacao/cache_256/dataset_complete/cacao_diseases/cacao_photos/healthy/healthy_2464.png,1080x1080,A,12,0.8957455,dataT/healthy/healthy_212.jpg,0,False,False,True,0.49009487,False,990
f7aa060a0967c4471b9298467bd3244b,dataset_complete/cacao_diseases/cacao_photos/healthy/healthy_2465.jpg,0,b4888d2f97d7c28a,1080,1080,/workspace/cacao/cache_256/dataset_complete/cacao_diseases/cacao_photos/healthy/healthy_2465.png,1080x1080,A,16,0.90163517,dataT/healthy/healthy_255.jpg,0,False,False,True,0.49001694,False,991
f868b6219506578578c083decc716d68,dataset_complete/cacao_diseases/cacao_photos/healthy/healthy_2466.jpg,0,9dcc5e2c2079f2b1,1080,1080,/workspace/cacao/cache_256/dataset_complete/cacao_diseases/cacao_photos/healthy/healthy_2466.png,1080x1080,A,18,0.88298434,dataT/healthy/healthy_2513.jpg,0,False,False,True,0.53766716,False,992
99a403666564855f1eec4d152f278339,dataset_complete/cacao_diseases/cacao_photos/healthy/healthy_2467.jpg,0,eeeaac65561612d1,1080,1080,/workspace/cacao/cache_256/dataset_complete/cacao_diseases/cacao_photos/healthy/healthy_2467.png,1080x1080,A,16,0.9171461,dataT/healthy/healthy_286.jpg,0,False,False,True,0.47145844,False,993
643a46f88e541b45d428f7e6cf3f9edf,dataset_complete/cacao_diseases/cacao_photos/healthy/healthy_2468.jpg,0,a378fc26bc961a92,1080,1080,/workspace/cacao/cache_256/dataset_complete/cacao_diseases/cacao_photos/healthy/healthy_2468.png,1080x1080,A,14,0.89645493,dataT/healthy/healthy_286.jpg,0,False,False,True,0.53722227,False,994
f56089836955bab47f8573113c088095,dataset_complete/cacao_diseases/cacao_photos/healthy/healthy_2469.jpg,0,d6d2596268667c0f,1080,1080,/workspace/cacao/cache_256/dataset_complete/cacao_diseases/cacao_photos/healthy/healthy_2469.png,1080x1080,A,16,0.8248136,dataT/healthy/healthy_223.jpg,0,False,False,False,0.4899004,False,995
bc8c4436cf0c049703c9e10fff982516,dataset_complete/cacao_diseases/cacao_photos/healthy/healthy_2470.jpg,0,d8b8e163ee0ec985,1080,1080,/workspace/cacao/cache_256/dataset_complete/cacao_diseases/cacao_photos/healthy/healthy_2470.png,1080x1080,A,14,0.8765594,dataT/healthy/healthy_2623.jpg,0,False,False,False,0.49810767,False,996
38eb0d3b0bfc4da491f495615c572622,dataset_complete/cacao_diseases/cacao_photos/healthy/healthy_2471.jpg,0,f2cd7f233070183e,1080,1080,/workspace/cacao/cache_256/dataset_complete/cacao_diseases/cacao_photos/healthy/healthy_2471.png,1080x1080,A,14,0.86244655,dataT/healthy/healthy_1150.jpg,0,False,False,False,0.46091056,False,997
ff32c71c56b5b53b9064e34cfc97916f,dataset_complete/cacao_diseases/cacao_photos/healthy/healthy_2472.jpg,0,9ccd5d6461464e9e,1080,1080,/workspace/cacao/cache_256/dataset_complete/cacao_diseases/cacao_photos/healthy/healthy_2472.png,1080x1080,A,14,0.86955506,dataT/healthy/healthy_692.jpg,0,False,False,False,0.44664454,False,998
61689356cd7c17aa020e053c9b8b3611,dataset_complete/cacao_diseases/cacao_photos/healthy/healthy_2473.jpg,0,eaa514762a22eb1f,1080,1080,/workspace/cacao/cache_256/dataset_complete/cacao_diseases/cacao_photos/healthy/healthy_2473.png,1080x1080,A,16,0.8991441,dataT/healthy/healthy_2597.jpg,0,False,False,True,0.5365284,False,999
3d7b6d839c991b2a0d023be24a03d8e1,dataset_complete/cacao_diseases/cacao_photos/healthy/healthy_2474.jpg,0,e6090c7d3d7e1352,1080,1080,/workspace/cacao/cache_256/dataset_complete/cacao_diseases/cacao_photos/healthy/healthy_2474.png,1080x1080,A,14,0.8858187,dataT/healthy/healthy_2117.jpg,0,False,False,True,0.42182332,False,1000
ef0750b9f1f1cd7945ec8646ce083ac3,dataset_complete/cacao_diseases/cacao_photos/healthy/healthy_2475.jpg,0,b2b5d93148527f15,1080,1080,/workspace/cacao/cache_256/dataset_complete/cacao_diseases/cacao_photos/healthy/healthy_2475.png,1080x1080,A,18,0.8545495,dataT/healthy/healthy_285.jpg,0,False,False,False,0.44441175,False,1001
a64f5858ee63107f376b898618e59645,dataset_complete/cacao_diseases/cacao_photos/healthy/healthy_2476.jpg,0,85d9d861e32661f6,1080,1080,/workspace/cacao/cache_256/dataset_complete/cacao_diseases/cacao_photos/healthy/healthy_2476.png,1080x1080,A,16,0.8416315,dataT/healthy/healthy_291.jpg,0,False,False,False,0.4880637,False,1002
08542ea78f1e7a7a49984a47c4473280,dataset_complete/cacao_diseases/cacao_photos/healthy/healthy_2477.jpg,0,e3553e7612c6e419,1080,1080,/workspace/cacao/cache_256/dataset_complete/cacao_diseases/cacao_photos/healthy/healthy_2477.png,1080x1080,A,14,0.87486434,dataT/healthy/healthy_2650.jpg,0,False,False,False,0.48126757,False,1003
e0a3e33a7806b2cae4849d17523d42e3,dataset_complete/cacao_diseases/cacao_photos/healthy/healthy_2478.jpg,0,868ca670f8f33c8e,1080,1080,/workspace/cacao/cache_256/dataset_complete/cacao_diseases/cacao_photos/healthy/healthy_2478.png,1080x1080,A,16,0.8362462,dataT/pod_rot_black/black_pod_rot_568.jpg,1,False,False,False,0.5799089,False,1004
35f82d01d0446889c9e9b018cd1bfb1c,dataset_complete/cacao_diseases/cacao_photos/healthy/healthy_2479.jpg,0,dae46c3312cbcdc4,1080,1080,/workspace/cacao/cache_256/dataset_complete/cacao_diseases/cacao_photos/healthy/healthy_2479.png,1080x1080,A,18,0.8678795,dataT/healthy/healthy_1159.jpg,0,False,False,False,0.4308746,False,1005
b3c31081e7890ba048bfad2f63d8f6da,dataset_complete/cacao_diseases/cacao_photos/healthy/healthy_2480.jpg,0,c6cccdf68327e094,1080,1080,/workspace/cacao/cache_256/dataset_complete/cacao_diseases/cacao_photos/healthy/healthy_2480.png,1080x1080,A,16,0.8608365,dataT/healthy/healthy_290.jpg,0,False,False,True,0.46444896,False,1006
07a9edba9af5f6e0a85b1daf002ce166,dataset_complete/cacao_diseases/cacao_photos/healthy/healthy_2481.jpg,0,81c586f6f98726c9,1080,1080,/workspace/cacao/cache_256/dataset_complete/cacao_diseases/cacao_photos/healthy/healthy_2481.png,1080x1080,A,20,0.7968624,dataT/healthy/healthy_658.jpg,0,False,False,False,0.41151392,False,1007
cbf47a3f99d249e922deb0e85bc01a77,dataset_complete/cacao_diseases/cacao_photos/healthy/healthy_2482.jpg,0,ce2c7121c15fdec2,1080,1080,/workspace/cacao/cache_256/dataset_complete/cacao_diseases/cacao_photos/healthy/healthy_2482.png,1080x1080,A,16,0.8982073,dataT/healthy/healthy_414.jpg,0,False,False,True,0.5146421,False,1008
1d2b28f828e35ba04f84fe4fa0c61679,dataset_complete/cacao_diseases/cacao_photos/healthy/healthy_2483.jpg,0,b24c0d70764b6b4f,1080,1080,/workspace/cacao/cache_256/dataset_complete/cacao_diseases/cacao_photos/healthy/healthy_2483.png,1080x1080,A,18,0.84265214,dataT/healthy/healthy_104.jpg,0,False,False,False,0.4681755,False,1009
5e8eaaac284ae881e16321d8660f23b6,dataset_complete/cacao_diseases/cacao_photos/healthy/healthy_2484.jpg,0,d97473c98c7e3019,1080,1080,/workspace/cacao/cache_256/dataset_complete/cacao_diseases/cacao_photos/healthy/healthy_2484.png,1080x1080,A,20,0.7690933,dataT/healthy/healthy_280.jpg,0,False,False,False,0.36613682,False,1010
399da98f93d77ff6855f470bbfdcb717,dataset_complete/cacao_diseases/cacao_photos/healthy/healthy_2485.jpg,0,cedaa96220a5b597,1080,1080,/workspace/cacao/cache_256/dataset_complete/cacao_diseases/cacao_photos/healthy/healthy_2485.png,1080x1080,A,16,0.89458615,dataT/healthy/healthy_282.jpg,0,False,False,True,0.44213557,False,1011
0234a9ddb395f5dd049ccbe516a4cc80,dataset_complete/cacao_diseases/cacao_photos/healthy/healthy_2486.jpg,0,e6189946d3d5549e,1080,1080,/workspace/cacao/cache_256/dataset_complete/cacao_diseases/cacao_photos/healthy/healthy_2486.png,1080x1080,A,18,0.86984456,dataT/healthy/healthy_87.jpg,0,False,False,False,0.51186335,False,1012
857a3d9bb410017d16572451c90756e0,dataset_complete/cacao_diseases/cacao_photos/healthy/healthy_2487.jpg,0,c9896333999a9ccd,1080,1080,/workspace/cacao/cache_256/dataset_complete/cacao_diseases/cacao_photos/healthy/healthy_2487.png,1080x1080,A,14,0.80956864,dataT/healthy/healthy_2603.jpg,0,False,False,False,0.5212634,False,1013
9d462f47f605a2669c6d00985e9bc87e,dataset_complete/cacao_diseases/cacao_photos/healthy/healthy_2488.jpg,0,83fffc663206e282,1080,1080,/workspace/cacao/cache_256/dataset_complete/cacao_diseases/cacao_photos/healthy/healthy_2488.png,1080x1080,A,16,0.8686067,dataT/healthy/healthy_2585.jpg,0,False,False,True,0.416714,False,1014
3f3af0d5190951105014ad0e581e9ef5,dataset_complete/cacao_diseases/cacao_photos/healthy/healthy_2489.jpg,0,af6a58738031ed69,1080,1080,/workspace/cacao/cache_256/dataset_complete/cacao_diseases/cacao_photos/healthy/healthy_2489.png,1080x1080,A,18,0.8727038,dataT/healthy/healthy_2101.jpg,0,False,False,False,0.51207507,False,1015
1c89f1517576a9f2269202fc96e1a8bd,dataset_complete/cacao_diseases/cacao_photos/healthy/healthy_2490.jpg,0,f1577e61492921f4,1080,1080,/workspace/cacao/cache_256/dataset_complete/cacao_diseases/cacao_photos/healthy/healthy_2490.png,1080x1080,A,18,0.8684355,dataT/healthy/healthy_2644.jpg,0,False,False,True,0.4683682,False,1016
11a6a00ad06552659b52ff680239e761,dataset_complete/cacao_diseases/cacao_photos/healthy/healthy_2491.jpg,0,979e8581da6b6943,1080,1080,/workspace/cacao/cache_256/dataset_complete/cacao_diseases/cacao_photos/healthy/healthy_2491.png,1080x1080,A,18,0.9198487,dataT/healthy/healthy_255.jpg,0,False,False,True,0.4733934,False,991
4078f312971fc6b7bdd8fe3404edbd8c,dataset_complete/cacao_diseases/cacao_photos/healthy/healthy_2492.jpg,0,911d5c30616337fe,1080,1080,/workspace/cacao/cache_256/dataset_complete/cacao_diseases/cacao_photos/healthy/healthy_2492.png,1080x1080,A,16,0.87799954,dataT/healthy/healthy_447.jpg,0,False,False,True,0.51624554,False,1018
19dfa31cc4b975452e8309d1781109cf,dataset_complete/cacao_diseases/cacao_photos/healthy/healthy_2493.jpg,0,a7a5180c3d357be1,1080,1080,/workspace/cacao/cache_256/dataset_complete/cacao_diseases/cacao_photos/healthy/healthy_2493.png,1080x1080,A,16,0.87937796,dataT/healthy/healthy_2133.jpg,0,True,True,False,0.57001925,False,1019
9efe19f8b3d051f1047843a3653c03ac,dataset_complete/cacao_diseases/cacao_photos/healthy/healthy_2494.jpg,0,a59212f1bd271f43,1080,1080,/workspace/cacao/cache_256/dataset_complete/cacao_diseases/cacao_photos/healthy/healthy_2494.png,1080x1080,A,18,0.89590347,dataT/healthy/healthy_223.jpg,0,True,True,True,0.53169084,False,1020
b77ec1b7f155a250f416fd29ea9ee1a8,dataset_complete/cacao_diseases/cacao_photos/healthy/healthy_2520.jpg,0,be1cc87c3c7061b3,1080,1080,/workspace/cacao/cache_256/dataset_complete/cacao_diseases/cacao_photos/healthy/healthy_2520.png,1080x1080,A,16,0.87297344,dataT/healthy/healthy_89.jpg,0,True,True,True,0.45080292,False,1021
aa0420e63b95323adbbc1a981770900b,dataset_complete/cacao_diseases/cacao_photos/healthy/healthy_2521.jpg,0,e4cc9e78c8350f6a,1080,1080,/workspace/cacao/cache_256/dataset_complete/cacao_diseases/cacao_photos/healthy/healthy_2521.png,1080x1080,A,16,0.8294928,dataT/healthy/healthy_11.jpg,0,False,False,False,0.38199273,False,1022
9ce1ecce7412679b4650a262211273c8,dataset_complete/cacao_diseases/cacao_photos/healthy/healthy_2522.jpg,0,ae16c3a18bc35c1f,1080,1080,/workspace/cacao/cache_256/dataset_complete/cacao_diseases/cacao_photos/healthy/healthy_2522.png,1080x1080,A,18,0.84893966,dataT/healthy/healthy_274.jpg,0,False,False,True,0.5364283,False,1023
9df5078e20c1c6f714903479e6321561,dataset_complete/cacao_diseases/cacao_photos/healthy/healthy_2523.jpg,0,b605cc665f266a6a,1080,1080,/workspace/cacao/cache_256/dataset_complete/cacao_diseases/cacao_photos/healthy/healthy_2523.png,1080x1080,A,16,0.8974253,dataT/healthy/healthy_247.jpg,0,False,False,True,0.4800563,False,1024
d2b4e28869193f17c9af5bd546ea1356,dataset_complete/cacao_diseases/cacao_photos/healthy/healthy_2524.jpg,0,e61b5b5c688f08f4,1080,1080,/workspace/cacao/cache_256/dataset_complete/cacao_diseases/cacao_photos/healthy/healthy_2524.png,1080x1080,A,18,0.88727295,dataT/healthy/healthy_2577.jpg,0,False,False,True,0.4464457,False,1025
e283e0369401b0a88de2b51b8367dede,dataset_complete/cacao_diseases/cacao_photos/healthy/healthy_2525.jpg,0,db07dca6c1910d7c,1080,1080,/workspace/cacao/cache_256/dataset_complete/cacao_diseases/cacao_photos/healthy/healthy_2525.png,1080x1080,A,18,0.8376773,dataT/healthy/healthy_2501.jpg,0,False,False,False,0.47515464,False,1026
8b48a189c2d6f415064659841d04565e,dataset_complete/cacao_diseases/cacao_photos/healthy/healthy_2526.jpg,0,c6cdd9c00862decf,1080,1080,/workspace/cacao/cache_256/dataset_complete/cacao_diseases/cacao_photos/healthy/healthy_2526.png,1080x1080,A,18,0.92760146,dataT/pod_rot_black/black_pod_rot_212.jpg,1,True,True,True,0.48798862,False,1027
4531c237dc0db79bb806cdd067601b92,dataset_complete/cacao_diseases/cacao_photos/healthy/healthy_2527.jpg,0,cacd92233be60f91,1080,1080,/workspace/cacao/cache_256/dataset_complete/cacao_diseases/cacao_photos/healthy/healthy_2527.png,1080x1080,A,14,0.87163985,dataT/healthy/healthy_2784.jpg,0,False,False,False,0.51571375,False,1028
b3e87a6748bf10cac620fe2485c764c5,dataset_complete/cacao_diseases/cacao_photos/healthy/healthy_2528.jpg,0,ca9b99e7e03e0989,1080,1080,/workspace/cacao/cache_256/dataset_complete/cacao_diseases/cacao_photos/healthy/healthy_2528.png,1080x1080,A,16,0.85425425,dataT/pod_rot_black/black_pod_rot_212.jpg,1,False,False,False,0.4595124,False,1029
4dbf968e9ace6c0e2a110128a03ca1e4,dataset_complete/cacao_diseases/cacao_photos/healthy/healthy_2529.jpg,0,96bad63350307bb4,1080,1080,/workspace/cacao/cache_256/dataset_complete/cacao_diseases/cacao_photos/healthy/healthy_2529.png,1080x1080,A,16,0.867265,dataT/healthy/healthy_96.jpg,0,False,False,False,0.53418565,False,1030
3edcd199a65d58ae546d5a9f57a5efa3,dataset_complete/cacao_diseases/cacao_photos/healthy/healthy_2530.jpg,0,8fa9e5200273763f,1080,1080,/workspace/cacao/cache_256/dataset_complete/cacao_diseases/cacao_photos/healthy/healthy_2530.png,1080x1080,A,16,0.882643,dataT/healthy/healthy_2778.jpg,0,False,False,True,0.507307,False,1031
f97f4da491b19acfd487bdd414b85951,dataset_complete/cacao_diseases/cacao_photos/healthy/healthy_2531.jpg,0,b6b4d872ab29698c,1080,1080,/workspace/cacao/cache_256/dataset_complete/cacao_diseases/cacao_photos/healthy/healthy_2531.png,1080x1080,A,16,0.8376857,dataT/healthy/healthy_2638.jpg,0,False,False,False,0.44515762,False,1032
47d7861bf3dbebb9dd75a89f35fc093c,dataset_complete/cacao_diseases/cacao_photos/healthy/healthy_2532.jpg,0,8d0e63b3314b59ad,1080,1080,/workspace/cacao/cache_256/dataset_complete/cacao_diseases/cacao_photos/healthy/healthy_2532.png,1080x1080,A,14,0.8628237,dataT/healthy/healthy_75.jpg,0,True,True,False,0.4347614,False,1033
27dd665a4050d76c31a6a9380e0dcbef,dataset_complete/cacao_diseases/cacao_photos/healthy/healthy_2533.jpg,0,e758b9f101a1e783,1080,1080,/workspace/cacao/cache_256/dataset_complete/cacao_diseases/cacao_photos/healthy/healthy_2533.png,1080x1080,A,18,0.89205027,dataT/healthy/healthy_100.jpg,0,False,False,True,0.54355955,False,1034
7622c789ac1d7f1add98a25ebc5d8823,dataset_complete/cacao_diseases/cacao_photos/healthy/healthy_2534.jpg,0,e494a36c446c6b7b,1080,1080,/workspace/cacao/cache_256/dataset_complete/cacao_diseases/cacao_photos/healthy/healthy_2534.png,1080x1080,A,18,0.8237644,dataT/healthy/healthy_3159.jpg,0,False,False,False,0.43540338,False,1035
1bebaca48689ef68d39ace6622cb0dbf,dataset_complete/cacao_diseases/cacao_photos/healthy/healthy_2535.jpg,0,e7e5a425ac69a85a,1080,1080,/workspace/cacao/cache_256/dataset_complete/cacao_diseases/cacao_photos/healthy/healthy_2535.png,1080x1080,A,16,0.87521636,dataT/healthy/healthy_2602.jpg,0,False,False,False,0.39771372,False,1036
473bcb0edd773e2c4bca082b13826ed3,dataset_complete/cacao_diseases/cacao_photos/healthy/healthy_2536.jpg,0,bd18155e2c363573,1080,1080,/workspace/cacao/cache_256/dataset_complete/cacao_diseases/cacao_photos/healthy/healthy_2536.png,1080x1080,A,18,0.9264144,dataT/healthy/healthy_263.jpg,0,False,False,True,0.41000086,False,1037
d48723770009bd801a5b9c9fd3db7490,dataset_complete/cacao_diseases/cacao_photos/healthy/healthy_2537.jpg,0,a70dcb2269367936,1080,1080,/workspace/cacao/cache_256/dataset_complete/cacao_diseases/cacao_photos/healthy/healthy_2537.png,1080x1080,A,16,0.86573845,dataT/healthy/healthy_3131.jpg,0,False,False,False,0.5226611,False,1038
fbd3df5fe509a43d95581cb14fa13494,dataset_complete/cacao_diseases/cacao_photos/healthy/healthy_2538.jpg,0,9d9d74f383a90989,1080,1080,/workspace/cacao/cache_256/dataset_complete/cacao_diseases/cacao_photos/healthy/healthy_2538.png,1080x1080,A,18,0.8452488,dataT/healthy/healthy_2501.jpg,0,False,False,False,0.5146501,False,1039
1978ab4d54b7920b0c1451d71f63e605,dataset_complete/cacao_diseases/cacao_photos/healthy/healthy_2539.jpg,0,f2998d0188755d3f,1080,1080,/workspace/cacao/cache_256/dataset_complete/cacao_diseases/cacao_photos/healthy/healthy_2539.png,1080x1080,A,14,0.8830365,dataT/healthy/healthy_2620.jpg,0,False,False,True,0.51472086,False,1040
130b13ec3c79ebeec2e7a3ee7df56601,dataset_complete/cacao_diseases/cacao_photos/healthy/healthy_2540.jpg,0,965adb2ddc045c56,1080,1080,/workspace/cacao/cache_256/dataset_complete/cacao_diseases/cacao_photos/healthy/healthy_2540.png,1080x1080,A,18,0.8630963,dataT/healthy/healthy_265.jpg,0,False,False,False,0.5166528,False,1041
2554bf462bd82b6b3127a62d294dda71,dataset_complete/cacao_diseases/cacao_photos/healthy/healthy_2541.jpg,0,b71cdec38ea0c8c5,1080,1080,/workspace/cacao/cache_256/dataset_complete/cacao_diseases/cacao_photos/healthy/healthy_2541.png,1080x1080,A,16,0.8193128,dataT/healthy/healthy_266.jpg,0,False,False,False,0.58390236,False,1042
fa5b95f22d2e23cdc30ec4ce5df70913,dataset_complete/cacao_diseases/cacao_photos/healthy/healthy_2542.jpg,0,9c99c92de4e4a572,1080,1080,/workspace/cacao/cache_256/dataset_complete/cacao_diseases/cacao_photos/healthy/healthy_2542.png,1080x1080,A,16,0.9102353,dataT/healthy/healthy_2516.jpg,0,True,True,True,0.5472549,False,1043
41c22e6d5835bd2831a45ee45f8243d4,dataset_complete/cacao_diseases/cacao_photos/healthy/healthy_2543.jpg,0,a3e8d916183cad67,1080,1080,/workspace/cacao/cache_256/dataset_complete/cacao_diseases/cacao_photos/healthy/healthy_2543.png,1080x1080,A,18,0.87953323,dataT/healthy/healthy_4.jpg,0,False,False,False,0.52820593,False,1044
b8edb5d6c3dffd35e8cd69a52add3ba2,dataset_complete/cacao_diseases/cacao_photos/healthy/healthy_2544.jpg,0,92d8eab1131297af,1080,1080,/workspace/cacao/cache_256/dataset_complete/cacao_diseases/cacao_photos/healthy/healthy_2544.png,1080x1080,A,16,0.8303257,dataT/healthy/healthy_265.jpg,0,False,False,False,0.469585,False,1045
95eeeabcf376cce8484b13d55d33bb82,dataset_complete/cacao_diseases/cacao_photos/healthy/healthy_2545.jpg,0,a27d7c23474f4c58,1080,1080,/workspace/cacao/cache_256/dataset_complete/cacao_diseases/cacao_photos/healthy/healthy_2545.png,1080x1080,A,18,0.89230335,dataT/healthy/healthy_8.jpg,0,False,False,True,0.3903284,False,1046
9fbab441fe03372880d8a82d551d856c,dataset_complete/cacao_diseases/cacao_photos/healthy/healthy_2546.jpg,0,cccf554a1023faf4,1080,1080,/workspace/cacao/cache_256/dataset_complete/cacao_diseases/cacao_photos/healthy/healthy_2546.png,1080x1080,A,18,0.88100994,dataT/healthy/healthy_265.jpg,0,False,False,True,0.5093812,False,1047
d88422e79828417a93eb39ea36b2e9aa,dataset_complete/cacao_diseases/cacao_photos/healthy/healthy_2547.jpg,0,f2d89cb825525ea3,1080,1080,/workspace/cacao/cache_256/dataset_complete/cacao_diseases/cacao_photos/healthy/healthy_2547.png,1080x1080,A,18,0.85008824,dataT/healthy/healthy_8.jpg,0,False,False,False,0.43335488,False,1048
37f566469b7bf43201dd79d6f4c6c813,dataset_complete/cacao_diseases/cacao_photos/healthy/healthy_2548.jpg,0,d39afd604513b523,1080,1080,/workspace/cacao/cache_256/dataset_complete/cacao_diseases/cacao_photos/healthy/healthy_2548.png,1080x1080,A,18,0.83680606,dataT/healthy/healthy_418.jpg,0,False,False,False,0.4630338,False,1049
1abe42022cf821e0244bbd6120cf40a6,dataset_complete/cacao_diseases/cacao_photos/healthy/healthy_2549.jpg,0,95a5f24303972d9e,1080,1080,/workspace/cacao/cache_256/dataset_complete/cacao_diseases/cacao_photos/healthy/healthy_2549.png,1080x1080,A,16,0.9073292,dataT/pod_rot_black/black_pod_rot_194.jpg,1,False,False,True,0.49180323,False,1050
1f5b09a223a61481e54ff6ea25d8d9d5,dataset_complete/cacao_diseases/cacao_photos/healthy/healthy_2550.jpg,0,d44b17326cbc06cf,1080,1080,/workspace/cacao/cache_256/dataset_complete/cacao_diseases/cacao_photos/healthy/healthy_2550.png,1080x1080,A,18,0.8361543,dataT/healthy/healthy_2571.jpg,0,False,False,False,0.4071824,False,1051
bcc861bf8ec0cc2e1f7dfe5dbb59d2ce,dataset_complete/cacao_diseases/cacao_photos/healthy/healthy_2551.jpg,0,d9dc1ff175e2020c,1080,1080,/workspace/cacao/cache_256/dataset_complete/cacao_diseases/cacao_photos/healthy/healthy_2551.png,1080x1080,A,14,0.88769615,dataT/healthy/healthy_2092.jpg,0,False,False,True,0.5007627,False,1052
ed0e3ba5032a8099807680142b64e70e,dataset_complete/cacao_diseases/cacao_photos/healthy/healthy_2552.jpg,0,e74269a7450fb31c,1080,1080,/workspace/cacao/cache_256/dataset_complete/cacao_diseases/cacao_photos/healthy/healthy_2552.png,1080x1080,A,16,0.8014605,dataT/healthy/healthy_2590.jpg,0,False,False,False,0.3228854,False,1053
a2650db8d7e8b16f74028d9e0fb1f54c,dataset_complete/cacao_diseases/cacao_photos/healthy/healthy_2553.jpg,0,efc48ce0e3638e62,1080,1080,/workspace/cacao/cache_256/dataset_complete/cacao_diseases/cacao_photos/healthy/healthy_2553.png,1080x1080,A,18,0.8564143,dataT/healthy/healthy_2282.jpg,0,False,False,False,0.43815005,False,1054
7083861ca65d9216e8bdcdbf4ca01e94,dataset_complete/cacao_diseases/cacao_photos/healthy/healthy_2554.jpg,0,9c1cb33337f10959,1080,1080,/workspace/cacao/cache_256/dataset_complete/cacao_diseases/cacao_photos/healthy/healthy_2554.png,1080x1080,A,16,0.8733511,dataT/healthy/healthy_2577.jpg,0,False,False,True,0.35213554,False,1055
f6c958579a76a5c1574a9cfdf0644f0a,dataset_complete/cacao_diseases/cacao_photos/healthy/healthy_2555.jpg,0,cef19b27e7c480c1,1080,1080,/workspace/cacao/cache_256/dataset_complete/cacao_diseases/cacao_photos/healthy/healthy_2555.png,1080x1080,A,16,0.93532294,dataT/healthy/healthy_245.jpg,0,True,True,True,0.46199107,False,1056
b3a15f4678b94d3b2858d3b4b9c6cc1a,dataset_complete/cacao_diseases/cacao_photos/healthy/healthy_2652.jpg,0,c61ea9e638f4258b,1080,1080,/workspace/cacao/cache_256/dataset_complete/cacao_diseases/cacao_photos/healthy/healthy_2652.png,1080x1080,A,16,0.75912726,dataT/pod_rot_black/black_pod_rot_744.jpg,1,True,True,False,0.42514622,False,1057
8a1259fe3fe0ac00eba418f766c352ca,dataset_complete/cacao_diseases/cacao_photos/healthy/healthy_2653.jpg,0,8e1e1823b3a77674,1080,1080,/workspace/cacao/cache_256/dataset_complete/cacao_diseases/cacao_photos/healthy/healthy_2653.png,1080x1080,A,16,0.8282303,dataT/healthy/healthy_2651.jpg,0,True,True,False,0.4291501,False,1058
7d026519345997515b301ddbcfa669bd,dataset_complete/cacao_diseases/cacao_photos/healthy/healthy_2654.jpg,0,b1944af685b78b68,1080,1080,/workspace/cacao/cache_256/dataset_complete/cacao_diseases/cacao_photos/healthy/healthy_2654.png,1080x1080,A,18,0.8797513,dataT/healthy/healthy_87.jpg,0,False,False,True,0.39672118,False,1059
7ec181a4b1fabec0835da309bc35ceac,dataset_complete/cacao_diseases/cacao_photos/healthy/healthy_2655.jpg,0,8da86c32f22af365,1080,1080,/workspace/cacao/cache_256/dataset_complete/cacao_diseases/cacao_photos/healthy/healthy_2655.png,1080x1080,A,16,0.8151387,dataT/healthy/healthy_36.jpg,0,False,False,False,0.49470308,False,1060
940f80d4a88e8683681b1d936771fa3f,dataset_complete/cacao_diseases/cacao_photos/healthy/healthy_2656.jpg,0,8e28d637e31fd4c0,1080,1080,/workspace/cacao/cache_256/dataset_complete/cacao_diseases/cacao_photos/healthy/healthy_2656.png,1080x1080,A,16,0.85651815,dataT/pod_rot_black/black_pod_rot_22.jpg,1,False,False,False,0.42109174,False,1061
34387bbeff225868460c8f15d6db1d47,dataset_complete/cacao_diseases/cacao_photos/healthy/healthy_2657.jpg,0,d8082725f716f90f,1080,1080,/workspace/cacao/cache_256/dataset_complete/cacao_diseases/cacao_photos/healthy/healthy_2657.png,1080x1080,A,16,0.83934176,dataT/healthy/healthy_1673.jpg,0,False,False,True,0.49713236,False,1062
120cd7cd521da6c6fd244cbaeb6bab63,dataset_complete/cacao_diseases/cacao_photos/healthy/healthy_2658.jpg,0,c14b3cf217a4f887,1080,1080,/workspace/cacao/cache_256/dataset_complete/cacao_diseases/cacao_photos/healthy/healthy_2658.png,1080x1080,A,16,0.8300334,dataT/healthy/healthy_36.jpg,0,False,False,False,0.45071387,False,1063
1a593690089c2625861af33b866ffce3,dataset_complete/cacao_diseases/cacao_photos/healthy/healthy_2659.jpg,0,9e5b8cb74b925198,1080,1080,/workspace/cacao/cache_256/dataset_complete/cacao_diseases/cacao_photos/healthy/healthy_2659.png,1080x1080,A,18,0.8808471,dataT/healthy/healthy_670.jpg,0,False,False,True,0.5426909,False,1064
d747a030382b6ac553766fca649c351b,dataset_complete/cacao_diseases/cacao_photos/healthy/healthy_2660.jpg,0,da6801e371162dfe,1080,1080,/workspace/cacao/cache_256/dataset_complete/cacao_diseases/cacao_photos/healthy/healthy_2660.png,1080x1080,A,18,0.81866014,dataT/healthy/healthy_36.jpg,0,False,False,False,0.44915295,False,1065
fac7be9d876170f865f67cb84df64f08,dataset_complete/cacao_diseases/cacao_photos/healthy/healthy_2661.jpg,0,b9b87066d27a9619,1080,1080,/workspace/cacao/cache_256/dataset_complete/cacao_diseases/cacao_photos/healthy/healthy_2661.png,1080x1080,A,16,0.8036789,dataT/healthy/healthy_448.jpg,0,False,False,False,0.48682684,False,1066
37d49d9c72e425ae528d35d595435097,dataset_complete/cacao_diseases/cacao_photos/healthy/healthy_2662.jpg,0,ef520eb1710e0add,1080,1080,/workspace/cacao/cache_256/dataset_complete/cacao_diseases/cacao_photos/healthy/healthy_2662.png,1080x1080,A,16,0.8782286,dataT/healthy/healthy_1470.jpg,0,False,False,False,0.32509437,False,1067
ca31f79a110a9786ef9e1690a600ba2e,dataset_complete/cacao_diseases/cacao_photos/healthy/healthy_2663.jpg,0,fe1aa1e5706428ee,1080,1080,/workspace/cacao/cache_256/dataset_complete/cacao_diseases/cacao_photos/healthy/healthy_2663.png,1080x1080,A,18,0.8680099,dataT/healthy/healthy_2784.jpg,0,False,False,False,0.50600255,False,1068
cf08375d71a29179058f4767b9f969cf,dataset_complete/cacao_diseases/cacao_photos/healthy/healthy_2664.jpg,0,c8d9ad73ba72e042,1080,1080,/workspace/cacao/cache_256/dataset_complete/cacao_diseases/cacao_photos/healthy/healthy_2664.png,1080x1080,A,18,0.8169918,dataT/healthy/healthy_2593.jpg,0,False,False,False,0.49249497,False,1069
6342238a8f61f94d78ef5020c897121d,dataset_complete/cacao_diseases/cacao_photos/healthy/healthy_2665.jpg,0,919bd0b4d6415cfc,1080,1080,/workspace/cacao/cache_256/dataset_complete/cacao_diseases/cacao_photos/healthy/healthy_2665.png,1080x1080,A,18,0.8645412,dataT/healthy/healthy_1459.jpg,0,False,False,False,0.37759382,False,1070
6788366cc297505eba1aec423f49ac84,dataset_complete/cacao_diseases/cacao_photos/healthy/healthy_2666.jpg,0,ad720b23d9fc7184,1080,1080,/workspace/cacao/cache_256/dataset_complete/cacao_diseases/cacao_photos/healthy/healthy_2666.png,1080x1080,A,16,0.8125477,dataT/healthy/healthy_1647.jpg,0,False,False,False,0.51109725,False,1071
9491fad93feda532df36e7388840a45a,dataset_complete/cacao_diseases/cacao_photos/healthy/healthy_2667.jpg,0,f25e9f20a263f660,1080,1080,/workspace/cacao/cache_256/dataset_complete/cacao_diseases/cacao_photos/healthy/healthy_2667.png,1080x1080,A,16,0.78832257,dataT/pod_rot_black/black_pod_rot_171.jpg,1,False,False,False,0.34492487,False,1072
98b52320a41cad10749806e375abb98e,dataset_complete/cacao_diseases/cacao_photos/healthy/healthy_2668.jpg,0,b7bef8e008776241,1080,1080,/workspace/cacao/cache_256/dataset_complete/cacao_diseases/cacao_photos/healthy/healthy_2668.png,1080x1080,A,18,0.867957,dataT/healthy/healthy_1541.jpg,0,False,False,False,0.43161258,False,1073
d4e37964c442b6ab356ea27143e35d48,dataset_complete/cacao_diseases/cacao_photos/healthy/healthy_2669.jpg,0,fcf8f0f0a30742a5,1080,1080,/workspace/cacao/cache_256/dataset_complete/cacao_diseases/cacao_photos/healthy/healthy_2669.png,1080x1080,A,14,0.8081435,dataT/healthy/healthy_223.jpg,0,False,False,False,0.508875,False,1074
ac4ca2ad8dc4f77e82f6b53c88fbcb30,dataset_complete/cacao_diseases/cacao_photos/healthy/healthy_2670.jpg,0,ecece4019ff0d838,1080,1080,/workspace/cacao/cache_256/dataset_complete/cacao_diseases/cacao_photos/healthy/healthy_2670.png,1080x1080,A,18,0.8153093,dataT/healthy/healthy_223.jpg,0,False,False,False,0.52923757,False,1075
0d1b2166e8b6def6893c61aa46d56bd8,dataset_complete/cacao_diseases/cacao_photos/healthy/healthy_2671.jpg,0,a8bd1561457e6669,1080,1080,/workspace/cacao/cache_256/dataset_complete/cacao_diseases/cacao_photos/healthy/healthy_2671.png,1080x1080,A,16,0.8141149,dataT/healthy/healthy_2649.jpg,0,False,False,False,0.5078317,False,1076
74acc2cb049e7fefcf699cd0fbf20db7,dataset_complete/cacao_diseases/cacao_photos/healthy/healthy_2672.jpg,0,a2cd693674a1b58b,1080,1080,/workspace/cacao/cache_256/dataset_complete/cacao_diseases/cacao_photos/healthy/healthy_2672.png,1080x1080,A,10,0.85848874,dataT/healthy/healthy_2649.jpg,0,False,False,False,0.48447114,False,1077
2a859684cff8586f1018cc90c7edf7bf,dataset_complete/cacao_diseases/cacao_photos/healthy/healthy_2673.jpg,0,c1e13f63652f28aa,1080,1080,/workspace/cacao/cache_256/dataset_complete/cacao_diseases/cacao_photos/healthy/healthy_2673.png,1080x1080,A,18,0.88314915,dataT/healthy/healthy_35.jpg,0,False,False,True,0.4899543,False,1078
e715eb2c2bdc73b56255adf3acefb716,dataset_complete/cacao_diseases/cacao_photos/healthy/healthy_2674.jpg,0,c64a0d91f03f2f36,1080,1080,/workspace/cacao/cache_256/dataset_complete/cacao_diseases/cacao_photos/healthy/healthy_2674.png,1080x1080,A,14,0.86966914,dataT/healthy/healthy_1175.jpg,0,False,False,False,0.44831294,False,1079
94db982cd3ed30632fe411b5018eb488,dataset_complete/cacao_diseases/cacao_photos/healthy/healthy_2675.jpg,0,b2ebd9071e3a642a,1080,1080,/workspace/cacao/cache_256/dataset_complete/cacao_diseases/cacao_photos/healthy/healthy_2675.png,1080x1080,A,16,0.9081601,dataT/healthy/healthy_28.jpg,0,True,True,True,0.43488812,False,1080
44c0f863bf84bf7f5af5cb33b1a4d41c,dataset_complete/cacao_diseases/cacao_photos/healthy/healthy_2676.jpg,0,d7f289c2add34268,1080,1080,/workspace/cacao/cache_256/dataset_complete/cacao_diseases/cacao_photos/healthy/healthy_2676.png,1080x1080,A,20,0.832446,dataT/healthy/healthy_1651.jpg,0,False,False,False,0.36405325,False,1081
8f33eb67a3fbaaf13afeaf60dcb4659d,dataset_complete/cacao_diseases/cacao_photos/healthy/healthy_2677.jpg,0,ce77c9b2075a3298,1080,1080,/workspace/cacao/cache_256/dataset_complete/cacao_diseases/cacao_photos/healthy/healthy_2677.png,1080x1080,A,18,0.82478595,dataT/healthy/healthy_243.jpg,0,False,False,False,0.29937884,False,1082
a5d29928fc06014bc8169c07a22eeada,dataset_complete/cacao_diseases/cacao_photos/healthy/healthy_2678.jpg,0,a61e0c2dfde709a1,1080,1080,/workspace/cacao/cache_256/dataset_complete/cacao_diseases/cacao_photos/healthy/healthy_2678.png,1080x1080,A,18,0.8221037,dataT/healthy/healthy_670.jpg,0,False,False,False,0.6038094,False,1083
b4f59b15858fe73145286ab24c0b4abd,dataset_complete/cacao_diseases/cacao_photos/healthy/healthy_2679.jpg,0,a78ccea20ead54e3,1080,1080,/workspace/cacao/cache_256/dataset_complete/cacao_diseases/cacao_photos/healthy/healthy_2679.png,1080x1080,A,18,0.8806237,dataT/healthy/healthy_570.jpg,0,False,False,True,0.49947575,False,1084
a8a7bd252dd4486f73078d6ee4fb23d7,dataset_complete/cacao_diseases/cacao_photos/healthy/healthy_2680.jpg,0,f7a88956aea464ca,1080,1080,/workspace/cacao/cache_256/dataset_complete/cacao_diseases/cacao_photos/healthy/healthy_2680.png,1080x1080,A,18,0.85661256,dataT/healthy/healthy_1150.jpg,0,False,False,False,0.42649347,False,1085
b491dbdf463e9277cae4c2845d7f406e,dataset_complete/cacao_diseases/cacao_photos/healthy/healthy_2681.jpg,0,dc8e5f2341c95cc9,1080,1080,/workspace/cacao/cache_256/dataset_complete/cacao_diseases/cacao_photos/healthy/healthy_2681.png,1080x1080,A,16,0.85336614,dataT/pod_rot_black/black_pod_rot_712.jpg,1,False,False,False,0.35500556,False,1086
410b44aa7b5659e02ddbcc4df85e7d66,dataset_complete/cacao_diseases/cacao_photos/healthy/healthy_2682.jpg,0,ceccf1755b21a12c,1080,1080,/workspace/cacao/cache_256/dataset_complete/cacao_diseases/cacao_photos/healthy/healthy_2682.png,1080x1080,A,16,0.85048854,dataT/healthy/healthy_1483.jpg,0,False,False,False,0.45708442,False,1087
05a77d6cca2bab4d44983d43b5a2336e,dataset_complete/cacao_diseases/cacao_photos/healthy/healthy_2683.jpg,0,8e48d973d1771654,1080,1080,/workspace/cacao/cache_256/dataset_complete/cacao_diseases/cacao_photos/healthy/healthy_2683.png,1080x1080,A,16,0.8984584,dataT/pod_rot_black/black_pod_rot_140.jpg,1,False,False,True,0.54058707,False,1088
870cb71d31f5af363e6305ff982cd947,dataset_complete/cacao_diseases/cacao_photos/healthy/healthy_2684.jpg,0,9cba4b62535ed454,1080,1080,/workspace/cacao/cache_256/dataset_complete/cacao_diseases/cacao_photos/healthy/healthy_2684.png,1080x1080,A,18,0.8688044,dataT/healthy/healthy_16.jpg,0,False,False,False,0.49508095,False,1089
7cd8f713c83a60e0bdca342fbebf8c1e,dataset_complete/cacao_diseases/cacao_photos/healthy/healthy_2685.jpg,0,f3314cedb69601f0,1080,1080,/workspace/cacao/cache_256/dataset_complete/cacao_diseases/cacao_photos/healthy/healthy_2685.png,1080x1080,A,18,0.8547286,dataT/healthy/healthy_1205.jpg,0,False,False,False,0.36873358,False,1090
8d90c22847064a204e4e71c3bb9c5b7a,dataset_complete/cacao_diseases/cacao_photos/healthy/healthy_2686.jpg,0,d9e68c666832af32,1080,1080,/workspace/cacao/cache_256/dataset_complete/cacao_diseases/cacao_photos/healthy/healthy_2686.png,1080x1080,A,18,0.8507745,dataT/healthy/healthy_3108.jpg,0,False,False,False,0.49576294,False,1091
a9126220f389738ee67b778a1d3a73b0,dataset_complete/cacao_diseases/cacao_photos/healthy/healthy_2687.jpg,0,8cc74c7a33b1517c,1080,1080,/workspace/cacao/cache_256/dataset_complete/cacao_diseases/cacao_photos/healthy/healthy_2687.png,1080x1080,A,12,0.8612567,dataT/pod_rot_black/black_pod_rot_880.jpg,1,False,False,False,0.47354066,False,1092
4534989404e39f40d9007880b9a21fe4,dataset_complete/cacao_diseases/cacao_photos/healthy/healthy_2688.jpg,0,a4acda30b9f1e1e4,1080,1080,/workspace/cacao/cache_256/dataset_complete/cacao_diseases/cacao_photos/healthy/healthy_2688.png,1080x1080,A,16,0.8345995,dataT/healthy/healthy_273.jpg,0,False,False,False,0.42201954,False,1085
0d10dca887839207dd43a316739b6f18,dataset_complete/cacao_diseases/cacao_photos/healthy/healthy_2689.jpg,0,de98187e302635f3,1080,1080,/workspace/cacao/cache_256/dataset_complete/cacao_diseases/cacao_photos/healthy/healthy_2689.png,1080x1080,A,16,0.8905717,dataT/healthy/healthy_2280.jpg,0,False,False,True,0.5090648,False,1094
d7a955cd57899542c9e8f3beb06cceec,dataset_complete/cacao_diseases/cacao_photos/healthy/healthy_2690.jpg,0,d4a82862e3ef4b9a,1080,1080,/workspace/cacao/cache_256/dataset_complete/cacao_diseases/cacao_photos/healthy/healthy_2690.png,1080x1080,A,16,0.8937249,dataT/healthy/healthy_3320.jpg,0,False,False,True,0.48597687,False,1095
bb7e26c5381cc11b510b966cf1060909,dataset_complete/cacao_diseases/cacao_photos/healthy/healthy_2691.jpg,0,a26e196fe78b0e09,1080,1080,/workspace/cacao/cache_256/dataset_complete/cacao_diseases/cacao_photos/healthy/healthy_2691.png,1080x1080,A,16,0.87096214,dataT/healthy/healthy_640.jpg,0,False,False,False,0.44934738,False,1096
257b27eaaabc5c98993058f3a32b021f,dataset_complete/cacao_diseases/cacao_photos/healthy/healthy_2692.jpg,0,89495e7376a143d3,1080,1080,/workspace/cacao/cache_256/dataset_complete/cacao_diseases/cacao_photos/healthy/healthy_2692.png,1080x1080,A,16,0.84574735,dataT/healthy/healthy_3114.jpg,0,False,False,False,0.44934654,False,1097
387d5267f9732f4171f224e5b4b438d1,dataset_complete/cacao_diseases/cacao_photos/healthy/healthy_2693.jpg,0,cd8ee636627224e5,1080,1080,/workspace/cacao/cache_256/dataset_complete/cacao_diseases/cacao_photos/healthy/healthy_2693.png,1080x1080,A,16,0.89201474,dataT/healthy/healthy_2570.jpg,0,False,False,True,0.4780003,False,1098
6920d3a0e8127c0033fd13e8c3ce8caf,dataset_complete/cacao_diseases/cacao_photos/healthy/healthy_2694.jpg,0,86099873b1e269fb,1080,1080,/workspace/cacao/cache_256/dataset_complete/cacao_diseases/cacao_photos/healthy/healthy_2694.png,1080x1080,A,16,0.87206227,dataT/healthy/healthy_3131.jpg,0,False,False,False,0.5125257,False,1099
3cd6c6b123ed6b1895a3d1483ac01d94,dataset_complete/cacao_diseases/cacao_photos/healthy/healthy_2695.jpg,0,8c8d333333f3f007,1080,1080,/workspace/cacao/cache_256/dataset_complete/cacao_diseases/cacao_photos/healthy/healthy_2695.png,1080x1080,A,16,0.89046353,dataT/healthy/healthy_1465.jpg,0,True,True,True,0.49628782,False,1100
4afdd991882bf933d8644c22ff9a68fc,dataset_complete/cacao_diseases/cacao_photos/healthy/healthy_2696.jpg,0,88ace5e62327e6cc,1080,1080,/workspace/cacao/cache_256/dataset_complete/cacao_diseases/cacao_photos/healthy/healthy_2696.png,1080x1080,A,16,0.8675095,dataT/healthy/healthy_2779.jpg,0,False,False,False,0.5163642,False,1101
c51700564a094a790f3e1897d601a77c,dataset_complete/cacao_diseases/cacao_photos/healthy/healthy_2697.jpg,0,93b13974899c5747,1080,1080,/workspace/cacao/cache_256/dataset_complete/cacao_diseases/cacao_photos/healthy/healthy_2697.png,1080x1080,A,18,0.81493217,dataT/healthy/healthy_1189.jpg,0,False,False,False,0.42345053,False,1102
4b509a28ca7efc0e5492f8bf25f3ad07,dataset_complete/cacao_diseases/cacao_photos/healthy/healthy_2698.jpg,0,ccd53162525e4db9,1080,1080,/workspace/cacao/cache_256/dataset_complete/cacao_diseases/cacao_photos/healthy/healthy_2698.png,1080x1080,A,16,0.8390899,dataT/healthy/healthy_1467.jpg,0,True,True,False,0.4505759,False,1103
b5d7be3cf22a55b328e4317df178ea10,dataset_complete/cacao_diseases/cacao_photos/healthy/healthy_2699.jpg,0,a9f00e753da6948e,1080,1080,/workspace/cacao/cache_256/dataset_complete/cacao_diseases/cacao_photos/healthy/healthy_2699.png,1080x1080,A,18,0.88131225,dataT/healthy/healthy_1542.jpg,0,False,False,True,0.3881719,False,1104
be9c84eb76f5a28aea3bd8fc0029cb59,dataset_complete/cacao_diseases/cacao_photos/healthy/healthy_2700.jpg,0,da78d164e9044ebe,1080,1080,/workspace/cacao/cache_256/dataset_complete/cacao_diseases/cacao_photos/healthy/healthy_2700.png,1080x1080,A,16,0.87618554,dataT/healthy/healthy_1541.jpg,0,False,False,False,0.38057113,False,1105
ddad7f8f1b7f747ed863ecf59a10baf8,dataset_complete/cacao_diseases/cacao_photos/healthy/healthy_2701.jpg,0,cabcf9372e9e8048,1080,1080,/workspace/cacao/cache_256/dataset_complete/cacao_diseases/cacao_photos/healthy/healthy_2701.png,1080x1080,A,18,0.79030573,dataT/pod_rot_black/black_pod_rot_375.jpg,1,False,False,False,0.41949973,False,1106
18325f0fd6b8278a792dbcdc912777ae,dataset_complete/cacao_diseases/cacao_photos/healthy/healthy_2702.jpg,0,a41dd87e70e1072f,1080,1080,/workspace/cacao/cache_256/dataset_complete/cacao_diseases/cacao_photos/healthy/healthy_2702.png,1080x1080,A,14,0.9139563,dataT/healthy/healthy_1487.jpg,0,False,False,True,0.45211166,False,1107
1bd1838f3570d688e309ca2d9ec2b123,dataset_complete/cacao_diseases/cacao_photos/healthy/healthy_2703.jpg,0,c4d9ee2f8d063532,1080,1080,/workspace/cacao/cache_256/dataset_complete/cacao_diseases/cacao_photos/healthy/healthy_2703.png,1080x1080,A,20,0.9295523,dataT/healthy/healthy_1483.jpg,0,False,False,True,0.50279534,False,1108
7c5c2154a205cff419b8c5683c24955f,dataset_complete/cacao_diseases/cacao_photos/healthy/healthy_2704.jpg,0,9ec3526b0d68e96c,1080,1080,/workspace/cacao/cache_256/dataset_complete/cacao_diseases/cacao_photos/healthy/healthy_2704.png,1080x1080,A,16,0.9219194,dataT/healthy/healthy_1483.jpg,0,False,False,True,0.47156107,False,1109
cbc1da2bb25c526b4d81c19f5b911873,dataset_complete/cacao_diseases/cacao_photos/healthy/healthy_2705.jpg,0,ca585c753d0b1af4,1080,1080,/workspace/cacao/cache_256/dataset_complete/cacao_diseases/cacao_photos/healthy/healthy_2705.png,1080x1080,A,18,0.8815147,dataT/healthy/healthy_1053.jpg,0,False,False,True,0.5027992,False,1110
a062f14e524e330dcffa76778d815e69,dataset_complete/cacao_diseases/cacao_photos/healthy/healthy_2706.jpg,0,ce581934a3e2f734,1080,1080,/workspace/cacao/cache_256/dataset_complete/cacao_diseases/cacao_photos/healthy/healthy_2706.png,1080x1080,A,16,0.8839606,dataT/healthy/healthy_2610.jpg,0,False,False,True,0.46655244,False,1111
3f3a363ad4e2e91e7d173a624fb9813c,dataset_complete/cacao_diseases/cacao_photos/healthy/healthy_2707.jpg,0,f7fb0c13a013b11b,1080,1080,/workspace/cacao/cache_256/dataset_complete/cacao_diseases/cacao_photos/healthy/healthy_2707.png,1080x1080,A,16,0.9283941,dataT/healthy/healthy_2768.jpg,0,False,False,True,0.434602,False,1112
cff015c7fbe51d37fe4bc25e46f113ea,dataset_complete/cacao_diseases/cacao_photos/healthy/healthy_2708.jpg,0,8de12f1a5a529d2e,1080,1080,/workspace/cacao/cache_256/dataset_complete/cacao_diseases/cacao_photos/healthy/healthy_2708.png,1080x1080,A,20,0.88625026,dataT/healthy/healthy_35.jpg,0,False,False,True,0.5006628,False,1113
cbbe0e3c79e0f79f0a78e3583b9fb8fb,dataset_complete/cacao_diseases/cacao_photos/healthy/healthy_2709.jpg,0,818979ac38bcfc5c,1080,1080,/workspace/cacao/cache_256/dataset_complete/cacao_diseases/cacao_photos/healthy/healthy_2709.png,1080x1080,A,18,0.8244704,dataT/healthy/healthy_46.jpg,0,False,False,False,0.5128225,False,1114
d73bcf9e34a3f2bd8a135ea1e3d91043,dataset_complete/cacao_diseases/cacao_photos/healthy/healthy_2710.jpg,0,83ffc816386c3678,1080,1080,/workspace/cacao/cache_256/dataset_complete/cacao_diseases/cacao_photos/healthy/healthy_2710.png,1080x1080,A,14,0.85640717,dataT/healthy/healthy_1261.jpg,0,False,False,False,0.4319041,False,1115
d9670ffb38350bfe4dbcaabc7baf7c06,dataset_complete/cacao_diseases/cacao_photos/healthy/healthy_2711.jpg,0,8b9939e4c6a692ba,1080,1080,/workspace/cacao/cache_256/dataset_complete/cacao_diseases/cacao_photos/healthy/healthy_2711.png,1080x1080,A,18,0.8578675,dataT/healthy/healthy_92.jpg,0,False,False,False,0.4873764,False,1116
b738278ca452916b8893ea8c002b0e8a,dataset_complete/cacao_diseases/cacao_photos/healthy/healthy_2712.jpg,0,bdb01e5961440fde,1080,1080,/workspace/cacao/cache_256/dataset_complete/cacao_diseases/cacao_photos/healthy/healthy_2712.png,1080x1080,A,16,0.8971951,dataT/healthy/healthy_1154.jpg,0,False,False,True,0.48906597,False,1117
d1445d5416022e3683849c1219320f3c,dataset_complete/cacao_diseases/cacao_photos/healthy/healthy_2713.jpg,0,8f197dd03083a3af,1080,1080,/workspace/cacao/cache_256/dataset_complete/cacao_diseases/cacao_photos/healthy/healthy_2713.png,1080x1080,A,14,0.8598871,dataT/healthy/healthy_2596.jpg,0,False,False,False,0.41963786,False,1118
8c9c21da26e376df8ca231ac07eda3a9,dataset_complete/cacao_diseases/cacao_photos/healthy/healthy_2714.jpg,0,a698dd146c87d0bb,1080,1080,/workspace/cacao/cache_256/dataset_complete/cacao_diseases/cacao_photos/healthy/healthy_2714.png,1080x1080,A,20,0.8329997,dataT/healthy/healthy_1430.jpg,0,False,False,False,0.3834396,False,1119
0e2324dbd2efe598e33b2c0dfaa10481,dataset_complete/cacao_diseases/cacao_photos/healthy/healthy_2715.jpg,0,a4ba580d5416ebf6,1080,1080,/workspace/cacao/cache_256/dataset_complete/cacao_diseases/cacao_photos/healthy/healthy_2715.png,1080x1080,A,20,0.83962446,dataT/healthy/healthy_2631.jpg,0,False,False,False,0.36509818,False,1120
8e5f24129783a494b0f10d2230e78b6d,dataset_complete/cacao_diseases/cacao_photos/healthy/healthy_2716.jpg,0,de589932736b62e0,1080,1080,/workspace/cacao/cache_256/dataset_complete/cacao_diseases/cacao_photos/healthy/healthy_2716.png,1080x1080,A,14,0.86467063,dataT/healthy/healthy_1486.jpg,0,False,False,False,0.54238164,False,1121
f6b89251e56dfe533c1b2d745cf82f24,dataset_complete/cacao_diseases/cacao_photos/healthy/healthy_2717.jpg,0,d61c1c63676666cc,1080,1080,/workspace/cacao/cache_256/dataset_complete/cacao_diseases/cacao_photos/healthy/healthy_2717.png,1080x1080,A,12,0.8324958,dataT/healthy/healthy_3321.jpg,0,False,False,False,0.57025933,False,1122
f61abd6ce0a1d2ebed8dcfd90fd5cd8d,dataset_complete/cacao_diseases/cacao_photos/healthy/healthy_2718.jpg,0,d7999793434d464a,1080,1080,/workspace/cacao/cache_256/dataset_complete/cacao_diseases/cacao_photos/healthy/healthy_2718.png,1080x1080,A,16,0.8618606,dataT/healthy/healthy_1548.jpg,0,False,False,False,0.50343335,False,1123
a70a94d54fbb09d34a3ba3c3bcb9c6f2,dataset_complete/cacao_diseases/cacao_photos/healthy/healthy_2719.jpg,0,f1c9b13257c8e4d4,1080,1080,/workspace/cacao/cache_256/dataset_complete/cacao_diseases/cacao_photos/healthy/healthy_2719.png,1080x1080,A,18,0.8081292,dataT/healthy/healthy_3327.jpg,0,False,False,False,0.42738533,False,1124
373e5c4dba95642c7a0f6d12e67998c0,dataset_complete/cacao_diseases/cacao_photos/healthy/healthy_2720.jpg,0,f3a5adb11b0ca48e,1080,1080,/workspace/cacao/cache_256/dataset_complete/cacao_diseases/cacao_photos/healthy/healthy_2720.png,1080x1080,A,18,0.8366269,dataT/pod_rot_black/black_pod_rot_103.jpg,1,False,False,False,0.4269458,False,1125
1fce5a67efcbdd57584d968c884f9566,dataset_complete/cacao_diseases/cacao_photos/healthy/healthy_2721.jpg,0,d378e9a502e7b21a,1080,1080,/workspace/cacao/cache_256/dataset_complete/cacao_diseases/cacao_photos/healthy/healthy_2721.png,1080x1080,A,16,0.8607105,dataT/healthy/healthy_3154.jpg,0,False,False,False,0.488444,False,1126
811be3baf23037ff82ecde2ca8bac24b,dataset_complete/cacao_diseases/cacao_photos/healthy/healthy_2722.jpg,0,d1c3ce6eac6cb444,1080,1080,/workspace/cacao/cache_256/dataset_complete/cacao_diseases/cacao_photos/healthy/healthy_2722.png,1080x1080,A,18,0.83138716,dataT/healthy/healthy_284.jpg,0,False,False,False,0.43416297,False,1127
958dec53f3037891a09147e74a3eb7c0,dataset_complete/cacao_diseases/cacao_photos/healthy/healthy_2723.jpg,0,cee03832701b1fbd,1080,1080,/workspace/cacao/cache_256/dataset_complete/cacao_diseases/cacao_photos/healthy/healthy_2723.png,1080x1080,A,16,0.82619554,dataT/healthy/healthy_1239.jpg,0,False,False,False,0.33473542,False,1128
d7dad8225ef778ca5b50ee0e53294b27,dataset_complete/cacao_diseases/cacao_photos/healthy/healthy_2724.jpg,0,fc260f35a039f417,1080,1080,/workspace/cacao/cache_256/dataset_complete/cacao_diseases/cacao_photos/healthy/healthy_2724.png,1080x1080,A,16,0.8422159,dataT/pod_rot_black/black_pod_rot_374.jpg,1,False,False,False,0.36365134,False,1129
f37d6de43f8243f692fec26c69f4029e,dataset_complete/cacao_diseases/cacao_photos/healthy/healthy_2725.jpg,0,99b2674574bcab09,1080,1080,/workspace/cacao/cache_256/dataset_complete/cacao_diseases/cacao_photos/healthy/healthy_2725.png,1080x1080,A,16,0.8584393,dataT/healthy/healthy_679.jpg,0,False,False,False,0.4718265,False,1130
743eb5a79c111f7fae0ce51d870d3fbf,dataset_complete/cacao_diseases/cacao_photos/healthy/healthy_2726.jpg,0,d9d6057693909a8f,1080,1080,/workspace/cacao/cache_256/dataset_complete/cacao_diseases/cacao_photos/healthy/healthy_2726.png,1080x1080,A,16,0.8448572,dataT/healthy/healthy_1217.jpg,0,False,False,False,0.3725124,False,1131
bb7eee5413023d04d66f22c93866561f,dataset_complete/cacao_diseases/cacao_photos/healthy/healthy_2727.jpg,0,cbce74217152bb92,1080,1080,/workspace/cacao/cache_256/dataset_complete/cacao_diseases/cacao_photos/healthy/healthy_2727.png,1080x1080,A,16,0.836727,dataT/healthy/healthy_1012.jpg,0,False,False,False,0.38841096,False,1132
c5ef82edb9371cc5697391ced41402a8,dataset_complete/cacao_diseases/cacao_photos/healthy/healthy_2728.jpg,0,dec71d0868617679,1080,1080,/workspace/cacao/cache_256/dataset_complete/cacao_diseases/cacao_photos/healthy/healthy_2728.png,1080x1080,A,16,0.8739965,dataT/healthy/healthy_1217.jpg,0,False,False,False,0.40060937,False,1133
7757d38f1d48cfb3e6e8af6220e122e7,dataset_complete/cacao_diseases/cacao_photos/healthy/healthy_2729.jpg,0,cd89f90009e3277f,1080,1080,/workspace/cacao/cache_256/dataset_complete/cacao_diseases/cacao_photos/healthy/healthy_2729.png,1080x1080,A,18,0.8202851,dataT/pod_rot_black/black_pod_rot_209.jpg,1,False,False,False,0.53092945,False,1134
71ddf0f37a939963b54930a70a6e843a,dataset_complete/cacao_diseases/cacao_photos/healthy/healthy_2730.jpg,0,e309d9570df878b0,1080,1080,/workspace/cacao/cache_256/dataset_complete/cacao_diseases/cacao_photos/healthy/healthy_2730.png,1080x1080,A,18,0.8913809,dataT/healthy/healthy_2117.jpg,0,False,False,True,0.536538,False,1135
fed9065a133a627084708e547f012e4e,dataset_complete/cacao_diseases/cacao_photos/healthy/healthy_2731.jpg,0,d6d99957756203a2,1080,1080,/workspace/cacao/cache_256/dataset_complete/cacao_diseases/cacao_photos/healthy/healthy_2731.png,1080x1080,A,16,0.8943771,dataT/healthy/healthy_2621.jpg,0,False,False,True,0.5181215,False,1136
5546bd7661dd3bb910f0073639debe2e,dataset_complete/cacao_diseases/cacao_photos/healthy/healthy_2732.jpg,0,873e9870599af2b4,1080,1080,/workspace/cacao/cache_256/dataset_complete/cacao_diseases/cacao_photos/healthy/healthy_2732.png,1080x1080,A,18,0.89735687,dataT/healthy/healthy_3116.jpg,0,False,False,True,0.5192083,False,1137
047a43b4dfa06d019bcb5a15349f0747,dataset_complete/cacao_diseases/cacao_photos/healthy/healthy_2733.jpg,0,b1bc8562ee1f9d80,1080,1080,/workspace/cacao/cache_256/dataset_complete/cacao_diseases/cacao_photos/healthy/healthy_2733.png,1080x1080,A,18,0.9006665,dataT/healthy/healthy_1568.jpg,0,True,True,True,0.4614336,False,1138
be02514be331077be8ca6a3e00e6ffad,dataset_complete/cacao_diseases/cacao_photos/healthy/healthy_2734.jpg,0,b23f8d7d40e03f24,1080,1080,/workspace/cacao/cache_256/dataset_complete/cacao_diseases/cacao_photos/healthy/healthy_2734.png,1080x1080,A,18,0.8832922,dataT/pod_rot_black/black_pod_rot_937.jpg,1,False,False,True,0.47432142,False,1139
7038c2f76f92d34bb2dcffa4cdfa8d6b,dataset_complete/cacao_diseases/cacao_photos/healthy/healthy_2735.jpg,0,d837082ff34c4e0f,1080,1080,/workspace/cacao/cache_256/dataset_complete/cacao_diseases/cacao_photos/healthy/healthy_2735.png,1080x1080,A,14,0.9052417,dataT/healthy/healthy_3328.jpg,0,False,False,True,0.43791834,False,1140
1de95822de88fe2728cbf4a24d488015,dataset_complete/cacao_diseases/cacao_photos/healthy/healthy_2736.jpg,0,a67948135f277ea0,1080,1080,/workspace/cacao/cache_256/dataset_complete/cacao_diseases/cacao_photos/healthy/healthy_2736.png,1080x1080,A,18,0.8741579,dataT/healthy/healthy_450.jpg,0,False,False,False,0.47235942,False,1141
14eb7dd3d28a8f83d5cc964082462d4c,dataset_complete/cacao_diseases/cacao_photos/healthy/healthy_2737.jpg,0,926a292dd4eb167c,1080,1080,/workspace/cacao/cache_256/dataset_complete/cacao_diseases/cacao_photos/healthy/healthy_2737.png,1080x1080,A,16,0.85645044,dataT/healthy/healthy_2793.jpg,0,False,False,False,0.5369141,False,1142
4f50dd41f3afe767d30f031c603a7493,dataset_complete/cacao_diseases/cacao_photos/healthy/healthy_2738.jpg,0,933dad245453b556,1080,1080,/workspace/cacao/cache_256/dataset_complete/cacao_diseases/cacao_photos/healthy/healthy_2738.png,1080x1080,A,16,0.8761524,dataT/healthy/healthy_1544.jpg,0,False,False,False,0.43103456,False,1143
2c942427883cef9ff4a2f71c39561958,dataset_complete/cacao_diseases/cacao_photos/healthy/healthy_2739.jpg,0,97509fb2dc4b4ac8,1080,1080,/workspace/cacao/cache_256/dataset_complete/cacao_diseases/cacao_photos/healthy/healthy_2739.png,1080x1080,A,16,0.84426975,dataT/healthy/healthy_1200.jpg,0,False,False,False,0.46721044,False,1144
15a6c66eeefee4ce739b9f156ae9657e,dataset_complete/cacao_diseases/cacao_photos/healthy/healthy_2740.jpg,0,84854c2a3f7b3a76,1080,1080,/workspace/cacao/cache_256/dataset_complete/cacao_diseases/cacao_photos/healthy/healthy_2740.png,1080x1080,A,16,0.8754653,dataT/pod_rot_black/black_pod_rot_374.jpg,1,False,False,False,0.34053218,False,1145
db1cf146969633064ecf275828aac14f,dataset_complete/cacao_diseases/cacao_photos/healthy/healthy_2741.jpg,0,c9e345bbf0575301,1080,1080,/workspace/cacao/cache_256/dataset_complete/cacao_diseases/cacao_photos/healthy/healthy_2741.png,1080x1080,A,18,0.88276964,dataT/pod_rot_black/black_pod_rot_254.jpg,1,False,False,True,0.5107246,False,1146
c8837edfc09d0ed24a385f0380eb7b67,dataset_complete/cacao_diseases/cacao_photos/healthy/healthy_2742.jpg,0,c3d31a9ff1690705,1080,1080,/workspace/cacao/cache_256/dataset_complete/cacao_diseases/cacao_photos/healthy/healthy_2742.png,1080x1080,A,20,0.84551275,dataT/healthy/healthy_16.jpg,0,False,False,False,0.45318946,False,1147
b1cb9c3e614843e5465cc24d6acfcb34,dataset_complete/cacao_diseases/cacao_photos/healthy/healthy_2743.jpg,0,e750cb2d9df008b6,1080,1080,/workspace/cacao/cache_256/dataset_complete/cacao_diseases/cacao_photos/healthy/healthy_2743.png,1080x1080,A,18,0.87262535,dataT/healthy/healthy_1232.jpg,0,False,False,False,0.39523888,False,1148
61512d46e803606f624bfa245af88c09,dataset_complete/cacao_diseases/cacao_photos/healthy/healthy_2744.jpg,0,b7c7db6441681d2a,1080,1080,/workspace/cacao/cache_256/dataset_complete/cacao_diseases/cacao_photos/healthy/healthy_2744.png,1080x1080,A,18,0.8809253,dataT/healthy/healthy_1571.jpg,0,True,True,True,0.5235988,False,1149
741c0f3e5d4c9f72c80f2e9709b2fb55,dataset_complete/cacao_diseases/cacao_photos/healthy/healthy_2745.jpg,0,834f6c327a3b91c9,1080,1080,/workspace/cacao/cache_256/dataset_complete/cacao_diseases/cacao_photos/healthy/healthy_2745.png,1080x1080,A,16,0.87177444,dataT/healthy/healthy_2757.jpg,0,True,True,False,0.39677596,False,1150
e5ab963536d784e92707b1780620329a,dataset_complete/cacao_diseases/cacao_photos/healthy/healthy_2746.jpg,0,868f96abe5819297,1080,1080,/workspace/cacao/cache_256/dataset_complete/cacao_diseases/cacao_photos/healthy/healthy_2746.png,1080x1080,A,20,0.8603784,dataT/healthy/healthy_2787.jpg,0,True,True,False,0.31134382,False,1151
e7e8ca085e85d8af94113bd9f945dfa9,dataset_complete/cacao_diseases/cacao_photos/healthy/healthy_2747.jpg,0,9a59cd2576a67642,1080,1080,/workspace/cacao/cache_256/dataset_complete/cacao_diseases/cacao_photos/healthy/healthy_2747.png,1080x1080,A,14,0.865657,dataT/healthy/healthy_3105.jpg,0,True,True,False,0.4520445,False,1152
5ac298817cbc9a0d51bf2dafaa94a830,dataset_complete/cacao_diseases/cacao_photos/healthy/healthy_2819.jpg,0,e51f48a706875e87,1080,1080,/workspace/cacao/cache_256/dataset_complete/cacao_diseases/cacao_photos/healthy/healthy_2819.png,1080x1080,A,20,0.86104655,dataT/pod_rot_black/black_pod_rot_731.jpg,1,True,True,True,0.47895813,False,1153
5db02d7fd973b8a50de19e521f1f854b,dataset_complete/cacao_diseases/cacao_photos/healthy/healthy_2820.jpg,0,d9930cf7c099d9c1,1080,1080,/workspace/cacao/cache_256/dataset_complete/cacao_diseases/cacao_photos/healthy/healthy_2820.png,1080x1080,A,16,0.8618475,dataT/healthy/healthy_27.jpg,0,True,True,True,0.44824553,False,1154
9ffe6a2502f10c77cddeffbc00f396a8,dataset_complete/cacao_diseases/cacao_photos/healthy/healthy_2821.jpg,0,dd084e065ef169d3,1080,1080,/workspace/cacao/cache_256/dataset_complete/cacao_diseases/cacao_photos/healthy/healthy_2821.png,1080x1080,A,14,0.850786,dataT/healthy/healthy_209.jpg,0,True,True,True,0.5034024,False,1155
14592e44d1b96f8c9c744ce554974f06,dataset_complete/cacao_diseases/cacao_photos/healthy/healthy_2822.jpg,0,e20e617237d9cacc,1080,1080,/workspace/cacao/cache_256/dataset_complete/cacao_diseases/cacao_photos/healthy/healthy_2822.png,1080x1080,A,18,0.8756006,dataT/healthy/healthy_53.jpg,0,False,False,False,0.4331657,False,1156
b3b78299b6d0acbb09a202ada81de946,dataset_complete/cacao_diseases/cacao_photos/healthy/healthy_2823.jpg,0,876a0db548e3e6a6,1080,1080,/workspace/cacao/cache_256/dataset_complete/cacao_diseases/cacao_photos/healthy/healthy_2823.png,1080x1080,A,14,0.8399964,dataT/pod_rot_black/black_pod_rot_877.jpg,1,False,False,True,0.44450355,False,1157
0f10548efd9fcff44dfb173e3d93bf3a,dataset_complete/cacao_diseases/cacao_photos/healthy/healthy_2824.jpg,0,d3e0cc1d1e205bb7,1080,1080,/workspace/cacao/cache_256/dataset_complete/cacao_diseases/cacao_photos/healthy/healthy_2824.png,1080x1080,A,18,0.87044364,dataT/healthy/healthy_1020.jpg,0,False,False,True,0.48534074,False,1158
da7d127983171ec9220069f7091b7a6e,dataset_complete/cacao_diseases/cacao_photos/healthy/healthy_2825.jpg,0,c6e8813f3167f341,1080,1080,/workspace/cacao/cache_256/dataset_complete/cacao_diseases/cacao_photos/healthy/healthy_2825.png,1080x1080,A,16,0.9001203,dataT/healthy/healthy_1084.jpg,0,False,False,True,0.5071509,False,1159
db22dd2e095ce725421c83690fb10ab0,dataset_complete/cacao_diseases/cacao_photos/healthy/healthy_2826.jpg,0,e21ddc6031e073e7,1080,1080,/workspace/cacao/cache_256/dataset_complete/cacao_diseases/cacao_photos/healthy/healthy_2826.png,1080x1080,A,18,0.8598615,dataT/healthy/healthy_3166.jpg,0,False,False,True,0.51004267,False,1160
82727f5fcedf30104d9c903e2d844581,dataset_complete/cacao_diseases/cacao_photos/healthy/healthy_2827.jpg,0,b8ed1f70fc02f205,1080,1080,/workspace/cacao/cache_256/dataset_complete/cacao_diseases/cacao_photos/healthy/healthy_2827.png,1080x1080,A,16,0.87576914,dataT/healthy/healthy_243.jpg,0,False,False,True,0.45132148,False,1161
c8a111e7ae46ac1304c1538b34574be1,dataset_complete/cacao_diseases/cacao_photos/healthy/healthy_2828.jpg,0,9f35d932792e6608,1080,1080,/workspace/cacao/cache_256/dataset_complete/cacao_diseases/cacao_photos/healthy/healthy_2828.png,1080x1080,A,16,0.8698977,dataT/healthy/healthy_3320.jpg,0,False,False,True,0.48892313,False,1162
1dbe610de68d339c47b8addcfa3c26dc,dataset_complete/cacao_diseases/cacao_photos/healthy/healthy_2829.jpg,0,f76059e3f7692280,1080,1080,/workspace/cacao/cache_256/dataset_complete/cacao_diseases/cacao_photos/healthy/healthy_2829.png,1080x1080,A,16,0.84192324,dataT/healthy/healthy_671.jpg,0,False,False,False,0.4068369,False,1163
4e673642fb4b9f7f899c39d00f032b8c,dataset_complete/cacao_diseases/cacao_photos/healthy/healthy_2830.jpg,0,c6f0a133e77d6190,1080,1080,/workspace/cacao/cache_256/dataset_complete/cacao_diseases/cacao_photos/healthy/healthy_2830.png,1080x1080,A,18,0.84689534,dataT/healthy/healthy_2786.jpg,0,False,False,False,0.44796282,False,1164
3dd75e997d85045df22300e3d563c491,dataset_complete/cacao_diseases/cacao_photos/healthy/healthy_2831.jpg,0,d865b03e879ca51d,1080,1080,/workspace/cacao/cache_256/dataset_complete/cacao_diseases/cacao_photos/healthy/healthy_2831.png,1080x1080,A,16,0.84743357,dataT/healthy/healthy_1261.jpg,0,False,False,False,0.42665702,False,1165
1285bc5408c3e6f8f4570656682daaf6,dataset_complete/cacao_diseases/cacao_photos/healthy/healthy_2832.jpg,0,97e5cc320b034bed,1080,1080,/workspace/cacao/cache_256/dataset_complete/cacao_diseases/cacao_photos/healthy/healthy_2832.png,1080x1080,A,18,0.8929441,dataT/healthy/healthy_1056.jpg,0,False,False,True,0.49685633,False,1166
2a814ba1de1b36ff217dca70c7742f80,dataset_complete/cacao_diseases/cacao_photos/healthy/healthy_2833.jpg,0,cce47262f3b1e0c9,1080,1080,/workspace/cacao/cache_256/dataset_complete/cacao_diseases/cacao_photos/healthy/healthy_2833.png,1080x1080,A,12,0.92406535,dataT/healthy/healthy_1420.jpg,0,False,False,True,0.5405446,False,1167
3e292f9b9167b02658e2b6df3a08684c,dataset_complete/cacao_diseases/cacao_photos/healthy/healthy_2834.jpg,0,ccce19634176f0f2,1080,1080,/workspace/cacao/cache_256/dataset_complete/cacao_diseases/cacao_photos/healthy/healthy_2834.png,1080x1080,A,16,0.79878724,dataT/pod_rot_black/black_pod_rot_733.jpg,1,False,False,False,0.36932164,False,1168
d840d63e96f582563ed2b5641f9b52f2,dataset_complete/cacao_diseases/cacao_photos/healthy/healthy_2835.jpg,0,e2eeed7851699086,1080,1080,/workspace/cacao/cache_256/dataset_complete/cacao_diseases/cacao_photos/healthy/healthy_2835.png,1080x1080,A,18,0.8252984,dataT/healthy/healthy_3112.jpg,0,False,False,False,0.38296363,False,1169
5d5f4cdf60209d81ca3bb8bd1fdddb6f,dataset_complete/cacao_diseases/cacao_photos/healthy/healthy_2836.jpg,0,86a6e034e1f7625b,1080,1080,/workspace/cacao/cache_256/dataset_complete/cacao_diseases/cacao_photos/healthy/healthy_2836.png,1080x1080,A,16,0.799242,dataT/healthy/healthy_448.jpg,0,False,False,False,0.52025574,False,1170
1217575f946fb45a3163405d3848c6d5,dataset_complete/cacao_diseases/cacao_photos/healthy/healthy_2837.jpg,0,f34f4f602c23b417,1080,1080,/workspace/cacao/cache_256/dataset_complete/cacao_diseases/cacao_photos/healthy/healthy_2837.png,1080x1080,A,14,0.84321713,dataT/healthy/healthy_3117.jpg,0,False,False,False,0.44076884,False,1171
1ce4b743cdafd724e59c0d99fe6582dd,dataset_complete/cacao_diseases/cacao_photos/healthy/healthy_2838.jpg,0,c12c3d261ef3e0e3,1080,1080,/workspace/cacao/cache_256/dataset_complete/cacao_diseases/cacao_photos/healthy/healthy_2838.png,1080x1080,A,14,0.8421352,dataT/healthy/healthy_1519.jpg,0,False,False,False,0.54496634,False,1172
644757f37bc61bfc7ef50c7bb94a984b,dataset_complete/cacao_diseases/cacao_photos/healthy/healthy_2839.jpg,0,8b4cd9a3b395a2e1,1080,1080,/workspace/cacao/cache_256/dataset_complete/cacao_diseases/cacao_photos/healthy/healthy_2839.png,1080x1080,A,16,0.8230353,dataT/healthy/healthy_1643.jpg,0,False,False,False,0.5052966,False,1173
d4197aaf26e059ee7b839270c12ef1e1,dataset_complete/cacao_diseases/cacao_photos/healthy/healthy_2840.jpg,0,e2f89c9812bba61e,1080,1080,/workspace/cacao/cache_256/dataset_complete/cacao_diseases/cacao_photos/healthy/healthy_2840.png,1080x1080,A,18,0.85914177,dataT/healthy/healthy_268.jpg,0,False,False,False,0.42334855,False,1174
c197011a52d0479c35dcd56415187a57,dataset_complete/cacao_diseases/cacao_photos/healthy/healthy_2841.jpg,0,f45c1e12eb634857,1080,1080,/workspace/cacao/cache_256/dataset_complete/cacao_diseases/cacao_photos/healthy/healthy_2841.png,1080x1080,A,18,0.8710253,dataT/healthy/healthy_1165.jpg,0,False,False,False,0.50267947,False,1175
262a1bec6f8e981b64b31e8a8bcca528,dataset_complete/cacao_diseases/cacao_photos/healthy/healthy_2842.jpg,0,8fb86cd450d73487,1080,1080,/workspace/cacao/cache_256/dataset_complete/cacao_diseases/cacao_photos/healthy/healthy_2842.png,1080x1080,A,18,0.8625916,dataT/healthy/healthy_281.jpg,0,False,False,False,0.58293486,False,1176
f37217f2d8e421ce06e501f57b208a65,dataset_complete/cacao_diseases/cacao_photos/healthy/healthy_2843.jpg,0,9cb461606371f375,1080,1080,/workspace/cacao/cache_256/dataset_complete/cacao_diseases/cacao_photos/healthy/healthy_2843.png,1080x1080,A,16,0.8114511,dataT/healthy/healthy_1675.jpg,0,False,False,False,0.45499972,False,1177
2a36a90e0120611b36539c0e6ba5da81,dataset_complete/cacao_diseases/cacao_photos/healthy/healthy_2844.jpg,0,eec84b37c3431a1e,1080,1080,/workspace/cacao/cache_256/dataset_complete/cacao_diseases/cacao_photos/healthy/healthy_2844.png,1080x1080,A,14,0.87829614,dataT/pod_rot_black/black_pod_rot_237.jpg,1,False,False,False,0.4756594,False,1178
c2bc396793197070daf4e5cc618e8571,dataset_complete/cacao_diseases/cacao_photos/healthy/healthy_2845.jpg,0,d6c3cbe1a1271d0e,1080,1080,/workspace/cacao/cache_256/dataset_complete/cacao_diseases/cacao_photos/healthy/healthy_2845.png,1080x1080,A,16,0.84277326,dataT/healthy/healthy_1643.jpg,0,False,False,False,0.49599496,False,1179
c8e4e1fcbf46a694a26f219e7e78ba0c,dataset_complete/cacao_diseases/cacao_photos/healthy/healthy_2846.jpg,0,9e7938f0422f4daa,1080,1080,/workspace/cacao/cache_256/dataset_complete/cacao_diseases/cacao_photos/healthy/healthy_2846.png,1080x1080,A,18,0.8862949,dataT/healthy/healthy_1483.jpg,0,False,False,True,0.44161075,False,1180
5ac5576c0ee9775d0733d9dbaec66477,dataset_complete/cacao_diseases/cacao_photos/healthy/healthy_2847.jpg,0,8f86795f23726461,1080,1080,/workspace/cacao/cache_256/dataset_complete/cacao_diseases/cacao_photos/healthy/healthy_2847.png,1080x1080,A,16,0.7715661,dataT/healthy/healthy_41.jpg,0,False,False,False,0.49642497,False,1181
ac98241b9abfb7a1c54e958bef0f4031,dataset_complete/cacao_diseases/cacao_photos/healthy/healthy_2848.jpg,0,f4fc3ca2a0e0876e,1080,1080,/workspace/cacao/cache_256/dataset_complete/cacao_diseases/cacao_photos/healthy/healthy_2848.png,1080x1080,A,18,0.7992908,dataT/pod_rot_black/black_pod_rot_657.jpg,1,False,False,False,0.46712503,False,1182
bb18d0ce150a3be8208bfed1bee32955,dataset_complete/cacao_diseases/cacao_photos/healthy/healthy_2849.jpg,0,830cdc739e968b93,1080,1080,/workspace/cacao/cache_256/dataset_complete/cacao_diseases/cacao_photos/healthy/healthy_2849.png,1080x1080,A,16,0.8090242,dataT/pod_rot_black/black_pod_rot_373.jpg,1,False,False,False,0.4689884,False,1183
3b63c8f55236c025236c1cd0832a25f0,dataset_complete/cacao_diseases/cacao_photos/healthy/healthy_2850.jpg,0,beb39ef7a9602a00,1080,1080,/workspace/cacao/cache_256/dataset_complete/cacao_diseases/cacao_photos/healthy/healthy_2850.png,1080x1080,A,18,0.872425,dataT/healthy/healthy_56.jpg,0,False,False,False,0.42833203,False,1184
7904096e2a224276eb4634a6ec915833,dataset_complete/cacao_diseases/cacao_photos/healthy/healthy_2851.jpg,0,9399e462137ba956,1080,1080,/workspace/cacao/cache_256/dataset_complete/cacao_diseases/cacao_photos/healthy/healthy_2851.png,1080x1080,A,16,0.8705584,dataT/healthy/healthy_212.jpg,0,False,False,False,0.5500899,False,1185
67cc76ccda90d76c159f0ebc7ead1f98,dataset_complete/cacao_diseases/cacao_photos/healthy/healthy_2852.jpg,0,b61b8d665a2889f6,1080,1080,/workspace/cacao/cache_256/dataset_complete/cacao_diseases/cacao_photos/healthy/healthy_2852.png,1080x1080,A,16,0.8568158,dataT/healthy/healthy_87.jpg,0,False,False,False,0.37251604,False,1186
1b9fcda1292d292e5fdaa00838420d44,dataset_complete/cacao_diseases/cacao_photos/healthy/healthy_2853.jpg,0,95b809f1e8abd64c,1080,1080,/workspace/cacao/cache_256/dataset_complete/cacao_diseases/cacao_photos/healthy/healthy_2853.png,1080x1080,A,14,0.88026565,dataT/healthy/healthy_2786.jpg,0,False,False,True,0.5116778,False,1187
5c184ac87cc8d9438663ce4ddbe2b358,dataset_complete/cacao_diseases/cacao_photos/healthy/healthy_2854.jpg,0,d603a1d5a4383f9e,1080,1080,/workspace/cacao/cache_256/dataset_complete/cacao_diseases/cacao_photos/healthy/healthy_2854.png,1080x1080,A,20,0.8540738,dataT/healthy/healthy_1505.jpg,0,False,False,False,0.5020125,False,1188
bf0259fff249e6461179161873605296,dataset_complete/cacao_diseases/cacao_photos/healthy/healthy_2855.jpg,0,f272593f3c3806b4,1080,1080,/workspace/cacao/cache_256/dataset_complete/cacao_diseases/cacao_photos/healthy/healthy_2855.png,1080x1080,A,16,0.84261185,dataT/healthy/healthy_1431.jpg,0,False,False,False,0.32058784,False,1189
0bf8173a5794d7f27736f8255c9b7562,dataset_complete/cacao_diseases/cacao_photos/healthy/healthy_2856.jpg,0,e2398a63ace2e372,1080,1080,/workspace/cacao/cache_256/dataset_complete/cacao_diseases/cacao_photos/healthy/healthy_2856.png,1080x1080,A,16,0.72334325,dataT/healthy/healthy_3102.jpg,0,False,False,False,0.54768765,False,1190
5529a4f13d8458a32321a9fddd731029,dataset_complete/cacao_diseases/cacao_photos/healthy/healthy_2857.jpg,0,cc639864e9780f1f,1080,1080,/workspace/cacao/cache_256/dataset_complete/cacao_diseases/cacao_photos/healthy/healthy_2857.png,1080x1080,A,16,0.82174015,dataT/healthy/healthy_1453.jpg,0,False,False,False,0.4786541,False,1191
5bb0cf750574ead8eb47811ee515e3ef,dataset_complete/cacao_diseases/cacao_photos/healthy/healthy_2858.jpg,0,94b15c60e64ef6a9,1080,1080,/workspace/cacao/cache_256/dataset_complete/cacao_diseases/cacao_photos/healthy/healthy_2858.png,1080x1080,A,18,0.845109,dataT/healthy/healthy_3124.jpg,0,False,False,False,0.4144444,False,1192
dbb7eef528c5e4d1e21a7548529dc659,dataset_complete/cacao_diseases/cacao_photos/healthy/healthy_2859.jpg,0,caea8586fbd44496,1080,1080,/workspace/cacao/cache_256/dataset_complete/cacao_diseases/cacao_photos/healthy/healthy_2859.png,1080x1080,A,18,0.87545305,dataT/pod_rot_black/black_pod_rot_215.jpg,1,False,False,False,0.43693647,False,1193
8a08859ac97d2b668d57c8b193566e21,dataset_complete/cacao_diseases/cacao_photos/healthy/healthy_2860.jpg,0,bef85953f0d45203,1080,1080,/workspace/cacao/cache_256/dataset_complete/cacao_diseases/cacao_photos/healthy/healthy_2860.png,1080x1080,A,18,0.87000585,dataT/healthy/healthy_1218.jpg,0,False,False,False,0.4975264,False,1194
5405be76c42635f10a7cad998b2ba1e4,dataset_complete/cacao_diseases/cacao_photos/healthy/healthy_2861.jpg,0,fc043df039bcb8b0,1080,1080,/workspace/cacao/cache_256/dataset_complete/cacao_diseases/cacao_photos/healthy/healthy_2861.png,1080x1080,A,20,0.84476966,dataT/healthy/healthy_656.jpg,0,False,False,False,0.3881462,False,1195
bebfae0327efdf2ac9e22f55d3ea6435,dataset_complete/cacao_diseases/cacao_photos/healthy/healthy_2862.jpg,0,a433d8b78d52a99c,1080,1080,/workspace/cacao/cache_256/dataset_complete/cacao_diseases/cacao_photos/healthy/healthy_2862.png,1080x1080,A,18,0.8382132,dataT/pod_rot_black/black_pod_rot_107.jpg,1,False,False,False,0.47866696,False,1196
56e5a7b7b7360f239978ca8951b7fc14,dataset_complete/cacao_diseases/cacao_photos/healthy/healthy_2863.jpg,0,9cf26158a7a52676,1080,1080,/workspace/cacao/cache_256/dataset_complete/cacao_diseases/cacao_photos/healthy/healthy_2863.png,1080x1080,A,18,0.88639754,dataT/healthy/healthy_419.jpg,0,False,False,True,0.44653937,False,1197
f90af6cb40acab97b3baf9b15e268f5b,dataset_complete/cacao_diseases/cacao_photos/healthy/healthy_2864.jpg,0,ca9685abe3070bf1,1080,1080,/workspace/cacao/cache_256/dataset_complete/cacao_diseases/cacao_photos/healthy/healthy_2864.png,1080x1080,A,16,0.87417054,dataT/healthy/healthy_2504.jpg,0,False,False,False,0.3705659,False,1198
4b2660d612c5f258dc732a73a0e874e1,dataset_complete/cacao_diseases/cacao_photos/healthy/healthy_2865.jpg,0,fc8e3433633a3171,1080,1080,/workspace/cacao/cache_256/dataset_complete/cacao_diseases/cacao_photos/healthy/healthy_2865.png,1080x1080,A,18,0.7827904,dataT/pod_rot_black/black_pod_rot_909.jpg,1,False,False,False,0.3646177,False,1199
d70b73da3f5bb560926a8ded864a4127,dataset_complete/cacao_diseases/cacao_photos/healthy/healthy_2866.jpg,0,cf460de52a1753a9,1080,1080,/workspace/cacao/cache_256/dataset_complete/cacao_diseases/cacao_photos/healthy/healthy_2866.png,1080x1080,A,18,0.80668724,dataT/healthy/healthy_1257.jpg,0,False,False,False,0.36885655,False,1200
ffef6136b5b1fdf3442f49db1b42e48a,dataset_complete/cacao_diseases/cacao_photos/healthy/healthy_2867.jpg,0,b3a53953a2f60387,1080,1080,/workspace/cacao/cache_256/dataset_complete/cacao_diseases/cacao_photos/healthy/healthy_2867.png,1080x1080,A,18,0.86832285,dataT/healthy/healthy_1541.jpg,0,False,False,False,0.48532927,False,1201
8be022e0ce8bc8b625d29463e084c0b4,dataset_complete/cacao_diseases/cacao_photos/healthy/healthy_2868.jpg,0,c7469c325cf383b1,1080,1080,/workspace/cacao/cache_256/dataset_complete/cacao_diseases/cacao_photos/healthy/healthy_2868.png,1080x1080,A,16,0.8371423,dataT/healthy/healthy_1028.jpg,0,False,False,False,0.32548422,False,1202
cbd7df0d257f10ac793008a1f5009e32,dataset_complete/cacao_diseases/cacao_photos/healthy/healthy_2869.jpg,0,c7f13e3939183a15,1080,1080,/workspace/cacao/cache_256/dataset_complete/cacao_diseases/cacao_photos/healthy/healthy_2869.png,1080x1080,A,20,0.8298467,dataT/healthy/healthy_1217.jpg,0,False,False,False,0.3493393,False,1203
20911c198f4fe97fd582b51b9dbdf779,dataset_complete/cacao_diseases/cacao_photos/healthy/healthy_2870.jpg,0,c6c9583cb64af1b1,1080,1080,/workspace/cacao/cache_256/dataset_complete/cacao_diseases/cacao_photos/healthy/healthy_2870.png,1080x1080,A,16,0.7964438,dataT/pod_rot_black/black_pod_rot_75.jpg,1,False,False,False,0.37068963,False,1204
11e91ebd34231266d0b254e39ab975da,dataset_complete/cacao_diseases/cacao_photos/healthy/healthy_2871.jpg,0,fae1c6758a7841f0,1080,1080,/workspace/cacao/cache_256/dataset_complete/cacao_diseases/cacao_photos/healthy/healthy_2871.png,1080x1080,A,20,0.84937143,dataT/pod_rot_black/black_pod_rot_376.jpg,1,False,False,False,0.45709682,False,1205
fc3eeb62f15430cd02bf757586ce124a,dataset_complete/cacao_diseases/cacao_photos/healthy/healthy_2872.jpg,0,f8df1d3222722ea8,1080,1080,/workspace/cacao/cache_256/dataset_complete/cacao_diseases/cacao_photos/healthy/healthy_2872.png,1080x1080,A,16,0.8633748,dataT/healthy/healthy_3319.jpg,0,False,False,False,0.44835797,False,1206
b9f396e77aa1c738dbfbd41a24b55794,dataset_complete/cacao_diseases/cacao_photos/healthy/healthy_2873.jpg,0,9b089863aca64ebf,1080,1080,/workspace/cacao/cache_256/dataset_complete/cacao_diseases/cacao_photos/healthy/healthy_2873.png,1080x1080,A,18,0.8482102,dataT/pod_rot_black/black_pod_rot_872.jpg,1,False,False,False,0.4581933,False,1207
ce772af3c7e83dc441e6677604e6b74f,dataset_complete/cacao_diseases/cacao_photos/healthy/healthy_2874.jpg,0,ce993036260df9cd,1080,1080,/workspace/cacao/cache_256/dataset_complete/cacao_diseases/cacao_photos/healthy/healthy_2874.png,1080x1080,A,14,0.8167622,dataT/healthy/healthy_82.jpg,0,False,False,False,0.3416205,False,1208
ba17a2961126e33a23acb47529b436cb,dataset_complete/cacao_diseases/cacao_photos/healthy/healthy_2875.jpg,0,87d4eee65c4ab860,1080,1080,/workspace/cacao/cache_256/dataset_complete/cacao_diseases/cacao_photos/healthy/healthy_2875.png,1080x1080,A,18,0.8478749,dataT/healthy/healthy_21.jpg,0,False,False,False,0.44676468,False,1209
3bbfccb6581825977fa9b1ff33e95277,dataset_complete/cacao_diseases/cacao_photos/healthy/healthy_2876.jpg,0,d489fc9c283ba06f,1080,1080,/workspace/cacao/cache_256/dataset_complete/cacao_diseases/cacao_photos/healthy/healthy_2876.png,1080x1080,A,18,0.84254277,dataT/healthy/healthy_3087.jpg,0,False,False,False,0.5084853,False,1210
3c0304705a98936cb0287a088b63a00f,dataset_complete/cacao_diseases/cacao_photos/healthy/healthy_2877.jpg,0,afb5453664b2127a,1080,1080,/workspace/cacao/cache_256/dataset_complete/cacao_diseases/cacao_photos/healthy/healthy_2877.png,1080x1080,A,18,0.8579393,dataT/healthy/healthy_2611.jpg,0,False,False,False,0.48422578,False,1211
72c130e7f62c512c29e7119ac438ed6a,dataset_complete/cacao_diseases/cacao_photos/healthy/healthy_2878.jpg,0,f0cd096541f2d75a,1080,1080,/workspace/cacao/cache_256/dataset_complete/cacao_diseases/cacao_photos/healthy/healthy_2878.png,1080x1080,A,18,0.8352635,dataT/healthy/healthy_1511.jpg,0,False,False,False,0.49286497,False,1212
1ceaa8a0181a28d4de06fa00835083ca,dataset_complete/cacao_diseases/cacao_photos/healthy/healthy_2879.jpg,0,a73c1d226b6bce05,1080,1080,/workspace/cacao/cache_256/dataset_complete/cacao_diseases/cacao_photos/healthy/healthy_2879.png,1080x1080,A,14,0.88887733,dataT/healthy/healthy_243.jpg,0,False,False,True,0.4428869,False,1213
66408724ed8073221faeeb6f473dc24c,dataset_complete/cacao_diseases/cacao_photos/healthy/healthy_2880.jpg,0,eac4593499bac5c3,1080,1080,/workspace/cacao/cache_256/dataset_complete/cacao_diseases/cacao_photos/healthy/healthy_2880.png,1080x1080,A,18,0.86367357,dataT/healthy/healthy_1541.jpg,0,False,False,False,0.43634906,False,1214
a5ad7a1f89b899d8c1e135f677ee897d,dataset_complete/cacao_diseases/cacao_photos/healthy/healthy_2881.jpg,0,b7c9c16c672e2436,1080,1080,/workspace/cacao/cache_256/dataset_complete/cacao_diseases/cacao_photos/healthy/healthy_2881.png,1080x1080,A,16,0.8398203,dataT/healthy/healthy_3098.jpg,0,False,False,False,0.4592489,False,1215
f699417f2847c1c41a05c644d4d37354,dataset_complete/cacao_diseases/cacao_photos/healthy/healthy_2882.jpg,0,f6c749a20c168eeb,1080,1080,/workspace/cacao/cache_256/dataset_complete/cacao_diseases/cacao_photos/healthy/healthy_2882.png,1080x1080,A,16,0.88004494,dataT/healthy/healthy_99.jpg,0,False,False,True,0.48434627,False,1216
9adfcd638bbcac741b7bcbd7ad531b03,dataset_complete/cacao_diseases/cacao_photos/healthy/healthy_2883.jpg,0,8ecdb98760976a86,1080,1080,/workspace/cacao/cache_256/dataset_complete/cacao_diseases/cacao_photos/healthy/healthy_2883.png,1080x1080,A,16,0.8280466,dataT/pod_rot_black/black_pod_rot_886.jpg,1,False,False,True,0.5415158,False,1217
008edf23071e8f324ba83b88481d6310,dataset_complete/cacao_diseases/cacao_photos/healthy/healthy_2884.jpg,0,e63c833f50f1f812,1080,1080,/workspace/cacao/cache_256/dataset_complete/cacao_diseases/cacao_photos/healthy/healthy_2884.png,1080x1080,A,18,0.840618,dataT/healthy/healthy_1473.jpg,0,False,False,False,0.44187155,False,1218
06bc70ab019bb28d6de2aa8f86496796,dataset_complete/cacao_diseases/cacao_photos/healthy/healthy_2885.jpg,0,ac92d121f33ae335,1080,1080,/workspace/cacao/cache_256/dataset_complete/cacao_diseases/cacao_photos/healthy/healthy_2885.png,1080x1080,A,14,0.8747185,dataT/healthy/healthy_1020.jpg,0,False,False,False,0.43712407,False,1219
81759b743adee1f98c4ff25dfe521231,dataset_complete/cacao_diseases/cacao_photos/healthy/healthy_2886.jpg,0,cbdc3280fd0339f1,1080,1080,/workspace/cacao/cache_256/dataset_complete/cacao_diseases/cacao_photos/healthy/healthy_2886.png,1080x1080,A,20,0.8791366,dataT/healthy/healthy_35.jpg,0,False,False,False,0.45617887,False,1220
f778d1c2ff32de57e9b1d455615eb043,dataset_complete/cacao_diseases/cacao_photos/healthy/healthy_2887.jpg,0,83838dbf0f38a31e,1080,1080,/workspace/cacao/cache_256/dataset_complete/cacao_diseases/cacao_photos/healthy/healthy_2887.png,1080x1080,A,18,0.9419862,dataT/healthy/healthy_3320.jpg,0,True,True,True,0.51876867,False,1221
aa4c7c6ec9dc2078d8a8b7e1209871c5,dataset_complete/cacao_diseases/cacao_photos/healthy/healthy_2888.jpg,0,b6a98f684967e146,1080,1080,/workspace/cacao/cache_256/dataset_complete/cacao_diseases/cacao_photos/healthy/healthy_2888.png,1080x1080,A,16,0.8774533,dataT/healthy/healthy_1562.jpg,0,False,False,True,0.44610655,False,1222
eb8c6262578197a87308b2c9f5381288,dataset_complete/cacao_diseases/cacao_photos/healthy/healthy_2889.jpg,0,83e6cca75c490e5e,1080,1080,/workspace/cacao/cache_256/dataset_complete/cacao_diseases/cacao_photos/healthy/healthy_2889.png,1080x1080,A,18,0.8293065,dataT/pod_rot_black/black_pod_rot_858.jpg,1,False,False,False,0.41644353,False,1223
b23d0efd4b7d19b92091917b71dea5d0,dataset_complete/cacao_diseases/cacao_photos/healthy/healthy_2890.jpg,0,8e5068559aba9abd,1080,1080,/workspace/cacao/cache_256/dataset_complete/cacao_diseases/cacao_photos/healthy/healthy_2890.png,1080x1080,A,18,0.8500159,dataT/healthy/healthy_2590.jpg,0,False,False,False,0.35943723,False,1224
5564d033fc3516efe4b94342d9bff77a,dataset_complete/cacao_diseases/cacao_photos/healthy/healthy_2891.jpg,0,f32d545ad9400efa,1080,1080,/workspace/cacao/cache_256/dataset_complete/cacao_diseases/cacao_photos/healthy/healthy_2891.png,1080x1080,A,18,0.8763209,dataT/pod_rot_black/black_pod_rot_239.jpg,1,False,False,False,0.3928182,False,1225
65daf1c1277644dc2ab220497342545a,dataset_complete/cacao_diseases/cacao_photos/healthy/healthy_2892.jpg,0,cfd924bff10021e3,1080,1080,/workspace/cacao/cache_256/dataset_complete/cacao_diseases/cacao_photos/healthy/healthy_2892.png,1080x1080,A,14,0.8624989,dataT/pod_rot_black/black_pod_rot_241.jpg,1,False,False,False,0.44206685,False,1226
0280d1d4bb46b7669abb4f39d04e3b05,dataset_complete/cacao_diseases/cacao_photos/healthy/healthy_2893.jpg,0,d8b6703f4e49c1e1,1080,1080,/workspace/cacao/cache_256/dataset_complete/cacao_diseases/cacao_photos/healthy/healthy_2893.png,1080x1080,A,16,0.8431307,dataT/healthy/healthy_79.jpg,0,False,False,False,0.42880124,False,1227
e7c13f7648c5ba8cd53449c050eb6ac4,dataset_complete/cacao_diseases/cacao_photos/healthy/healthy_2894.jpg,0,8ebc84a1b92cb5ad,1080,1080,/workspace/cacao/cache_256/dataset_complete/cacao_diseases/cacao_photos/healthy/healthy_2894.png,1080x1080,A,18,0.83694136,dataT/healthy/healthy_1495.jpg,0,False,False,False,0.4198591,False,1228
61f3df4c701a7c4cc959a342099075cb,dataset_complete/cacao_diseases/cacao_photos/healthy/healthy_2895.jpg,0,c2e08d2ffd74085e,1080,1080,/workspace/cacao/cache_256/dataset_complete/cacao_diseases/cacao_photos/healthy/healthy_2895.png,1080x1080,A,16,0.83079636,dataT/healthy/healthy_2793.jpg,0,False,False,False,0.47678506,False,1229
4f00592c6f1f348b7e7673c8f7519831,dataset_complete/cacao_diseases/cacao_photos/healthy/healthy_2896.jpg,0,cba68cf1de1ec209,1080,1080,/workspace/cacao/cache_256/dataset_complete/cacao_diseases/cacao_photos/healthy/healthy_2896.png,1080x1080,A,18,0.8609276,dataT/healthy/healthy_1258.jpg,0,False,False,False,0.4302966,False,1230
6dbaa683d1278ae8b1fd5bf3dff676f4,dataset_complete/cacao_diseases/cacao_photos/healthy/healthy_2897.jpg,0,87c95c2559686c6f,1080,1080,/workspace/cacao/cache_256/dataset_complete/cacao_diseases/cacao_photos/healthy/healthy_2897.png,1080x1080,A,18,0.8712847,dataT/healthy/healthy_1548.jpg,0,False,False,False,0.496298,False,1231
4d4706d4e8870ccf3ec10fb29c89d96b,dataset_complete/cacao_diseases/cacao_photos/healthy/healthy_2898.jpg,0,82e3d8f2b5b83d90,1080,1080,/workspace/cacao/cache_256/dataset_complete/cacao_diseases/cacao_photos/healthy/healthy_2898.png,1080x1080,A,16,0.8480607,dataT/healthy/healthy_2611.jpg,0,False,False,False,0.41386712,False,1232
f807368614c9b6391685388c2f78b19c,dataset_complete/cacao_diseases/cacao_photos/healthy/healthy_2899.jpg,0,9a4c5c4387a68f8f,1080,1080,/workspace/cacao/cache_256/dataset_complete/cacao_diseases/cacao_photos/healthy/healthy_2899.png,1080x1080,A,18,0.83017343,dataT/pod_rot_black/black_pod_rot_544.jpg,1,False,False,False,0.5276528,False,1233
a11dc97b347eae331239d07bbfda23f8,dataset_complete/cacao_diseases/cacao_photos/healthy/healthy_2900.jpg,0,9e90b3b6038b5b4b,1080,1080,/workspace/cacao/cache_256/dataset_complete/cacao_diseases/cacao_photos/healthy/healthy_2900.png,1080x1080,A,16,0.87600374,dataT/healthy/healthy_574.jpg,0,False,False,False,0.42489704,False,1234
54aa5a11b9009a593e5339b412c44d48,dataset_complete/cacao_diseases/cacao_photos/healthy/healthy_2901.jpg,0,a316adb0983355f3,1080,1080,/workspace/cacao/cache_256/dataset_complete/cacao_diseases/cacao_photos/healthy/healthy_2901.png,1080x1080,A,16,0.8364446,dataT/healthy/healthy_2757.jpg,0,False,False,False,0.46241593,False,1235
63661577fbd60b7bb0e80653786007a4,dataset_complete/cacao_diseases/cacao_photos/healthy/healthy_2902.jpg,0,ee600e6973a973b0,1080,1080,/workspace/cacao/cache_256/dataset_complete/cacao_diseases/cacao_photos/healthy/healthy_2902.png,1080x1080,A,18,0.8540078,dataT/healthy/healthy_2611.jpg,0,False,False,False,0.36963803,False,1236
5197a134d7801464a2be1a7816a9ecee,dataset_complete/cacao_diseases/cacao_photos/healthy/healthy_2903.jpg,0,e5434fb7b17130a1,1080,1080,/workspace/cacao/cache_256/dataset_complete/cacao_diseases/cacao_photos/healthy/healthy_2903.png,1080x1080,A,16,0.8790005,dataT/healthy/healthy_1431.jpg,0,False,False,False,0.4175472,False,1237
5ab36440aad7cd96104f54c9093065be,dataset_complete/cacao_diseases/cacao_photos/healthy/healthy_2904.jpg,0,b9c8f08e4a9d5a8b,1080,1080,/workspace/cacao/cache_256/dataset_complete/cacao_diseases/cacao_photos/healthy/healthy_2904.png,1080x1080,A,18,0.874802,dataT/pod_rot_black/black_pod_rot_2.jpg,1,False,False,False,0.5045823,False,1238
ec64a9d6850194a61c6e57ce308243d1,dataset_complete/cacao_diseases/cacao_photos/healthy/healthy_2905.jpg,0,c4f3590344b4f35e,1080,1080,/workspace/cacao/cache_256/dataset_complete/cacao_diseases/cacao_photos/healthy/healthy_2905.png,1080x1080,A,18,0.8771486,dataT/healthy/healthy_2282.jpg,0,False,False,False,0.4082513,False,1239
ec85a3633b5dd2ced4e807357c02be96,dataset_complete/cacao_diseases/cacao_photos/healthy/healthy_2906.jpg,0,b5bf76a25e205451,1080,1080,/workspace/cacao/cache_256/dataset_complete/cacao_diseases/cacao_photos/healthy/healthy_2906.png,1080x1080,A,20,0.8440629,dataT/healthy/healthy_2130.jpg,0,False,False,False,0.5209006,False,1240
11bd1d149bc782a02889411e1a931395,dataset_complete/cacao_diseases/cacao_photos/healthy/healthy_2907.jpg,0,e6c378d82bfaf040,1080,1080,/workspace/cacao/cache_256/dataset_complete/cacao_diseases/cacao_photos/healthy/healthy_2907.png,1080x1080,A,18,0.8220035,dataT/healthy/healthy_1210.jpg,0,False,False,False,0.43530536,False,1241
b37bb9915c50fb3282ec3b40318f84c1,dataset_complete/cacao_diseases/cacao_photos/healthy/healthy_2908.jpg,0,aa8b95f37132325a,1080,1080,/workspace/cacao/cache_256/dataset_complete/cacao_diseases/cacao_photos/healthy/healthy_2908.png,1080x1080,A,16,0.8673612,dataT/healthy/healthy_2621.jpg,0,False,False,False,0.48953623,False,1242
aa68cb49291fe4b16b59f5bfeef3104e,dataset_complete/cacao_diseases/cacao_photos/healthy/healthy_2909.jpg,0,d9db33969626a0e4,1080,1080,/workspace/cacao/cache_256/dataset_complete/cacao_diseases/cacao_photos/healthy/healthy_2909.png,1080x1080,A,14,0.7755632,dataT/pod_rot_black/black_pod_rot_895.jpg,1,False,False,False,0.31473187,False,1243
2fe48d64522eca329f6f0e401a997c1c,dataset_complete/cacao_diseases/cacao_photos/healthy/healthy_2910.jpg,0,e81c31327f83b297,1080,1080,/workspace/cacao/cache_256/dataset_complete/cacao_diseases/cacao_photos/healthy/healthy_2910.png,1080x1080,A,14,0.87005246,dataT/healthy/healthy_1084.jpg,0,False,False,False,0.5640813,False,1244
904a8e55e5fe23f17c279e79b5a7eafd,dataset_complete/cacao_diseases/cacao_photos/healthy/healthy_2911.jpg,0,f6f28a78e1e1a01d,1080,1080,/workspace/cacao/cache_256/dataset_complete/cacao_diseases/cacao_photos/healthy/healthy_2911.png,1080x1080,A,16,0.8590368,dataT/healthy/healthy_2610.jpg,0,False,False,False,0.409201,False,1245
177879db55828f436b8b3b5a9bb02968,dataset_complete/cacao_diseases/cacao_photos/healthy/healthy_2912.jpg,0,9ea9b632721a329b,1080,1080,/workspace/cacao/cache_256/dataset_complete/cacao_diseases/cacao_photos/healthy/healthy_2912.png,1080x1080,A,16,0.8736826,dataT/pod_rot_black/black_pod_rot_393.jpg,1,False,False,False,0.54674965,False,1246
d7dc07bbdaa2632fcca0ee8d6e394e4a,dataset_complete/cacao_diseases/cacao_photos/healthy/healthy_2913.jpg,0,9c80595cb553627f,1080,1080,/workspace/cacao/cache_256/dataset_complete/cacao_diseases/cacao_photos/healthy/healthy_2913.png,1080x1080,A,18,0.84233606,dataT/healthy/healthy_441.jpg,0,False,False,False,0.49319485,False,1247
7135eecda1dc7967bd8417909cae092a,dataset_complete/cacao_diseases/cacao_photos/healthy/healthy_2914.jpg,0,d23bd8d3599078c3,1080,1080,/workspace/cacao/cache_256/dataset_complete/cacao_diseases/cacao_photos/healthy/healthy_2914.png,1080x1080,A,16,0.8581195,dataT/healthy/healthy_697.jpg,0,False,False,False,0.58249897,False,1248
ad272a01344ddd7f1bb5399641be83b3,dataset_complete/cacao_diseases/cacao_photos/healthy/healthy_2915.jpg,0,bf1cb4b418fe3141,1080,1080,/workspace/cacao/cache_256/dataset_complete/cacao_diseases/cacao_photos/healthy/healthy_2915.png,1080x1080,A,18,0.8751478,dataT/healthy/healthy_1053.jpg,0,False,False,False,0.5466259,False,1249
88b31458f85a462167395882517e3856,dataset_complete/cacao_diseases/cacao_photos/healthy/healthy_2916.jpg,0,99d8e8a0aef482f9,1080,1080,/workspace/cacao/cache_256/dataset_complete/cacao_diseases/cacao_photos/healthy/healthy_2916.png,1080x1080,A,18,0.87072957,dataT/healthy/healthy_3136.jpg,0,False,False,False,0.42528892,False,1250
38570b5631a778acd03d8599d5fccd2f,dataset_complete/cacao_diseases/cacao_photos/healthy/healthy_2917.jpg,0,fc1c905149ab9dcd,1080,1080,/workspace/cacao/cache_256/dataset_complete/cacao_diseases/cacao_photos/healthy/healthy_2917.png,1080x1080,A,18,0.8599076,dataT/healthy/healthy_2620.jpg,0,False,False,False,0.575966,False,1251
8ce25feb67d89bd64c5f0ef73249def0,dataset_complete/cacao_diseases/cacao_photos/healthy/healthy_2918.jpg,0,cc3d70a36b3a43e1,1080,1080,/workspace/cacao/cache_256/dataset_complete/cacao_diseases/cacao_photos/healthy/healthy_2918.png,1080x1080,A,16,0.84216285,dataT/healthy/healthy_1440.jpg,0,False,False,False,0.41611588,False,1252
c1d728b02da6cd8b4ce92e554209a31f,dataset_complete/cacao_diseases/cacao_photos/healthy/healthy_2919.jpg,0,f1934d5b4c454d4b,1080,1080,/workspace/cacao/cache_256/dataset_complete/cacao_diseases/cacao_photos/healthy/healthy_2919.png,1080x1080,A,16,0.8648885,dataT/healthy/healthy_640.jpg,0,False,False,False,0.5137321,False,1253
2400da71dbbf9feda5951e36d1c0a488,dataset_complete/cacao_diseases/cacao_photos/healthy/healthy_292.jpg,0,9219fb65277e60c2,1080,1080,/workspace/cacao/cache_256/dataset_complete/cacao_diseases/cacao_photos/healthy/healthy_292.png,1080x1080,A,14,0.8635965,dataT/healthy/healthy_2573.jpg,0,False,False,False,0.47039926,False,1254
2fb989db33951841f65c2f41713ce279,dataset_complete/cacao_diseases/cacao_photos/healthy/healthy_2920.jpg,0,9bb3594849cb5a1e,1080,1080,/workspace/cacao/cache_256/dataset_complete/cacao_diseases/cacao_photos/healthy/healthy_2920.png,1080x1080,A,14,0.8664428,dataT/healthy/healthy_2644.jpg,0,False,False,False,0.4861731,False,1255
803e798fa4f122901c5f40892f05aa38,dataset_complete/cacao_diseases/cacao_photos/healthy/healthy_2921.jpg,0,f3f48c2088fc5c6e,1080,1080,/workspace/cacao/cache_256/dataset_complete/cacao_diseases/cacao_photos/healthy/healthy_2921.png,1080x1080,A,18,0.78006613,dataT/healthy/healthy_1548.jpg,0,False,False,False,0.5448776,False,1256
9c186d63674fa4e672e99f26407caf33,dataset_complete/cacao_diseases/cacao_photos/healthy/healthy_2922.jpg,0,b2fe612167c5954c,1080,1080,/workspace/cacao/cache_256/dataset_complete/cacao_diseases/cacao_photos/healthy/healthy_2922.png,1080x1080,A,16,0.8560726,dataT/healthy/healthy_209.jpg,0,True,True,False,0.50176066,False,1257
82acf0b6faaddfbc3935b6bee6bef3e1,dataset_complete/cacao_diseases/cacao_photos/healthy/healthy_2923.jpg,0,e6e349155d0cc795,1080,1080,/workspace/cacao/cache_256/dataset_complete/cacao_diseases/cacao_photos/healthy/healthy_2923.png,1080x1080,A,16,0.8473772,dataT/healthy/healthy_582.jpg,0,False,False,False,0.44037056,False,1258
bf9beb8de414d02ffce01467e9c29436,dataset_complete/cacao_diseases/cacao_photos/healthy/healthy_2924.jpg,0,e3ec9df01df0003b,1080,1080,/workspace/cacao/cache_256/dataset_complete/cacao_diseases/cacao_photos/healthy/healthy_2924.png,1080x1080,A,16,0.8399527,dataT/pod_rot_black/black_pod_rot_872.jpg,1,False,False,False,0.52412623,False,1259
c247179af8df9c2db0c08114a846cc96,dataset_complete/cacao_diseases/cacao_photos/healthy/healthy_2925.jpg,0,b0f93df3e270240d,1080,1080,/workspace/cacao/cache_256/dataset_complete/cacao_diseases/cacao_photos/healthy/healthy_2925.png,1080x1080,A,18,0.8445699,dataT/healthy/healthy_1513.jpg,0,False,False,False,0.48359123,False,1260
48e3f3c43c43acd61c0abf4fefaf290e,dataset_complete/cacao_diseases/cacao_photos/healthy/healthy_2926.jpg,0,bbb6a18132592cf6,1080,1080,/workspace/cacao/cache_256/dataset_complete/cacao_diseases/cacao_photos/healthy/healthy_2926.png,1080x1080,A,20,0.856297,dataT/healthy/healthy_1165.jpg,0,False,False,False,0.51407325,False,1261
97a567724bc1beb79fb72356231c8b69,dataset_complete/cacao_diseases/cacao_photos/healthy/healthy_2927.jpg,0,b21f9be945a594b0,1080,1080,/workspace/cacao/cache_256/dataset_complete/cacao_diseases/cacao_photos/healthy/healthy_2927.png,1080x1080,A,18,0.84778917,dataT/pod_rot_black/black_pod_rot_933.jpg,1,False,False,False,0.40679282,False,1262
f348d494c3a854502e8b83d198507a1d,dataset_complete/cacao_diseases/cacao_photos/healthy/healthy_2928.jpg,0,f31dd23e95126943,1080,1080,/workspace/cacao/cache_256/dataset_complete/cacao_diseases/cacao_photos/healthy/healthy_2928.png,1080x1080,A,20,0.8490141,dataT/healthy/healthy_268.jpg,0,False,False,False,0.4636261,False,1263
e5c7277dfb384c5fb5408c380ad3ccf5,dataset_complete/cacao_diseases/cacao_photos/healthy/healthy_2929.jpg,0,e3d1c3422a3cfdb0,1080,1080,/workspace/cacao/cache_256/dataset_complete/cacao_diseases/cacao_photos/healthy/healthy_2929.png,1080x1080,A,18,0.85501605,dataT/healthy/healthy_1194.jpg,0,False,False,False,0.45847994,False,1264
f65c4dac0cf1445cd945b90d3aacc1df,dataset_complete/cacao_diseases/cacao_photos/healthy/healthy_293.jpg,0,d669987429193fd8,1080,1080,/workspace/cacao/cache_256/dataset_complete/cacao_diseases/cacao_photos/healthy/healthy_293.png,1080x1080,A,16,0.8366239,dataT/healthy/healthy_2624.jpg,0,False,False,False,0.53700125,False,1265
3cab450d4a721405b6d2c163a0b1beea,dataset_complete/cacao_diseases/cacao_photos/healthy/healthy_2930.jpg,0,b3ac0c7221f37a0f,1080,1080,/workspace/cacao/cache_256/dataset_complete/cacao_diseases/cacao_photos/healthy/healthy_2930.png,1080x1080,A,16,0.8351586,dataT/pod_rot_black/black_pod_rot_933.jpg,1,False,False,False,0.4227873,False,1266
fc0d3fd4c85cba1f841e0a9e2b8ea0a4,dataset_complete/cacao_diseases/cacao_photos/healthy/healthy_2931.jpg,0,a69d1cf81bc931c5,1080,1080,/workspace/cacao/cache_256/dataset_complete/cacao_diseases/cacao_photos/healthy/healthy_2931.png,1080x1080,A,18,0.85909414,dataT/healthy/healthy_1578.jpg,0,False,False,False,0.41505513,False,1267
ed2e4bb3299380947b35eb225ab52a71,dataset_complete/cacao_diseases/cacao_photos/healthy/healthy_2932.jpg,0,a5f84e332863d2e9,1080,1080,/workspace/cacao/cache_256/dataset_complete/cacao_diseases/cacao_photos/healthy/healthy_2932.png,1080x1080,A,18,0.83916056,dataT/healthy/healthy_1639.jpg,0,False,False,False,0.38349432,False,1268
1b816809ca34410a95f3b04ec76e6a3c,dataset_complete/cacao_diseases/cacao_photos/healthy/healthy_2933.jpg,0,9d8c15367292fa8d,1080,1080,/workspace/cacao/cache_256/dataset_complete/cacao_diseases/cacao_photos/healthy/healthy_2933.png,1080x1080,A,18,0.8689533,dataT/healthy/healthy_1150.jpg,0,False,False,False,0.44664586,False,1269
62001794b99e5b41a757c029737ad98a,dataset_complete/cacao_diseases/cacao_photos/healthy/healthy_2934.jpg,0,a15d5c9a012d3f97,1080,1080,/workspace/cacao/cache_256/dataset_complete/cacao_diseases/cacao_photos/healthy/healthy_2934.png,1080x1080,A,20,0.8145863,dataT/healthy/healthy_1639.jpg,0,False,False,False,0.3926053,False,1270
c9aecf47c788f09c8c66006690916e2b,dataset_complete/cacao_diseases/cacao_photos/healthy/healthy_2935.jpg,0,d8091cf30517ef9a,1080,1080,/workspace/cacao/cache_256/dataset_complete/cacao_diseases/cacao_photos/healthy/healthy_2935.png,1080x1080,A,18,0.863387,dataT/healthy/healthy_1055.jpg,0,False,False,False,0.38768667,False,1271
58e940e39faaa8528ce7671834e2d70b,dataset_complete/cacao_diseases/cacao_photos/healthy/healthy_2936.jpg,0,c67ec51a6986ec45,1080,1080,/workspace/cacao/cache_256/dataset_complete/cacao_diseases/cacao_photos/healthy/healthy_2936.png,1080x1080,A,16,0.89331055,dataT/healthy/healthy_3136.jpg,0,False,False,True,0.5547974,False,1272
32c71dba155e140764f0962c33bf1d97,dataset_complete/cacao_diseases/cacao_photos/healthy/healthy_2937.jpg,0,e66c59615736811f,1080,1080,/workspace/cacao/cache_256/dataset_complete/cacao_diseases/cacao_photos/healthy/healthy_2937.png,1080x1080,A,12,0.8753142,dataT/healthy/healthy_39.jpg,0,False,False,False,0.4741879,False,1273
c947844d43525912f91e34658511ad30,dataset_complete/cacao_diseases/cacao_photos/healthy/healthy_2938.jpg,0,e36f18be290e07c6,1080,1080,/workspace/cacao/cache_256/dataset_complete/cacao_diseases/cacao_photos/healthy/healthy_2938.png,1080x1080,A,18,0.8132521,dataT/pod_rot_black/black_pod_rot_103.jpg,1,False,False,False,0.40441754,False,1274
1841edea2cb1d46b0fc002bd4193a727,dataset_complete/cacao_diseases/cacao_photos/healthy/healthy_2939.jpg,0,b56b0de2a5d76980,1080,1080,/workspace/cacao/cache_256/dataset_complete/cacao_diseases/cacao_photos/healthy/healthy_2939.png,1080x1080,A,16,0.8564584,dataT/healthy/healthy_268.jpg,0,False,False,False,0.43632352,False,1275
9879f9a8930b2900588be0bfe59efda5,dataset_complete/cacao_diseases/cacao_photos/healthy/healthy_294.jpg,0,a4a22a36ffc96313,1080,1080,/workspace/cacao/cache_256/dataset_complete/cacao_diseases/cacao_photos/healthy/healthy_294.png,1080x1080,A,16,0.86864436,dataT/healthy/healthy_291.jpg,0,True,True,True,0.42991462,False,1276
d7973524b40f1a7b5c43d5b4df42b461,dataset_complete/cacao_diseases/cacao_photos/healthy/healthy_2940.jpg,0,9229d17abc323d27,1080,1080,/workspace/cacao/cache_256/dataset_complete/cacao_diseases/cacao_photos/healthy/healthy_2940.png,1080x1080,A,14,0.8651624,dataT/healthy/healthy_1448.jpg,0,False,False,False,0.48602468,False,1277
7af8e63d480a17b4cdf80d76f123a85e,dataset_complete/cacao_diseases/cacao_photos/healthy/healthy_2941.jpg,0,b6ae18ed44858cde,1080,1080,/workspace/cacao/cache_256/dataset_complete/cacao_diseases/cacao_photos/healthy/healthy_2941.png,1080x1080,A,16,0.8899345,dataT/healthy/healthy_1175.jpg,0,False,False,True,0.41125572,False,1278
7096efcffb29a5cbab686475f30c0ba5,dataset_complete/cacao_diseases/cacao_photos/healthy/healthy_2942.jpg,0,c9a0e586561e7e2e,1080,1080,/workspace/cacao/cache_256/dataset_complete/cacao_diseases/cacao_photos/healthy/healthy_2942.png,1080x1080,A,20,0.81049097,dataT/healthy/healthy_2149.jpg,0,False,False,False,0.44365963,False,1279
57eca40d612551a807a4cbbe2dfacfab,dataset_complete/cacao_diseases/cacao_photos/healthy/healthy_2943.jpg,0,e23d8c2e6f270563,1080,1080,/workspace/cacao/cache_256/dataset_complete/cacao_diseases/cacao_photos/healthy/healthy_2943.png,1080x1080,A,16,0.85832214,dataT/healthy/healthy_203.jpg,0,False,False,False,0.49870712,False,1280
f55cf5bae4827df38dc44ce82171fd5b,dataset_complete/cacao_diseases/cacao_photos/healthy/healthy_2944.jpg,0,92e935367a50caea,1080,1080,/workspace/cacao/cache_256/dataset_complete/cacao_diseases/cacao_photos/healthy/healthy_2944.png,1080x1080,A,16,0.87824446,dataT/healthy/healthy_2287.jpg,0,False,False,False,0.45870775,False,1281
b40f6940be6ccfeadfa3de3989e0d459,dataset_complete/cacao_diseases/cacao_photos/healthy/healthy_2945.jpg,0,9ac07b66e0f6ac2c,1080,1080,/workspace/cacao/cache_256/dataset_complete/cacao_diseases/cacao_photos/healthy/healthy_2945.png,1080x1080,A,16,0.85465133,dataT/healthy/healthy_1483.jpg,0,False,False,False,0.464687,False,1282
a0242d721b35b66a01a5583266c98047,dataset_complete/cacao_diseases/cacao_photos/healthy/healthy_2946.jpg,0,92dac6e14e2dea68,1080,1080,/workspace/cacao/cache_256/dataset_complete/cacao_diseases/cacao_photos/healthy/healthy_2946.png,1080x1080,A,18,0.8594825,dataT/healthy/healthy_1194.jpg,0,False,False,False,0.5033674,False,1283
165f8e9c457c3102377391841207124f,dataset_complete/cacao_diseases/cacao_photos/healthy/healthy_2947.jpg,0,ceec3019d1f3f501,1080,1080,/workspace/cacao/cache_256/dataset_complete/cacao_diseases/cacao_photos/healthy/healthy_2947.png,1080x1080,A,16,0.79574984,dataT/healthy/healthy_1216.jpg,0,False,False,False,0.4218383,False,1284
c918a92915a1c9a5dbde375793b151e0,dataset_complete/cacao_diseases/cacao_photos/healthy/healthy_2948.jpg,0,ccccf4d0d39d4a86,1080,1080,/workspace/cacao/cache_256/dataset_complete/cacao_diseases/cacao_photos/healthy/healthy_2948.png,1080x1080,A,18,0.8771336,dataT/pod_rot_black/black_pod_rot_345.jpg,1,False,False,False,0.46674722,False,1285
45a687d5b8a91cccea83c1d7335346aa,dataset_complete/cacao_diseases/cacao_photos/healthy/healthy_2949.jpg,0,9c86f0a7e6b54899,1080,1080,/workspace/cacao/cache_256/dataset_complete/cacao_diseases/cacao_photos/healthy/healthy_2949.png,1080x1080,A,18,0.8551339,dataT/healthy/healthy_1261.jpg,0,False,False,False,0.4270633,False,1286
b9f112b0f2bd79cc298921a2e279485e,dataset_complete/cacao_diseases/cacao_photos/healthy/healthy_295.jpg,0,bb666e750aa3a0c3,1080,1080,/workspace/cacao/cache_256/dataset_complete/cacao_diseases/cacao_photos/healthy/healthy_295.png,1080x1080,A,16,0.8660096,dataT/healthy/healthy_2155.jpg,0,False,False,False,0.52674115,False,1287
422e807490bbaa8e0d1946e57273722f,dataset_complete/cacao_diseases/cacao_photos/healthy/healthy_2950.jpg,0,c9cce12387071e9f,1080,1080,/workspace/cacao/cache_256/dataset_complete/cacao_diseases/cacao_photos/healthy/healthy_2950.png,1080x1080,A,14,0.8893677,dataT/healthy/healthy_2779.jpg,0,False,False,True,0.49092752,False,1288
7c94f6afaa0b6f993ec584d2dbe38fca,dataset_complete/cacao_diseases/cacao_photos/healthy/healthy_2951.jpg,0,fbe42cbb19591390,1080,1080,/workspace/cacao/cache_256/dataset_complete/cacao_diseases/cacao_photos/healthy/healthy_2951.png,1080x1080,A,16,0.846625,dataT/pod_rot_black/black_pod_rot_911.jpg,1,False,False,False,0.46966922,False,1289
6e7e03d4b9448fbc3dc679072aba59a3,dataset_complete/cacao_diseases/cacao_photos/healthy/healthy_2952.jpg,0,beb1c14ba8f560e2,1080,1080,/workspace/cacao/cache_256/dataset_complete/cacao_diseases/cacao_photos/healthy/healthy_2952.png,1080x1080,A,18,0.8696493,dataT/healthy/healthy_693.jpg,0,False,False,False,0.49865127,False,1290
a27b09b22d92c4853dd8d9a87ff27c6f,dataset_complete/cacao_diseases/cacao_photos/healthy/healthy_2953.jpg,0,d22d0d93f11c0fe6,1080,1080,/workspace/cacao/cache_256/dataset_complete/cacao_diseases/cacao_photos/healthy/healthy_2953.png,1080x1080,A,18,0.85245556,dataT/healthy/healthy_1470.jpg,0,False,False,False,0.32015562,False,1291
32beb7ad0c49975e7a722bea954e136f,dataset_complete/cacao_diseases/cacao_photos/healthy/healthy_2954.jpg,0,e7ec49030d2df8c3,1080,1080,/workspace/cacao/cache_256/dataset_complete/cacao_diseases/cacao_photos/healthy/healthy_2954.png,1080x1080,A,16,0.86419195,dataT/healthy/healthy_1194.jpg,0,False,False,False,0.48346585,False,1292
bd6c293e88be8e4d8308a8dfe619521e,dataset_complete/cacao_diseases/cacao_photos/healthy/healthy_2955.jpg,0,f0cbef2621313f30,1080,1080,/workspace/cacao/cache_256/dataset_complete/cacao_diseases/cacao_photos/healthy/healthy_2955.png,1080x1080,A,16,0.8753835,dataT/healthy/healthy_3105.jpg,0,False,False,False,0.4829844,False,1293
a20c11dcaede6b6a8367175877a94a17,dataset_complete/cacao_diseases/cacao_photos/healthy/healthy_2956.jpg,0,c3240cf2f2513beb,1080,1080,/workspace/cacao/cache_256/dataset_complete/cacao_diseases/cacao_photos/healthy/healthy_2956.png,1080x1080,A,16,0.86189246,dataT/healthy/healthy_3132.jpg,0,False,False,False,0.50448805,False,1294
3e2ad4efb2f32a1360fda88608035f43,dataset_complete/cacao_diseases/cacao_photos/healthy/healthy_2957.jpg,0,974a0fb2d22e85f4,1080,1080,/workspace/cacao/cache_256/dataset_complete/cacao_diseases/cacao_photos/healthy/healthy_2957.png,1080x1080,A,18,0.8629856,dataT/healthy/healthy_1147.jpg,0,False,False,False,0.3880275,False,1295
8603e2ce30aaec4f7c521686c27e61a9,dataset_complete/cacao_diseases/cacao_photos/healthy/healthy_2958.jpg,0,c78e8da2905363f3,1080,1080,/workspace/cacao/cache_256/dataset_complete/cacao_diseases/cacao_photos/healthy/healthy_2958.png,1080x1080,A,16,0.85806763,dataT/healthy/healthy_3166.jpg,0,False,False,False,0.4844197,False,1296
3007a21ad018259377cb85ad9fc1af70,dataset_complete/cacao_diseases/cacao_photos/healthy/healthy_2959.jpg,0,cd8f2324f28346dd,1080,1080,/workspace/cacao/cache_256/dataset_complete/cacao_diseases/cacao_photos/healthy/healthy_2959.png,1080x1080,A,18,0.834712,dataT/healthy/healthy_3324.jpg,0,False,False,True,0.506619,False,1297
b7c6f79142d4b3600a9150e83b71840c,dataset_complete/cacao_diseases/cacao_photos/healthy/healthy_296.jpg,0,b9213d76576c12a5,1080,1080,/workspace/cacao/cache_256/dataset_complete/cacao_diseases/cacao_photos/healthy/healthy_296.png,1080x1080,A,18,0.9347423,dataT/healthy/healthy_2155.jpg,0,True,True,False,0.48906624,False,1298
5996b4858e66716c0f47570b3ebe15e0,dataset_complete/cacao_diseases/cacao_photos/healthy/healthy_2960.jpg,0,a28d9fb4bd32380b,1080,1080,/workspace/cacao/cache_256/dataset_complete/cacao_diseases/cacao_photos/healthy/healthy_2960.png,1080x1080,A,18,0.88364434,dataT/pod_rot_black/black_pod_rot_354.jpg,1,False,False,True,0.51378644,False,1299
5a97af0717d3d059c0fb875a576e3d7d,dataset_complete/cacao_diseases/cacao_photos/healthy/healthy_2961.jpg,0,b43b1971b4f1e8d0,1080,1080,/workspace/cacao/cache_256/dataset_complete/cacao_diseases/cacao_photos/healthy/healthy_2961.png,1080x1080,A,18,0.8539719,dataT/healthy/healthy_1150.jpg,0,False,False,False,0.52004683,False,1300
8edda5f693201dae5c42829a8ce8702e,dataset_complete/cacao_diseases/cacao_photos/healthy/healthy_2962.jpg,0,defd183ab81cac82,1080,1080,/workspace/cacao/cache_256/dataset_complete/cacao_diseases/cacao_photos/healthy/healthy_2962.png,1080x1080,A,14,0.84231097,dataT/healthy/healthy_3315.jpg,0,False,False,False,0.5075786,False,1301
b76152edaeef7584ad7dbf4a3fac2c87,dataset_complete/cacao_diseases/cacao_photos/healthy/healthy_2963.jpg,0,d9f897413cc084fb,1080,1080,/workspace/cacao/cache_256/dataset_complete/cacao_diseases/cacao_photos/healthy/healthy_2963.png,1080x1080,A,18,0.81838316,dataT/healthy/healthy_2288.jpg,0,False,False,False,0.36002475,False,1302
3794417a74e7a8d9e3f110565aedd41e,dataset_complete/cacao_diseases/cacao_photos/healthy/healthy_2964.jpg,0,afac303b77cb40c4,1080,1080,/workspace/cacao/cache_256/dataset_complete/cacao_diseases/cacao_photos/healthy/healthy_2964.png,1080x1080,A,16,0.86586356,dataT/healthy/healthy_1054.jpg,0,False,False,False,0.3754145,False,1303
1359b042d0a72992d9a8ace4cd59c904,dataset_complete/cacao_diseases/cacao_photos/healthy/healthy_2965.jpg,0,8cae4c48b5b4737a,1080,1080,/workspace/cacao/cache_256/dataset_complete/cacao_diseases/cacao_photos/healthy/healthy_2965.png,1080x1080,A,18,0.8850243,dataT/healthy/healthy_1218.jpg,0,False,False,True,0.48756453,False,1304
7a0f3ecbfec7e4c4063ed4cba9b0a040,dataset_complete/cacao_diseases/cacao_photos/healthy/healthy_2966.jpg,0,d90f76342662eed0,1080,1080,/workspace/cacao/cache_256/dataset_complete/cacao_diseases/cacao_photos/healthy/healthy_2966.png,1080x1080,A,16,0.8703359,dataT/healthy/healthy_2570.jpg,0,False,False,False,0.40135354,False,1305
b9220868f1e9a2d0146c57712784eb81,dataset_complete/cacao_diseases/cacao_photos/healthy/healthy_2967.jpg,0,91e0a834b2f379cb,1080,1080,/workspace/cacao/cache_256/dataset_complete/cacao_diseases/cacao_photos/healthy/healthy_2967.png,1080x1080,A,16,0.8916507,dataT/pod_rot_black/black_pod_rot_215.jpg,1,False,False,True,0.477887,False,1306
c48910e37c6fdb9b7b944012e0d3bb7b,dataset_complete/cacao_diseases/cacao_photos/healthy/healthy_2968.jpg,0,e1e4df76214a0f4a,1080,1080,/workspace/cacao/cache_256/dataset_complete/cacao_diseases/cacao_photos/healthy/healthy_2968.png,1080x1080,A,18,0.86319995,dataT/healthy/healthy_3109.jpg,0,False,False,False,0.40817964,False,1307
42b8494ca60d929c7891910fcf1bee88,dataset_complete/cacao_diseases/cacao_photos/healthy/healthy_2969.jpg,0,f8cc8b6801eb15dd,1080,1080,/workspace/cacao/cache_256/dataset_complete/cacao_diseases/cacao_photos/healthy/healthy_2969.png,1080x1080,A,14,0.8502883,dataT/healthy/healthy_1081.jpg,0,False,False,False,0.4353155,False,1308
904d6035ab220cab737ce3d51a5e919f,dataset_complete/cacao_diseases/cacao_photos/healthy/healthy_297.jpg,0,899f3f347016a5a9,1080,1080,/workspace/cacao/cache_256/dataset_complete/cacao_diseases/cacao_photos/healthy/healthy_297.png,1080x1080,A,14,0.92500997,dataT/healthy/healthy_2110.jpg,0,False,False,True,0.51674163,False,1309
07ca67f066a6e9df058f2c01e4f5a776,dataset_complete/cacao_diseases/cacao_photos/healthy/healthy_2970.jpg,0,b1a49d7170b40f9d,1080,1080,/workspace/cacao/cache_256/dataset_complete/cacao_diseases/cacao_photos/healthy/healthy_2970.png,1080x1080,A,14,0.8498026,dataT/healthy/healthy_245.jpg,0,False,False,False,0.39785096,False,1310
40403cc8d1c89e23e813cf479ebdf6a7,dataset_complete/cacao_diseases/cacao_photos/healthy/healthy_2971.jpg,0,cb85ac062f8f27a3,1080,1080,/workspace/cacao/cache_256/dataset_complete/cacao_diseases/cacao_photos/healthy/healthy_2971.png,1080x1080,A,18,0.8246356,dataT/healthy/healthy_1448.jpg,0,False,False,False,0.43168253,False,1311
39a333776e189cf7fdf3f9d00d280672,dataset_complete/cacao_diseases/cacao_photos/healthy/healthy_2972.jpg,0,b6307942a5b44fb6,1080,1080,/workspace/cacao/cache_256/dataset_complete/cacao_diseases/cacao_photos/healthy/healthy_2972.png,1080x1080,A,14,0.8665545,dataT/healthy/healthy_1054.jpg,0,False,False,False,0.4240349,False,1312
9d49d3999caefbce5c449b1063fc2cc1,dataset_complete/cacao_diseases/cacao_photos/healthy/healthy_2973.jpg,0,8cce4ca5a55233b7,1080,1080,/workspace/cacao/cache_256/dataset_complete/cacao_diseases/cacao_photos/healthy/healthy_2973.png,1080x1080,A,16,0.89086246,dataT/healthy/healthy_2786.jpg,0,False,False,True,0.4920689,False,1304
3a6878e4cdf4d719036e1efe0e3f2e14,dataset_complete/cacao_diseases/cacao_photos/healthy/healthy_2974.jpg,0,9b99599f636060e5,1080,1080,/workspace/cacao/cache_256/dataset_complete/cacao_diseases/cacao_photos/healthy/healthy_2974.png,1080x1080,A,16,0.8452313,dataT/healthy/healthy_2588.jpg,0,False,False,False,0.4718883,False,1314
0c258b606753c58760697a6eb29e8332,dataset_complete/cacao_diseases/cacao_photos/healthy/healthy_2975.jpg,0,9bcae89c4fbd5140,1080,1080,/workspace/cacao/cache_256/dataset_complete/cacao_diseases/cacao_photos/healthy/healthy_2975.png,1080x1080,A,16,0.8456856,dataT/healthy/healthy_570.jpg,0,False,False,False,0.4857656,False,1315
1d0a21be169a42b8f9e83d1b83352e8d,dataset_complete/cacao_diseases/cacao_photos/healthy/healthy_2976.jpg,0,92179dfa80e72c95,1080,1080,/workspace/cacao/cache_256/dataset_complete/cacao_diseases/cacao_photos/healthy/healthy_2976.png,1080x1080,A,18,0.87351876,dataT/healthy/healthy_27.jpg,0,False,False,False,0.5120283,False,1316
e51df57311cd8763b2ce6f2989f5bcbc,dataset_complete/cacao_diseases/cacao_photos/healthy/healthy_2977.jpg,0,96cfca77412a6722,1080,1080,/workspace/cacao/cache_256/dataset_complete/cacao_diseases/cacao_photos/healthy/healthy_2977.png,1080x1080,A,18,0.8622142,dataT/pod_rot_black/black_pod_rot_239.jpg,1,False,False,False,0.46628907,False,1317
2f6943bba1732817c6f3a0f10ba863c3,dataset_complete/cacao_diseases/cacao_photos/healthy/healthy_2978.jpg,0,a339f8c19fd81b82,1080,1080,/workspace/cacao/cache_256/dataset_complete/cacao_diseases/cacao_photos/healthy/healthy_2978.png,1080x1080,A,18,0.879868,dataT/healthy/healthy_56.jpg,0,False,False,False,0.46772876,False,1318
510228db93d6ae6fefef79d1b5fce3cb,dataset_complete/cacao_diseases/cacao_photos/healthy/healthy_2979.jpg,0,d17ee4c10e995ca5,1080,1080,/workspace/cacao/cache_256/dataset_complete/cacao_diseases/cacao_photos/healthy/healthy_2979.png,1080x1080,A,20,0.8116889,dataT/pod_rot_black/black_pod_rot_468.jpg,1,False,False,False,0.34361362,False,1319
b6171f6788e646c299bd69e73bd351b4,dataset_complete/cacao_diseases/cacao_photos/healthy/healthy_298.jpg,0,ccc673838b1b9f60,1080,1080,/workspace/cacao/cache_256/dataset_complete/cacao_diseases/cacao_photos/healthy/healthy_298.png,1080x1080,A,20,0.84648114,dataT/healthy/healthy_2099.jpg,0,False,False,False,0.4588161,False,1320
b1ea54c64326cb0c5ccd7d95fe446970,dataset_complete/cacao_diseases/cacao_photos/healthy/healthy_2980.jpg,0,db746ce7d0919183,1080,1080,/workspace/cacao/cache_256/dataset_complete/cacao_diseases/cacao_photos/healthy/healthy_2980.png,1080x1080,A,18,0.79917675,dataT/healthy/healthy_1081.jpg,0,False,False,False,0.39471227,False,1321
8e1708eaead208e462b3c7ad3a3aa8a9,dataset_complete/cacao_diseases/cacao_photos/healthy/healthy_2981.jpg,0,9ba299a2b45c1ebc,1080,1080,/workspace/cacao/cache_256/dataset_complete/cacao_diseases/cacao_photos/healthy/healthy_2981.png,1080x1080,A,18,0.7650777,dataT/pod_rot_black/black_pod_rot_447.jpg,1,False,False,False,0.5551,False,1322
2cf43f5ceee6134c0c1f58d2d694d93e,dataset_complete/cacao_diseases/cacao_photos/healthy/healthy_2982.jpg,0,dbb2242b2c4c6f6c,1080,1080,/workspace/cacao/cache_256/dataset_complete/cacao_diseases/cacao_photos/healthy/healthy_2982.png,1080x1080,A,16,0.8179718,dataT/healthy/healthy_1644.jpg,0,False,False,False,0.57691896,False,1323
511b989fea978cba089e956896b78c8e,dataset_complete/cacao_diseases/cacao_photos/healthy/healthy_2983.jpg,0,c88c70637386ee1f,1080,1080,/workspace/cacao/cache_256/dataset_complete/cacao_diseases/cacao_photos/healthy/healthy_2983.png,1080x1080,A,16,0.8469575,dataT/healthy/healthy_692.jpg,0,False,False,False,0.4782037,False,1324
e2d98de673c21acda279bd8cc0d96fec,dataset_complete/cacao_diseases/cacao_photos/healthy/healthy_2984.jpg,0,f9b83c3d1a878394,1080,1080,/workspace/cacao/cache_256/dataset_complete/cacao_diseases/cacao_photos/healthy/healthy_2984.png,1080x1080,A,18,0.8648506,dataT/healthy/healthy_3118.jpg,0,False,False,False,0.45774707,False,1325
a9040c885c196bc5f4c70babe419e058,dataset_complete/cacao_diseases/cacao_photos/healthy/healthy_2985.jpg,0,9ba189effc50c21a,1080,1080,/workspace/cacao/cache_256/dataset_complete/cacao_diseases/cacao_photos/healthy/healthy_2985.png,1080x1080,A,16,0.7655706,dataT/healthy/healthy_1539.jpg,0,False,False,False,0.60201526,False,1326
6e1af7222236abc39bf10dde04be6bd4,dataset_complete/cacao_diseases/cacao_photos/healthy/healthy_2986.jpg,0,b6b691f9fb602034,1080,1080,/workspace/cacao/cache_256/dataset_complete/cacao_diseases/cacao_photos/healthy/healthy_2986.png,1080x1080,A,18,0.80172825,dataT/pod_rot_black/black_pod_rot_602.jpg,1,False,False,False,0.50038314,False,1327
92d4c931086f6d06e75b4cfa852cf153,dataset_complete/cacao_diseases/cacao_photos/healthy/healthy_2987.jpg,0,83b0cc6ba2bf5b48,1080,1080,/workspace/cacao/cache_256/dataset_complete/cacao_diseases/cacao_photos/healthy/healthy_2987.png,1080x1080,A,18,0.8252132,dataT/healthy/healthy_1171.jpg,0,False,False,False,0.5547071,False,1328
5fde75e48b5b97d17a1096466207c8b8,dataset_complete/cacao_diseases/cacao_photos/healthy/healthy_2988.jpg,0,e048cd70293e3afe,1080,1080,/workspace/cacao/cache_256/dataset_complete/cacao_diseases/cacao_photos/healthy/healthy_2988.png,1080x1080,A,16,0.8813826,dataT/healthy/healthy_1091.jpg,0,False,False,True,0.41547292,False,1329
f9a7ba18e54fbddf1bb80f2779763b49,dataset_complete/cacao_diseases/cacao_photos/healthy/healthy_2989.jpg,0,cf84913372fb3981,1080,1080,/workspace/cacao/cache_256/dataset_complete/cacao_diseases/cacao_photos/healthy/healthy_2989.png,1080x1080,A,14,0.8394233,dataT/healthy/healthy_1452.jpg,0,False,False,False,0.44220364,False,1330
31d2178d6a6cfb6fef53f5c46a5f033a,dataset_complete/cacao_diseases/cacao_photos/healthy/healthy_299.jpg,0,8cbe70b163c6ad0d,1080,1080,/workspace/cacao/cache_256/dataset_complete/cacao_diseases/cacao_photos/healthy/healthy_299.png,1080x1080,A,16,0.9257249,dataT/healthy/healthy_2122.jpg,0,True,True,True,0.56352746,False,1331
e8d76b26f21cd6bb081c984bf258b169,dataset_complete/cacao_diseases/cacao_photos/healthy/healthy_2990.jpg,0,c784b83633279e8e,1080,1080,/workspace/cacao/cache_256/dataset_complete/cacao_diseases/cacao_photos/healthy/healthy_2990.png,1080x1080,A,14,0.8830515,dataT/healthy/healthy_3131.jpg,0,False,False,True,0.44412386,False,1332
e5ccd0015e52cd4c7d07302fb03ad051,dataset_complete/cacao_diseases/cacao_photos/healthy/healthy_2991.jpg,0,8be450ad35aead52,1080,1080,/workspace/cacao/cache_256/dataset_complete/cacao_diseases/cacao_photos/healthy/healthy_2991.png,1080x1080,A,18,0.8392688,dataT/healthy/healthy_1251.jpg,0,False,False,False,0.43902886,False,1333
055a3107ee4939ea65a11b3a05137196,dataset_complete/cacao_diseases/cacao_photos/healthy/healthy_2992.jpg,0,96c65359b0787a35,1080,1080,/workspace/cacao/cache_256/dataset_complete/cacao_diseases/cacao_photos/healthy/healthy_2992.png,1080x1080,A,18,0.8312373,dataT/healthy/healthy_1470.jpg,0,False,False,False,0.41665587,False,1334
88294409ee4798f8a3a50008e9347084,dataset_complete/cacao_diseases/cacao_photos/healthy/healthy_2993.jpg,0,ceae2b6545d66289,1080,1080,/workspace/cacao/cache_256/dataset_complete/cacao_diseases/cacao_photos/healthy/healthy_2993.png,1080x1080,A,16,0.8536774,dataT/pod_rot_black/black_pod_rot_588.jpg,1,False,False,False,0.44723445,False,1335
7187afb40fb14e9ea9b989c4ae9c124a,dataset_complete/cacao_diseases/cacao_photos/healthy/healthy_2994.jpg,0,b3265f4f4840d0f7,1080,1080,/workspace/cacao/cache_256/dataset_complete/cacao_diseases/cacao_photos/healthy/healthy_2994.png,1080x1080,A,20,0.8580421,dataT/healthy/healthy_1090.jpg,0,False,False,False,0.3656892,False,1336
72827dd0861bedcba679ebe80e69db10,dataset_complete/cacao_diseases/cacao_photos/healthy/healthy_2995.jpg,0,8bdc88663166a757,1080,1080,/workspace/cacao/cache_256/dataset_complete/cacao_diseases/cacao_photos/healthy/healthy_2995.png,1080x1080,A,14,0.86628896,dataT/healthy/healthy_2070.jpg,0,False,False,False,0.5433835,False,1337
248f7cbcfe129b6dd74438a59ac478fb,dataset_complete/cacao_diseases/cacao_photos/healthy/healthy_2996.jpg,0,d6bc99497ff030a0,1080,1080,/workspace/cacao/cache_256/dataset_complete/cacao_diseases/cacao_photos/healthy/healthy_2996.png,1080x1080,A,18,0.8687476,dataT/healthy/healthy_2816.jpg,0,False,False,False,0.48375124,False,1338
b9ecd2d16555fe23baf018065202ec16,dataset_complete/cacao_diseases/cacao_photos/healthy/healthy_2997.jpg,0,8c908ce2a73fd33a,1080,1080,/workspace/cacao/cache_256/dataset_complete/cacao_diseases/cacao_photos/healthy/healthy_2997.png,1080x1080,A,18,0.79597616,dataT/healthy/healthy_1088.jpg,0,False,False,False,0.4478518,False,1339
788907f6c4d0337886fb02cb6e69b65b,dataset_complete/cacao_diseases/cacao_photos/healthy/healthy_2998.jpg,0,92890d6ded702fe1,1080,1080,/workspace/cacao/cache_256/dataset_complete/cacao_diseases/cacao_photos/healthy/healthy_2998.png,1080x1080,A,16,0.8485614,dataT/pod_rot_black/black_pod_rot_937.jpg,1,False,False,False,0.5042149,False,1340
ff3a27caa3c1e427f9dad3afe567b4da,dataset_complete/cacao_diseases/cacao_photos/healthy/healthy_2999.jpg,0,9ef9a9632e063e90,1080,1080,/workspace/cacao/cache_256/dataset_complete/cacao_diseases/cacao_photos/healthy/healthy_2999.png,1080x1080,A,16,0.85551196,dataT/healthy/healthy_1483.jpg,0,False,False,False,0.48372054,False,1341
a050252cde47b3e637cc1c7280db181a,dataset_complete/cacao_diseases/cacao_photos/healthy/healthy_300.jpg,0,ccd1e661cd1d386a,1080,1080,/workspace/cacao/cache_256/dataset_complete/cacao_diseases/cacao_photos/healthy/healthy_300.png,1080x1080,A,18,0.8735461,dataT/healthy/healthy_276.jpg,0,False,False,True,0.35938928,False,1342
454d58be5fdd40d9007318ba34442e5c,dataset_complete/cacao_diseases/cacao_photos/healthy/healthy_3000.jpg,0,dbcb2814346176fa,1080,1080,/workspace/cacao/cache_256/dataset_complete/cacao_diseases/cacao_photos/healthy/healthy_3000.png,1080x1080,A,16,0.8594198,dataT/healthy/healthy_2778.jpg,0,False,False,False,0.49102256,False,1343
54f1a8d416073006ee818864503d291f,dataset_complete/cacao_diseases/cacao_photos/healthy/healthy_3001.jpg,0,ebef2da6a9838144,1080,1080,/workspace/cacao/cache_256/dataset_complete/cacao_diseases/cacao_photos/healthy/healthy_3001.png,1080x1080,A,18,0.8764839,dataT/healthy/healthy_37.jpg,0,False,False,False,0.40750885,False,1344
849fe039b7f31b5c361c15ab59b5454d,dataset_complete/cacao_diseases/cacao_photos/healthy/healthy_3002.jpg,0,c9b178603f63432f,1080,1080,/workspace/cacao/cache_256/dataset_complete/cacao_diseases/cacao_photos/healthy/healthy_3002.png,1080x1080,A,14,0.8215408,dataT/healthy/healthy_1495.jpg,0,False,False,False,0.32400557,False,1345
b33c5a904b953dd0900612bda9a35892,dataset_complete/cacao_diseases/cacao_photos/healthy/healthy_3003.jpg,0,a70ecc748cb3ba25,1080,1080,/workspace/cacao/cache_256/dataset_complete/cacao_diseases/cacao_photos/healthy/healthy_3003.png,1080x1080,A,16,0.89465284,dataT/healthy/healthy_3321.jpg,0,False,False,True,0.53196585,False,1346
3efca1e5b02bc322907d05a27a54d813,dataset_complete/cacao_diseases/cacao_photos/healthy/healthy_3004.jpg,0,e7eae52ece801cc1,1080,1080,/workspace/cacao/cache_256/dataset_complete/cacao_diseases/cacao_photos/healthy/healthy_3004.png,1080x1080,A,18,0.8598138,dataT/healthy/healthy_51.jpg,0,False,False,False,0.38749295,False,1347
d0188db6c83d32a5188d7125009450d9,dataset_complete/cacao_diseases/cacao_photos/healthy/healthy_3005.jpg,0,ccc8ed2c75266fa0,1080,1080,/workspace/cacao/cache_256/dataset_complete/cacao_diseases/cacao_photos/healthy/healthy_3005.png,1080x1080,A,18,0.8513806,dataT/healthy/healthy_580.jpg,0,False,False,False,0.40312052,False,1348
5fe212b0f92acb4478c18ae200a0573d,dataset_complete/cacao_diseases/cacao_photos/healthy/healthy_3006.jpg,0,92f0a5f0b17796b0,1080,1080,/workspace/cacao/cache_256/dataset_complete/cacao_diseases/cacao_photos/healthy/healthy_3006.png,1080x1080,A,16,0.81907845,dataT/healthy/healthy_1553.jpg,0,False,False,False,0.55059695,False,1349
de1a63653b757ef69ac144679933fdaf,dataset_complete/cacao_diseases/cacao_photos/healthy/healthy_3007.jpg,0,b79dc0816ec6e24e,1080,1080,/workspace/cacao/cache_256/dataset_complete/cacao_diseases/cacao_photos/healthy/healthy_3007.png,1080x1080,A,18,0.87062085,dataT/healthy/healthy_1516.jpg,0,False,False,False,0.4712637,False,1350
e83ba564029409f0f72630e892a2b2a7,dataset_complete/cacao_diseases/cacao_photos/healthy/healthy_3008.jpg,0,b09b0f1e6843576e,1080,1080,/workspace/cacao/cache_256/dataset_complete/cacao_diseases/cacao_photos/healthy/healthy_3008.png,1080x1080,A,18,0.88341165,dataT/healthy/healthy_41.jpg,0,False,False,True,0.43002966,False,1351
661fb83b47c85a849539fffd62fa4b2e,dataset_complete/cacao_diseases/cacao_photos/healthy/healthy_3009.jpg,0,a6b119777a2270e9,1080,1080,/workspace/cacao/cache_256/dataset_complete/cacao_diseases/cacao_photos/healthy/healthy_3009.png,1080x1080,A,16,0.8812312,dataT/healthy/healthy_3113.jpg,0,False,False,True,0.45732003,False,1352
59c9c4edd3b6b0c26406d706b34f4948,dataset_complete/cacao_diseases/cacao_photos/healthy/healthy_301.jpg,0,836f654e78723313,1080,1080,/workspace/cacao/cache_256/dataset_complete/cacao_diseases/cacao_photos/healthy/healthy_301.png,1080x1080,A,16,0.8859285,dataT/healthy/healthy_2055.jpg,0,False,False,True,0.5533041,False,1353
fe6c5daf6c4ebd02095c0432a8aebb61,dataset_complete/cacao_diseases/cacao_photos/healthy/healthy_3010.jpg,0,93703d78f5e5848c,1080,1080,/workspace/cacao/cache_256/dataset_complete/cacao_diseases/cacao_photos/healthy/healthy_3010.png,1080x1080,A,18,0.8229268,dataT/healthy/healthy_205.jpg,0,False,False,False,0.37422767,False,1354
f316da3bc035f6412dbc4bb29e3d8337,dataset_complete/cacao_diseases/cacao_photos/healthy/healthy_3011.jpg,0,e56d8d225113ffc0,1080,1080,/workspace/cacao/cache_256/dataset_complete/cacao_diseases/cacao_photos/healthy/healthy_3011.png,1080x1080,A,18,0.882663,dataT/healthy/healthy_1440.jpg,0,False,False,True,0.46587554,False,1355
815e802e4ee1bb54c001c47c1c804d28,dataset_complete/cacao_diseases/cacao_photos/healthy/healthy_3012.jpg,0,d2e6c9e56673e022,1080,1080,/workspace/cacao/cache_256/dataset_complete/cacao_diseases/cacao_photos/healthy/healthy_3012.png,1080x1080,A,18,0.8589123,dataT/healthy/healthy_1480.jpg,0,False,False,False,0.39072055,False,1356
51aabc72fd83024031b72bebbd990994,dataset_complete/cacao_diseases/cacao_photos/healthy/healthy_3013.jpg,0,cfcde4369c0a1cb2,1080,1080,/workspace/cacao/cache_256/dataset_complete/cacao_diseases/cacao_photos/healthy/healthy_3013.png,1080x1080,A,16,0.8864491,dataT/healthy/healthy_3141.jpg,0,False,False,True,0.5181578,False,1357
777ee3ca2065918602e2f9b8cbee9461,dataset_complete/cacao_diseases/cacao_photos/healthy/healthy_3014.jpg,0,f6f6596669633201,1080,1080,/workspace/cacao/cache_256/dataset_complete/cacao_diseases/cacao_photos/healthy/healthy_3014.png,1080x1080,A,18,0.88478535,dataT/healthy/healthy_3134.jpg,0,False,False,True,0.46477908,False,1358
8da3a12f1752ea1d5f0ca3f3e10fb1bb,dataset_complete/cacao_diseases/cacao_photos/healthy/healthy_3015.jpg,0,e6e595f232d12a19,1080,1080,/workspace/cacao/cache_256/dataset_complete/cacao_diseases/cacao_photos/healthy/healthy_3015.png,1080x1080,A,10,0.87664855,dataT/healthy/healthy_2519.jpg,0,False,False,False,0.46797842,False,1359
e694af046918112048ae743edc077d89,dataset_complete/cacao_diseases/cacao_photos/healthy/healthy_3016.jpg,0,955dd8e0e8e15933,1080,1080,/workspace/cacao/cache_256/dataset_complete/cacao_diseases/cacao_photos/healthy/healthy_3016.png,1080x1080,A,18,0.84800124,dataT/healthy/healthy_1523.jpg,0,False,False,False,0.5189471,False,1360
f36b633742f8db384bb5c20655664e1d,dataset_complete/cacao_diseases/cacao_photos/healthy/healthy_3017.jpg,0,d2e34867c10c3dfc,1080,1080,/workspace/cacao/cache_256/dataset_complete/cacao_diseases/cacao_photos/healthy/healthy_3017.png,1080x1080,A,16,0.83086526,dataT/pod_rot_black/black_pod_rot_731.jpg,1,False,False,False,0.54676604,False,1361
6945c20703b39ffc33734100c957aef2,dataset_complete/cacao_diseases/cacao_photos/healthy/healthy_3018.jpg,0,c769c9e3c94b9492,1080,1080,/workspace/cacao/cache_256/dataset_complete/cacao_diseases/cacao_photos/healthy/healthy_3018.png,1080x1080,A,18,0.87633383,dataT/healthy/healthy_1486.jpg,0,False,False,False,0.49163848,False,1362
f8cbf4a05eff7059552786b845713cc3,dataset_complete/cacao_diseases/cacao_photos/healthy/healthy_3019.jpg,0,e9a5346232f1e335,1080,1080,/workspace/cacao/cache_256/dataset_complete/cacao_diseases/cacao_photos/healthy/healthy_3019.png,1080x1080,A,14,0.86922127,dataT/healthy/healthy_2055.jpg,0,False,False,False,0.51718664,False,1363
39786c6f662f4688ce81e023705fd292,dataset_complete/cacao_diseases/cacao_photos/healthy/healthy_302.jpg,0,ba9863b336436ba4,1080,1080,/workspace/cacao/cache_256/dataset_complete/cacao_diseases/cacao_photos/healthy/healthy_302.png,1080x1080,A,14,0.91352427,dataT/healthy/healthy_2055.jpg,0,False,False,True,0.5447008,False,1364
687ce24673015a71ca88b3777d5533d8,dataset_complete/cacao_diseases/cacao_photos/healthy/healthy_3020.jpg,0,c5848e52e193f9e3,1080,1080,/workspace/cacao/cache_256/dataset_complete/cacao_diseases/cacao_photos/healthy/healthy_3020.png,1080x1080,A,18,0.8655505,dataT/healthy/healthy_11.jpg,0,False,False,False,0.40626785,False,1365
edb47d717d9cda86ddd22ad5ed2638a0,dataset_complete/cacao_diseases/cacao_photos/healthy/healthy_3021.jpg,0,fead0931b29149d5,1080,1080,/workspace/cacao/cache_256/dataset_complete/cacao_diseases/cacao_photos/healthy/healthy_3021.png,1080x1080,A,18,0.8375258,dataT/healthy/healthy_1651.jpg,0,False,False,False,0.42970598,False,1366
0fa4e442d613b837158a06f9c05d8a78,dataset_complete/cacao_diseases/cacao_photos/healthy/healthy_3022.jpg,0,f3c809a07672276f,1080,1080,/workspace/cacao/cache_256/dataset_complete/cacao_diseases/cacao_photos/healthy/healthy_3022.png,1080x1080,A,14,0.886724,dataT/healthy/healthy_1528.jpg,0,False,False,True,0.52587575,False,1367
d60cba24b128bcbf702d9138d85b0250,dataset_complete/cacao_diseases/cacao_photos/healthy/healthy_3023.jpg,0,d68d48a7f9f29094,1080,1080,/workspace/cacao/cache_256/dataset_complete/cacao_diseases/cacao_photos/healthy/healthy_3023.png,1080x1080,A,18,0.8736057,dataT/healthy/healthy_105.jpg,0,False,False,False,0.44088095,False,1368
57ea71a4bab70909924e61621c4ad993,dataset_complete/cacao_diseases/cacao_photos/healthy/healthy_3024.jpg,0,e58c9bf3c90b0ac9,1080,1080,/workspace/cacao/cache_256/dataset_complete/cacao_diseases/cacao_photos/healthy/healthy_3024.png,1080x1080,A,14,0.83985454,dataT/healthy/healthy_2816.jpg,0,False,False,False,0.43090302,False,1369
5295e9722c4f45c901f58732e36cd865,dataset_complete/cacao_diseases/cacao_photos/healthy/healthy_3025.jpg,0,85c98b6ced6523a5,1080,1080,/workspace/cacao/cache_256/dataset_complete/cacao_diseases/cacao_photos/healthy/healthy_3025.png,1080x1080,A,16,0.8615777,dataT/healthy/healthy_1546.jpg,0,False,False,False,0.47213778,False,1370
4b4198030b40d9cae536ab5a5accccc7,dataset_complete/cacao_diseases/cacao_photos/healthy/healthy_3026.jpg,0,e4f61807c3f107f1,1080,1080,/workspace/cacao/cache_256/dataset_complete/cacao_diseases/cacao_photos/healthy/healthy_3026.png,1080x1080,A,16,0.85126895,dataT/healthy/healthy_2146.jpg,0,False,False,False,0.46050906,False,1371
eef1fad4337eafa9caef6760f6503bf6,dataset_complete/cacao_diseases/cacao_photos/healthy/healthy_3027.jpg,0,abbb5e6244366334,1080,1080,/workspace/cacao/cache_256/dataset_complete/cacao_diseases/cacao_photos/healthy/healthy_3027.png,1080x1080,A,18,0.87275237,dataT/healthy/healthy_3131.jpg,0,False,False,False,0.5374637,False,1372
17e914a3f2094618b08f4b21fcbb3bbf,dataset_complete/cacao_diseases/cacao_photos/healthy/healthy_3028.jpg,0,e5ca18eec38407be,1080,1080,/workspace/cacao/cache_256/dataset_complete/cacao_diseases/cacao_photos/healthy/healthy_3028.png,1080x1080,A,18,0.9003651,dataT/healthy/healthy_417.jpg,0,False,False,True,0.5046679,False,1373
9ee714469a07b39ae69f25b51aba2a2b,dataset_complete/cacao_diseases/cacao_photos/healthy/healthy_3029.jpg,0,9fb2f51c30198f13,1080,1080,/workspace/cacao/cache_256/dataset_complete/cacao_diseases/cacao_photos/healthy/healthy_3029.png,1080x1080,A,18,0.85747254,dataT/healthy/healthy_227.jpg,0,False,False,False,0.48009413,False,1374
b8da25a3e5d3d3612658fbcc89b79af1,dataset_complete/cacao_diseases/cacao_photos/healthy/healthy_303.jpg,0,9b9e31702b62c27e,1080,1080,/workspace/cacao/cache_256/dataset_complete/cacao_diseases/cacao_photos/healthy/healthy_303.png,1080x1080,A,18,0.8950868,dataT/healthy/healthy_281.jpg,0,False,False,True,0.53066033,False,1375
922c89b1cb73c09cbab9b3e1945349f4,dataset_complete/cacao_diseases/cacao_photos/healthy/healthy_3030.jpg,0,84b52b6b367663a4,1080,1080,/workspace/cacao/cache_256/dataset_complete/cacao_diseases/cacao_photos/healthy/healthy_3030.png,1080x1080,A,16,0.9046173,dataT/healthy/healthy_36.jpg,0,False,False,True,0.51177144,False,1376
d641d3962f4417ca019109af977eddec,dataset_complete/cacao_diseases/cacao_photos/healthy/healthy_3031.jpg,0,863ad8a0237e36be,1080,1080,/workspace/cacao/cache_256/dataset_complete/cacao_diseases/cacao_photos/healthy/healthy_3031.png,1080x1080,A,14,0.8347656,dataT/healthy/healthy_1407.jpg,0,False,False,False,0.44270077,False,1377
70057044cca400414a0938ce8ac9fb1a,dataset_complete/cacao_diseases/cacao_photos/healthy/healthy_3032.jpg,0,974a4b6da1a75456,1080,1080,/workspace/cacao/cache_256/dataset_complete/cacao_diseases/cacao_photos/healthy/healthy_3032.png,1080x1080,A,18,0.8615825,dataT/healthy/healthy_3154.jpg,0,False,False,False,0.5063472,False,1378
50590fe1fb6ef74949cca0baae8b404a,dataset_complete/cacao_diseases/cacao_photos/healthy/healthy_3033.jpg,0,c95d2f6320f05bd8,1080,1080,/workspace/cacao/cache_256/dataset_complete/cacao_diseases/cacao_photos/healthy/healthy_3033.png,1080x1080,A,16,0.85785604,dataT/pod_rot_black/black_pod_rot_241.jpg,1,False,False,False,0.40756577,False,1379
badb624a1150d15a9d30c6267ab60787,dataset_complete/cacao_diseases/cacao_photos/healthy/healthy_3034.jpg,0,93b3bcb7682e4322,1080,1080,/workspace/cacao/cache_256/dataset_complete/cacao_diseases/cacao_photos/healthy/healthy_3034.png,1080x1080,A,14,0.79928327,dataT/healthy/healthy_1478.jpg,0,False,False,False,0.4489088,False,1380
e59635819b4e8cf5a2e19bc085365985,dataset_complete/cacao_diseases/cacao_photos/healthy/healthy_3035.jpg,0,8bb03f338cf6b811,1080,1080,/workspace/cacao/cache_256/dataset_complete/cacao_diseases/cacao_photos/healthy/healthy_3035.png,1080x1080,A,18,0.8071657,dataT/pod_rot_black/black_pod_rot_943.jpg,1,False,False,False,0.456032,False,1381
3efe4256efdcd22dd78e08a48f39128d,dataset_complete/cacao_diseases/cacao_photos/healthy/healthy_3036.jpg,0,99317926bc5c7ab0,1080,1080,/workspace/cacao/cache_256/dataset_complete/cacao_diseases/cacao_photos/healthy/healthy_3036.png,1080x1080,A,18,0.791039,dataT/healthy/healthy_3142.jpg,0,False,False,False,0.46812195,False,1382
e40988b126828cfd071e1ffa040a3b01,dataset_complete/cacao_diseases/cacao_photos/healthy/healthy_3037.jpg,0,f2f15956796a4aa0,1080,1080,/workspace/cacao/cache_256/dataset_complete/cacao_diseases/cacao_photos/healthy/healthy_3037.png,1080x1080,A,16,0.8796865,dataT/healthy/healthy_203.jpg,0,False,False,False,0.5381924,False,1383
7f82b59e88b0a3e3bfb36942644186b4,dataset_complete/cacao_diseases/cacao_photos/healthy/healthy_3038.jpg,0,db8d98321b74f125,1080,1080,/workspace/cacao/cache_256/dataset_complete/cacao_diseases/cacao_photos/healthy/healthy_3038.png,1080x1080,A,18,0.8754737,dataT/healthy/healthy_2772.jpg,0,False,False,False,0.4671164,False,1384
0b5e3aeaabd6e15830e92050da2265ac,dataset_complete/cacao_diseases/cacao_photos/healthy/healthy_3039.jpg,0,dbe92c67263c1c98,1080,1080,/workspace/cacao/cache_256/dataset_complete/cacao_diseases/cacao_photos/healthy/healthy_3039.png,1080x1080,A,16,0.86238766,dataT/healthy/healthy_3131.jpg,0,False,False,False,0.44294712,False,1385
c313d2f9ef71dd954deb9a9970a43721,dataset_complete/cacao_diseases/cacao_photos/healthy/healthy_304.jpg,0,c6470b3de1723716,1080,1080,/workspace/cacao/cache_256/dataset_complete/cacao_diseases/cacao_photos/healthy/healthy_304.png,1080x1080,A,18,0.8540472,dataT/healthy/healthy_2155.jpg,0,False,False,False,0.45570526,False,1386
a1141cb7834b917ac48084994c8db589,dataset_complete/cacao_diseases/cacao_photos/healthy/healthy_3040.jpg,0,93acdc746c417c0f,1080,1080,/workspace/cacao/cache_256/dataset_complete/cacao_diseases/cacao_photos/healthy/healthy_3040.png,1080x1080,A,18,0.8382206,dataT/pod_rot_black/black_pod_rot_902.jpg,1,False,False,False,0.47866124,False,1387
2ef53e32fa264f237c6abbc3a462f0d4,dataset_complete/cacao_diseases/cacao_photos/healthy/healthy_3041.jpg,0,f3c64c6be4a42a65,1080,1080,/workspace/cacao/cache_256/dataset_complete/cacao_diseases/cacao_photos/healthy/healthy_3041.png,1080x1080,A,10,0.86353725,dataT/healthy/healthy_203.jpg,0,False,False,False,0.53612435,False,1388
015adb07a59e571f11a186efca807094,dataset_complete/cacao_diseases/cacao_photos/healthy/healthy_3042.jpg,0,ecfdf83a50702147,1080,1080,/workspace/cacao/cache_256/dataset_complete/cacao_diseases/cacao_photos/healthy/healthy_3042.png,1080x1080,A,16,0.86312556,dataT/pod_rot_black/black_pod_rot_852.jpg,1,False,False,False,0.37158018,False,1389
8fff9bcaeee1ead9b1c7fdacabd013fd,dataset_complete/cacao_diseases/cacao_photos/healthy/healthy_3043.jpg,0,c74c1e6115f1e13b,1080,1080,/workspace/cacao/cache_256/dataset_complete/cacao_diseases/cacao_photos/healthy/healthy_3043.png,1080x1080,A,16,0.84987354,dataT/healthy/healthy_2085.jpg,0,False,False,False,0.35318464,False,1390
ea887715b07d84910ad2c57067055410,dataset_complete/cacao_diseases/cacao_photos/healthy/healthy_3044.jpg,0,ccedf5068bd8411b,1080,1080,/workspace/cacao/cache_256/dataset_complete/cacao_diseases/cacao_photos/healthy/healthy_3044.png,1080x1080,A,16,0.8304782,dataT/healthy/healthy_1513.jpg,0,False,False,False,0.42287573,False,1391
1834445ac4ed51db818a41c2d02c1416,dataset_complete/cacao_diseases/cacao_photos/healthy/healthy_3045.jpg,0,99ac6d5c575b6428,1080,1080,/workspace/cacao/cache_256/dataset_complete/cacao_diseases/cacao_photos/healthy/healthy_3045.png,1080x1080,A,18,0.8445898,dataT/healthy/healthy_55.jpg,0,False,False,False,0.5071063,False,1392
39b868af2624244928cfaa5f536b5490,dataset_complete/cacao_diseases/cacao_photos/healthy/healthy_3046.jpg,0,96cd8da4acb2b2b2,1080,1080,/workspace/cacao/cache_256/dataset_complete/cacao_diseases/cacao_photos/healthy/healthy_3046.png,1080x1080,A,14,0.86093247,dataT/pod_rot_black/black_pod_rot_237.jpg,1,False,False,False,0.49153438,False,1393
7f3e8f73600209f4ab09e37b278d9359,dataset_complete/cacao_diseases/cacao_photos/healthy/healthy_3047.jpg,0,e7e2a9fc9450d950,1080,1080,/workspace/cacao/cache_256/dataset_complete/cacao_diseases/cacao_photos/healthy/healthy_3047.png,1080x1080,A,18,0.7918668,dataT/healthy/healthy_1567.jpg,0,False,False,False,0.5399359,False,1394
34348dc2e5d9f4f353af732cd4834165,dataset_complete/cacao_diseases/cacao_photos/healthy/healthy_3048.jpg,0,cb6826b71b33e1e0,1080,1080,/workspace/cacao/cache_256/dataset_complete/cacao_diseases/cacao_photos/healthy/healthy_3048.png,1080x1080,A,18,0.8203718,dataT/pod_rot_black/black_pod_rot_759.jpg,1,False,False,False,0.33439565,False,1395
03f9fd6ecb79d52820a86688ab522ee0,dataset_complete/cacao_diseases/cacao_photos/healthy/healthy_3049.jpg,0,f66d49e2ec026c3c,1080,1080,/workspace/cacao/cache_256/dataset_complete/cacao_diseases/cacao_photos/healthy/healthy_3049.png,1080x1080,A,18,0.87711424,dataT/healthy/healthy_2759.jpg,0,False,False,False,0.47551078,False,1396
2a151f2de2c0312bf406c94604282d15,dataset_complete/cacao_diseases/cacao_photos/healthy/healthy_305.jpg,0,c666e868a9be30cb,1080,1080,/workspace/cacao/cache_256/dataset_complete/cacao_diseases/cacao_photos/healthy/healthy_305.png,1080x1080,A,16,0.8587191,dataT/healthy/healthy_2624.jpg,0,False,False,False,0.47226542,False,1397
4369d4ec330cba81c43ca99c7884ac9a,dataset_complete/cacao_diseases/cacao_photos/healthy/healthy_3050.jpg,0,b8ed33296511e8e5,1080,1080,/workspace/cacao/cache_256/dataset_complete/cacao_diseases/cacao_photos/healthy/healthy_3050.png,1080x1080,A,18,0.7944752,dataT/healthy/healthy_1553.jpg,0,False,False,False,0.48443967,False,1398
6712586c313df3ed6f552e7d57f1b91f,dataset_complete/cacao_diseases/cacao_photos/healthy/healthy_3051.jpg,0,b778c32720634b5e,1080,1080,/workspace/cacao/cache_256/dataset_complete/cacao_diseases/cacao_photos/healthy/healthy_3051.png,1080x1080,A,18,0.8983899,dataT/healthy/healthy_3113.jpg,0,False,False,True,0.5377257,False,1399
9b152801353b42d4af53cc13db439f40,dataset_complete/cacao_diseases/cacao_photos/healthy/healthy_3052.jpg,0,a30ad83e59ba0dda,1080,1080,/workspace/cacao/cache_256/dataset_complete/cacao_diseases/cacao_photos/healthy/healthy_3052.png,1080x1080,A,16,0.8282112,dataT/healthy/healthy_1440.jpg,0,False,False,False,0.47346133,False,1400
151c358070ea3d64746333de0e6b0ffa,dataset_complete/cacao_diseases/cacao_photos/healthy/healthy_3053.jpg,0,a4db8ce1ad68514f,1080,1080,/workspace/cacao/cache_256/dataset_complete/cacao_diseases/cacao_photos/healthy/healthy_3053.png,1080x1080,A,18,0.85034,dataT/healthy/healthy_3141.jpg,0,False,False,False,0.4978541,False,1401
78d83b8c66f08e43864ff95d46bae6b3,dataset_complete/cacao_diseases/cacao_photos/healthy/healthy_3054.jpg,0,a386580b09cd5bfd,1080,1080,/workspace/cacao/cache_256/dataset_complete/cacao_diseases/cacao_photos/healthy/healthy_3054.png,1080x1080,A,18,0.89129376,dataT/healthy/healthy_90.jpg,0,False,False,True,0.54355216,False,1402
465776d2541f08cf8c85db3cbb2df8c2,dataset_complete/cacao_diseases/cacao_photos/healthy/healthy_3055.jpg,0,c38ede83090f16bd,1080,1080,/workspace/cacao/cache_256/dataset_complete/cacao_diseases/cacao_photos/healthy/healthy_3055.png,1080x1080,A,18,0.84027994,dataT/pod_rot_black/black_pod_rot_706.jpg,1,False,False,False,0.50771487,False,1403
18c4394d16d90e92d310205083b458d3,dataset_complete/cacao_diseases/cacao_photos/healthy/healthy_3056.jpg,0,c2bc1f647b48cb89,1080,1080,/workspace/cacao/cache_256/dataset_complete/cacao_diseases/cacao_photos/healthy/healthy_3056.png,1080x1080,A,18,0.8482858,dataT/healthy/healthy_2613.jpg,0,False,False,False,0.4469744,False,1404
647452948c7b6e91f4cea1606b4a7393,dataset_complete/cacao_diseases/cacao_photos/healthy/healthy_3057.jpg,0,9ee9ec222536707a,1080,1080,/workspace/cacao/cache_256/dataset_complete/cacao_diseases/cacao_photos/healthy/healthy_3057.png,1080x1080,A,16,0.88354266,dataT/healthy/healthy_243.jpg,0,False,False,True,0.3930518,False,1405
72394a0d401e5cd1f0256f26593765dd,dataset_complete/cacao_diseases/cacao_photos/healthy/healthy_3058.jpg,0,f34648613c2a37f6,1080,1080,/workspace/cacao/cache_256/dataset_complete/cacao_diseases/cacao_photos/healthy/healthy_3058.png,1080x1080,A,16,0.8565945,dataT/healthy/healthy_1543.jpg,0,False,False,False,0.5082378,False,1406
c101361ed89f895e8a2de4cc29e3bb65,dataset_complete/cacao_diseases/cacao_photos/healthy/healthy_3059.jpg,0,9f8d8cb69c345961,1080,1080,/workspace/cacao/cache_256/dataset_complete/cacao_diseases/cacao_photos/healthy/healthy_3059.png,1080x1080,A,18,0.88904524,dataT/healthy/healthy_1171.jpg,0,False,False,True,0.5347537,False,1407
a73943ef7470198b185925e57306906f,dataset_complete/cacao_diseases/cacao_photos/healthy/healthy_306.jpg,0,e639185671e6e3e0,1080,1080,/workspace/cacao/cache_256/dataset_complete/cacao_diseases/cacao_photos/healthy/healthy_306.png,1080x1080,A,14,0.88023365,dataT/healthy/healthy_697.jpg,0,False,False,True,0.44879413,False,1408
f2d164494cf27168463e86f1569919a8,dataset_complete/cacao_diseases/cacao_photos/healthy/healthy_3060.jpg,0,aefa4911da58d465,1080,1080,/workspace/cacao/cache_256/dataset_complete/cacao_diseases/cacao_photos/healthy/healthy_3060.png,1080x1080,A,18,0.87309897,dataT/healthy/healthy_1634.jpg,0,False,False,False,0.45493996,False,1409
22e7088398202c6278014c0842085e36,dataset_complete/cacao_diseases/cacao_photos/healthy/healthy_3061.jpg,0,9abc80e1637f66d0,1080,1080,/workspace/cacao/cache_256/dataset_complete/cacao_diseases/cacao_photos/healthy/healthy_3061.png,1080x1080,A,16,0.86130047,dataT/healthy/healthy_2771.jpg,0,False,False,False,0.5046018,False,1410
77c43dec3e4320fa61187793accf2b1c,dataset_complete/cacao_diseases/cacao_photos/healthy/healthy_3062.jpg,0,ee5fbc7052115263,1080,1080,/workspace/cacao/cache_256/dataset_complete/cacao_diseases/cacao_photos/healthy/healthy_3062.png,1080x1080,A,18,0.87113714,dataT/healthy/healthy_96.jpg,0,False,False,False,0.56392854,False,1411
050af553b9433ad473293f216c8d464f,dataset_complete/cacao_diseases/cacao_photos/healthy/healthy_3063.jpg,0,e2fdc2033ce2aba1,1080,1080,/workspace/cacao/cache_256/dataset_complete/cacao_diseases/cacao_photos/healthy/healthy_3063.png,1080x1080,A,18,0.86686814,dataT/pod_rot_black/black_pod_rot_253.jpg,1,False,False,False,0.56458735,False,1412
3dc6e158ee801321cce1a7634477c1ee,dataset_complete/cacao_diseases/cacao_photos/healthy/healthy_3064.jpg,0,b8961d566661662f,1080,1080,/workspace/cacao/cache_256/dataset_complete/cacao_diseases/cacao_photos/healthy/healthy_3064.png,1080x1080,A,14,0.8534173,dataT/healthy/healthy_3134.jpg,0,False,False,False,0.5034398,False,1413
c2bbb0b905af670016f77c0e1a810b70,dataset_complete/cacao_diseases/cacao_photos/healthy/healthy_3065.jpg,0,e5cc4bf3f10d0507,1080,1080,/workspace/cacao/cache_256/dataset_complete/cacao_diseases/cacao_photos/healthy/healthy_3065.png,1080x1080,A,18,0.85225177,dataT/healthy/healthy_3163.jpg,0,False,False,True,0.626362,False,1414
86006f243d7d79bab9e0103dfe7b9a54,dataset_complete/cacao_diseases/cacao_photos/healthy/healthy_3066.jpg,0,cc8858b77363e0b6,1080,1080,/workspace/cacao/cache_256/dataset_complete/cacao_diseases/cacao_photos/healthy/healthy_3066.png,1080x1080,A,12,0.8742847,dataT/healthy/healthy_1080.jpg,0,False,False,False,0.44762617,False,1415
56b3cd9ef085b43c1336eca27e9cdacb,dataset_complete/cacao_diseases/cacao_photos/healthy/healthy_3067.jpg,0,b78d6874f422d6a2,1080,1080,/workspace/cacao/cache_256/dataset_complete/cacao_diseases/cacao_photos/healthy/healthy_3067.png,1080x1080,A,14,0.8908043,dataT/pod_rot_black/black_pod_rot_339.jpg,1,True,True,True,0.5786191,False,1416
70ce2491a8058df03058a99ee2c21878,dataset_complete/cacao_diseases/cacao_photos/healthy/healthy_3068.jpg,0,bacfc1e2d1f27300,1080,1080,/workspace/cacao/cache_256/dataset_complete/cacao_diseases/cacao_photos/healthy/healthy_3068.png,1080x1080,A,18,0.8754053,dataT/healthy/healthy_3158.jpg,0,False,False,False,0.5343598,False,1417
011abe0b9a754ca490387a6c92c6bc9d,dataset_complete/cacao_diseases/cacao_photos/healthy/healthy_3069.jpg,0,a69cd9313b6226a7,1080,1080,/workspace/cacao/cache_256/dataset_complete/cacao_diseases/cacao_photos/healthy/healthy_3069.png,1080x1080,A,14,0.86302793,dataT/healthy/healthy_2599.jpg,0,False,False,False,0.5359373,False,1418
2e6ffc963b0a7a7a5d579fa153fea8e3,dataset_complete/cacao_diseases/cacao_photos/healthy/healthy_307.jpg,0,f65c58622d2f259c,1080,1080,/workspace/cacao/cache_256/dataset_complete/cacao_diseases/cacao_photos/healthy/healthy_307.png,1080x1080,A,16,0.8857842,dataT/healthy/healthy_692.jpg,0,False,False,True,0.4766793,False,1419
1b2e3e3346df5e001f56754813ab11e5,dataset_complete/cacao_diseases/cacao_photos/healthy/healthy_3070.jpg,0,c9a9aebfc09c3688,1080,1080,/workspace/cacao/cache_256/dataset_complete/cacao_diseases/cacao_photos/healthy/healthy_3070.png,1080x1080,A,16,0.8723444,dataT/healthy/healthy_697.jpg,0,False,False,False,0.51979375,False,1420
bbbebb25dff5fc420c6d1881f6195578,dataset_complete/cacao_diseases/cacao_photos/healthy/healthy_3071.jpg,0,dfc2c9fdac09c8c0,1080,1080,/workspace/cacao/cache_256/dataset_complete/cacao_diseases/cacao_photos/healthy/healthy_3071.png,1080x1080,A,20,0.81605285,dataT/healthy/healthy_2620.jpg,0,False,False,False,0.4957416,False,1421
dd97547a761369159f6be0874ad698f0,dataset_complete/cacao_diseases/cacao_photos/healthy/healthy_3072.jpg,0,ca8cbcf038f9a781,1080,1080,/workspace/cacao/cache_256/dataset_complete/cacao_diseases/cacao_photos/healthy/healthy_3072.png,1080x1080,A,16,0.92756176,dataT/healthy/healthy_3125.jpg,0,True,True,True,0.47150716,False,1422
a352145d0caba743c842e13c5f2f0364,dataset_complete/cacao_diseases/cacao_photos/healthy/healthy_3073.jpg,0,adcac7b77170209a,1080,1080,/workspace/cacao/cache_256/dataset_complete/cacao_diseases/cacao_photos/healthy/healthy_3073.png,1080x1080,A,16,0.8459047,dataT/healthy/healthy_1541.jpg,0,False,False,False,0.5078607,False,1423
027a33fe37bd39f69659fb133d4f544b,dataset_complete/cacao_diseases/cacao_photos/healthy/healthy_3074.jpg,0,c90c31b61cb33b1f,1080,1080,/workspace/cacao/cache_256/dataset_complete/cacao_diseases/cacao_photos/healthy/healthy_3074.png,1080x1080,A,16,0.8769903,dataT/healthy/healthy_1150.jpg,0,False,False,False,0.41780514,False,1424
86fb99911a732cfae9a883231ea394cb,dataset_complete/cacao_diseases/cacao_photos/healthy/healthy_3075.jpg,0,8cf8dc87eb1b240e,1080,1080,/workspace/cacao/cache_256/dataset_complete/cacao_diseases/cacao_photos/healthy/healthy_3075.png,1080x1080,A,18,0.8437648,dataT/healthy/healthy_1579.jpg,0,False,False,False,0.4385499,False,1425
70210e7c70ffae35c69495e2d61b8295,dataset_complete/cacao_diseases/cacao_photos/healthy/healthy_3076.jpg,0,d7cccc722b412d6a,1080,1080,/workspace/cacao/cache_256/dataset_complete/cacao_diseases/cacao_photos/healthy/healthy_3076.png,1080x1080,A,16,0.83613575,dataT/healthy/healthy_3131.jpg,0,False,False,False,0.38889405,False,1426
7b8ea7b3708a1cbb5805682e4ec8a84c,dataset_complete/cacao_diseases/cacao_photos/healthy/healthy_3077.jpg,0,d1ec0d326672c35d,1080,1080,/workspace/cacao/cache_256/dataset_complete/cacao_diseases/cacao_photos/healthy/healthy_3077.png,1080x1080,A,16,0.8378012,dataT/pod_rot_black/black_pod_rot_905.jpg,1,False,False,False,0.43094414,False,1427
ac31bf8c337a834ef72a06420d39c9be,dataset_complete/cacao_diseases/cacao_photos/healthy/healthy_3078.jpg,0,edb3187331d136e0,1080,1080,/workspace/cacao/cache_256/dataset_complete/cacao_diseases/cacao_photos/healthy/healthy_3078.png,1080x1080,A,16,0.8489641,dataT/healthy/healthy_1200.jpg,0,False,False,False,0.45580077,False,1428
bfa940680099842d46a7bae1b6b33e72,dataset_complete/cacao_diseases/cacao_photos/healthy/healthy_3079.jpg,0,a6b4564a315fb338,1080,1080,/workspace/cacao/cache_256/dataset_complete/cacao_diseases/cacao_photos/healthy/healthy_3079.png,1080x1080,A,18,0.8355735,dataT/healthy/healthy_1267.jpg,0,False,False,False,0.39218506,False,1429
a8e9e35870b130658dfd487baec641d7,dataset_complete/cacao_diseases/cacao_photos/healthy/healthy_308.jpg,0,c6301d33615df38d,1080,1080,/workspace/cacao/cache_256/dataset_complete/cacao_diseases/cacao_photos/healthy/healthy_308.png,1080x1080,A,16,0.8688129,dataT/healthy/healthy_2155.jpg,0,False,False,False,0.5120175,False,1430
23a7c1009b6acaa9ee86b96edfd13bc7,dataset_complete/cacao_diseases/cacao_photos/healthy/healthy_3080.jpg,0,d71e8d7b0625f403,1080,1080,/workspace/cacao/cache_256/dataset_complete/cacao_diseases/cacao_photos/healthy/healthy_3080.png,1080x1080,A,18,0.8735955,dataT/healthy/healthy_2601.jpg,0,False,False,False,0.50564635,False,1431
8e993dacac763deb55319f63abd2219f,dataset_complete/cacao_diseases/cacao_photos/healthy/healthy_3081.jpg,0,905d6b6e7584b21e,1080,1080,/workspace/cacao/cache_256/dataset_complete/cacao_diseases/cacao_photos/healthy/healthy_3081.png,1080x1080,A,18,0.86511767,dataT/healthy/healthy_1529.jpg,0,False,False,False,0.4409163,False,1432
f81a2af75fc6cc12a705b0ed55d59993,dataset_complete/cacao_diseases/cacao_photos/healthy/healthy_3082.jpg,0,afb88953b0e6a1c3,1080,1080,/workspace/cacao/cache_256/dataset_complete/cacao_diseases/cacao_photos/healthy/healthy_3082.png,1080x1080,A,16,0.8508501,dataT/healthy/healthy_12.jpg,0,False,False,False,0.5035337,False,1433
54105ee17d21e72a338039288c1cc661,dataset_complete/cacao_diseases/cacao_photos/healthy/healthy_309.jpg,0,e141f8720bf3a33c,1080,1080,/workspace/cacao/cache_256/dataset_complete/cacao_diseases/cacao_photos/healthy/healthy_309.png,1080x1080,A,16,0.8949721,dataT/healthy/healthy_8.jpg,0,False,False,True,0.37424788,False,1434
f5448768f6305b227ec8f9a0ea691b5e,dataset_complete/cacao_diseases/cacao_photos/healthy/healthy_310.jpg,0,f1e63437521a8acd,1080,1080,/workspace/cacao/cache_256/dataset_complete/cacao_diseases/cacao_photos/healthy/healthy_310.png,1080x1080,A,18,0.89076495,dataT/healthy/healthy_259.jpg,0,False,False,True,0.43341577,False,1435
aa76c58cca93b4fe7b1391032e15829e,dataset_complete/cacao_diseases/cacao_photos/healthy/healthy_311.jpg,0,ebbc06e22c574be0,1080,1080,/workspace/cacao/cache_256/dataset_complete/cacao_diseases/cacao_photos/healthy/healthy_311.png,1080x1080,A,18,0.8835218,dataT/healthy/healthy_1431.jpg,0,False,False,True,0.42002562,False,1436
d8fbd9a8696ef0a103b448d485a492ed,dataset_complete/cacao_diseases/cacao_photos/healthy/healthy_312.jpg,0,83a2ec656e786378,1080,1080,/workspace/cacao/cache_256/dataset_complete/cacao_diseases/cacao_photos/healthy/healthy_312.png,1080x1080,A,18,0.87111026,dataT/healthy/healthy_90.jpg,0,False,False,True,0.50223917,False,1437
0aa326d76d6b038cc56364c8ee5cd962,dataset_complete/cacao_diseases/cacao_photos/healthy/healthy_313.jpg,0,9a4fac64d5a15437,1080,1080,/workspace/cacao/cache_256/dataset_complete/cacao_diseases/cacao_photos/healthy/healthy_313.png,1080x1080,A,16,0.84895396,dataT/healthy/healthy_666.jpg,0,False,False,False,0.34903443,False,1438
fbfcf87a1b72e8edf001ebb90cb1f5ef,dataset_complete/cacao_diseases/cacao_photos/healthy/healthy_314.jpg,0,ede23630f3b54618,1080,1080,/workspace/cacao/cache_256/dataset_complete/cacao_diseases/cacao_photos/healthy/healthy_314.png,1080x1080,A,18,0.9073436,dataT/healthy/healthy_281.jpg,0,False,False,True,0.5594341,False,1439
8311b5454c26ec9c2bfe75d31b670ce5,dataset_complete/cacao_diseases/cacao_photos/healthy/healthy_315.jpg,0,ccbb23a1e2a8de4c,1080,1080,/workspace/cacao/cache_256/dataset_complete/cacao_diseases/cacao_photos/healthy/healthy_315.png,1080x1080,A,16,0.8665284,dataT/healthy/healthy_2615.jpg,0,False,False,False,0.4418229,False,1440
ae1259fe2b09913a0aa45639d95b3218,dataset_complete/cacao_diseases/cacao_photos/healthy/healthy_316.jpg,0,acef270793d6184c,1080,1080,/workspace/cacao/cache_256/dataset_complete/cacao_diseases/cacao_photos/healthy/healthy_316.png,1080x1080,A,18,0.85613894,dataT/healthy/healthy_25.jpg,0,False,False,False,0.4401058,False,1441
1c8ac596a387f5c9add76a1f964acd63,dataset_complete/cacao_diseases/cacao_photos/healthy/healthy_3167.jpg,0,8e58f9214137bcf2,1080,1080,/workspace/cacao/cache_256/dataset_complete/cacao_diseases/cacao_photos/healthy/healthy_3167.png,1080x1080,A,16,0.84978473,dataT/healthy/healthy_2101.jpg,0,True,True,False,0.5700723,False,1442
fa552ef95787e8ef0ad9b12e48e2addb,dataset_complete/cacao_diseases/cacao_photos/healthy/healthy_3168.jpg,0,e3ac95362152f2e3,1080,1080,/workspace/cacao/cache_256/dataset_complete/cacao_diseases/cacao_photos/healthy/healthy_3168.png,1080x1080,A,16,0.87562555,dataT/healthy/healthy_2604.jpg,0,True,True,True,0.5186281,False,1443
893036eb397a6af55f2b88c15169f0bc,dataset_complete/cacao_diseases/cacao_photos/healthy/healthy_3169.jpg,0,cddc78217343da98,1080,1080,/workspace/cacao/cache_256/dataset_complete/cacao_diseases/cacao_photos/healthy/healthy_3169.png,1080x1080,A,14,0.8336894,dataT/healthy/healthy_1263.jpg,0,False,False,False,0.43619835,False,1444
84b53daaadce6f6c9868fc12810ec2f4,dataset_complete/cacao_diseases/cacao_photos/healthy/healthy_317.jpg,0,b52c09e3e9ae12dc,1080,1080,/workspace/cacao/cache_256/dataset_complete/cacao_diseases/cacao_photos/healthy/healthy_317.png,1080x1080,A,16,0.8669902,dataT/healthy/healthy_1218.jpg,0,False,False,False,0.4746951,False,1445
62189a1a6797945f376f905448bba918,dataset_complete/cacao_diseases/cacao_photos/healthy/healthy_3170.jpg,0,cc431eb770586a79,1080,1080,/workspace/cacao/cache_256/dataset_complete/cacao_diseases/cacao_photos/healthy/healthy_3170.png,1080x1080,A,14,0.85697633,dataT/healthy/healthy_453.jpg,0,False,False,False,0.5028708,False,1446
14ed49a774d060a8912f88a6c45e3a40,dataset_complete/cacao_diseases/cacao_photos/healthy/healthy_3171.jpg,0,dcd1042e63b772a3,1080,1080,/workspace/cacao/cache_256/dataset_complete/cacao_diseases/cacao_photos/healthy/healthy_3171.png,1080x1080,A,16,0.8083205,dataT/healthy/healthy_2818.jpg,0,False,False,False,0.48972547,False,1447
54b23161ff359b4a34153cf177eea728,dataset_complete/cacao_diseases/cacao_photos/healthy/healthy_3172.jpg,0,e4c92f71706561a7,1080,1080,/workspace/cacao/cache_256/dataset_complete/cacao_diseases/cacao_photos/healthy/healthy_3172.png,1080x1080,A,16,0.80685925,dataT/pod_rot_black/black_pod_rot_345.jpg,1,False,False,False,0.41163242,False,1448
e51f9f993bd181877c526d8450a8b358,dataset_complete/cacao_diseases/cacao_photos/healthy/healthy_3173.jpg,0,fa1b9b6b21862c56,1080,1080,/workspace/cacao/cache_256/dataset_complete/cacao_diseases/cacao_photos/healthy/healthy_3173.png,1080x1080,A,18,0.8608006,dataT/healthy/healthy_1200.jpg,0,False,False,True,0.5748185,False,1449
2270a9bd6e171858e87bc47f145ca7a0,dataset_complete/cacao_diseases/cacao_photos/healthy/healthy_3174.jpg,0,dacd1fe460063c76,1080,1080,/workspace/cacao/cache_256/dataset_complete/cacao_diseases/cacao_photos/healthy/healthy_3174.png,1080x1080,A,16,0.84388524,dataT/healthy/healthy_1029.jpg,0,False,False,False,0.42565,False,1450
8c2fcc1d33222f8a0e27eb45fb14e793,dataset_complete/cacao_diseases/cacao_photos/healthy/healthy_3175.jpg,0,a6a60f0e3ff42435,1080,1080,/workspace/cacao/cache_256/dataset_complete/cacao_diseases/cacao_photos/healthy/healthy_3175.png,1080x1080,A,18,0.8640108,dataT/healthy/healthy_1154.jpg,0,False,False,False,0.50135535,False,1451
727847da910d98f2147c9f2e8b35717e,dataset_complete/cacao_diseases/cacao_photos/healthy/healthy_3176.jpg,0,e4781816bd93ac8f,1080,1080,/workspace/cacao/cache_256/dataset_complete/cacao_diseases/cacao_photos/healthy/healthy_3176.png,1080x1080,A,18,0.9182348,dataT/healthy/healthy_3146.jpg,0,True,True,True,0.483424,False,1452
e002ec41094f46780a3b683645319bbd,dataset_complete/cacao_diseases/cacao_photos/healthy/healthy_3177.jpg,0,a7e44c687c7033b3,1080,1080,/workspace/cacao/cache_256/dataset_complete/cacao_diseases/cacao_photos/healthy/healthy_3177.png,1080x1080,A,18,0.895809,dataT/healthy/healthy_2811.jpg,0,False,False,True,0.45717728,False,1453
96b7975e34b6fcbc3a399c7af994a867,dataset_complete/cacao_diseases/cacao_photos/healthy/healthy_3178.jpg,0,f06cb823f617da81,1080,1080,/workspace/cacao/cache_256/dataset_complete/cacao_diseases/cacao_photos/healthy/healthy_3178.png,1080x1080,A,18,0.8639821,dataT/healthy/healthy_3147.jpg,0,False,False,True,0.3886516,False,1454
3cb787a653128a26d46716896f7afbd9,dataset_complete/cacao_diseases/cacao_photos/healthy/healthy_3179.jpg,0,86c8a4616727fcf2,1080,1080,/workspace/cacao/cache_256/dataset_complete/cacao_diseases/cacao_photos/healthy/healthy_3179.png,1080x1080,A,14,0.90113497,dataT/healthy/healthy_2603.jpg,0,False,False,True,0.5227616,False,1455
635b789f80beda8fbf8f25b867b82c4a,dataset_complete/cacao_diseases/cacao_photos/healthy/healthy_318.jpg,0,b27b990243b277d4,1080,1080,/workspace/cacao/cache_256/dataset_complete/cacao_diseases/cacao_photos/healthy/healthy_318.png,1080x1080,A,16,0.9076214,dataT/healthy/healthy_2611.jpg,0,False,False,True,0.43831098,False,1456
07ba2048d72c287e6ea957f848413bc0,dataset_complete/cacao_diseases/cacao_photos/healthy/healthy_3180.jpg,0,e25a5df329692265,1080,1080,/workspace/cacao/cache_256/dataset_complete/cacao_diseases/cacao_photos/healthy/healthy_3180.png,1080x1080,A,16,0.8746762,dataT/pod_rot_black/black_pod_rot_393.jpg,1,False,False,False,0.5267267,False,1457
9b00ea019c11268564c2717578abc2e2,dataset_complete/cacao_diseases/cacao_photos/healthy/healthy_3181.jpg,0,ceed3c323a3121bc,1080,1080,/workspace/cacao/cache_256/dataset_complete/cacao_diseases/cacao_photos/healthy/healthy_3181.png,1080x1080,A,14,0.9027388,dataT/healthy/healthy_3135.jpg,0,True,True,True,0.5392028,False,1458
0ddb4401b7f9ebde40739b5aa71c12e0,dataset_complete/cacao_diseases/cacao_photos/healthy/healthy_3182.jpg,0,9dbda562616b6192,1080,1080,/workspace/cacao/cache_256/dataset_complete/cacao_diseases/cacao_photos/healthy/healthy_3182.png,1080x1080,A,14,0.872236,dataT/healthy/healthy_1077.jpg,0,False,False,False,0.5603347,False,1459
b59e8ccfc22fcb48f9269c190e0e199b,dataset_complete/cacao_diseases/cacao_photos/healthy/healthy_3183.jpg,0,92190f47e4be3e58,1080,1080,/workspace/cacao/cache_256/dataset_complete/cacao_diseases/cacao_photos/healthy/healthy_3183.png,1080x1080,A,16,0.8341695,dataT/healthy/healthy_1250.jpg,0,False,False,False,0.46070608,False,1460
f236ec2a80c764fdc655d1160b0d2991,dataset_complete/cacao_diseases/cacao_photos/healthy/healthy_3184.jpg,0,8f4ab42c5ca5755a,1080,1080,/workspace/cacao/cache_256/dataset_complete/cacao_diseases/cacao_photos/healthy/healthy_3184.png,1080x1080,A,18,0.8715048,dataT/healthy/healthy_2282.jpg,0,False,False,False,0.48415193,False,1461
1af696b4002baf2eb5dc0f3b5031271b,dataset_complete/cacao_diseases/cacao_photos/healthy/healthy_3185.jpg,0,cb4e71e9760aa513,1080,1080,/workspace/cacao/cache_256/dataset_complete/cacao_diseases/cacao_photos/healthy/healthy_3185.png,1080x1080,A,18,0.8340286,dataT/pod_rot_black/black_pod_rot_471.jpg,1,False,False,False,0.4280925,False,1462
c59555f76bf0a00a6072bc6291d5bfd9,dataset_complete/cacao_diseases/cacao_photos/healthy/healthy_3186.jpg,0,cef2bc2a03d0551f,1080,1080,/workspace/cacao/cache_256/dataset_complete/cacao_diseases/cacao_photos/healthy/healthy_3186.png,1080x1080,A,16,0.90126586,dataT/healthy/healthy_8.jpg,0,False,False,True,0.47981268,False,1463
3bf0a84c8b2d82e76de0e68db75ab83e,dataset_complete/cacao_diseases/cacao_photos/healthy/healthy_3187.jpg,0,dc9f711b23b18742,1080,1080,/workspace/cacao/cache_256/dataset_complete/cacao_diseases/cacao_photos/healthy/healthy_3187.png,1080x1080,A,14,0.8807645,dataT/healthy/healthy_1222.jpg,0,False,False,True,0.5241165,False,1464
453896c1547b8fc9c7c3333da0ca92c4,dataset_complete/cacao_diseases/cacao_photos/healthy/healthy_3188.jpg,0,c3864b48f45b655b,1080,1080,/workspace/cacao/cache_256/dataset_complete/cacao_diseases/cacao_photos/healthy/healthy_3188.png,1080x1080,A,20,0.87210035,dataT/healthy/healthy_656.jpg,0,False,False,False,0.38356185,False,1465
19cffaf8b03ebba7f103c92ac8b12457,dataset_complete/cacao_diseases/cacao_photos/healthy/healthy_3189.jpg,0,9b64cc0e6f24f352,1080,1080,/workspace/cacao/cache_256/dataset_complete/cacao_diseases/cacao_photos/healthy/healthy_3189.png,1080x1080,A,18,0.8552446,dataT/healthy/healthy_1651.jpg,0,False,False,False,0.4847748,False,1466
b5bfbd2b22e30a38f88eb9715d047f38,dataset_complete/cacao_diseases/cacao_photos/healthy/healthy_319.jpg,0,df6509350cdd8d83,1080,1080,/workspace/cacao/cache_256/dataset_complete/cacao_diseases/cacao_photos/healthy/healthy_319.png,1080x1080,A,18,0.81778866,dataT/healthy/healthy_2575.jpg,0,False,False,False,0.41296497,False,1467
761fa52d3227f9729b7ad7904367f780,dataset_complete/cacao_diseases/cacao_photos/healthy/healthy_3190.jpg,0,dcb9276c660e17b0,1080,1080,/workspace/cacao/cache_256/dataset_complete/cacao_diseases/cacao_photos/healthy/healthy_3190.png,1080x1080,A,16,0.86181533,dataT/pod_rot_black/black_pod_rot_366.jpg,1,False,False,False,0.47111496,False,1468
3947246b20c5ac751d303eaeb1ed4e3e,dataset_complete/cacao_diseases/cacao_photos/healthy/healthy_3191.jpg,0,f26a6d647413a2f1,1080,1080,/workspace/cacao/cache_256/dataset_complete/cacao_diseases/cacao_photos/healthy/healthy_3191.png,1080x1080,A,14,0.91652405,dataT/healthy/healthy_3164.jpg,0,True,True,True,0.48031425,False,1469
c33be95507b24a7a6e10f57a05d17745,dataset_complete/cacao_diseases/cacao_photos/healthy/healthy_3192.jpg,0,8d977425069b1ecd,1080,1080,/workspace/cacao/cache_256/dataset_complete/cacao_diseases/cacao_photos/healthy/healthy_3192.png,1080x1080,A,16,0.85327643,dataT/healthy/healthy_2154.jpg,0,False,False,False,0.45537847,False,1470
478bfc7a900cbbd692872e579cd98dca,dataset_complete/cacao_diseases/cacao_photos/healthy/healthy_3193.jpg,0,ccec28f3f14a49ac,1080,1080,/workspace/cacao/cache_256/dataset_complete/cacao_diseases/cacao_photos/healthy/healthy_3193.png,1080x1080,A,16,0.8550011,dataT/healthy/healthy_42.jpg,0,False,False,False,0.5226109,False,1471
97431f5094134ee871e6dde104004ce8,dataset_complete/cacao_diseases/cacao_photos/healthy/healthy_3194.jpg,0,e28cdbb28b1708eb,1080,1080,/workspace/cacao/cache_256/dataset_complete/cacao_diseases/cacao_photos/healthy/healthy_3194.png,1080x1080,A,16,0.8337206,dataT/pod_rot_black/black_pod_rot_212.jpg,1,False,False,False,0.39021695,False,1472
99c5a80dfab04ec3698c315cbe6315d5,dataset_complete/cacao_diseases/cacao_photos/healthy/healthy_3195.jpg,0,8d1a342d6e22e5e7,1080,1080,/workspace/cacao/cache_256/dataset_complete/cacao_diseases/cacao_photos/healthy/healthy_3195.png,1080x1080,A,18,0.9201503,dataT/healthy/healthy_3136.jpg,0,False,False,True,0.51848716,False,1473
efadb8846a461eb30e3fab826778c236,dataset_complete/cacao_diseases/cacao_photos/healthy/healthy_3196.jpg,0,f0883e7e370aa987,1080,1080,/workspace/cacao/cache_256/dataset_complete/cacao_diseases/cacao_photos/healthy/healthy_3196.png,1080x1080,A,18,0.87664646,dataT/healthy/healthy_2079.jpg,0,False,False,False,0.44719988,False,1474
b1929988e7e0ff3f52858766d054f095,dataset_complete/cacao_diseases/cacao_photos/healthy/healthy_3197.jpg,0,eb8cc8151963b1f5,1080,1080,/workspace/cacao/cache_256/dataset_complete/cacao_diseases/cacao_photos/healthy/healthy_3197.png,1080x1080,A,18,0.8623682,dataT/healthy/healthy_2817.jpg,0,False,False,False,0.4977837,False,1475
45ed57d6798fe9ab1e1fb194a3bfe3d6,dataset_complete/cacao_diseases/cacao_photos/healthy/healthy_3198.jpg,0,d1688417321f3ff1,1080,1080,/workspace/cacao/cache_256/dataset_complete/cacao_diseases/cacao_photos/healthy/healthy_3198.png,1080x1080,A,16,0.8773466,dataT/healthy/healthy_2117.jpg,0,False,False,False,0.4667941,False,1476
3499b2002ccf4012fec7a099bf430402,dataset_complete/cacao_diseases/cacao_photos/healthy/healthy_3199.jpg,0,e3590d2d78b470e3,1080,1080,/workspace/cacao/cache_256/dataset_complete/cacao_diseases/cacao_photos/healthy/healthy_3199.png,1080x1080,A,12,0.817728,dataT/healthy/healthy_1417.jpg,0,False,False,False,0.47311574,False,1477
86584f377935c25cf1810ebd8c6f53a0,dataset_complete/cacao_diseases/cacao_photos/healthy/healthy_320.jpg,0,f34c0d724a764cf4,1080,1080,/workspace/cacao/cache_256/dataset_complete/cacao_diseases/cacao_photos/healthy/healthy_320.png,1080x1080,A,14,0.912891,dataT/healthy/healthy_2121.jpg,0,False,False,True,0.5199076,False,1478
9c932ad57ca5030dfac68656d81ae24e,dataset_complete/cacao_diseases/cacao_photos/healthy/healthy_3200.jpg,0,c94d1d7cb102d39b,1080,1080,/workspace/cacao/cache_256/dataset_complete/cacao_diseases/cacao_photos/healthy/healthy_3200.png,1080x1080,A,16,0.87160385,dataT/healthy/healthy_90.jpg,0,False,False,False,0.48818472,False,1479
821a510763c9cd88c866069e5ba55426,dataset_complete/cacao_diseases/cacao_photos/healthy/healthy_3201.jpg,0,a3924f7403663fe2,1080,1080,/workspace/cacao/cache_256/dataset_complete/cacao_diseases/cacao_photos/healthy/healthy_3201.png,1080x1080,A,20,0.8620371,dataT/healthy/healthy_608.jpg,0,False,False,False,0.45012677,False,1480
d1ae89024f74512c8b8f46b9753dc8c5,dataset_complete/cacao_diseases/cacao_photos/healthy/healthy_3202.jpg,0,da685c7c2d03f19a,1080,1080,/workspace/cacao/cache_256/dataset_complete/cacao_diseases/cacao_photos/healthy/healthy_3202.png,1080x1080,A,16,0.8377679,dataT/healthy/healthy_1446.jpg,0,False,False,False,0.40709287,False,1481
b99dcc507712951ba4a697e01504b5a3,dataset_complete/cacao_diseases/cacao_photos/healthy/healthy_3203.jpg,0,c90a463f3d79234e,1080,1080,/workspace/cacao/cache_256/dataset_complete/cacao_diseases/cacao_photos/healthy/healthy_3203.png,1080x1080,A,18,0.8162074,dataT/healthy/healthy_2791.jpg,0,False,False,False,0.39422232,False,1482
c0a0ed172e236a0ffd7a11f60f08f18e,dataset_complete/cacao_diseases/cacao_photos/healthy/healthy_3204.jpg,0,a5498aab89bdd15a,1080,1080,/workspace/cacao/cache_256/dataset_complete/cacao_diseases/cacao_photos/healthy/healthy_3204.png,1080x1080,A,16,0.81565547,dataT/healthy/healthy_3333.jpg,0,False,False,False,0.46954829,False,1483
18e922202b9046acb5397d5acfc9ceda,dataset_complete/cacao_diseases/cacao_photos/healthy/healthy_3205.jpg,0,969dc07dd5726894,1080,1080,/workspace/cacao/cache_256/dataset_complete/cacao_diseases/cacao_photos/healthy/healthy_3205.png,1080x1080,A,16,0.8704312,dataT/healthy/healthy_3131.jpg,0,False,False,False,0.516942,False,1484
e2994fff2a998aafa6c40c897cdfe552,dataset_complete/cacao_diseases/cacao_photos/healthy/healthy_3206.jpg,0,b2b0c9b76d5236a1,1080,1080,/workspace/cacao/cache_256/dataset_complete/cacao_diseases/cacao_photos/healthy/healthy_3206.png,1080x1080,A,16,0.83221495,dataT/healthy/healthy_2142.jpg,0,False,False,False,0.35711098,False,1485
08a5c9e5e75d28acb17d554bb84b6517,dataset_complete/cacao_diseases/cacao_photos/healthy/healthy_3207.jpg,0,d0bc120eefc73853,1080,1080,/workspace/cacao/cache_256/dataset_complete/cacao_diseases/cacao_photos/healthy/healthy_3207.png,1080x1080,A,20,0.85842746,dataT/healthy/healthy_1072.jpg,0,False,False,False,0.44783127,False,1486
1cde676aafeb94956f2e4585b80d1fb0,dataset_complete/cacao_diseases/cacao_photos/healthy/healthy_3208.jpg,0,c2a132377b6765a4,1080,1080,/workspace/cacao/cache_256/dataset_complete/cacao_diseases/cacao_photos/healthy/healthy_3208.png,1080x1080,A,16,0.86167073,dataT/healthy/healthy_2568.jpg,0,False,False,False,0.5875672,False,1487
5515eb68ae44accc3212b60231444db3,dataset_complete/cacao_diseases/cacao_photos/healthy/healthy_3209.jpg,0,d86f6107671b2731,1080,1080,/workspace/cacao/cache_256/dataset_complete/cacao_diseases/cacao_photos/healthy/healthy_3209.png,1080x1080,A,16,0.82703584,dataT/healthy/healthy_1559.jpg,0,False,False,False,0.3925416,False,1488
7cdb3b745b456ebe3bb8235e2afbdbb2,dataset_complete/cacao_diseases/cacao_photos/healthy/healthy_321.jpg,0,c36e7c351b070d9c,1080,1080,/workspace/cacao/cache_256/dataset_complete/cacao_diseases/cacao_photos/healthy/healthy_321.png,1080x1080,A,18,0.9346194,dataT/healthy/healthy_3.jpg,0,True,True,True,0.493963,False,1489
d7a38bcc77c84bb34c0938f5d73fdb25,dataset_complete/cacao_diseases/cacao_photos/healthy/healthy_3210.jpg,0,bdc64c6cb858b8b4,1080,1080,/workspace/cacao/cache_256/dataset_complete/cacao_diseases/cacao_photos/healthy/healthy_3210.png,1080x1080,A,18,0.8933748,dataT/healthy/healthy_2817.jpg,0,False,False,True,0.48102298,False,1490
fbcfe5d66b44cdbb33c1fa81270f9234,dataset_complete/cacao_diseases/cacao_photos/healthy/healthy_3211.jpg,0,8f748e0e8ae9f446,1080,1080,/workspace/cacao/cache_256/dataset_complete/cacao_diseases/cacao_photos/healthy/healthy_3211.png,1080x1080,A,20,0.84482336,dataT/healthy/healthy_450.jpg,0,False,False,False,0.35666528,False,1491
a381f3eda1b4a4a009da62adba5b32f0,dataset_complete/cacao_diseases/cacao_photos/healthy/healthy_3212.jpg,0,f2cc4c3a2ca8ad1f,1080,1080,/workspace/cacao/cache_256/dataset_complete/cacao_diseases/cacao_photos/healthy/healthy_3212.png,1080x1080,A,16,0.85661745,dataT/healthy/healthy_3126.jpg,0,False,False,False,0.464635,False,1492
9bedc1ba79d568460f895b9c4b480459,dataset_complete/cacao_diseases/cacao_photos/healthy/healthy_3213.jpg,0,ce8caca532337333,1080,1080,/workspace/cacao/cache_256/dataset_complete/cacao_diseases/cacao_photos/healthy/healthy_3213.png,1080x1080,A,14,0.881776,dataT/healthy/healthy_226.jpg,0,False,False,True,0.42452884,False,1493
1abf1869f10c0d62e50c7ccc8c8bdd2e,dataset_complete/cacao_diseases/cacao_photos/healthy/healthy_3214.jpg,0,8fd98c7132723d70,1080,1080,/workspace/cacao/cache_256/dataset_complete/cacao_diseases/cacao_photos/healthy/healthy_3214.png,1080x1080,A,18,0.85784113,dataT/healthy/healthy_3145.jpg,0,False,False,False,0.39924252,False,1494
21c4b5d401cd46c71efc5236fa7752f6,dataset_complete/cacao_diseases/cacao_photos/healthy/healthy_3215.jpg,0,ce4ccbf525077852,1080,1080,/workspace/cacao/cache_256/dataset_complete/cacao_diseases/cacao_photos/healthy/healthy_3215.png,1080x1080,A,18,0.85225564,dataT/healthy/healthy_3096.jpg,0,False,False,False,0.3818994,False,1495
09aea49556c4c08dfe857e077ff55781,dataset_complete/cacao_diseases/cacao_photos/healthy/healthy_3216.jpg,0,cb585433153b7e86,1080,1080,/workspace/cacao/cache_256/dataset_complete/cacao_diseases/cacao_photos/healthy/healthy_3216.png,1080x1080,A,16,0.84595287,dataT/healthy/healthy_3164.jpg,0,False,False,False,0.46298963,False,1496
bd2ae97ad1f90e72f44caa7673ef1b52,dataset_complete/cacao_diseases/cacao_photos/healthy/healthy_3217.jpg,0,e8d8bd365a2a2663,1080,1080,/workspace/cacao/cache_256/dataset_complete/cacao_diseases/cacao_photos/healthy/healthy_3217.png,1080x1080,A,16,0.8738648,dataT/healthy/healthy_1511.jpg,0,False,False,False,0.46292067,False,1497
aaef0f1e1eec30a80d5d014cc35cce07,dataset_complete/cacao_diseases/cacao_photos/healthy/healthy_3218.jpg,0,d57e2c27371312c3,1080,1080,/workspace/cacao/cache_256/dataset_complete/cacao_diseases/cacao_photos/healthy/healthy_3218.png,1080x1080,A,18,0.88788027,dataT/healthy/healthy_259.jpg,0,False,False,True,0.38713807,False,1498
52f3385a50f4e7890c3b6bdac61dbb4e,dataset_complete/cacao_diseases/cacao_photos/healthy/healthy_3219.jpg,0,b5840eab566dba54,1080,1080,/workspace/cacao/cache_256/dataset_complete/cacao_diseases/cacao_photos/healthy/healthy_3219.png,1080x1080,A,16,0.8891747,dataT/healthy/healthy_2817.jpg,0,False,False,True,0.48633593,False,1499
44e45b3023b3aa15c53f6de68ebd52e2,dataset_complete/cacao_diseases/cacao_photos/healthy/healthy_322.jpg,0,9e134c71749ee88d,1080,1080,/workspace/cacao/cache_256/dataset_complete/cacao_diseases/cacao_photos/healthy/healthy_322.png,1080x1080,A,18,0.90660274,dataT/healthy/healthy_78.jpg,0,False,False,True,0.37941992,False,1500
f61ca543389fbf30ca691cc321b63c90,dataset_complete/cacao_diseases/cacao_photos/healthy/healthy_3220.jpg,0,8789cfe3c82bb0d1,1080,1080,/workspace/cacao/cache_256/dataset_complete/cacao_diseases/cacao_photos/healthy/healthy_3220.png,1080x1080,A,18,0.837549,dataT/healthy/healthy_2074.jpg,0,False,False,False,0.40687996,False,1501
e6e4314c589116b3ee91c724d67fb23d,dataset_complete/cacao_diseases/cacao_photos/healthy/healthy_3221.jpg,0,b0b149484d5f7f8c,1080,1080,/workspace/cacao/cache_256/dataset_complete/cacao_diseases/cacao_photos/healthy/healthy_3221.png,1080x1080,A,16,0.86260843,dataT/healthy/healthy_1543.jpg,0,False,False,False,0.45666373,False,1502
0f11b54fcf4d64622054eeb24c2116fd,dataset_complete/cacao_diseases/cacao_photos/healthy/healthy_3222.jpg,0,c9e4e432b572e82b,1080,1080,/workspace/cacao/cache_256/dataset_complete/cacao_diseases/cacao_photos/healthy/healthy_3222.png,1080x1080,A,14,0.9244586,dataT/healthy/healthy_1440.jpg,0,False,False,True,0.43012387,False,1503
f2cddce2232f381ab1b63dab04032fe2,dataset_complete/cacao_diseases/cacao_photos/healthy/healthy_3223.jpg,0,df161c603266339f,1080,1080,/workspace/cacao/cache_256/dataset_complete/cacao_diseases/cacao_photos/healthy/healthy_3223.png,1080x1080,A,16,0.84723866,dataT/healthy/healthy_2146.jpg,0,False,False,False,0.51726574,False,1504
8e482ffa71da6f642929f14161e219ae,dataset_complete/cacao_diseases/cacao_photos/healthy/healthy_3224.jpg,0,832ccbf0d954d7d0,1080,1080,/workspace/cacao/cache_256/dataset_complete/cacao_diseases/cacao_photos/healthy/healthy_3224.png,1080x1080,A,18,0.8338114,dataT/healthy/healthy_2280.jpg,0,False,False,False,0.40216312,False,1505
c33b9bf17455e9a48b596ab45d484fa7,dataset_complete/cacao_diseases/cacao_photos/healthy/healthy_3225.jpg,0,ae80d1f35532e176,1080,1080,/workspace/cacao/cache_256/dataset_complete/cacao_diseases/cacao_photos/healthy/healthy_3225.png,1080x1080,A,18,0.8676231,dataT/healthy/healthy_2117.jpg,0,False,False,False,0.4381066,False,1506
fec66b2e3cf69ae20c641db7885595b7,dataset_complete/cacao_diseases/cacao_photos/healthy/healthy_3226.jpg,0,a7edac645a2a3163,1080,1080,/workspace/cacao/cache_256/dataset_complete/cacao_diseases/cacao_photos/healthy/healthy_3226.png,1080x1080,A,14,0.8759569,dataT/healthy/healthy_3089.jpg,0,False,False,False,0.52294886,False,1507
f01edb6c7e5497ebcae2d8e23bc90b18,dataset_complete/cacao_diseases/cacao_photos/healthy/healthy_3227.jpg,0,d8fdf5208616d9b0,1080,1080,/workspace/cacao/cache_256/dataset_complete/cacao_diseases/cacao_photos/healthy/healthy_3227.png,1080x1080,A,16,0.87205815,dataT/healthy/healthy_81.jpg,0,False,False,False,0.43849367,False,1508
598e6f365c19d0727bee858b8b2abc64,dataset_complete/cacao_diseases/cacao_photos/healthy/healthy_3228.jpg,0,d4184f767e868e58,1080,1080,/workspace/cacao/cache_256/dataset_complete/cacao_diseases/cacao_photos/healthy/healthy_3228.png,1080x1080,A,18,0.87932396,dataT/healthy/healthy_1194.jpg,0,False,False,False,0.4838489,False,1509
91eac58c275768246f0a3f82a6eaf200,dataset_complete/cacao_diseases/cacao_photos/healthy/healthy_3229.jpg,0,98cc4575ee3214b7,1080,1080,/workspace/cacao/cache_256/dataset_complete/cacao_diseases/cacao_photos/healthy/healthy_3229.png,1080x1080,A,16,0.8712126,dataT/healthy/healthy_268.jpg,0,False,False,False,0.4357494,False,1510
d48703cab3fd0dc596d203cb210e8ffb,dataset_complete/cacao_diseases/cacao_photos/healthy/healthy_323.jpg,0,f1b43c3b1d4d0cc5,1080,1080,/workspace/cacao/cache_256/dataset_complete/cacao_diseases/cacao_photos/healthy/healthy_323.png,1080x1080,A,18,0.89778924,dataT/healthy/healthy_79.jpg,0,False,False,True,0.5156724,False,1511
595a8c3b6d0a0d762125365842d015d5,dataset_complete/cacao_diseases/cacao_photos/healthy/healthy_3230.jpg,0,c9c8e9a5f06bbe20,1080,1080,/workspace/cacao/cache_256/dataset_complete/cacao_diseases/cacao_photos/healthy/healthy_3230.png,1080x1080,A,18,0.8880208,dataT/healthy/healthy_1431.jpg,0,False,False,True,0.4112516,False,1512
8810905c889828c81c6fc37be503a04b,dataset_complete/cacao_diseases/cacao_photos/healthy/healthy_3231.jpg,0,c5f688e87a1e6a52,1080,1080,/workspace/cacao/cache_256/dataset_complete/cacao_diseases/cacao_photos/healthy/healthy_3231.png,1080x1080,A,18,0.8731688,dataT/healthy/healthy_2282.jpg,0,False,False,False,0.38994986,False,1513
285fd31c333e2509b3dd36cd188422bb,dataset_complete/cacao_diseases/cacao_photos/healthy/healthy_3232.jpg,0,ce0d6db8ea1c35c4,1080,1080,/workspace/cacao/cache_256/dataset_complete/cacao_diseases/cacao_photos/healthy/healthy_3232.png,1080x1080,A,16,0.83812404,dataT/healthy/healthy_2764.jpg,0,False,False,False,0.3714924,False,1514
06864fdb7762345ae196820cbc64417b,dataset_complete/cacao_diseases/cacao_photos/healthy/healthy_3233.jpg,0,d75888233764267f,1080,1080,/workspace/cacao/cache_256/dataset_complete/cacao_diseases/cacao_photos/healthy/healthy_3233.png,1080x1080,A,14,0.80006695,dataT/pod_rot_black/black_pod_rot_883.jpg,1,False,False,False,0.5282918,False,1515
60b5f8ff29194d9871b25578e022ebf8,dataset_complete/cacao_diseases/cacao_photos/healthy/healthy_3234.jpg,0,9e147967e8c88cda,1080,1080,/workspace/cacao/cache_256/dataset_complete/cacao_diseases/cacao_photos/healthy/healthy_3234.png,1080x1080,A,16,0.85983026,dataT/healthy/healthy_3132.jpg,0,False,False,False,0.41696143,False,1516
0303671811ab128a07093621312c5713,dataset_complete/cacao_diseases/cacao_photos/healthy/healthy_3235.jpg,0,a73ff8e0c578c049,1080,1080,/workspace/cacao/cache_256/dataset_complete/cacao_diseases/cacao_photos/healthy/healthy_3235.png,1080x1080,A,16,0.8470267,dataT/pod_rot_black/black_pod_rot_712.jpg,1,False,False,False,0.4261221,False,1517
441d3e3e2f89b3bd5e92689fb0370931,dataset_complete/cacao_diseases/cacao_photos/healthy/healthy_3236.jpg,0,f31b1a73e9e1a04a,1080,1080,/workspace/cacao/cache_256/dataset_complete/cacao_diseases/cacao_photos/healthy/healthy_3236.png,1080x1080,A,14,0.85751873,dataT/healthy/healthy_25.jpg,0,False,False,False,0.48249057,False,1518
c369505c294c73b86d4e9f44b9797dcf,dataset_complete/cacao_diseases/cacao_photos/healthy/healthy_3237.jpg,0,da9bda6c8c205e66,1080,1080,/workspace/cacao/cache_256/dataset_complete/cacao_diseases/cacao_photos/healthy/healthy_3237.png,1080x1080,A,14,0.9047185,dataT/healthy/healthy_1446.jpg,0,True,True,True,0.46009853,False,1519
9c1ecf97c95f07a31f8d110309c74dac,dataset_complete/cacao_diseases/cacao_photos/healthy/healthy_3238.jpg,0,a435bf644aa7cd48,1080,1080,/workspace/cacao/cache_256/dataset_complete/cacao_diseases/cacao_photos/healthy/healthy_3238.png,1080x1080,A,18,0.85724926,dataT/healthy/healthy_25.jpg,0,False,False,False,0.47352475,False,1520
be9c7a653ba4c805a8d7d6a5de7eff6f,dataset_complete/cacao_diseases/cacao_photos/healthy/healthy_3239.jpg,0,f64849f3834ba572,1080,1080,/workspace/cacao/cache_256/dataset_complete/cacao_diseases/cacao_photos/healthy/healthy_3239.png,1080x1080,A,16,0.8343704,dataT/healthy/healthy_1253.jpg,0,False,False,False,0.43792284,False,1521
cbb77c4553ce9d641b9a760d3d1e6172,dataset_complete/cacao_diseases/cacao_photos/healthy/healthy_324.jpg,0,f3f6954f054ab0a8,1080,1080,/workspace/cacao/cache_256/dataset_complete/cacao_diseases/cacao_photos/healthy/healthy_324.png,1080x1080,A,20,0.884549,dataT/healthy/healthy_90.jpg,0,False,False,True,0.50153303,False,1522
6cb48e088a1df73b50dfae07514866ab,dataset_complete/cacao_diseases/cacao_photos/healthy/healthy_3240.jpg,0,a5e70b1eece0e606,1080,1080,/workspace/cacao/cache_256/dataset_complete/cacao_diseases/cacao_photos/healthy/healthy_3240.png,1080x1080,A,18,0.8100256,dataT/healthy/healthy_3321.jpg,0,False,False,False,0.49298123,False,1523
73f9998efddf93167583ed5582e27f20,dataset_complete/cacao_diseases/cacao_photos/healthy/healthy_3241.jpg,0,cc9d1c4f5941cad3,1080,1080,/workspace/cacao/cache_256/dataset_complete/cacao_diseases/cacao_photos/healthy/healthy_3241.png,1080x1080,A,18,0.8935918,dataT/healthy/healthy_3136.jpg,0,False,False,True,0.5361568,False,1524
3ae688a20407b89ebe78decc4224eb61,dataset_complete/cacao_diseases/cacao_photos/healthy/healthy_3242.jpg,0,bca938340b66aa7e,1080,1080,/workspace/cacao/cache_256/dataset_complete/cacao_diseases/cacao_photos/healthy/healthy_3242.png,1080x1080,A,18,0.89403796,dataT/healthy/healthy_627.jpg,0,False,False,True,0.48361135,False,1525
b2d22cc92082e53c65e16e54d471d103,dataset_complete/cacao_diseases/cacao_photos/healthy/healthy_3243.jpg,0,851d5c38b0b657ab,1080,1080,/workspace/cacao/cache_256/dataset_complete/cacao_diseases/cacao_photos/healthy/healthy_3243.png,1080x1080,A,18,0.891537,dataT/healthy/healthy_2806.jpg,0,False,False,True,0.51375484,False,1526
649d604570aef66f39f51f6149bda934,dataset_complete/cacao_diseases/cacao_photos/healthy/healthy_3244.jpg,0,90b19bb6d629956a,1080,1080,/workspace/cacao/cache_256/dataset_complete/cacao_diseases/cacao_photos/healthy/healthy_3244.png,1080x1080,A,18,0.87281644,dataT/pod_rot_black/black_pod_rot_751.jpg,1,False,False,False,0.53175247,False,1527
9ba7a7bbdd06654a59429b6250cd883d,dataset_complete/cacao_diseases/cacao_photos/healthy/healthy_3245.jpg,0,e2f18b6b51361536,1080,1080,/workspace/cacao/cache_256/dataset_complete/cacao_diseases/cacao_photos/healthy/healthy_3245.png,1080x1080,A,16,0.88153446,dataT/healthy/healthy_1516.jpg,0,False,False,True,0.5155815,False,1528
099018c6c740b8ddd6bd9f239731e48b,dataset_complete/cacao_diseases/cacao_photos/healthy/healthy_3246.jpg,0,e6a7de5a18a55a18,1080,1080,/workspace/cacao/cache_256/dataset_complete/cacao_diseases/cacao_photos/healthy/healthy_3246.png,1080x1080,A,16,0.86401707,dataT/healthy/healthy_1144.jpg,0,False,False,False,0.5122993,False,1529
9c3edba1a0bf1e255ac4dfd7749eccde,dataset_complete/cacao_diseases/cacao_photos/healthy/healthy_3247.jpg,0,c0d1592933b477ec,1080,1080,/workspace/cacao/cache_256/dataset_complete/cacao_diseases/cacao_photos/healthy/healthy_3247.png,1080x1080,A,16,0.84700656,dataT/healthy/healthy_3166.jpg,0,False,False,False,0.44097775,False,1530
0abee32058c77205687c9ed762d88769,dataset_complete/cacao_diseases/cacao_photos/healthy/healthy_3248.jpg,0,cc5c89e33cc69696,1080,1080,/workspace/cacao/cache_256/dataset_complete/cacao_diseases/cacao_photos/healthy/healthy_3248.png,1080x1080,A,16,0.84800565,dataT/healthy/healthy_2105.jpg,0,False,False,False,0.39550325,False,1531
6c1a07ae9ae243204d6a71b720c2b56c,dataset_complete/cacao_diseases/cacao_photos/healthy/healthy_3249.jpg,0,a34b49adad763432,1080,1080,/workspace/cacao/cache_256/dataset_complete/cacao_diseases/cacao_photos/healthy/healthy_3249.png,1080x1080,A,16,0.8525393,dataT/healthy/healthy_3154.jpg,0,False,False,False,0.50138897,False,1532
fcc67a7e86c207dca56673c189741d39,dataset_complete/cacao_diseases/cacao_photos/healthy/healthy_325.jpg,0,ea7065a607d88b2f,1080,1080,/workspace/cacao/cache_256/dataset_complete/cacao_diseases/cacao_photos/healthy/healthy_325.png,1080x1080,A,18,0.8046652,dataT/healthy/healthy_2624.jpg,0,False,False,False,0.50385547,False,1533
bc2d8e4a113066f92a290a7eb1d009e3,dataset_complete/cacao_diseases/cacao_photos/healthy/healthy_3250.jpg,0,e7cc587ae3a0361a,1080,1080,/workspace/cacao/cache_256/dataset_complete/cacao_diseases/cacao_photos/healthy/healthy_3250.png,1080x1080,A,14,0.8831737,dataT/healthy/healthy_1448.jpg,0,False,False,True,0.45465228,False,1534
e8504d3e8645b40e34cab301f402ac24,dataset_complete/cacao_diseases/cacao_photos/healthy/healthy_3251.jpg,0,b2a47c722e3cac8e,1080,1080,/workspace/cacao/cache_256/dataset_complete/cacao_diseases/cacao_photos/healthy/healthy_3251.png,1080x1080,A,18,0.8598218,dataT/pod_rot_black/black_pod_rot_352.jpg,1,False,False,False,0.5287961,False,1535
8f4349aea1add1cc3d2872680f30baa1,dataset_complete/cacao_diseases/cacao_photos/healthy/healthy_3252.jpg,0,e60f4ae1bdb20536,1080,1080,/workspace/cacao/cache_256/dataset_complete/cacao_diseases/cacao_photos/healthy/healthy_3252.png,1080x1080,A,14,0.8543155,dataT/healthy/healthy_1175.jpg,0,False,False,False,0.5120777,False,1536
c9b74829e50f914bae7848fed6c3df11,dataset_complete/cacao_diseases/cacao_photos/healthy/healthy_3253.jpg,0,9f8dec243af0b0e8,1080,1080,/workspace/cacao/cache_256/dataset_complete/cacao_diseases/cacao_photos/healthy/healthy_3253.png,1080x1080,A,18,0.8688151,dataT/healthy/healthy_2611.jpg,0,False,False,False,0.45020586,False,1537
d1965a352cbd54bb75393fd6f6c4c7df,dataset_complete/cacao_diseases/cacao_photos/healthy/healthy_3254.jpg,0,c2d68d3c473bc2b1,1080,1080,/workspace/cacao/cache_256/dataset_complete/cacao_diseases/cacao_photos/healthy/healthy_3254.png,1080x1080,A,18,0.8609426,dataT/healthy/healthy_2787.jpg,0,False,False,False,0.36023167,False,1538
bf150dddb0b7f81d7392831ceb66a1b3,dataset_complete/cacao_diseases/cacao_photos/healthy/healthy_3255.jpg,0,9e8c31b643e58e9c,1080,1080,/workspace/cacao/cache_256/dataset_complete/cacao_diseases/cacao_photos/healthy/healthy_3255.png,1080x1080,A,16,0.8504971,dataT/pod_rot_black/black_pod_rot_749.jpg,1,False,False,False,0.44968066,False,1539
206bb11523ebee1631caf708846f2b99,dataset_complete/cacao_diseases/cacao_photos/healthy/healthy_3256.jpg,0,9c86f90e93d29749,1080,1080,/workspace/cacao/cache_256/dataset_complete/cacao_diseases/cacao_photos/healthy/healthy_3256.png,1080x1080,A,18,0.8372094,dataT/healthy/healthy_1143.jpg,0,False,False,False,0.50078005,False,1540
47b1634916b1d552ca15896691711da2,dataset_complete/cacao_diseases/cacao_photos/healthy/healthy_3257.jpg,0,ccd858e33e1f05e1,1080,1080,/workspace/cacao/cache_256/dataset_complete/cacao_diseases/cacao_photos/healthy/healthy_3257.png,1080x1080,A,18,0.87175286,dataT/healthy/healthy_1179.jpg,0,False,False,False,0.43920344,False,1541
964a3eabfd76cb2acae08221be16a352,dataset_complete/cacao_diseases/cacao_photos/healthy/healthy_3258.jpg,0,9c1d8df6530bd258,1080,1080,/workspace/cacao/cache_256/dataset_complete/cacao_diseases/cacao_photos/healthy/healthy_3258.png,1080x1080,A,14,0.8890711,dataT/healthy/healthy_1446.jpg,0,False,False,True,0.45441443,False,1542
06bae8ed13333ff3723e8d1a56158dc9,dataset_complete/cacao_diseases/cacao_photos/healthy/healthy_3259.jpg,0,ede4c7f2e222ad20,1080,1080,/workspace/cacao/cache_256/dataset_complete/cacao_diseases/cacao_photos/healthy/healthy_3259.png,1080x1080,A,16,0.8711253,dataT/healthy/healthy_1580.jpg,0,False,False,False,0.37510753,False,1543
c02f60476c8c0d6db664353d1cda0d8b,dataset_complete/cacao_diseases/cacao_photos/healthy/healthy_326.jpg,0,f2b1f063879e9c84,1080,1080,/workspace/cacao/cache_256/dataset_complete/cacao_diseases/cacao_photos/healthy/healthy_326.png,1080x1080,A,16,0.83378655,dataT/healthy/healthy_2640.jpg,0,False,False,False,0.41042018,False,1544
2ac5c39281cac81e9ea5c5feab56c953,dataset_complete/cacao_diseases/cacao_photos/healthy/healthy_3260.jpg,0,8c0d9cb2e52fb478,1080,1080,/workspace/cacao/cache_256/dataset_complete/cacao_diseases/cacao_photos/healthy/healthy_3260.png,1080x1080,A,18,0.8520851,dataT/healthy/healthy_2640.jpg,0,False,False,False,0.42542434,False,1545
4512037dfaff058591cec3e163577bf6,dataset_complete/cacao_diseases/cacao_photos/healthy/healthy_3261.jpg,0,c2271c7c619c6bf1,1080,1080,/workspace/cacao/cache_256/dataset_complete/cacao_diseases/cacao_photos/healthy/healthy_3261.png,1080x1080,A,16,0.8913472,dataT/healthy/healthy_1150.jpg,0,False,False,True,0.4405216,False,1546
1008b26a5e9787d521fda40c31d1529b,dataset_complete/cacao_diseases/cacao_photos/healthy/healthy_3262.jpg,0,ebd9c6d18897ba40,1080,1080,/workspace/cacao/cache_256/dataset_complete/cacao_diseases/cacao_photos/healthy/healthy_3262.png,1080x1080,A,16,0.8664936,dataT/healthy/healthy_3166.jpg,0,False,False,False,0.48405337,False,1547
900088ec3242ec73af84fd9857c45791,dataset_complete/cacao_diseases/cacao_photos/healthy/healthy_3263.jpg,0,c6e438be30967713,1080,1080,/workspace/cacao/cache_256/dataset_complete/cacao_diseases/cacao_photos/healthy/healthy_3263.png,1080x1080,A,16,0.84784365,dataT/healthy/healthy_2127.jpg,0,False,False,False,0.47814578,False,1548
768332a108c360470a9605383135f321,dataset_complete/cacao_diseases/cacao_photos/healthy/healthy_3264.jpg,0,c810ee37b33ec616,1080,1080,/workspace/cacao/cache_256/dataset_complete/cacao_diseases/cacao_photos/healthy/healthy_3264.png,1080x1080,A,18,0.8233348,dataT/healthy/healthy_1476.jpg,0,False,False,False,0.44043317,False,1549
61175d5f05863a90884bb3cea19cc4e2,dataset_complete/cacao_diseases/cacao_photos/healthy/healthy_3265.jpg,0,c7e12727b186195b,1080,1080,/workspace/cacao/cache_256/dataset_complete/cacao_diseases/cacao_photos/healthy/healthy_3265.png,1080x1080,A,14,0.81145823,dataT/healthy/healthy_661.jpg,0,False,False,False,0.41466427,False,1550
92c9398e43e3f018e1bb8d0480998ac0,dataset_complete/cacao_diseases/cacao_photos/healthy/healthy_3266.jpg,0,999eb1a7a20cee19,1080,1080,/workspace/cacao/cache_256/dataset_complete/cacao_diseases/cacao_photos/healthy/healthy_3266.png,1080x1080,A,18,0.85176075,dataT/healthy/healthy_637.jpg,0,False,False,False,0.43729737,False,1551
e36da86e15bad78ec3d5e18d22461948,dataset_complete/cacao_diseases/cacao_photos/healthy/healthy_3267.jpg,0,ae1d7df0235223e4,1080,1080,/workspace/cacao/cache_256/dataset_complete/cacao_diseases/cacao_photos/healthy/healthy_3267.png,1080x1080,A,18,0.8530768,dataT/healthy/healthy_1519.jpg,0,False,False,False,0.5250963,False,1552
930faf827c882024d0be84de98e6261c,dataset_complete/cacao_diseases/cacao_photos/healthy/healthy_3268.jpg,0,9e8c517636367263,1080,1080,/workspace/cacao/cache_256/dataset_complete/cacao_diseases/cacao_photos/healthy/healthy_3268.png,1080x1080,A,14,0.8035484,dataT/healthy/healthy_3313.jpg,0,False,False,False,0.4688056,False,1553
86f865b0546c7d184e45112417d3286e,dataset_complete/cacao_diseases/cacao_photos/healthy/healthy_3269.jpg,0,9d873cb435b8bc18,1080,1080,/workspace/cacao/cache_256/dataset_complete/cacao_diseases/cacao_photos/healthy/healthy_3269.png,1080x1080,A,16,0.78316265,dataT/pod_rot_black/black_pod_rot_892.jpg,1,False,False,False,0.4170952,False,1554
1984a89001c9e03f8657e26837f23eaf,dataset_complete/cacao_diseases/cacao_photos/healthy/healthy_327.jpg,0,e5fcbc705069b292,1080,1080,/workspace/cacao/cache_256/dataset_complete/cacao_diseases/cacao_photos/healthy/healthy_327.png,1080x1080,A,16,0.855767,dataT/healthy/healthy_2104.jpg,0,False,False,False,0.3501907,False,1555
9d8a014b12dbd60fe39c972809e650b5,dataset_complete/cacao_diseases/cacao_photos/healthy/healthy_3270.jpg,0,e76aaf30e83d5e00,1080,1080,/workspace/cacao/cache_256/dataset_complete/cacao_diseases/cacao_photos/healthy/healthy_3270.png,1080x1080,A,16,0.7700747,dataT/pod_rot_black/black_pod_rot_722.jpg,1,False,False,False,0.3455627,False,1556
20f32c157140757a3c5fd27e175065eb,dataset_complete/cacao_diseases/cacao_photos/healthy/healthy_3271.jpg,0,b9d2fda016623655,1080,1080,/workspace/cacao/cache_256/dataset_complete/cacao_diseases/cacao_photos/healthy/healthy_3271.png,1080x1080,A,18,0.85067606,dataT/healthy/healthy_2127.jpg,0,False,False,False,0.51074016,False,1557
c1de80fbbcd03a3c181ac4fd883c4725,dataset_complete/cacao_diseases/cacao_photos/healthy/healthy_3272.jpg,0,e6a098721bfa419f,1080,1080,/workspace/cacao/cache_256/dataset_complete/cacao_diseases/cacao_photos/healthy/healthy_3272.png,1080x1080,A,16,0.84875107,dataT/healthy/healthy_3145.jpg,0,False,False,False,0.51039445,False,1558
4286b32f62f9012e37ad2b87bf5689a3,dataset_complete/cacao_diseases/cacao_photos/healthy/healthy_3273.jpg,0,ee3b986fc9c040d6,1080,1080,/workspace/cacao/cache_256/dataset_complete/cacao_diseases/cacao_photos/healthy/healthy_3273.png,1080x1080,A,18,0.8350182,dataT/pod_rot_black/black_pod_rot_879.jpg,1,False,False,False,0.3314724,False,1559
864ae3f082f5113437132b83ed9a9c58,dataset_complete/cacao_diseases/cacao_photos/healthy/healthy_3274.jpg,0,c998786326cfeb09,1080,1080,/workspace/cacao/cache_256/dataset_complete/cacao_diseases/cacao_photos/healthy/healthy_3274.png,1080x1080,A,14,0.8065244,dataT/pod_rot_black/black_pod_rot_829.jpg,1,False,False,False,0.44641495,False,1560
3f839b299e39ebb382baba3f5c346fdb,dataset_complete/cacao_diseases/cacao_photos/healthy/healthy_3275.jpg,0,c07cbca06974b45f,1080,1080,/workspace/cacao/cache_256/dataset_complete/cacao_diseases/cacao_photos/healthy/healthy_3275.png,1080x1080,A,18,0.87352586,dataT/healthy/healthy_617.jpg,0,False,False,False,0.40865675,False,1561
6f04d6a49d3b6bdc5cbd62a35f97fb79,dataset_complete/cacao_diseases/cacao_photos/healthy/healthy_3276.jpg,0,cafd0e37c8366126,1080,1080,/workspace/cacao/cache_256/dataset_complete/cacao_diseases/cacao_photos/healthy/healthy_3276.png,1080x1080,A,14,0.88998234,dataT/healthy/healthy_1427.jpg,0,True,True,True,0.45353928,False,1562
5080e2ff242a9f427706e0e845d1c2c4,dataset_complete/cacao_diseases/cacao_photos/healthy/healthy_3277.jpg,0,861b993533a9b2e3,1080,1080,/workspace/cacao/cache_256/dataset_complete/cacao_diseases/cacao_photos/healthy/healthy_3277.png,1080x1080,A,16,0.8712543,dataT/healthy/healthy_1189.jpg,0,False,False,False,0.5309934,False,1563
1dec9669c43e40b637e7e4f576f73c4a,dataset_complete/cacao_diseases/cacao_photos/healthy/healthy_3278.jpg,0,e10d1e6cfd7440e3,1080,1080,/workspace/cacao/cache_256/dataset_complete/cacao_diseases/cacao_photos/healthy/healthy_3278.png,1080x1080,A,18,0.88070476,dataT/healthy/healthy_3116.jpg,0,False,False,True,0.52353966,False,1564
3abc1c106bf47fc315f62457f0dcb31d,dataset_complete/cacao_diseases/cacao_photos/healthy/healthy_3279.jpg,0,db9d97635ea34012,1080,1080,/workspace/cacao/cache_256/dataset_complete/cacao_diseases/cacao_photos/healthy/healthy_3279.png,1080x1080,A,18,0.8819115,dataT/healthy/healthy_3145.jpg,0,False,False,True,0.48181152,False,1565
0bb7c02cd73f17ad2d9afd278ce1c077,dataset_complete/cacao_diseases/cacao_photos/healthy/healthy_328.jpg,0,db24b0be9ec49c58,1080,1080,/workspace/cacao/cache_256/dataset_complete/cacao_diseases/cacao_photos/healthy/healthy_328.png,1080x1080,A,18,0.8724172,dataT/healthy/healthy_450.jpg,0,False,False,False,0.41230166,False,1566
f64058a6b885b39cea797be9584b25d8,dataset_complete/cacao_diseases/cacao_photos/healthy/healthy_3280.jpg,0,f7cec42e4805ac76,1080,1080,/workspace/cacao/cache_256/dataset_complete/cacao_diseases/cacao_photos/healthy/healthy_3280.png,1080x1080,A,14,0.89255226,dataT/healthy/healthy_3341.jpg,0,False,False,True,0.43869576,False,1567
9cd87fb0c34821940c113233241af968,dataset_complete/cacao_diseases/cacao_photos/healthy/healthy_3281.jpg,0,ca891c2b797672e2,1080,1080,/workspace/cacao/cache_256/dataset_complete/cacao_diseases/cacao_photos/healthy/healthy_3281.png,1080x1080,A,14,0.9121698,dataT/healthy/healthy_1429.jpg,0,False,False,True,0.42723688,False,1568
329cee2014041d4b7da3862591a7f406,dataset_complete/cacao_diseases/cacao_photos/healthy/healthy_3282.jpg,0,a3e2386e3c1cc59e,1080,1080,/workspace/cacao/cache_256/dataset_complete/cacao_diseases/cacao_photos/healthy/healthy_3282.png,1080x1080,A,14,0.9550425,dataT/healthy/healthy_1430.jpg,0,True,True,False,0.33846366,False,1569
538f81fd719bcc618774c795385afb99,dataset_complete/cacao_diseases/cacao_photos/healthy/healthy_3283.jpg,0,8d6ce026a473d357,1080,1080,/workspace/cacao/cache_256/dataset_complete/cacao_diseases/cacao_photos/healthy/healthy_3283.png,1080x1080,A,16,0.90040755,dataT/healthy/healthy_1431.jpg,0,False,False,True,0.36434793,False,1570
6a90186efb405a5af7abed5953b71e0d,dataset_complete/cacao_diseases/cacao_photos/healthy/healthy_3284.jpg,0,ea5f90b1b21337b0,1080,1080,/workspace/cacao/cache_256/dataset_complete/cacao_diseases/cacao_photos/healthy/healthy_3284.png,1080x1080,A,16,0.8847033,dataT/healthy/healthy_2092.jpg,0,False,False,True,0.5047498,False,1571
e7e5bc02acd64066df4994970a9a6d63,dataset_complete/cacao_diseases/cacao_photos/healthy/healthy_3285.jpg,0,8bbc5873e30bc295,1080,1080,/workspace/cacao/cache_256/dataset_complete/cacao_diseases/cacao_photos/healthy/healthy_3285.png,1080x1080,A,14,0.8655,dataT/healthy/healthy_1478.jpg,0,False,False,False,0.46767563,False,1572
5dd1c3e76cc69b5a931f216160fcb665,dataset_complete/cacao_diseases/cacao_photos/healthy/healthy_3286.jpg,0,c9e3433a321e5f94,1080,1080,/workspace/cacao/cache_256/dataset_complete/cacao_diseases/cacao_photos/healthy/healthy_3286.png,1080x1080,A,14,0.87824845,dataT/healthy/healthy_35.jpg,0,False,False,False,0.4953863,False,1573
f16eef3db66f3a18a2410bcccaabfcca,dataset_complete/cacao_diseases/cacao_photos/healthy/healthy_3287.jpg,0,ecad605a52e9cbd0,1080,1080,/workspace/cacao/cache_256/dataset_complete/cacao_diseases/cacao_photos/healthy/healthy_3287.png,1080x1080,A,16,0.8819938,dataT/healthy/healthy_2806.jpg,0,False,False,True,0.4465524,False,1574
ca2abc3c264e0af977eeead2f7f29527,dataset_complete/cacao_diseases/cacao_photos/healthy/healthy_3288.jpg,0,e51e9fb07141270f,1080,1080,/workspace/cacao/cache_256/dataset_complete/cacao_diseases/cacao_photos/healthy/healthy_3288.png,1080x1080,A,14,0.8585997,dataT/healthy/healthy_1184.jpg,0,False,False,False,0.46781456,False,1575
fe476ede4bfe4790308b701ff262687d,dataset_complete/cacao_diseases/cacao_photos/healthy/healthy_3289.jpg,0,ade272b4175c4ad2,1080,1080,/workspace/cacao/cache_256/dataset_complete/cacao_diseases/cacao_photos/healthy/healthy_3289.png,1080x1080,A,18,0.85856605,dataT/healthy/healthy_1218.jpg,0,False,False,False,0.43912074,False,1576
668904a445640f9a30b81684630e5771,dataset_complete/cacao_diseases/cacao_photos/healthy/healthy_329.jpg,0,f163e8734a2d6c98,1080,1080,/workspace/cacao/cache_256/dataset_complete/cacao_diseases/cacao_photos/healthy/healthy_329.png,1080x1080,A,16,0.8809585,dataT/healthy/healthy_76.jpg,0,False,False,True,0.4367382,False,1577
306e33aa6aadcc3fdc519dbca66d453f,dataset_complete/cacao_diseases/cacao_photos/healthy/healthy_3290.jpg,0,aea656696551623b,1080,1080,/workspace/cacao/cache_256/dataset_complete/cacao_diseases/cacao_photos/healthy/healthy_3290.png,1080x1080,A,18,0.8721304,dataT/healthy/healthy_1250.jpg,0,False,False,False,0.47035116,False,1578
4575472a0d7e74de28efe8cc9a66437e,dataset_complete/cacao_diseases/cacao_photos/healthy/healthy_3291.jpg,0,d674ca06398d13f3,1080,1080,/workspace/cacao/cache_256/dataset_complete/cacao_diseases/cacao_photos/healthy/healthy_3291.png,1080x1080,A,18,0.8792262,dataT/healthy/healthy_3321.jpg,0,False,False,False,0.58060575,False,1579
d2998b0a0301b4a9f2f6632d22ecccf3,dataset_complete/cacao_diseases/cacao_photos/healthy/healthy_3292.jpg,0,ca2cb5b72077302f,1080,1080,/workspace/cacao/cache_256/dataset_complete/cacao_diseases/cacao_photos/healthy/healthy_3292.png,1080x1080,A,16,0.848617,dataT/pod_rot_black/black_pod_rot_937.jpg,1,False,False,False,0.4861403,False,1580
2f74d415c39973b2faf93a61bfdc5a2a,dataset_complete/cacao_diseases/cacao_photos/healthy/healthy_3293.jpg,0,b55b1e74a12643b6,1080,1080,/workspace/cacao/cache_256/dataset_complete/cacao_diseases/cacao_photos/healthy/healthy_3293.png,1080x1080,A,16,0.856352,dataT/healthy/healthy_442.jpg,0,False,False,False,0.5142491,False,1581
21d71c27c4467b1f736584e27ad25ac0,dataset_complete/cacao_diseases/cacao_photos/healthy/healthy_3294.jpg,0,9e090965bd3571f2,1080,1080,/workspace/cacao/cache_256/dataset_complete/cacao_diseases/cacao_photos/healthy/healthy_3294.png,1080x1080,A,14,0.8707749,dataT/healthy/healthy_1171.jpg,0,False,False,False,0.52288187,False,1582
81d13d5f3727c925ae6203e428807a33,dataset_complete/cacao_diseases/cacao_photos/healthy/healthy_3295.jpg,0,c3878d2ffc0f0ce0,1080,1080,/workspace/cacao/cache_256/dataset_complete/cacao_diseases/cacao_photos/healthy/healthy_3295.png,1080x1080,A,16,0.8678405,dataT/healthy/healthy_2602.jpg,0,False,False,False,0.3898926,False,1583
8c4e53a25e2792f1f27b5f454ccf3e96,dataset_complete/cacao_diseases/cacao_photos/healthy/healthy_3296.jpg,0,da0975662c9ed899,1080,1080,/workspace/cacao/cache_256/dataset_complete/cacao_diseases/cacao_photos/healthy/healthy_3296.png,1080x1080,A,14,0.81551564,dataT/pod_rot_black/black_pod_rot_807.jpg,1,False,False,False,0.56738317,False,1584
bd0b1e22b021cdd548076c59ba932630,dataset_complete/cacao_diseases/cacao_photos/healthy/healthy_3297.jpg,0,cd0746767e1d1e81,1080,1080,/workspace/cacao/cache_256/dataset_complete/cacao_diseases/cacao_photos/healthy/healthy_3297.png,1080x1080,A,18,0.8402353,dataT/healthy/healthy_447.jpg,0,False,False,False,0.44840646,False,1585
4129b872295cafe8d7f736616d526b42,dataset_complete/cacao_diseases/cacao_photos/healthy/healthy_3298.jpg,0,da7d67a186d115a2,1080,1080,/workspace/cacao/cache_256/dataset_complete/cacao_diseases/cacao_photos/healthy/healthy_3298.png,1080x1080,A,18,0.90622115,dataT/pod_rot_black/black_pod_rot_502.jpg,1,False,False,True,0.8799952,True,1586
14901b2acac9e5d11a503b7a4070ce09,dataset_complete/cacao_diseases/cacao_photos/healthy/healthy_3299.jpg,0,e667e82c50610ebf,1080,1080,/workspace/cacao/cache_256/dataset_complete/cacao_diseases/cacao_photos/healthy/healthy_3299.png,1080x1080,A,16,0.83633673,dataT/healthy/healthy_78.jpg,0,False,False,False,0.39183813,False,1587
e3abb958f32a1c7b669ab8d2ec786360,dataset_complete/cacao_diseases/cacao_photos/healthy/healthy_330.jpg,0,c8ee0f3390ddd1c8,1080,1080,/workspace/cacao/cache_256/dataset_complete/cacao_diseases/cacao_photos/healthy/healthy_330.png,1080x1080,A,14,0.7957413,dataT/healthy/healthy_236.jpg,0,False,False,False,0.32913846,False,1588
b225939c81677099e108c59baf603596,dataset_complete/cacao_diseases/cacao_photos/healthy/healthy_3300.jpg,0,df5c65a385c49ca1,1080,1080,/workspace/cacao/cache_256/dataset_complete/cacao_diseases/cacao_photos/healthy/healthy_3300.png,1080x1080,A,18,0.9300245,dataT/pod_rot_black/black_pod_rot_510.jpg,1,True,True,True,0.91875374,True,1589
7462fdd067e75b05379cd81bf11f224b,dataset_complete/cacao_diseases/cacao_photos/healthy/healthy_3301.jpg,0,e63aac3e6a867451,1080,1080,/workspace/cacao/cache_256/dataset_complete/cacao_diseases/cacao_photos/healthy/healthy_3301.png,1080x1080,A,18,0.79296017,dataT/healthy/healthy_692.jpg,0,False,False,False,0.4344852,False,1590
833ac7c76083673e53f83ae762eb8d78,dataset_complete/cacao_diseases/cacao_photos/healthy/healthy_3302.jpg,0,f95923b616d188e9,1080,1080,/workspace/cacao/cache_256/dataset_complete/cacao_diseases/cacao_photos/healthy/healthy_3302.png,1080x1080,A,18,0.82016456,dataT/healthy/healthy_2501.jpg,0,False,False,False,0.46889722,False,1591
453c59ac9174e03988f71ebefe6b8ebf,dataset_complete/cacao_diseases/cacao_photos/healthy/healthy_3303.jpg,0,ccbb3326ce680af2,1080,1080,/workspace/cacao/cache_256/dataset_complete/cacao_diseases/cacao_photos/healthy/healthy_3303.png,1080x1080,A,18,0.85222363,dataT/pod_rot_black/black_pod_rot_784.jpg,1,False,False,False,0.52275974,False,1592
d3f35b6b17757c35d8134793a649ed72,dataset_complete/cacao_diseases/cacao_photos/healthy/healthy_3304.jpg,0,cccc686be333448f,1080,1080,/workspace/cacao/cache_256/dataset_complete/cacao_diseases/cacao_photos/healthy/healthy_3304.png,1080x1080,A,16,0.83716613,dataT/healthy/healthy_2636.jpg,0,False,False,False,0.44495213,False,1593
8d9139f7d8cd16600e21c57a58cdfb07,dataset_complete/cacao_diseases/cacao_photos/healthy/healthy_3305.jpg,0,db48a137dab9152a,1080,1080,/workspace/cacao/cache_256/dataset_complete/cacao_diseases/cacao_photos/healthy/healthy_3305.png,1080x1080,A,18,0.82625103,dataT/pod_rot_black/black_pod_rot_790.jpg,1,False,False,False,0.83288974,True,1594
42217b51f8f52d8989bec7e54ab12504,dataset_complete/cacao_diseases/cacao_photos/healthy/healthy_3306.jpg,0,db5d24a796d0aa85,1080,1080,/workspace/cacao/cache_256/dataset_complete/cacao_diseases/cacao_photos/healthy/healthy_3306.png,1080x1080,A,18,0.9224963,dataT/pod_rot_black/black_pod_rot_790.jpg,1,False,False,True,0.9201071,True,1595
0a4846d9a3b035b1d72f2e931d9f47ad,dataset_complete/cacao_diseases/cacao_photos/healthy/healthy_3307.jpg,0,d8582fa62fd60aa9,1080,1080,/workspace/cacao/cache_256/dataset_complete/cacao_diseases/cacao_photos/healthy/healthy_3307.png,1080x1080,A,14,0.816198,dataT/pod_rot_black/black_pod_rot_503.jpg,1,False,False,False,0.8085842,True,1596
644928d1487f77f1c2bbf321d6097002,dataset_complete/cacao_diseases/cacao_photos/healthy/healthy_3308.jpg,0,de5caf2316528ad1,1080,1080,/workspace/cacao/cache_256/dataset_complete/cacao_diseases/cacao_photos/healthy/healthy_3308.png,1080x1080,A,18,0.8885182,dataT/pod_rot_black/black_pod_rot_788.jpg,1,False,False,True,0.8798353,True,1597
f7bdc8807ce5c95b7a5d83bcd030f4da,dataset_complete/cacao_diseases/cacao_photos/healthy/healthy_3309.jpg,0,cef13137f9e070a0,1080,1080,/workspace/cacao/cache_256/dataset_complete/cacao_diseases/cacao_photos/healthy/healthy_3309.png,1080x1080,A,16,0.8782163,dataT/healthy/healthy_2577.jpg,0,False,False,False,0.45844913,False,1598
374c980446c3ef895cdee612d4b405aa,dataset_complete/cacao_diseases/cacao_photos/healthy/healthy_331.jpg,0,f1de160980aebdf0,1080,1080,/workspace/cacao/cache_256/dataset_complete/cacao_diseases/cacao_photos/healthy/healthy_331.png,1080x1080,A,18,0.8052914,dataT/healthy/healthy_236.jpg,0,False,False,False,0.2706774,False,1588
86b67d7b083c21f33a08999b70696729,dataset_complete/cacao_diseases/cacao_photos/healthy/healthy_3310.jpg,0,99f063b97632a613,1080,1080,/workspace/cacao/cache_256/dataset_complete/cacao_diseases/cacao_photos/healthy/healthy_3310.png,1080x1080,A,16,0.85375196,dataT/healthy/healthy_2599.jpg,0,False,False,False,0.44422203,False,1600
604fc557ff6574059228fa09122ce9e8,dataset_complete/cacao_diseases/cacao_photos/healthy/healthy_332.jpg,0,d88d32731dd564c5,1080,1080,/workspace/cacao/cache_256/dataset_complete/cacao_diseases/cacao_photos/healthy/healthy_332.png,1080x1080,A,16,0.8601327,dataT/healthy/healthy_10.jpg,0,False,False,False,0.44979423,False,1601
5daf2cac63b290c857eba60a7fbb1d79,dataset_complete/cacao_diseases/cacao_photos/healthy/healthy_333.jpg,0,e41ef6a189cd9782,1080,1080,/workspace/cacao/cache_256/dataset_complete/cacao_diseases/cacao_photos/healthy/healthy_333.png,1080x1080,A,20,0.87496424,dataT/healthy/healthy_5.jpg,0,False,False,False,0.40367395,False,1602
c0ecef641eaf5d8989c85bf1c8d3ad1e,dataset_complete/cacao_diseases/cacao_photos/healthy/healthy_334.jpg,0,8b5cf4e37a402da9,1080,1080,/workspace/cacao/cache_256/dataset_complete/cacao_diseases/cacao_photos/healthy/healthy_334.png,1080x1080,A,14,0.877426,dataT/pod_rot_black/black_pod_rot_374.jpg,1,False,False,False,0.35854793,False,1603
c710efe2a34f9bccc8478e946c13eadc,dataset_complete/cacao_diseases/cacao_photos/healthy/healthy_335.jpg,0,c6e2ec74965ab00f,1080,1080,/workspace/cacao/cache_256/dataset_complete/cacao_diseases/cacao_photos/healthy/healthy_335.png,1080x1080,A,14,0.90996313,dataT/healthy/healthy_9.jpg,0,True,True,True,0.3723775,False,1604
55dc02b992c09122714c66d964651eeb,dataset_complete/cacao_diseases/cacao_photos/healthy/healthy_336.jpg,0,a31dec230ba781d7,1080,1080,/workspace/cacao/cache_256/dataset_complete/cacao_diseases/cacao_photos/healthy/healthy_336.png,1080x1080,A,16,0.8985279,dataT/healthy/healthy_225.jpg,0,True,True,True,0.4890356,False,1605
3f0b0aa00a1a95b7e773869282b6760a,dataset_complete/cacao_diseases/cacao_photos/healthy/healthy_337.jpg,0,c9c5253333f30367,1080,1080,/workspace/cacao/cache_256/dataset_complete/cacao_diseases/cacao_photos/healthy/healthy_337.png,1080x1080,A,18,0.87995887,dataT/healthy/healthy_237.jpg,0,False,False,False,0.5621965,False,1606
3f78646099d611018a4b0e4be8e36535,dataset_complete/cacao_diseases/cacao_photos/healthy/healthy_338.jpg,0,c1e6cc7e0e6ca3a4,1080,1080,/workspace/cacao/cache_256/dataset_complete/cacao_diseases/cacao_photos/healthy/healthy_338.png,1080x1080,A,16,0.8885774,dataT/healthy/healthy_1265.jpg,0,False,False,True,0.42713627,False,1607
9901e17205f5d5283b0a015bf4f617e7,dataset_complete/cacao_diseases/cacao_photos/healthy/healthy_339.jpg,0,8e3df92102676bc3,1080,1080,/workspace/cacao/cache_256/dataset_complete/cacao_diseases/cacao_photos/healthy/healthy_339.png,1080x1080,A,18,0.8847536,dataT/healthy/healthy_27.jpg,0,False,False,True,0.42428088,False,1608
d400e8e56b89d31497acf5bb0ad2e41c,dataset_complete/cacao_diseases/cacao_photos/healthy/healthy_340.jpg,0,a91c46f7fc418d1a,1080,1080,/workspace/cacao/cache_256/dataset_complete/cacao_diseases/cacao_photos/healthy/healthy_340.png,1080x1080,A,18,0.87572646,dataT/healthy/healthy_3136.jpg,0,False,False,False,0.4674337,False,1609
0b683218da9addc8386db7e78c7495b2,dataset_complete/cacao_diseases/cacao_photos/healthy/healthy_341.jpg,0,898a1d1c7aa476fc,1080,1080,/workspace/cacao/cache_256/dataset_complete/cacao_diseases/cacao_photos/healthy/healthy_341.png,1080x1080,A,18,0.88077873,dataT/healthy/healthy_15.jpg,0,False,False,True,0.4417659,False,1610
03313a99878e8133e427437d1a20baef,dataset_complete/cacao_diseases/cacao_photos/healthy/healthy_342.jpg,0,e1099c707d26abf2,1080,1080,/workspace/cacao/cache_256/dataset_complete/cacao_diseases/cacao_photos/healthy/healthy_342.png,1080x1080,A,16,0.8911264,dataT/healthy/healthy_100.jpg,0,False,False,True,0.47132516,False,1611
2de4c74f427b5365239865ed774b79ac,dataset_complete/cacao_diseases/cacao_photos/healthy/healthy_343.jpg,0,fb6545e412bef900,1080,1080,/workspace/cacao/cache_256/dataset_complete/cacao_diseases/cacao_photos/healthy/healthy_343.png,1080x1080,A,16,0.9030549,dataT/healthy/healthy_24.jpg,0,False,False,True,0.41944313,False,1612
5e36b3d31874d6bf4c12cceadbb7f90d,dataset_complete/cacao_diseases/cacao_photos/healthy/healthy_344.jpg,0,b04e9134c7c8277f,1080,1080,/workspace/cacao/cache_256/dataset_complete/cacao_diseases/cacao_photos/healthy/healthy_344.png,1080x1080,A,18,0.8371927,dataT/healthy/healthy_87.jpg,0,False,False,False,0.30495203,False,1613
ef94e78b1eab3240340faa7efa02596d,dataset_complete/cacao_diseases/cacao_photos/healthy/healthy_345.jpg,0,873c49b63c945b4b,1080,1080,/workspace/cacao/cache_256/dataset_complete/cacao_diseases/cacao_photos/healthy/healthy_345.png,1080x1080,A,18,0.8744656,dataT/healthy/healthy_695.jpg,0,False,False,False,0.3441701,False,1614
82d66e5d1269b18adcd6725b0d99f547,dataset_complete/cacao_diseases/cacao_photos/healthy/healthy_346.jpg,0,f4b99d35c92e0586,1080,1080,/workspace/cacao/cache_256/dataset_complete/cacao_diseases/cacao_photos/healthy/healthy_346.png,1080x1080,A,14,0.94523,dataT/healthy/healthy_8.jpg,0,True,True,True,0.3863994,False,1615
9cd266cf6ce61abb25bfdd812eefa5ca,dataset_complete/cacao_diseases/cacao_photos/healthy/healthy_347.jpg,0,e34fc86aac2c25b5,1080,1080,/workspace/cacao/cache_256/dataset_complete/cacao_diseases/cacao_photos/healthy/healthy_347.png,1080x1080,A,14,0.90696543,dataT/healthy/healthy_32.jpg,0,False,False,True,0.41762894,False,1616
648fdca07760452e58b223b5cfad4c08,dataset_complete/cacao_diseases/cacao_photos/healthy/healthy_348.jpg,0,bc8462b0ad5e55a7,1080,1080,/workspace/cacao/cache_256/dataset_complete/cacao_diseases/cacao_photos/healthy/healthy_348.png,1080x1080,A,18,0.8294553,dataT/healthy/healthy_237.jpg,0,False,False,False,0.52325803,False,1617
a85546ec4573b2463ffe537c710a20d5,dataset_complete/cacao_diseases/cacao_photos/healthy/healthy_349.jpg,0,f72b6d641cc89cc8,1080,1080,/workspace/cacao/cache_256/dataset_complete/cacao_diseases/cacao_photos/healthy/healthy_349.png,1080x1080,A,18,0.8998313,dataT/healthy/healthy_1435.jpg,0,False,False,True,0.41737682,False,1618
da3e2a9d4db0b410152e1adf1a540071,dataset_complete/cacao_diseases/cacao_photos/healthy/healthy_350.jpg,0,dab8d153573ece00,1080,1080,/workspace/cacao/cache_256/dataset_complete/cacao_diseases/cacao_photos/healthy/healthy_350.png,1080x1080,A,18,0.8221515,dataT/healthy/healthy_1210.jpg,0,False,False,False,0.39189237,False,1619
ddd496cfaa9ac80964eacf90ea88445d,dataset_complete/cacao_diseases/cacao_photos/healthy/healthy_351.jpg,0,dc4678b2343ae3c5,1080,1080,/workspace/cacao/cache_256/dataset_complete/cacao_diseases/cacao_photos/healthy/healthy_351.png,1080x1080,A,18,0.8781409,dataT/healthy/healthy_15.jpg,0,False,False,False,0.4382426,False,1620
be0c3b4110dcf3685c9b4da5bcf66455,dataset_complete/cacao_diseases/cacao_photos/healthy/healthy_352.jpg,0,8d8226337b758dc9,1080,1080,/workspace/cacao/cache_256/dataset_complete/cacao_diseases/cacao_photos/healthy/healthy_352.png,1080x1080,A,16,0.88408184,dataT/healthy/healthy_15.jpg,0,False,False,True,0.4600571,False,1621
d51e432e9819eeb5d80639180d7b96e0,dataset_complete/cacao_diseases/cacao_photos/healthy/healthy_353.jpg,0,9989f962facc0c8e,1080,1080,/workspace/cacao/cache_256/dataset_complete/cacao_diseases/cacao_photos/healthy/healthy_353.png,1080x1080,A,16,0.8920818,dataT/healthy/healthy_87.jpg,0,False,False,True,0.36825675,False,1622
b059bac47b86544de481249b88490919,dataset_complete/cacao_diseases/cacao_photos/healthy/healthy_354.jpg,0,c1ac1e27b69f80d9,1080,1080,/workspace/cacao/cache_256/dataset_complete/cacao_diseases/cacao_photos/healthy/healthy_354.png,1080x1080,A,18,0.8525136,dataT/healthy/healthy_1269.jpg,0,False,False,False,0.36001402,False,1623
ee5a0e5573cf411f15fd52e2bed72124,dataset_complete/cacao_diseases/cacao_photos/healthy/healthy_355.jpg,0,be97856772e01389,1080,1080,/workspace/cacao/cache_256/dataset_complete/cacao_diseases/cacao_photos/healthy/healthy_355.png,1080x1080,A,16,0.8608286,dataT/healthy/healthy_419.jpg,0,False,False,False,0.4361185,False,1624
cb7ba407bfbefd1097d663ac148d1d8b,dataset_complete/cacao_diseases/cacao_photos/healthy/healthy_356.jpg,0,bccf533231af8a88,1080,1080,/workspace/cacao/cache_256/dataset_complete/cacao_diseases/cacao_photos/healthy/healthy_356.png,1080x1080,A,18,0.8659649,dataT/healthy/healthy_1218.jpg,0,False,False,False,0.40821564,False,1625
fc0cf1478224d3e64901f64ab49ddd4f,dataset_complete/cacao_diseases/cacao_photos/healthy/healthy_357.jpg,0,e25d99b0710bb745,1080,1080,/workspace/cacao/cache_256/dataset_complete/cacao_diseases/cacao_photos/healthy/healthy_357.png,1080x1080,A,18,0.8450526,dataT/healthy/healthy_1529.jpg,0,False,False,False,0.4913646,False,1626
e5eb3fe2dec80ec6265c9865724d76bb,dataset_complete/cacao_diseases/cacao_photos/healthy/healthy_358.jpg,0,9c9c4b51f73095b2,1080,1080,/workspace/cacao/cache_256/dataset_complete/cacao_diseases/cacao_photos/healthy/healthy_358.png,1080x1080,A,18,0.8624354,dataT/healthy/healthy_2508.jpg,0,True,True,False,0.48094308,False,1627
0546da8189eeb9f3fe304aca273d800b,dataset_complete/cacao_diseases/cacao_photos/healthy/healthy_359.jpg,0,c37c6c61b0b13537,1080,1080,/workspace/cacao/cache_256/dataset_complete/cacao_diseases/cacao_photos/healthy/healthy_359.png,1080x1080,A,18,0.9585223,dataT/healthy/healthy_2101.jpg,0,True,True,False,0.5413125,False,1628
3c4e632d8bf921ff741ec5f5bdaac76b,dataset_complete/cacao_diseases/cacao_photos/healthy/healthy_360.jpg,0,e83a3ac847dc72e1,1080,1080,/workspace/cacao/cache_256/dataset_complete/cacao_diseases/cacao_photos/healthy/healthy_360.png,1080x1080,A,20,0.91077507,dataT/healthy/healthy_2495.jpg,0,False,False,True,0.5392704,False,1629
c158bf93e5318274b8c3639fecf549a6,dataset_complete/cacao_diseases/cacao_photos/healthy/healthy_361.jpg,0,bef88225b0b778c4,1080,1080,/workspace/cacao/cache_256/dataset_complete/cacao_diseases/cacao_photos/healthy/healthy_361.png,1080x1080,A,18,0.8656169,dataT/healthy/healthy_2769.jpg,0,False,False,False,0.40262482,False,1630
92e8f7084e5f2aed3863e4e85133d028,dataset_complete/cacao_diseases/cacao_photos/healthy/healthy_362.jpg,0,dbc4461d289197d7,2160,2160,/workspace/cacao/cache_256/dataset_complete/cacao_diseases/cacao_photos/healthy/healthy_362.png,2160x2160,B,18,0.86437106,dataT/healthy/healthy_611.jpg,0,False,False,False,0.40549785,False,1631
9c141d1c8b0d0a6911be9e78df2ae940,dataset_complete/cacao_diseases/cacao_photos/healthy/healthy_363.jpg,0,f9a70de41980bb8d,2160,2160,/workspace/cacao/cache_256/dataset_complete/cacao_diseases/cacao_photos/healthy/healthy_363.png,2160x2160,B,18,0.84850544,dataT/healthy/healthy_2117.jpg,0,False,False,False,0.4821726,False,1632
fe8f8b5ab11dd7b86f362a3a32f4747c,dataset_complete/cacao_diseases/cacao_photos/healthy/healthy_364.jpg,0,d2eb8c16be5a1694,2160,2160,/workspace/cacao/cache_256/dataset_complete/cacao_diseases/cacao_photos/healthy/healthy_364.png,2160x2160,B,14,0.8655505,dataT/healthy/healthy_596.jpg,0,False,False,False,0.43493366,False,1633
8697f45e084726e3c23fd2b918607606,dataset_complete/cacao_diseases/cacao_photos/healthy/healthy_365.jpg,0,e7e42dbe8615f042,2160,2160,/workspace/cacao/cache_256/dataset_complete/cacao_diseases/cacao_photos/healthy/healthy_365.png,2160x2160,B,16,0.863175,dataT/healthy/healthy_2564.jpg,0,False,False,False,0.42598882,False,1634
cc3bcb6f760c8a947159e1534772e42c,dataset_complete/cacao_diseases/cacao_photos/healthy/healthy_366.jpg,0,8c6ce629e736629a,2160,2160,/workspace/cacao/cache_256/dataset_complete/cacao_diseases/cacao_photos/healthy/healthy_366.png,2160x2160,B,14,0.81604433,dataT/healthy/healthy_240.jpg,0,False,False,False,0.39158893,False,1635
2bb8e0f113a4d259abbe539f0e3a636c,dataset_complete/cacao_diseases/cacao_photos/healthy/healthy_367.jpg,0,b6bd24b22190b69f,2160,2160,/workspace/cacao/cache_256/dataset_complete/cacao_diseases/cacao_photos/healthy/healthy_367.png,2160x2160,B,18,0.86836994,dataT/healthy/healthy_1044.jpg,0,False,False,False,0.37594444,False,1636
f71b3289873b12ce299330088dcaa2ee,dataset_complete/cacao_diseases/cacao_photos/healthy/healthy_368.jpg,0,c64a3d1c7819c7f2,2160,2160,/workspace/cacao/cache_256/dataset_complete/cacao_diseases/cacao_photos/healthy/healthy_368.png,2160x2160,B,20,0.81364346,dataT/healthy/healthy_1141.jpg,0,False,False,False,0.39946473,False,1637
e3c0a00aaabe6646c958bbb2a35eeb4b,dataset_complete/cacao_diseases/cacao_photos/healthy/healthy_369.jpg,0,bebd89e05322f445,2160,2160,/workspace/cacao/cache_256/dataset_complete/cacao_diseases/cacao_photos/healthy/healthy_369.png,2160x2160,B,14,0.8221487,dataT/healthy/healthy_2640.jpg,0,False,False,False,0.35272083,False,1638
9a503937bd7a618116efac894b63be26,dataset_complete/cacao_diseases/cacao_photos/healthy/healthy_370.jpg,0,f7798075a24392e3,1080,1080,/workspace/cacao/cache_256/dataset_complete/cacao_diseases/cacao_photos/healthy/healthy_370.png,1080x1080,A,16,0.857677,dataT/healthy/healthy_610.jpg,0,False,False,False,0.47674176,False,1639
cc61ab94fd7b5f0ddd387703ee1b182f,dataset_complete/cacao_diseases/cacao_photos/healthy/healthy_371.jpg,0,98408b7efc8cc8fa,2160,2160,/workspace/cacao/cache_256/dataset_complete/cacao_diseases/cacao_photos/healthy/healthy_371.png,2160x2160,B,14,0.8321869,dataT/healthy/healthy_2614.jpg,0,False,False,False,0.47571728,False,1640
cdc5be3b45befaa7b92a0511f9e1b942,dataset_complete/cacao_diseases/cacao_photos/healthy/healthy_372.jpg,0,d26a193ee7f54604,2160,2160,/workspace/cacao/cache_256/dataset_complete/cacao_diseases/cacao_photos/healthy/healthy_372.png,2160x2160,B,14,0.8124105,dataT/healthy/healthy_1519.jpg,0,False,False,False,0.4415034,False,1641
20a70356fc0ce9252e68847f308cb7ec,dataset_complete/cacao_diseases/cacao_photos/healthy/healthy_373.jpg,0,8b26ad27a345762d,2160,2160,/workspace/cacao/cache_256/dataset_complete/cacao_diseases/cacao_photos/healthy/healthy_373.png,2160x2160,B,18,0.833822,dataT/healthy/healthy_2133.jpg,0,False,False,False,0.44179377,False,1642
8074aa1035032dc62d5f24433b80df6c,dataset_complete/cacao_diseases/cacao_photos/healthy/healthy_374.jpg,0,b9e87b2743a0ac4b,2160,2160,/workspace/cacao/cache_256/dataset_complete/cacao_diseases/cacao_photos/healthy/healthy_374.png,2160x2160,B,16,0.7600397,dataT/healthy/healthy_661.jpg,0,False,False,False,0.41939738,False,1643
da4ecce5ba994c5abd76c768ccac5a78,dataset_complete/cacao_diseases/cacao_photos/healthy/healthy_375.jpg,0,e44fe22743eac5c2,2160,2160,/workspace/cacao/cache_256/dataset_complete/cacao_diseases/cacao_photos/healthy/healthy_375.png,2160x2160,B,14,0.85186017,dataT/healthy/healthy_2133.jpg,0,False,False,False,0.5499881,False,1644
aa0ad0009ede252043dd3e8ff8e59086,dataset_complete/cacao_diseases/cacao_photos/healthy/healthy_376.jpg,0,d9e56727e6039e08,2160,2160,/workspace/cacao/cache_256/dataset_complete/cacao_diseases/cacao_photos/healthy/healthy_376.png,2160x2160,B,16,0.8526127,dataT/healthy/healthy_1440.jpg,0,False,False,False,0.4123543,False,1645
d9691e2867b5aa4e07dd5c8b52ce2f71,dataset_complete/cacao_diseases/cacao_photos/healthy/healthy_377.jpg,0,99a93e64e6aa8cf0,2160,2160,/workspace/cacao/cache_256/dataset_complete/cacao_diseases/cacao_photos/healthy/healthy_377.png,2160x2160,B,18,0.8615917,dataT/pod_rot_black/black_pod_rot_77.jpg,1,False,False,False,0.43748853,False,1646
95056b7eebde78224d4a1424645949df,dataset_complete/cacao_diseases/cacao_photos/healthy/healthy_378.jpg,0,f3124d2d2845f6f8,2160,2160,/workspace/cacao/cache_256/dataset_complete/cacao_diseases/cacao_photos/healthy/healthy_378.png,2160x2160,B,18,0.8533898,dataT/pod_rot_black/black_pod_rot_731.jpg,1,False,False,False,0.41806602,False,1647
9ce2776561e5f4cde139c612bb61e169,dataset_complete/cacao_diseases/cacao_photos/healthy/healthy_379.jpg,0,e3e90a03731347be,2160,2160,/workspace/cacao/cache_256/dataset_complete/cacao_diseases/cacao_photos/healthy/healthy_379.png,2160x2160,B,18,0.82275486,dataT/healthy/healthy_1025.jpg,0,False,False,False,0.5974171,False,1648
fef8317a07d7cc38c10ddcae9215a710,dataset_complete/cacao_diseases/cacao_photos/healthy/healthy_380.jpg,0,b0e6591cf2c0cef8,2160,2160,/workspace/cacao/cache_256/dataset_complete/cacao_diseases/cacao_photos/healthy/healthy_380.png,2160x2160,B,20,0.8538133,dataT/healthy/healthy_3105.jpg,0,False,False,False,0.38962966,False,1649
e0484a239cdc78a8f3895b74609d8f0b,dataset_complete/cacao_diseases/cacao_photos/healthy/healthy_381.jpg,0,c9444c36fa7873b8,1080,1080,/workspace/cacao/cache_256/dataset_complete/cacao_diseases/cacao_photos/healthy/healthy_381.png,1080x1080,A,18,0.89577615,dataT/healthy/healthy_1270.jpg,0,False,False,True,0.48191595,False,1650
d69f94066343cde9835e1cb022038224,dataset_complete/cacao_diseases/cacao_photos/healthy/healthy_382.jpg,0,84364b69a7bc527a,2160,2160,/workspace/cacao/cache_256/dataset_complete/cacao_diseases/cacao_photos/healthy/healthy_382.png,2160x2160,B,18,0.7608825,dataT/healthy/healthy_571.jpg,0,False,False,False,0.5403766,False,1651
60f9dd589b264065821ba2d04a4a1637,dataset_complete/cacao_diseases/cacao_photos/healthy/healthy_383.jpg,0,cf3eec5b0451b843,2160,2160,/workspace/cacao/cache_256/dataset_complete/cacao_diseases/cacao_photos/healthy/healthy_383.png,2160x2160,B,20,0.8542552,dataT/healthy/healthy_612.jpg,0,False,False,False,0.49755308,False,1652
be22c5777169eb37e53479150ce3e1a4,dataset_complete/cacao_diseases/cacao_photos/healthy/healthy_384.jpg,0,942d7ac9258a6fb4,2160,2160,/workspace/cacao/cache_256/dataset_complete/cacao_diseases/cacao_photos/healthy/healthy_384.png,2160x2160,B,20,0.85823596,dataT/healthy/healthy_659.jpg,0,False,False,False,0.5467423,False,1653
dfa13e0ba3822e8ad51adf0e56ef419e,dataset_complete/cacao_diseases/cacao_photos/healthy/healthy_385.jpg,0,d316ec1636f312c3,2160,2160,/workspace/cacao/cache_256/dataset_complete/cacao_diseases/cacao_photos/healthy/healthy_385.png,2160x2160,B,16,0.8775133,dataT/healthy/healthy_1258.jpg,0,False,False,False,0.49502796,False,1654
a60fac18e09fb19f6c7d2f7cffdcfeb0,dataset_complete/cacao_diseases/cacao_photos/healthy/healthy_386.jpg,0,eefd1f8271060e98,2160,2160,/workspace/cacao/cache_256/dataset_complete/cacao_diseases/cacao_photos/healthy/healthy_386.png,2160x2160,B,18,0.84963226,dataT/healthy/healthy_2151.jpg,0,False,False,False,0.48910725,False,1655
382e20613c4cd5313b771b2f3219fd1d,dataset_complete/cacao_diseases/cacao_photos/healthy/healthy_387.jpg,0,ddeed9e2eb200246,2160,2160,/workspace/cacao/cache_256/dataset_complete/cacao_diseases/cacao_photos/healthy/healthy_387.png,2160x2160,B,18,0.8642254,dataT/healthy/healthy_1220.jpg,0,False,False,False,0.5304763,False,1656
5423d25b6fd3d131a2bc0126900dce2b,dataset_complete/cacao_diseases/cacao_photos/healthy/healthy_388.jpg,0,c7fd3d833c98828c,2160,2160,/workspace/cacao/cache_256/dataset_complete/cacao_diseases/cacao_photos/healthy/healthy_388.png,2160x2160,B,18,0.83734953,dataT/healthy/healthy_12.jpg,0,False,False,False,0.45471764,False,1657
53aae9e5da72b65e5e1aeef4cf1a8a97,dataset_complete/cacao_diseases/cacao_photos/healthy/healthy_389.jpg,0,cce9a0d267d4d551,2160,2160,/workspace/cacao/cache_256/dataset_complete/cacao_diseases/cacao_photos/healthy/healthy_389.png,2160x2160,B,18,0.8627366,dataT/healthy/healthy_1200.jpg,0,False,False,False,0.42852038,False,1658
63ed364e0681ae073312b85fc39c6325,dataset_complete/cacao_diseases/cacao_photos/healthy/healthy_390.jpg,0,cc396638473c87f8,2160,2160,/workspace/cacao/cache_256/dataset_complete/cacao_diseases/cacao_photos/healthy/healthy_390.png,2160x2160,B,18,0.8619192,dataT/healthy/healthy_618.jpg,0,False,False,False,0.4499262,False,1659
23edb57ce3671b4308b6749eb69265c0,dataset_complete/cacao_diseases/cacao_photos/healthy/healthy_391.jpg,0,e3a4142f290b637f,2160,2160,/workspace/cacao/cache_256/dataset_complete/cacao_diseases/cacao_photos/healthy/healthy_391.png,2160x2160,B,16,0.87298596,dataT/healthy/healthy_1146.jpg,0,False,False,False,0.44365817,False,1660
40adf8cbd9e009eff1184a6c728bb184,dataset_complete/cacao_diseases/cacao_photos/healthy/healthy_392.jpg,0,c9ed6771f03380a9,1080,1080,/workspace/cacao/cache_256/dataset_complete/cacao_diseases/cacao_photos/healthy/healthy_392.png,1080x1080,A,16,0.8716816,dataT/healthy/healthy_206.jpg,0,False,False,False,0.50333506,False,1661
5225ed870e5599e000ae72dee1cedda4,dataset_complete/cacao_diseases/cacao_photos/healthy/healthy_393.jpg,0,9b9673313b4845ec,2160,2160,/workspace/cacao/cache_256/dataset_complete/cacao_diseases/cacao_photos/healthy/healthy_393.png,2160x2160,B,18,0.87577534,dataT/healthy/healthy_263.jpg,0,False,False,False,0.4986659,False,1662
295067435009c39bacc613191ca2290b,dataset_complete/cacao_diseases/cacao_photos/healthy/healthy_394.jpg,0,c9dcb230e4aaf4ac,2160,2160,/workspace/cacao/cache_256/dataset_complete/cacao_diseases/cacao_photos/healthy/healthy_394.png,2160x2160,B,14,0.88223165,dataT/healthy/healthy_580.jpg,0,False,False,True,0.46999863,False,1663
33398bcce294ab69684faee55bd72492,dataset_complete/cacao_diseases/cacao_photos/healthy/healthy_395.jpg,0,986973764dc61b89,2160,2160,/workspace/cacao/cache_256/dataset_complete/cacao_diseases/cacao_photos/healthy/healthy_395.png,2160x2160,B,16,0.7932708,dataT/healthy/healthy_4.jpg,0,False,False,False,0.45131066,False,1664
85bc7bc30535ad23128f5006ca0c57e8,dataset_complete/cacao_diseases/cacao_photos/healthy/healthy_396.jpg,0,de14b60378b343b9,2160,2160,/workspace/cacao/cache_256/dataset_complete/cacao_diseases/cacao_photos/healthy/healthy_396.png,2160x2160,B,18,0.7750622,dataT/healthy/healthy_661.jpg,0,False,False,False,0.45343953,False,1665
f2f86de45927528bb2790b1cbd612110,dataset_complete/cacao_diseases/cacao_photos/healthy/healthy_397.jpg,0,cc0ab8a313e10bff,2160,2160,/workspace/cacao/cache_256/dataset_complete/cacao_diseases/cacao_photos/healthy/healthy_397.png,2160x2160,B,14,0.8694987,dataT/healthy/healthy_2751.jpg,0,False,False,False,0.45523626,False,1666
2c73d8deac2967758851044e85854ad1,dataset_complete/cacao_diseases/cacao_photos/healthy/healthy_398.jpg,0,f40e59a2197a536d,2160,2160,/workspace/cacao/cache_256/dataset_complete/cacao_diseases/cacao_photos/healthy/healthy_398.png,2160x2160,B,18,0.8701869,dataT/healthy/healthy_1043.jpg,0,False,False,False,0.4225333,False,1667
03d9934e4fed88519d8c2bf8b7b26d62,dataset_complete/cacao_diseases/cacao_photos/healthy/healthy_399.jpg,0,f62d09a41776f252,2160,2160,/workspace/cacao/cache_256/dataset_complete/cacao_diseases/cacao_photos/healthy/healthy_399.png,2160x2160,B,14,0.84114397,dataT/healthy/healthy_1013.jpg,0,False,False,False,0.34502822,False,1668
098650ed88c9ea9739f5b251d3aa542d,dataset_complete/cacao_diseases/cacao_photos/healthy/healthy_400.jpg,0,e2199cee789623e1,2160,2160,/workspace/cacao/cache_256/dataset_complete/cacao_diseases/cacao_photos/healthy/healthy_400.png,2160x2160,B,18,0.8091565,dataT/healthy/healthy_1664.jpg,0,False,False,False,0.29166007,False,1669
1d98307b3ac97cef9973c7ec14082e47,dataset_complete/cacao_diseases/cacao_photos/healthy/healthy_401.jpg,0,ca315df023c1f42f,2160,2160,/workspace/cacao/cache_256/dataset_complete/cacao_diseases/cacao_photos/healthy/healthy_401.png,2160x2160,B,20,0.89705783,dataT/healthy/healthy_1205.jpg,0,False,False,True,0.44242862,False,1670
4fbdf6652173f458b8c3e1c9db191233,dataset_complete/cacao_diseases/cacao_photos/healthy/healthy_402.jpg,0,e77b9c3748306b09,2160,2160,/workspace/cacao/cache_256/dataset_complete/cacao_diseases/cacao_photos/healthy/healthy_402.png,2160x2160,B,20,0.87752074,dataT/healthy/healthy_2112.jpg,0,False,False,False,0.49108294,False,1671
56f475032e350b01e1001eeaa48e37d0,dataset_complete/cacao_diseases/cacao_photos/healthy/healthy_403.jpg,0,9deb31b44cccac2a,1080,1080,/workspace/cacao/cache_256/dataset_complete/cacao_diseases/cacao_photos/healthy/healthy_403.png,1080x1080,A,18,0.857972,dataT/healthy/healthy_281.jpg,0,False,False,False,0.5131681,False,1672
ea6bf6940aa4523ca352092ab0673f39,dataset_complete/cacao_diseases/cacao_photos/healthy/healthy_404.jpg,0,e6039c4ea9e6c3e2,2160,2160,/workspace/cacao/cache_256/dataset_complete/cacao_diseases/cacao_photos/healthy/healthy_404.png,2160x2160,B,16,0.8225486,dataT/pod_rot_black/black_pod_rot_933.jpg,1,False,False,False,0.41702104,False,1673
d54c5a4b2c8248a7beed5879066ce336,dataset_complete/cacao_diseases/cacao_photos/healthy/healthy_405.jpg,0,e6a41cc679b8271b,2160,2160,/workspace/cacao/cache_256/dataset_complete/cacao_diseases/cacao_photos/healthy/healthy_405.png,2160x2160,B,16,0.885587,dataT/healthy/healthy_1218.jpg,0,False,False,True,0.46014202,False,1674
72b0fa38f382c75aae173acafaaf7d91,dataset_complete/cacao_diseases/cacao_photos/healthy/healthy_406.jpg,0,a675893d8595a2cb,2160,2160,/workspace/cacao/cache_256/dataset_complete/cacao_diseases/cacao_photos/healthy/healthy_406.png,2160x2160,B,18,0.92231256,dataT/healthy/healthy_415.jpg,0,True,True,True,0.39680296,False,1675
0636500917818b7ac856daf667db6709,dataset_complete/cacao_diseases/cacao_photos/healthy/healthy_407.jpg,0,ccee8302f6b034b7,2160,2160,/workspace/cacao/cache_256/dataset_complete/cacao_diseases/cacao_photos/healthy/healthy_407.png,2160x2160,B,18,0.87504685,dataT/healthy/healthy_2280.jpg,0,False,False,True,0.47073397,False,1676
4ca4f79ce207d9a7d4ced39afdea7415,dataset_complete/cacao_diseases/cacao_photos/healthy/healthy_408.jpg,0,d5cab229c3d91da4,2160,2160,/workspace/cacao/cache_256/dataset_complete/cacao_diseases/cacao_photos/healthy/healthy_408.png,2160x2160,B,18,0.8574248,dataT/healthy/healthy_2785.jpg,0,False,False,False,0.41169345,False,1677
2819395681befd300482c5331ce19f7b,dataset_complete/cacao_diseases/cacao_photos/healthy/healthy_409.jpg,0,9480791ff3a914bb,2160,2160,/workspace/cacao/cache_256/dataset_complete/cacao_diseases/cacao_photos/healthy/healthy_409.png,2160x2160,B,20,0.86610055,dataT/healthy/healthy_652.jpg,0,True,True,True,0.5141899,False,1678
1ab60ade2edffbdfeb61cc92a84dd2ff,dataset_complete/cacao_diseases/cacao_photos/healthy/healthy_410.jpg,0,c54785e2727f90c9,2160,2160,/workspace/cacao/cache_256/dataset_complete/cacao_diseases/cacao_photos/healthy/healthy_410.png,2160x2160,B,20,0.88166815,dataT/healthy/healthy_413.jpg,0,True,True,True,0.5323936,False,1679
f171837280a3d05cb054274a08b1fcf9,dataset_complete/cacao_diseases/cacao_photos/healthy/healthy_471.jpg,0,ec5ee9c6c8981553,2160,2160,/workspace/cacao/cache_256/dataset_complete/cacao_diseases/cacao_photos/healthy/healthy_471.png,2160x2160,B,20,0.89382803,dataT/healthy/healthy_443.jpg,0,True,True,True,0.49060428,False,1680
3fa614e7265cd876ba1b871d2b9c8d3a,dataset_complete/cacao_diseases/cacao_photos/healthy/healthy_472.jpg,0,99a6670964e7c29e,2160,2160,/workspace/cacao/cache_256/dataset_complete/cacao_diseases/cacao_photos/healthy/healthy_472.png,2160x2160,B,18,0.85261256,dataT/healthy/healthy_1035.jpg,0,False,False,True,0.40328708,False,1681
994e19055e724745a9f253c5611226da,dataset_complete/cacao_diseases/cacao_photos/healthy/healthy_473.jpg,0,e61ab12565666b6a,2160,2160,/workspace/cacao/cache_256/dataset_complete/cacao_diseases/cacao_photos/healthy/healthy_473.png,2160x2160,B,16,0.86919034,dataT/pod_rot_black/black_pod_rot_354.jpg,1,False,False,True,0.48917344,False,1682
07866d83d97f99551a689247d218a3fd,dataset_complete/cacao_diseases/cacao_photos/healthy/healthy_474.jpg,0,aae5353793c3c434,2160,2160,/workspace/cacao/cache_256/dataset_complete/cacao_diseases/cacao_photos/healthy/healthy_474.png,2160x2160,B,16,0.8619947,dataT/healthy/healthy_422.jpg,0,False,False,False,0.46326828,False,1683
3d3e9af513cec34f771a57fb46545c95,dataset_complete/cacao_diseases/cacao_photos/healthy/healthy_475.jpg,0,cd3d66bc0fe0980e,2160,2160,/workspace/cacao/cache_256/dataset_complete/cacao_diseases/cacao_photos/healthy/healthy_475.png,2160x2160,B,20,0.791586,dataT/healthy/healthy_1540.jpg,0,False,False,False,0.38803625,False,1684
d444a49f8686732a137619c12d309d76,dataset_complete/cacao_diseases/cacao_photos/healthy/healthy_476.jpg,0,d8878827c553da5d,2160,2160,/workspace/cacao/cache_256/dataset_complete/cacao_diseases/cacao_photos/healthy/healthy_476.png,2160x2160,B,18,0.84143627,dataT/healthy/healthy_683.jpg,0,False,False,False,0.33155638,False,1685
8f4efd2a1d6392ca73aa538dfa1353f4,dataset_complete/cacao_diseases/cacao_photos/healthy/healthy_477.jpg,0,ce59b1e83551ea16,2160,2160,/workspace/cacao/cache_256/dataset_complete/cacao_diseases/cacao_photos/healthy/healthy_477.png,2160x2160,B,18,0.8549058,dataT/healthy/healthy_1056.jpg,0,False,False,False,0.44176817,False,1686
73c724f558ab8adf617b1344199af016,dataset_complete/cacao_diseases/cacao_photos/healthy/healthy_478.jpg,0,fa1519f621dc312b,2160,2160,/workspace/cacao/cache_256/dataset_complete/cacao_diseases/cacao_photos/healthy/healthy_478.png,2160x2160,B,18,0.8846431,dataT/healthy/healthy_2759.jpg,0,False,False,True,0.38625532,False,1687
5e4df02bba9d20891f54bb7260e4ebef,dataset_complete/cacao_diseases/cacao_photos/healthy/healthy_479.jpg,0,aad2589e3d0be6c1,2160,2160,/workspace/cacao/cache_256/dataset_complete/cacao_diseases/cacao_photos/healthy/healthy_479.png,2160x2160,B,18,0.80464554,dataT/pod_rot_black/black_pod_rot_354.jpg,1,False,False,False,0.5489302,False,1688
9c839d28440be908384a76589c67c175,dataset_complete/cacao_diseases/cacao_photos/healthy/healthy_480.jpg,0,9a43f864613a3d97,2160,2160,/workspace/cacao/cache_256/dataset_complete/cacao_diseases/cacao_photos/healthy/healthy_480.png,2160x2160,B,18,0.83194375,dataT/healthy/healthy_582.jpg,0,False,False,False,0.35687166,False,1689
c08a051253f5a441429306bb574b9aca,dataset_complete/cacao_diseases/cacao_photos/healthy/healthy_481.jpg,0,ecc971331703c7cc,1080,1080,/workspace/cacao/cache_256/dataset_complete/cacao_diseases/cacao_photos/healthy/healthy_481.png,1080x1080,A,14,0.8743133,dataT/healthy/healthy_223.jpg,0,False,False,False,0.55810314,False,1690
37113d80aa60b81e0477b50b00be8de2,dataset_complete/cacao_diseases/cacao_photos/healthy/healthy_482.jpg,0,adc25a0c699e2f56,2160,2160,/workspace/cacao/cache_256/dataset_complete/cacao_diseases/cacao_photos/healthy/healthy_482.png,2160x2160,B,18,0.8642136,dataT/healthy/healthy_2084.jpg,0,False,False,False,0.48612332,False,1691
fb6198d1a301876f588406824964f66c,dataset_complete/cacao_diseases/cacao_photos/healthy/healthy_483.jpg,0,e6735c3d2b00e1c7,2160,2160,/workspace/cacao/cache_256/dataset_complete/cacao_diseases/cacao_photos/healthy/healthy_483.png,2160x2160,B,18,0.8561292,dataT/healthy/healthy_1468.jpg,0,False,False,False,0.47676575,False,1692
2c8337ece0e5aab322669f94facb4df3,dataset_complete/cacao_diseases/cacao_photos/healthy/healthy_484.jpg,0,8611bd4333fc3cb4,2160,2160,/workspace/cacao/cache_256/dataset_complete/cacao_diseases/cacao_photos/healthy/healthy_484.png,2160x2160,B,16,0.84772205,dataT/pod_rot_black/black_pod_rot_72.jpg,1,False,False,False,0.44526666,False,1693
8e6b6474d817c31231961043f3bcff34,dataset_complete/cacao_diseases/cacao_photos/healthy/healthy_485.jpg,0,c8ea751f36d3c141,2160,2160,/workspace/cacao/cache_256/dataset_complete/cacao_diseases/cacao_photos/healthy/healthy_485.png,2160x2160,B,18,0.8835706,dataT/healthy/healthy_1200.jpg,0,False,False,True,0.52454937,False,1694
e35706d85771f1460340fbac24c879df,dataset_complete/cacao_diseases/cacao_photos/healthy/healthy_486.jpg,0,d9a1a126765e1e5c,2160,2160,/workspace/cacao/cache_256/dataset_complete/cacao_diseases/cacao_photos/healthy/healthy_486.png,2160x2160,B,16,0.89520633,dataT/healthy/healthy_1160.jpg,0,False,False,True,0.38284054,False,1695
38cfa58b82c033fd6959fd0a8040f36c,dataset_complete/cacao_diseases/cacao_photos/healthy/healthy_487.jpg,0,922d65e324077d7c,2160,2160,/workspace/cacao/cache_256/dataset_complete/cacao_diseases/cacao_photos/healthy/healthy_487.png,2160x2160,B,18,0.8534325,dataT/healthy/healthy_419.jpg,0,False,False,False,0.53915685,False,1696
47aafeaaf12a9afb6655f207d85558e9,dataset_complete/cacao_diseases/cacao_photos/healthy/healthy_488.jpg,0,a3790df43cd06c9a,2160,2160,/workspace/cacao/cache_256/dataset_complete/cacao_diseases/cacao_photos/healthy/healthy_488.png,2160x2160,B,18,0.6865537,dataT/pod_rot_black/black_pod_rot_417.jpg,1,False,False,False,0.46042466,False,1697
a63da190f64bc581ac20c00cbd5d103b,dataset_complete/cacao_diseases/cacao_photos/healthy/healthy_489.jpg,0,9e9ba4658d85b465,2160,2160,/workspace/cacao/cache_256/dataset_complete/cacao_diseases/cacao_photos/healthy/healthy_489.png,2160x2160,B,20,0.85383785,dataT/healthy/healthy_624.jpg,0,False,False,False,0.4057594,False,1698
bd76bf0955e0b09350264765a483e5d2,dataset_complete/cacao_diseases/cacao_photos/healthy/healthy_490.jpg,0,90f17b678f708c58,2160,2160,/workspace/cacao/cache_256/dataset_complete/cacao_diseases/cacao_photos/healthy/healthy_490.png,2160x2160,B,16,0.8686466,dataT/healthy/healthy_1055.jpg,0,False,False,False,0.386651,False,1699
2c3c2c22ed1af5182d9a2fc844f2003a,dataset_complete/cacao_diseases/cacao_photos/healthy/healthy_491.jpg,0,cecc9878b3e7c260,2160,2160,/workspace/cacao/cache_256/dataset_complete/cacao_diseases/cacao_photos/healthy/healthy_491.png,2160x2160,B,16,0.85745215,dataT/healthy/healthy_1440.jpg,0,False,False,False,0.45925352,False,1700
f92b5b20eb96e2531775ef4f02f96402,dataset_complete/cacao_diseases/cacao_photos/healthy/healthy_492.jpg,0,f3819c3339b416dc,1080,1080,/workspace/cacao/cache_256/dataset_complete/cacao_diseases/cacao_photos/healthy/healthy_492.png,1080x1080,A,16,0.89038604,dataT/healthy/healthy_2092.jpg,0,False,False,True,0.48882577,False,1701
894db65e6d5425835addc34a778faee8,dataset_complete/cacao_diseases/cacao_photos/healthy/healthy_493.jpg,0,b01e9b6db812af52,2160,2160,/workspace/cacao/cache_256/dataset_complete/cacao_diseases/cacao_photos/healthy/healthy_493.png,2160x2160,B,16,0.8625072,dataT/healthy/healthy_2610.jpg,0,False,False,False,0.41165853,False,1702
cf26cff5ae8a0494e8e202e0635ed1be,dataset_complete/cacao_diseases/cacao_photos/healthy/healthy_494.jpg,0,a539bc3661a1873e,2160,2160,/workspace/cacao/cache_256/dataset_complete/cacao_diseases/cacao_photos/healthy/healthy_494.png,2160x2160,B,18,0.8833505,dataT/healthy/healthy_617.jpg,0,False,False,True,0.4247523,False,1703
457862046cf3fad6666e4d07c4ef97c6,dataset_complete/cacao_diseases/cacao_photos/healthy/healthy_495.jpg,0,eb6f5842f52355a0,2160,2160,/workspace/cacao/cache_256/dataset_complete/cacao_diseases/cacao_photos/healthy/healthy_495.png,2160x2160,B,18,0.86346245,dataT/healthy/healthy_1010.jpg,0,False,False,False,0.35350025,False,1704
7caf5c325207b71090214685cf126601,dataset_complete/cacao_diseases/cacao_photos/healthy/healthy_496.jpg,0,b1b11bae50f4a15b,2160,2160,/workspace/cacao/cache_256/dataset_complete/cacao_diseases/cacao_photos/healthy/healthy_496.png,2160x2160,B,18,0.8679135,dataT/healthy/healthy_1034.jpg,0,False,False,False,0.41507125,False,1705
3b70a83c41dc1c44b1e303c2f529d790,dataset_complete/cacao_diseases/cacao_photos/healthy/healthy_497.jpg,0,b1b119af50b7a156,2160,2160,/workspace/cacao/cache_256/dataset_complete/cacao_diseases/cacao_photos/healthy/healthy_497.png,2160x2160,B,16,0.896481,dataT/healthy/healthy_1034.jpg,0,False,False,True,0.47268102,False,1706
0a152cd8ab3c14472e1d735d383ba6d9,dataset_complete/cacao_diseases/cacao_photos/healthy/healthy_498.jpg,0,c77058b33cd0e4cd,2160,2160,/workspace/cacao/cache_256/dataset_complete/cacao_diseases/cacao_photos/healthy/healthy_498.png,2160x2160,B,18,0.88367456,dataT/healthy/healthy_627.jpg,0,False,False,True,0.4509691,False,1707
44ed5f96975a03e038f964d0826973c5,dataset_complete/cacao_diseases/cacao_photos/healthy/healthy_499.jpg,0,8cb4d969e1e4f0e2,2160,2160,/workspace/cacao/cache_256/dataset_complete/cacao_diseases/cacao_photos/healthy/healthy_499.png,2160x2160,B,16,0.89630544,dataT/healthy/healthy_1251.jpg,0,False,False,True,0.4960562,False,1708
4e8acfcacd9a385d601e4598e3d1ec60,dataset_complete/cacao_diseases/cacao_photos/healthy/healthy_500.jpg,0,be0b491370d6fb0c,2160,2160,/workspace/cacao/cache_256/dataset_complete/cacao_diseases/cacao_photos/healthy/healthy_500.png,2160x2160,B,14,0.8697784,dataT/healthy/healthy_2638.jpg,0,False,False,False,0.41151792,False,1709
a59fd599bf75ddc63ea06ce1cc377baf,dataset_complete/cacao_diseases/cacao_photos/healthy/healthy_501.jpg,0,9f107e75604fb988,2160,2160,/workspace/cacao/cache_256/dataset_complete/cacao_diseases/cacao_photos/healthy/healthy_501.png,2160x2160,B,18,0.90489054,dataT/healthy/healthy_640.jpg,0,False,False,True,0.46589613,False,1710
a990c131d4d44e51419a263d2586328e,dataset_complete/cacao_diseases/cacao_photos/healthy/healthy_502.jpg,0,c8c1c6e706ce8e3e,2160,2160,/workspace/cacao/cache_256/dataset_complete/cacao_diseases/cacao_photos/healthy/healthy_502.png,2160x2160,B,16,0.859302,dataT/healthy/healthy_1265.jpg,0,False,False,False,0.45122546,False,1711
6725dcf451f877a7805b8c933b2e8d70,dataset_complete/cacao_diseases/cacao_photos/healthy/healthy_503.jpg,0,c84b277356f252d8,1080,1080,/workspace/cacao/cache_256/dataset_complete/cacao_diseases/cacao_photos/healthy/healthy_503.png,1080x1080,A,16,0.88814235,dataT/healthy/healthy_237.jpg,0,False,False,True,0.52193016,False,1712
cd7d2cbe3df82d4824a1b5c0aa6d3f47,dataset_complete/cacao_diseases/cacao_photos/healthy/healthy_504.jpg,0,cec9e9b31a3d1219,2160,2160,/workspace/cacao/cache_256/dataset_complete/cacao_diseases/cacao_photos/healthy/healthy_504.png,2160x2160,B,16,0.8566717,dataT/healthy/healthy_1056.jpg,0,False,False,False,0.44504583,False,1713
b13a6d73e56d454588a248ba56b775cc,dataset_complete/cacao_diseases/cacao_photos/healthy/healthy_505.jpg,0,ccac241e3332e3eb,2160,2160,/workspace/cacao/cache_256/dataset_complete/cacao_diseases/cacao_photos/healthy/healthy_505.png,2160x2160,B,16,0.82448936,dataT/healthy/healthy_1498.jpg,0,False,False,False,0.3850647,False,1714
6205b930182c246e01ae3c93c19e9d6b,dataset_complete/cacao_diseases/cacao_photos/healthy/healthy_506.jpg,0,893eb8627d52c687,2160,2160,/workspace/cacao/cache_256/dataset_complete/cacao_diseases/cacao_photos/healthy/healthy_506.png,2160x2160,B,18,0.85057783,dataT/healthy/healthy_1265.jpg,0,False,False,False,0.4223415,False,1715
fcc5949e64f34bb11e7b550d9d82955b,dataset_complete/cacao_diseases/cacao_photos/healthy/healthy_507.jpg,0,ceb0bc003d277e6a,2160,2160,/workspace/cacao/cache_256/dataset_complete/cacao_diseases/cacao_photos/healthy/healthy_507.png,2160x2160,B,16,0.86235476,dataT/healthy/healthy_457.jpg,0,False,False,False,0.42778933,False,1716
2db095f98de2e9851241e7de3d3692b4,dataset_complete/cacao_diseases/cacao_photos/healthy/healthy_508.jpg,0,fc0a987e39371a23,2160,2160,/workspace/cacao/cache_256/dataset_complete/cacao_diseases/cacao_photos/healthy/healthy_508.png,2160x2160,B,14,0.88470495,dataT/healthy/healthy_457.jpg,0,False,False,True,0.4237669,False,1717
1a59cca60cb3e22cf38eb84bd7c40779,dataset_complete/cacao_diseases/cacao_photos/healthy/healthy_509.jpg,0,e4e54923ad7f5c04,2160,2160,/workspace/cacao/cache_256/dataset_complete/cacao_diseases/cacao_photos/healthy/healthy_509.png,2160x2160,B,18,0.86918247,dataT/healthy/healthy_1048.jpg,0,False,False,False,0.5030897,False,1718
3f72ee6493d2421f32c6f2381fc6a1cb,dataset_complete/cacao_diseases/cacao_photos/healthy/healthy_510.jpg,0,de45d10927d8e3cc,2160,2160,/workspace/cacao/cache_256/dataset_complete/cacao_diseases/cacao_photos/healthy/healthy_510.png,2160x2160,B,18,0.8279177,dataT/pod_rot_black/black_pod_rot_216.jpg,1,False,False,False,0.38893872,False,1719
95cf04cb626823bc4534322be1ed1638,dataset_complete/cacao_diseases/cacao_photos/healthy/healthy_511.jpg,0,b7b8380787d51a1d,2160,2160,/workspace/cacao/cache_256/dataset_complete/cacao_diseases/cacao_photos/healthy/healthy_511.png,2160x2160,B,16,0.86628425,dataT/healthy/healthy_618.jpg,0,False,False,False,0.43804356,False,1720
b90f3521881c68720e2cfe390800c67b,dataset_complete/cacao_diseases/cacao_photos/healthy/healthy_512.jpg,0,c270443869f7a5d7,2160,2160,/workspace/cacao/cache_256/dataset_complete/cacao_diseases/cacao_photos/healthy/healthy_512.png,2160x2160,B,18,0.84515357,dataT/healthy/healthy_618.jpg,0,False,False,False,0.36743855,False,1721
67a3dbc4b51fffbc5f6b88628f1fc9b8,dataset_complete/cacao_diseases/cacao_photos/healthy/healthy_513.jpg,0,ecf22927de8d81d0,2160,2160,/workspace/cacao/cache_256/dataset_complete/cacao_diseases/cacao_photos/healthy/healthy_513.png,2160x2160,B,18,0.8616504,dataT/healthy/healthy_650.jpg,0,False,False,True,0.41258535,False,1722
2b1dae918ccade3bdba138cf3137c458,dataset_complete/cacao_diseases/cacao_photos/healthy/healthy_514.jpg,0,d8993567273692b2,1080,1080,/workspace/cacao/cache_256/dataset_complete/cacao_diseases/cacao_photos/healthy/healthy_514.png,1080x1080,A,16,0.8449168,dataT/healthy/healthy_58.jpg,0,False,False,False,0.5246927,False,1723
591d8206031172b02ed044452e9cb181,dataset_complete/cacao_diseases/cacao_photos/healthy/healthy_515.jpg,0,8358c3278ee604ff,2160,2160,/workspace/cacao/cache_256/dataset_complete/cacao_diseases/cacao_photos/healthy/healthy_515.png,2160x2160,B,18,0.8750373,dataT/healthy/healthy_2117.jpg,0,False,False,False,0.43048915,False,1724
350a0ca62eda6a60c73351904c337e86,dataset_complete/cacao_diseases/cacao_photos/healthy/healthy_516.jpg,0,a34ea7e2aed46243,2160,2160,/workspace/cacao/cache_256/dataset_complete/cacao_diseases/cacao_photos/healthy/healthy_516.png,2160x2160,B,18,0.84847236,dataT/healthy/healthy_442.jpg,0,False,False,False,0.34420046,False,1725
6d5b640cc7364d973efc5a4703e07512,dataset_complete/cacao_diseases/cacao_photos/healthy/healthy_517.jpg,0,99d156e8c8c9ad65,2160,2160,/workspace/cacao/cache_256/dataset_complete/cacao_diseases/cacao_photos/healthy/healthy_517.png,2160x2160,B,20,0.8377871,dataT/healthy/healthy_268.jpg,0,False,False,False,0.3712561,False,1726
245327f8202ea7be12b8e6eabb56b36a,dataset_complete/cacao_diseases/cacao_photos/healthy/healthy_518.jpg,0,88d55333ab4d6665,2160,2160,/workspace/cacao/cache_256/dataset_complete/cacao_diseases/cacao_photos/healthy/healthy_518.png,2160x2160,B,18,0.8318205,dataT/healthy/healthy_2074.jpg,0,False,False,False,0.37279558,False,1727
20cdf136f7518d800c95762808122332,dataset_complete/cacao_diseases/cacao_photos/healthy/healthy_519.jpg,0,9a4d6c24edd3a61a,2160,2160,/workspace/cacao/cache_256/dataset_complete/cacao_diseases/cacao_photos/healthy/healthy_519.png,2160x2160,B,18,0.769328,dataT/healthy/healthy_668.jpg,0,False,False,False,0.40484482,False,1728
34f3ea9f5a266c2a6e1bb1d103344e27,dataset_complete/cacao_diseases/cacao_photos/healthy/healthy_520.jpg,0,96f8d821d972c729,2160,2160,/workspace/cacao/cache_256/dataset_complete/cacao_diseases/cacao_photos/healthy/healthy_520.png,2160x2160,B,12,0.860623,dataT/healthy/healthy_3319.jpg,0,False,False,False,0.4966749,False,1729
a3f06de6b22a95c2375ccc594282866e,dataset_complete/cacao_diseases/cacao_photos/healthy/healthy_521.jpg,0,86e758e1741bacb1,2160,2160,/workspace/cacao/cache_256/dataset_complete/cacao_diseases/cacao_photos/healthy/healthy_521.png,2160x2160,B,16,0.85847986,dataT/healthy/healthy_2789.jpg,0,False,False,False,0.3783614,False,1730
6599d44f05b383e869a505100d29189e,dataset_complete/cacao_diseases/cacao_photos/healthy/healthy_522.jpg,0,8b4498b6733733b1,2160,2160,/workspace/cacao/cache_256/dataset_complete/cacao_diseases/cacao_photos/healthy/healthy_522.png,2160x2160,B,16,0.85905224,dataT/healthy/healthy_3103.jpg,0,False,False,False,0.41295993,False,1731
d06cbb9b6bc593133d11f0053045f950,dataset_complete/cacao_diseases/cacao_photos/healthy/healthy_523.jpg,0,8f6c56c3bf868186,2160,2160,/workspace/cacao/cache_256/dataset_complete/cacao_diseases/cacao_photos/healthy/healthy_523.png,2160x2160,B,20,0.85298824,dataT/healthy/healthy_23.jpg,0,False,False,False,0.47893816,False,1732
ff453dac1dc6876563009fc8508d27c1,dataset_complete/cacao_diseases/cacao_photos/healthy/healthy_524.jpg,0,986960b1f6f2c4c7,2160,2160,/workspace/cacao/cache_256/dataset_complete/cacao_diseases/cacao_photos/healthy/healthy_524.png,2160x2160,B,18,0.86610353,dataT/healthy/healthy_1267.jpg,0,False,False,False,0.47171465,False,1733
d6f3273f71f183853b8406772cfa02a6,dataset_complete/cacao_diseases/cacao_photos/healthy/healthy_525.jpg,0,cf84a576b3333072,1080,1080,/workspace/cacao/cache_256/dataset_complete/cacao_diseases/cacao_photos/healthy/healthy_525.png,1080x1080,A,16,0.8910583,dataT/healthy/healthy_2588.jpg,0,False,False,True,0.46010435,False,1734
1e4f90780853ba13687c32dd183bf5d3,dataset_complete/cacao_diseases/cacao_photos/healthy/healthy_526.jpg,0,99d869f6e089589d,2160,2160,/workspace/cacao/cache_256/dataset_complete/cacao_diseases/cacao_photos/healthy/healthy_526.png,2160x2160,B,16,0.90562534,dataT/healthy/healthy_618.jpg,0,False,False,True,0.4455381,False,1735
1117146156137149f868fef9807020f3,dataset_complete/cacao_diseases/cacao_photos/healthy/healthy_527.jpg,0,d9e80566b7463752,2160,2160,/workspace/cacao/cache_256/dataset_complete/cacao_diseases/cacao_photos/healthy/healthy_527.png,2160x2160,B,16,0.86253285,dataT/healthy/healthy_617.jpg,0,False,False,False,0.38735652,False,1736
f0f100e569e8d2b318729a1fec0563d2,dataset_complete/cacao_diseases/cacao_photos/healthy/healthy_528.jpg,0,e50bee507655358a,2160,2160,/workspace/cacao/cache_256/dataset_complete/cacao_diseases/cacao_photos/healthy/healthy_528.png,2160x2160,B,20,0.8669025,dataT/healthy/healthy_3116.jpg,0,False,False,False,0.49399406,False,1737
2773f3778b3b08d6cb36249b33c042b6,dataset_complete/cacao_diseases/cacao_photos/healthy/healthy_529.jpg,0,d0f86d278692a55b,2160,2160,/workspace/cacao/cache_256/dataset_complete/cacao_diseases/cacao_photos/healthy/healthy_529.png,2160x2160,B,18,0.8680035,dataT/healthy/healthy_3130.jpg,0,False,False,False,0.50888026,False,1738
20a44b4fe924039936dd09ab88dccd67,dataset_complete/cacao_diseases/cacao_photos/healthy/healthy_530.jpg,0,c3cd5d672820673d,2160,2160,/workspace/cacao/cache_256/dataset_complete/cacao_diseases/cacao_photos/healthy/healthy_530.png,2160x2160,B,16,0.82173353,dataT/healthy/healthy_3087.jpg,0,False,False,False,0.5359642,False,1739
ef25e64816dd704a221adb27fb16ede1,dataset_complete/cacao_diseases/cacao_photos/healthy/healthy_531.jpg,0,83e1c92c357b7159,2160,2160,/workspace/cacao/cache_256/dataset_complete/cacao_diseases/cacao_photos/healthy/healthy_531.png,2160x2160,B,16,0.8855187,dataT/healthy/healthy_243.jpg,0,False,False,True,0.40679097,False,1740
b5cd59c1411157bbed3691400e7ea1dd,dataset_complete/cacao_diseases/cacao_photos/healthy/healthy_532.jpg,0,d6b1ecfb38328306,2160,2160,/workspace/cacao/cache_256/dataset_complete/cacao_diseases/cacao_photos/healthy/healthy_532.png,2160x2160,B,14,0.8678403,dataT/healthy/healthy_1438.jpg,0,False,False,False,0.4046656,False,1741
78a9d43d22cd76dbb57b6063cda6086e,dataset_complete/cacao_diseases/cacao_photos/healthy/healthy_533.jpg,0,e226005c3de1f7f4,2160,2160,/workspace/cacao/cache_256/dataset_complete/cacao_diseases/cacao_photos/healthy/healthy_533.png,2160x2160,B,20,0.868422,dataT/healthy/healthy_37.jpg,0,False,False,False,0.35373318,False,1742
21f2aaf52b5395eb45f675435309ce87,dataset_complete/cacao_diseases/cacao_photos/healthy/healthy_534.jpg,0,e456097d43b476f0,2160,2160,/workspace/cacao/cache_256/dataset_complete/cacao_diseases/cacao_photos/healthy/healthy_534.png,2160x2160,B,18,0.85666835,dataT/healthy/healthy_231.jpg,0,False,False,False,0.51831025,False,1743
6ce8fdf1d5ba9a64bedb64804485c392,dataset_complete/cacao_diseases/cacao_photos/healthy/healthy_535.jpg,0,923b7953f3a7102c,2160,2160,/workspace/cacao/cache_256/dataset_complete/cacao_diseases/cacao_photos/healthy/healthy_535.png,2160x2160,B,16,0.84804624,dataT/pod_rot_black/black_pod_rot_143.jpg,1,False,False,False,0.56641006,False,1744
80beed67a637eda769e9f22bd51e71b0,dataset_complete/cacao_diseases/cacao_photos/healthy/healthy_536.jpg,0,d5c8ad2672b7324a,1080,1080,/workspace/cacao/cache_256/dataset_complete/cacao_diseases/cacao_photos/healthy/healthy_536.png,1080x1080,A,16,0.8741311,dataT/healthy/healthy_2133.jpg,0,False,False,False,0.5289117,False,1745
e5b7d1ec530ddebeaeb57bc8a6f92d56,dataset_complete/cacao_diseases/cacao_photos/healthy/healthy_537.jpg,0,fd7be914815a0b54,2160,2160,/workspace/cacao/cache_256/dataset_complete/cacao_diseases/cacao_photos/healthy/healthy_537.png,2160x2160,B,20,0.83251387,dataT/healthy/healthy_1486.jpg,0,False,False,False,0.40667778,False,1746
0dae767c6844af8a84a48371a69017d2,dataset_complete/cacao_diseases/cacao_photos/healthy/healthy_538.jpg,0,9da3a5b702b76849,2160,2160,/workspace/cacao/cache_256/dataset_complete/cacao_diseases/cacao_photos/healthy/healthy_538.png,2160x2160,B,16,0.841889,dataT/healthy/healthy_439.jpg,0,False,False,False,0.42483586,False,1747
32aba52993d876ebf02df758e84ecf6d,dataset_complete/cacao_diseases/cacao_photos/healthy/healthy_539.jpg,0,ebe5deee80c5c050,2160,2160,/workspace/cacao/cache_256/dataset_complete/cacao_diseases/cacao_photos/healthy/healthy_539.png,2160x2160,B,18,0.87500405,dataT/healthy/healthy_1200.jpg,0,False,False,False,0.5336107,False,1748
b1a4ec6d45d1f85efecf91971bc02bcb,dataset_complete/cacao_diseases/cacao_photos/healthy/healthy_540.jpg,0,d8f6730e07193ab8,2160,2160,/workspace/cacao/cache_256/dataset_complete/cacao_diseases/cacao_photos/healthy/healthy_540.png,2160x2160,B,18,0.8563975,dataT/healthy/healthy_678.jpg,0,False,False,False,0.35152298,False,1749
5778766dd4252ca4bd09ec45eea6f38c,dataset_complete/cacao_diseases/cacao_photos/healthy/healthy_541.jpg,0,a7e399030ae59af1,2160,2160,/workspace/cacao/cache_256/dataset_complete/cacao_diseases/cacao_photos/healthy/healthy_541.png,2160x2160,B,18,0.8783666,dataT/healthy/healthy_1470.jpg,0,False,False,False,0.45021817,False,1750
204e3e8cc4f833dc0d0486a0a2686e78,dataset_complete/cacao_diseases/cacao_photos/healthy/healthy_542.jpg,0,c5633c74c28595be,2160,2160,/workspace/cacao/cache_256/dataset_complete/cacao_diseases/cacao_photos/healthy/healthy_542.png,2160x2160,B,20,0.8531964,dataT/healthy/healthy_1081.jpg,0,False,False,False,0.36907148,False,1751
81754c30b62c83c88e19acf775fbf2b5,dataset_complete/cacao_diseases/cacao_photos/healthy/healthy_543.jpg,0,cef39d0c06a1a375,2160,2160,/workspace/cacao/cache_256/dataset_complete/cacao_diseases/cacao_photos/healthy/healthy_543.png,2160x2160,B,18,0.85154307,dataT/pod_rot_black/black_pod_rot_295.jpg,1,False,False,False,0.37921274,False,1752
3d202c9e0b46c80a517e452df8878f63,dataset_complete/cacao_diseases/cacao_photos/healthy/healthy_544.jpg,0,83343960e30fef1d,2160,2160,/workspace/cacao/cache_256/dataset_complete/cacao_diseases/cacao_photos/healthy/healthy_544.png,2160x2160,B,18,0.82460564,dataT/healthy/healthy_1404.jpg,0,False,False,False,0.42790604,False,1753
e5f97be434fe299c2404e0b416ec21e9,dataset_complete/cacao_diseases/cacao_photos/healthy/healthy_545.jpg,0,da48d53023f6b3b2,2160,2160,/workspace/cacao/cache_256/dataset_complete/cacao_diseases/cacao_photos/healthy/healthy_545.png,2160x2160,B,16,0.8340127,dataT/healthy/healthy_3323.jpg,0,False,False,False,0.54273653,False,1754
8065b270179f8864db835d669b3abfe6,dataset_complete/cacao_diseases/cacao_photos/healthy/healthy_546.jpg,0,92411f1f65e76c94,2160,2160,/workspace/cacao/cache_256/dataset_complete/cacao_diseases/cacao_photos/healthy/healthy_546.png,2160x2160,B,18,0.8630979,dataT/healthy/healthy_1548.jpg,0,False,False,False,0.49565285,False,1755
26a9bb7f550fa91ab5c7c891fe23544b,dataset_complete/cacao_diseases/cacao_photos/healthy/healthy_547.jpg,0,c58d9aad1d44b87c,1080,1080,/workspace/cacao/cache_256/dataset_complete/cacao_diseases/cacao_photos/healthy/healthy_547.png,1080x1080,A,16,0.86697817,dataT/healthy/healthy_2150.jpg,0,False,False,False,0.49708033,False,1756
90d6b0882b7faa515b9ad483ae337dd2,dataset_complete/cacao_diseases/cacao_photos/healthy/healthy_548.jpg,0,e7e80e36d342219f,2160,2160,/workspace/cacao/cache_256/dataset_complete/cacao_diseases/cacao_photos/healthy/healthy_548.png,2160x2160,B,16,0.86863124,dataT/healthy/healthy_443.jpg,0,False,False,False,0.52266717,False,1757
461976da1313178a9f9df57003d246ca,dataset_complete/cacao_diseases/cacao_photos/healthy/healthy_549.jpg,0,b9560ba5616fc6a4,2160,2160,/workspace/cacao/cache_256/dataset_complete/cacao_diseases/cacao_photos/healthy/healthy_549.png,2160x2160,B,16,0.8836086,dataT/healthy/healthy_422.jpg,0,False,False,True,0.43188533,False,1758
9f1cc8ea766eeb50f1b9a015dcb6d65f,dataset_complete/cacao_diseases/cacao_photos/healthy/healthy_550.jpg,0,8c4f74a9f25939b0,2160,2160,/workspace/cacao/cache_256/dataset_complete/cacao_diseases/cacao_photos/healthy/healthy_550.png,2160x2160,B,16,0.8094146,dataT/healthy/healthy_28.jpg,0,False,False,False,0.41039288,False,1759
60f9c38ab1ce464238ad6cf253ae7e1a,dataset_complete/cacao_diseases/cacao_photos/healthy/healthy_551.jpg,0,e7b1d0f03da170c3,2160,2160,/workspace/cacao/cache_256/dataset_complete/cacao_diseases/cacao_photos/healthy/healthy_551.png,2160x2160,B,14,0.84480476,dataT/pod_rot_black/black_pod_rot_393.jpg,1,False,False,False,0.56394136,False,1760
08fe6ce3ae8296c39bd5ed5e1f9d569d,dataset_complete/cacao_diseases/cacao_photos/healthy/healthy_552.jpg,0,d9e46d992643992e,2160,2160,/workspace/cacao/cache_256/dataset_complete/cacao_diseases/cacao_photos/healthy/healthy_552.png,2160x2160,B,20,0.77430147,dataT/healthy/healthy_569.jpg,0,False,False,False,0.49695513,False,1761
e50b85c6003b314a82c2da911f426cda,dataset_complete/cacao_diseases/cacao_photos/healthy/healthy_553.jpg,0,e3225c773078f1e4,2160,2160,/workspace/cacao/cache_256/dataset_complete/cacao_diseases/cacao_photos/healthy/healthy_553.png,2160x2160,B,16,0.85358953,dataT/healthy/healthy_2813.jpg,0,False,False,False,0.37685743,False,1762
284e71b2bd190754ec1191657e63d6f5,dataset_complete/cacao_diseases/cacao_photos/healthy/healthy_554.jpg,0,8c0eec833759a5b3,2160,2160,/workspace/cacao/cache_256/dataset_complete/cacao_diseases/cacao_photos/healthy/healthy_554.png,2160x2160,B,18,0.8984795,dataT/healthy/healthy_50.jpg,0,False,False,True,0.36171502,False,1763
2e5763f4198a56a33041a7f650a50e9f,dataset_complete/cacao_diseases/cacao_photos/healthy/healthy_555.jpg,0,fcb0591eb50257a9,2160,2160,/workspace/cacao/cache_256/dataset_complete/cacao_diseases/cacao_photos/healthy/healthy_555.png,2160x2160,B,18,0.88784987,dataT/healthy/healthy_2151.jpg,0,False,False,True,0.42361686,False,1764
6c310f7c341659b4bbe8ad6da11e4b52,dataset_complete/cacao_diseases/cacao_photos/healthy/healthy_556.jpg,0,aa3d6415533eb8c3,2160,2160,/workspace/cacao/cache_256/dataset_complete/cacao_diseases/cacao_photos/healthy/healthy_556.png,2160x2160,B,16,0.8759265,dataT/healthy/healthy_1055.jpg,0,False,False,False,0.4112077,False,1765
ae485c13c69b950884ce983860012ccc,dataset_complete/cacao_diseases/cacao_photos/healthy/healthy_557.jpg,0,9a684de372d672c2,2160,2160,/workspace/cacao/cache_256/dataset_complete/cacao_diseases/cacao_photos/healthy/healthy_557.png,2160x2160,B,18,0.8867551,dataT/healthy/healthy_1062.jpg,0,False,False,True,0.47431368,False,1766
f44d0bbdc7842aaf46e58cbd13ed8c41,dataset_complete/cacao_diseases/cacao_photos/healthy/healthy_558.jpg,0,da756f36c094ab03,1080,1080,/workspace/cacao/cache_256/dataset_complete/cacao_diseases/cacao_photos/healthy/healthy_558.png,1080x1080,A,18,0.8726778,dataT/healthy/healthy_1081.jpg,0,False,False,True,0.41690958,False,1767
28bd3da8f76a0cf18049abdf15475b30,dataset_complete/cacao_diseases/cacao_photos/healthy/healthy_559.jpg,0,e6ce8c361234593f,1080,1080,/workspace/cacao/cache_256/dataset_complete/cacao_diseases/cacao_photos/healthy/healthy_559.png,1080x1080,A,16,0.8736817,dataT/healthy/healthy_3135.jpg,0,False,False,True,0.4709498,False,1768
5740c366a642458f7b25a561875d66a8,dataset_complete/cacao_diseases/cacao_photos/healthy/healthy_560.jpg,0,9ca564ab8adcbc8c,2160,2160,/workspace/cacao/cache_256/dataset_complete/cacao_diseases/cacao_photos/healthy/healthy_560.png,2160x2160,B,18,0.88066185,dataT/healthy/healthy_656.jpg,0,False,False,True,0.5009361,False,1769
4a143136db0fc606809ad505dcf25732,dataset_complete/cacao_diseases/cacao_photos/healthy/healthy_561.jpg,0,87499da685e4e45e,2160,2160,/workspace/cacao/cache_256/dataset_complete/cacao_diseases/cacao_photos/healthy/healthy_561.png,2160x2160,B,14,0.9345385,dataT/healthy/healthy_450.jpg,0,True,True,True,0.42476264,False,1770
aa652996d24f335f0712e1c092c0db3a,dataset_complete/cacao_diseases/cacao_photos/healthy/healthy_562.jpg,0,c19bad397c047ac3,2160,2160,/workspace/cacao/cache_256/dataset_complete/cacao_diseases/cacao_photos/healthy/healthy_562.png,2160x2160,B,16,0.8611798,dataT/healthy/healthy_438.jpg,0,False,False,True,0.5141611,False,1771
dacc97424aeab2a63bf11219f63da139,dataset_complete/cacao_diseases/cacao_photos/healthy/healthy_563.jpg,0,9c25a9e7334ccaac,2160,2160,/workspace/cacao/cache_256/dataset_complete/cacao_diseases/cacao_photos/healthy/healthy_563.png,2160x2160,B,16,0.8462211,dataT/healthy/healthy_2769.jpg,0,False,False,True,0.48708382,False,1772
79028f5e4d1547162027c021b51af9e2,dataset_complete/cacao_diseases/cacao_photos/healthy/healthy_564.jpg,0,cce7a4a313834f4d,2160,2160,/workspace/cacao/cache_256/dataset_complete/cacao_diseases/cacao_photos/healthy/healthy_564.png,2160x2160,B,16,0.9028555,dataT/healthy/healthy_1056.jpg,0,True,True,True,0.52728796,False,1773
f08a1b5d4d534afa48bf4f3cb91e773d,dataset_complete/cacao_diseases/cacao_photos/healthy/healthy_698.jpg,0,b3ec1856e7831ab8,2160,2160,/workspace/cacao/cache_256/dataset_complete/cacao_diseases/cacao_photos/healthy/healthy_698.png,2160x2160,B,20,0.8924601,dataT/healthy/healthy_1090.jpg,0,True,True,True,0.49358922,False,1774
7b852c129da86f3f3808eb387c81d5a1,dataset_complete/cacao_diseases/cacao_photos/healthy/healthy_699.jpg,0,99c9a0afe231ef50,2160,2160,/workspace/cacao/cache_256/dataset_complete/cacao_diseases/cacao_photos/healthy/healthy_699.png,2160x2160,B,18,0.85159695,dataT/healthy/healthy_1218.jpg,0,True,True,False,0.36421984,False,1775
7de19bcd7973f38a6b5a9abf4c77dfe1,dataset_complete/cacao_diseases/cacao_photos/healthy/healthy_700.jpg,0,8a679c2c70b4d6ec,2160,2160,/workspace/cacao/cache_256/dataset_complete/cacao_diseases/cacao_photos/healthy/healthy_700.png,2160x2160,B,18,0.8696526,dataT/healthy/healthy_1171.jpg,0,False,False,True,0.44174504,False,1776
2bcfbd868825aa5a8c32424e728f1343,dataset_complete/cacao_diseases/cacao_photos/healthy/healthy_701.jpg,0,c3be96063d888bcb,2160,2160,/workspace/cacao/cache_256/dataset_complete/cacao_diseases/cacao_photos/healthy/healthy_701.png,2160x2160,B,18,0.869544,dataT/healthy/healthy_1250.jpg,0,False,False,True,0.5112599,False,1777
6ea9d04cd67b9b0ecd9b1d341f7de542,dataset_complete/cacao_diseases/cacao_photos/healthy/healthy_702.jpg,0,cf6074ebc13c8bc1,2160,2160,/workspace/cacao/cache_256/dataset_complete/cacao_diseases/cacao_photos/healthy/healthy_702.png,2160x2160,B,20,0.88866234,dataT/healthy/healthy_1154.jpg,0,False,False,True,0.47433382,False,1778
c5f193c277756fbeca18ab38531a509a,dataset_complete/cacao_diseases/cacao_photos/healthy/healthy_703.jpg,0,969e1171616aee4e,1080,1080,/workspace/cacao/cache_256/dataset_complete/cacao_diseases/cacao_photos/healthy/healthy_703.png,1080x1080,A,18,0.8314096,dataT/healthy/healthy_223.jpg,0,False,False,False,0.36412293,False,1779
4fc6ace4459ec3fcb7e1e4d2fb5a87b2,dataset_complete/cacao_diseases/cacao_photos/healthy/healthy_704.jpg,0,ddeabc62c365d084,2160,2160,/workspace/cacao/cache_256/dataset_complete/cacao_diseases/cacao_photos/healthy/healthy_704.png,2160x2160,B,16,0.88075316,dataT/healthy/healthy_1579.jpg,0,False,False,True,0.38081184,False,1780
2c194d68d6d90f977c35c508c5d9ec96,dataset_complete/cacao_diseases/cacao_photos/healthy/healthy_705.jpg,0,8c5c5ab6b949b992,2160,2160,/workspace/cacao/cache_256/dataset_complete/cacao_diseases/cacao_photos/healthy/healthy_705.png,2160x2160,B,18,0.86543065,dataT/healthy/healthy_2107.jpg,0,False,False,False,0.41675174,False,1781
4ab69677681b985a83663eb905994669,dataset_complete/cacao_diseases/cacao_photos/healthy/healthy_706.jpg,0,dc3fa93b22d8a24c,2160,2160,/workspace/cacao/cache_256/dataset_complete/cacao_diseases/cacao_photos/healthy/healthy_706.png,2160x2160,B,10,0.96331036,dataT/healthy/healthy_627.jpg,0,True,True,True,0.45020932,False,1782
6cdebb7758a9d8bd5810125b227e6afd,dataset_complete/cacao_diseases/cacao_photos/healthy/healthy_707.jpg,0,967cd1a432f2b62a,2160,2160,/workspace/cacao/cache_256/dataset_complete/cacao_diseases/cacao_photos/healthy/healthy_707.png,2160x2160,B,18,0.89409167,dataT/pod_rot_black/black_pod_rot_393.jpg,1,False,False,True,0.5003104,False,1783
02061cdc64e13f3550ef10eb67e1b92c,dataset_complete/cacao_diseases/cacao_photos/healthy/healthy_708.jpg,0,d8bc0c4df36c42ab,2160,2160,/workspace/cacao/cache_256/dataset_complete/cacao_diseases/cacao_photos/healthy/healthy_708.png,2160x2160,B,20,0.89245963,dataT/healthy/healthy_618.jpg,0,False,False,True,0.49274045,False,1784
475a51fb19b2a8fdb92ad490a520f187,dataset_complete/cacao_diseases/cacao_photos/healthy/healthy_709.jpg,0,da4dc13c43cec4cd,2160,2160,/workspace/cacao/cache_256/dataset_complete/cacao_diseases/cacao_photos/healthy/healthy_709.png,2160x2160,B,18,0.85027707,dataT/healthy/healthy_2784.jpg,0,False,False,False,0.4340789,False,1785
5c09c47452934950c98c64a44976dacb,dataset_complete/cacao_diseases/cacao_photos/healthy/healthy_710.jpg,0,8d320737f6df4841,2160,2160,/workspace/cacao/cache_256/dataset_complete/cacao_diseases/cacao_photos/healthy/healthy_710.png,2160x2160,B,18,0.83035606,dataT/healthy/healthy_1500.jpg,0,False,False,True,0.37553534,False,1786
738ef144662cac1f40476a441bb68d86,dataset_complete/cacao_diseases/cacao_photos/healthy/healthy_711.jpg,0,e6cb0969e7f41294,2160,2160,/workspace/cacao/cache_256/dataset_complete/cacao_diseases/cacao_photos/healthy/healthy_711.png,2160x2160,B,16,0.8623007,dataT/healthy/healthy_629.jpg,0,False,False,True,0.3795249,False,1787
abffa77a78a1fbecbd1c1d759b3dd9ea,dataset_complete/cacao_diseases/cacao_photos/healthy/healthy_712.jpg,0,c88d33663663cf70,2160,2160,/workspace/cacao/cache_256/dataset_complete/cacao_diseases/cacao_photos/healthy/healthy_712.png,2160x2160,B,14,0.8653275,dataT/healthy/healthy_1265.jpg,0,False,False,False,0.39049494,False,1788
0048fd308ccbd2d65ebeeee8e0126f3a,dataset_complete/cacao_diseases/cacao_photos/healthy/healthy_713.jpg,0,e5a4abe35390781d,2160,2160,/workspace/cacao/cache_256/dataset_complete/cacao_diseases/cacao_photos/healthy/healthy_713.png,2160x2160,B,16,0.87560654,dataT/healthy/healthy_2772.jpg,0,False,False,False,0.50092006,False,1789
77ec46b00c47b7f4897c4a390156baef,dataset_complete/cacao_diseases/cacao_photos/healthy/healthy_714.jpg,0,981b9b3ca1e343d5,1080,1080,/workspace/cacao/cache_256/dataset_complete/cacao_diseases/cacao_photos/healthy/healthy_714.png,1080x1080,A,18,0.8770178,dataT/healthy/healthy_2122.jpg,0,False,False,False,0.6109563,False,237
7fd7a0b7e3553ad282883ab1df6a2bac,dataset_complete/cacao_diseases/cacao_photos/healthy/healthy_715.jpg,0,9f948727754435a3,2160,2160,/workspace/cacao/cache_256/dataset_complete/cacao_diseases/cacao_photos/healthy/healthy_715.png,2160x2160,B,18,0.9130351,dataT/healthy/healthy_1265.jpg,0,False,False,True,0.43822515,False,1791
f997f4447a04312e672241a5a35d1662,dataset_complete/cacao_diseases/cacao_photos/healthy/healthy_716.jpg,0,ec46707713047fb2,2160,2160,/workspace/cacao/cache_256/dataset_complete/cacao_diseases/cacao_photos/healthy/healthy_716.png,2160x2160,B,16,0.8137485,dataT/healthy/healthy_247.jpg,0,False,False,False,0.3937881,False,1792
374c054d18d2f267287e4eea06ea42a1,dataset_complete/cacao_diseases/cacao_photos/healthy/healthy_717.jpg,0,ccf3e746621c910f,2160,2160,/workspace/cacao/cache_256/dataset_complete/cacao_diseases/cacao_photos/healthy/healthy_717.png,2160x2160,B,14,0.85054946,dataT/healthy/healthy_609.jpg,0,False,False,False,0.38610443,False,1793
f273e688def6c962e13b4f27ea0ee10a,dataset_complete/cacao_diseases/cacao_photos/healthy/healthy_718.jpg,0,83c3c1267c36bcad,2160,2160,/workspace/cacao/cache_256/dataset_complete/cacao_diseases/cacao_photos/healthy/healthy_718.png,2160x2160,B,16,0.89497626,dataT/healthy/healthy_2602.jpg,0,False,False,True,0.39300102,False,1794
c3bb5222204b217ff64697139aaf0fc0,dataset_complete/cacao_diseases/cacao_photos/healthy/healthy_719.jpg,0,de7dc6132619470d,2160,2160,/workspace/cacao/cache_256/dataset_complete/cacao_diseases/cacao_photos/healthy/healthy_719.png,2160x2160,B,18,0.8457514,dataT/healthy/healthy_251.jpg,0,False,False,False,0.34294885,False,1795
d5281506bb12c46c24b79eb953702381,dataset_complete/cacao_diseases/cacao_photos/healthy/healthy_720.jpg,0,cfec91b47a42b388,2160,2160,/workspace/cacao/cache_256/dataset_complete/cacao_diseases/cacao_photos/healthy/healthy_720.png,2160x2160,B,16,0.88106614,dataT/healthy/healthy_693.jpg,0,False,False,True,0.4750115,False,1796
6531bd810d31ade011ddd979b5aa897c,dataset_complete/cacao_diseases/cacao_photos/healthy/healthy_721.jpg,0,d9ce0d70383fa199,2160,2160,/workspace/cacao/cache_256/dataset_complete/cacao_diseases/cacao_photos/healthy/healthy_721.png,2160x2160,B,16,0.8559901,dataT/healthy/healthy_1470.jpg,0,False,False,False,0.40896055,False,1797
04e797522f41a83fb9bd93c57dbf8f14,dataset_complete/cacao_diseases/cacao_photos/healthy/healthy_722.jpg,0,9bb41c6a764b434b,2160,2160,/workspace/cacao/cache_256/dataset_complete/cacao_diseases/cacao_photos/healthy/healthy_722.png,2160x2160,B,16,0.8556857,dataT/healthy/healthy_1176.jpg,0,False,False,False,0.4607191,False,1798
a6bdcfad9480f004df3ae13002c9401a,dataset_complete/cacao_diseases/cacao_photos/healthy/healthy_723.jpg,0,89c5e6849499be5b,2160,2160,/workspace/cacao/cache_256/dataset_complete/cacao_diseases/cacao_photos/healthy/healthy_723.png,2160x2160,B,20,0.85250664,dataT/healthy/healthy_2286.jpg,0,False,False,False,0.3865821,False,1799
d25054cdda373935197e5e1128bf2477,dataset_complete/cacao_diseases/cacao_photos/healthy/healthy_724.jpg,0,d8be180f174f4d45,2160,2160,/workspace/cacao/cache_256/dataset_complete/cacao_diseases/cacao_photos/healthy/healthy_724.png,2160x2160,B,18,0.893273,dataT/healthy/healthy_1056.jpg,0,False,False,True,0.40122235,False,1800
968a2b453d872a279718ae4093538be9,dataset_complete/cacao_diseases/cacao_photos/healthy/healthy_725.jpg,0,cee1f800f676c742,1080,1080,/workspace/cacao/cache_256/dataset_complete/cacao_diseases/cacao_photos/healthy/healthy_725.png,1080x1080,A,18,0.8531084,dataT/healthy/healthy_1673.jpg,0,False,False,False,0.50977147,False,1801
30ffe97eaa258804a7ef9d0355398197,dataset_complete/cacao_diseases/cacao_photos/healthy/healthy_726.jpg,0,a0b51d4f2b55f039,2160,2160,/workspace/cacao/cache_256/dataset_complete/cacao_diseases/cacao_photos/healthy/healthy_726.png,2160x2160,B,18,0.8581226,dataT/healthy/healthy_1055.jpg,0,False,False,False,0.44193846,False,1802
f39f49dd4bddcd2028b84cd35fb627b5,dataset_complete/cacao_diseases/cacao_photos/healthy/healthy_727.jpg,0,a70fd86b991a523a,2160,2160,/workspace/cacao/cache_256/dataset_complete/cacao_diseases/cacao_photos/healthy/healthy_727.png,2160x2160,B,18,0.84312946,dataT/pod_rot_black/black_pod_rot_731.jpg,1,False,False,False,0.5052966,False,1803
e5dd73f5929a0e27d5caa71977373ded,dataset_complete/cacao_diseases/cacao_photos/healthy/healthy_728.jpg,0,8b82bc4c3c86bf4b,2160,2160,/workspace/cacao/cache_256/dataset_complete/cacao_diseases/cacao_photos/healthy/healthy_728.png,2160x2160,B,20,0.9176089,dataT/healthy/healthy_1048.jpg,0,False,False,True,0.45069855,False,1804
1177aa93b9589c93ecd5224170fc90ba,dataset_complete/cacao_diseases/cacao_photos/healthy/healthy_729.jpg,0,84b59f1ddacb1898,2160,2160,/workspace/cacao/cache_256/dataset_complete/cacao_diseases/cacao_photos/healthy/healthy_729.png,2160x2160,B,18,0.8646732,dataT/healthy/healthy_1231.jpg,0,False,False,False,0.528553,False,1805
63c580c233ba28d54bead9b3c34f8b7c,dataset_complete/cacao_diseases/cacao_photos/healthy/healthy_730.jpg,0,dcfcf13333d9c080,2160,2160,/workspace/cacao/cache_256/dataset_complete/cacao_diseases/cacao_photos/healthy/healthy_730.png,2160x2160,B,14,0.8870493,dataT/healthy/healthy_1202.jpg,0,False,False,True,0.43893093,False,1806
fc2c62f776226b846ed78bc9549e8f85,dataset_complete/cacao_diseases/cacao_photos/healthy/healthy_731.jpg,0,cc0fbd7620b3d107,2160,2160,/workspace/cacao/cache_256/dataset_complete/cacao_diseases/cacao_photos/healthy/healthy_731.png,2160x2160,B,16,0.8747366,dataT/healthy/healthy_1173.jpg,0,False,False,False,0.36566225,False,1807
641ad6361700370813360a41c4fcc462,dataset_complete/cacao_diseases/cacao_photos/healthy/healthy_732.jpg,0,e107edf12c2d2cb4,2160,2160,/workspace/cacao/cache_256/dataset_complete/cacao_diseases/cacao_photos/healthy/healthy_732.png,2160x2160,B,18,0.86239886,dataT/healthy/healthy_417.jpg,0,False,False,False,0.41158006,False,1808
29d7538636914b50460c884c0c895dda,dataset_complete/cacao_diseases/cacao_photos/healthy/healthy_733.jpg,0,d8ed9366a2b41e19,2160,2160,/workspace/cacao/cache_256/dataset_complete/cacao_diseases/cacao_photos/healthy/healthy_733.png,2160x2160,B,16,0.89351606,dataT/healthy/healthy_573.jpg,0,False,False,True,0.46358258,False,1809
e2c2ffd1fff0631b9194ebba198b4dfe,dataset_complete/cacao_diseases/cacao_photos/healthy/healthy_734.jpg,0,cfeee633c3800c5c,2160,2160,/workspace/cacao/cache_256/dataset_complete/cacao_diseases/cacao_photos/healthy/healthy_734.png,2160x2160,B,18,0.8361304,dataT/healthy/healthy_3130.jpg,0,False,False,False,0.41943708,False,1810
191d60acff94274eb8171907a405df0f,dataset_complete/cacao_diseases/cacao_photos/healthy/healthy_735.jpg,0,cc9c2db19213ee8d,2160,2160,/workspace/cacao/cache_256/dataset_complete/cacao_diseases/cacao_photos/healthy/healthy_735.png,2160x2160,B,16,0.79592806,dataT/pod_rot_black/black_pod_rot_123.jpg,1,False,False,False,0.42620224,False,1811
d3f4e82de8e5e6339842887c2c2510f4,dataset_complete/cacao_diseases/cacao_photos/healthy/healthy_736.jpg,0,cedcf33786b21848,1080,1080,/workspace/cacao/cache_256/dataset_complete/cacao_diseases/cacao_photos/healthy/healthy_736.png,1080x1080,A,16,0.8551748,dataT/pod_rot_black/black_pod_rot_731.jpg,1,False,False,False,0.45484397,False,1812
960f00ba185d519883d18e86215c6ebb,dataset_complete/cacao_diseases/cacao_photos/healthy/healthy_737.jpg,0,9f9084a76d933996,2160,2160,/workspace/cacao/cache_256/dataset_complete/cacao_diseases/cacao_photos/healthy/healthy_737.png,2160x2160,B,16,0.84227693,dataT/healthy/healthy_1175.jpg,0,False,False,False,0.515547,False,1813
6a2518620cb72bbb9d8daa09719492f1,dataset_complete/cacao_diseases/cacao_photos/healthy/healthy_738.jpg,0,ec3d31058d3e7037,2160,2160,/workspace/cacao/cache_256/dataset_complete/cacao_diseases/cacao_photos/healthy/healthy_738.png,2160x2160,B,20,0.85188293,dataT/healthy/healthy_1210.jpg,0,False,False,False,0.3855347,False,1814
302d529bea6543c066556272f42610da,dataset_complete/cacao_diseases/cacao_photos/healthy/healthy_739.jpg,0,9cf211065dfc9a9a,2160,2160,/workspace/cacao/cache_256/dataset_complete/cacao_diseases/cacao_photos/healthy/healthy_739.png,2160x2160,B,18,0.8584988,dataT/healthy/healthy_1485.jpg,0,False,False,False,0.39090398,False,1815
9aeff986c5008227530910a62298445b,dataset_complete/cacao_diseases/cacao_photos/healthy/healthy_740.jpg,0,eee61c07e2f4a684,2160,2160,/workspace/cacao/cache_256/dataset_complete/cacao_diseases/cacao_photos/healthy/healthy_740.png,2160x2160,B,18,0.84839576,dataT/pod_rot_black/black_pod_rot_733.jpg,1,False,False,False,0.3336625,False,1816
2011b3892188383e3439faa837b178d8,dataset_complete/cacao_diseases/cacao_photos/healthy/healthy_741.jpg,0,ccb5341b1b0af9cc,2160,2160,/workspace/cacao/cache_256/dataset_complete/cacao_diseases/cacao_photos/healthy/healthy_741.png,2160x2160,B,18,0.87754905,dataT/healthy/healthy_683.jpg,0,False,False,False,0.4540786,False,1817
fb8cc074e6f31678a65a18ef55f2884a,dataset_complete/cacao_diseases/cacao_photos/healthy/healthy_742.jpg,0,98823ec6e34a3fe1,2160,2160,/workspace/cacao/cache_256/dataset_complete/cacao_diseases/cacao_photos/healthy/healthy_742.png,2160x2160,B,18,0.8234574,dataT/healthy/healthy_1563.jpg,0,False,False,False,0.44120273,False,1818
6192fdd41441b18829be1be068cd4f3f,dataset_complete/cacao_diseases/cacao_photos/healthy/healthy_743.jpg,0,933ef0e67c81ac89,2160,2160,/workspace/cacao/cache_256/dataset_complete/cacao_diseases/cacao_photos/healthy/healthy_743.png,2160x2160,B,16,0.8239295,dataT/healthy/healthy_3340.jpg,0,False,False,False,0.518824,False,1819
5d59a64ada6aafa8b1406826f19424d1,dataset_complete/cacao_diseases/cacao_photos/healthy/healthy_744.jpg,0,ebee8b1133306365,2160,2160,/workspace/cacao/cache_256/dataset_complete/cacao_diseases/cacao_photos/healthy/healthy_744.png,2160x2160,B,16,0.86268973,dataT/healthy/healthy_1052.jpg,0,False,False,False,0.43503836,False,1820
68ea0c683ac292dd22b9b40e574f9eed,dataset_complete/cacao_diseases/cacao_photos/healthy/healthy_745.jpg,0,f0981f0f236cc759,2160,2160,/workspace/cacao/cache_256/dataset_complete/cacao_diseases/cacao_photos/healthy/healthy_745.png,2160x2160,B,18,0.84423196,dataT/healthy/healthy_571.jpg,0,False,False,False,0.44920307,False,1821
fe0a01b77e7a76a04d895317838e8179,dataset_complete/cacao_diseases/cacao_photos/healthy/healthy_746.jpg,0,d59bcb099e282f64,2160,2160,/workspace/cacao/cache_256/dataset_complete/cacao_diseases/cacao_photos/healthy/healthy_746.png,2160x2160,B,16,0.8722398,dataT/healthy/healthy_1438.jpg,0,False,False,False,0.48076788,False,1822
302d39bcd40e89fd3845d72f6acbaeba,dataset_complete/cacao_diseases/cacao_photos/healthy/healthy_747.jpg,0,c77cc362a3379898,1080,1080,/workspace/cacao/cache_256/dataset_complete/cacao_diseases/cacao_photos/healthy/healthy_747.png,1080x1080,A,16,0.8153703,dataT/healthy/healthy_2063.jpg,0,False,False,False,0.39540988,False,1823
098268a61876cba52decc73205ea99f0,dataset_complete/cacao_diseases/cacao_photos/healthy/healthy_748.jpg,0,8be7b82456ca86c7,2160,2160,/workspace/cacao/cache_256/dataset_complete/cacao_diseases/cacao_photos/healthy/healthy_748.png,2160x2160,B,16,0.86049235,dataT/healthy/healthy_421.jpg,0,False,False,False,0.30996245,False,1824
3c7f64cb475cbe9df35dafdfd9a858a4,dataset_complete/cacao_diseases/cacao_photos/healthy/healthy_749.jpg,0,8c456ab62bdc368d,2160,2160,/workspace/cacao/cache_256/dataset_complete/cacao_diseases/cacao_photos/healthy/healthy_749.png,2160x2160,B,16,0.851473,dataT/healthy/healthy_2600.jpg,0,False,False,False,0.48110148,False,1825
e599c3c73230bde69bdeeea4b9cb5ace,dataset_complete/cacao_diseases/cacao_photos/healthy/healthy_750.jpg,0,8aac68e606bae379,2160,2160,/workspace/cacao/cache_256/dataset_complete/cacao_diseases/cacao_photos/healthy/healthy_750.png,2160x2160,B,16,0.8746984,dataT/healthy/healthy_2793.jpg,0,False,False,False,0.56808573,False,1826
ffbd94e70c6d1f309a5653de4554f95e,dataset_complete/cacao_diseases/cacao_photos/healthy/healthy_751.jpg,0,d99060e2d8ccd9db,2160,2160,/workspace/cacao/cache_256/dataset_complete/cacao_diseases/cacao_photos/healthy/healthy_751.png,2160x2160,B,16,0.86151814,dataT/healthy/healthy_1017.jpg,0,False,False,False,0.47319233,False,1827
c2d21ac08a2f9cb227e98e96da9a0fe6,dataset_complete/cacao_diseases/cacao_photos/healthy/healthy_752.jpg,0,d8b86d71b663230e,2160,2160,/workspace/cacao/cache_256/dataset_complete/cacao_diseases/cacao_photos/healthy/healthy_752.png,2160x2160,B,16,0.8320607,dataT/healthy/healthy_1174.jpg,0,False,False,False,0.5302654,False,1828
ea2c248199ce30c6cf5557557cd24940,dataset_complete/cacao_diseases/cacao_photos/healthy/healthy_753.jpg,0,e5be19501961697e,2160,2160,/workspace/cacao/cache_256/dataset_complete/cacao_diseases/cacao_photos/healthy/healthy_753.png,2160x2160,B,18,0.85283613,dataT/healthy/healthy_2570.jpg,0,False,False,False,0.51541626,False,1829
1c79a27c83a682bc52553e616c069cc7,dataset_complete/cacao_diseases/cacao_photos/healthy/healthy_754.jpg,0,ae3ef52734351892,2160,2160,/workspace/cacao/cache_256/dataset_complete/cacao_diseases/cacao_photos/healthy/healthy_754.png,2160x2160,B,18,0.856508,dataT/healthy/healthy_2780.jpg,0,False,False,False,0.5110065,False,1830
c84f289ee62518aa3558099b0cea0326,dataset_complete/cacao_diseases/cacao_photos/healthy/healthy_755.jpg,0,990a3537d24b8dba,2160,2160,/workspace/cacao/cache_256/dataset_complete/cacao_diseases/cacao_photos/healthy/healthy_755.png,2160x2160,B,16,0.8547168,dataT/healthy/healthy_36.jpg,0,False,False,False,0.5920007,False,1831
b78f8fba963ab8b914e24f8f1f8ce387,dataset_complete/cacao_diseases/cacao_photos/healthy/healthy_756.jpg,0,86293573fe1b154a,2160,2160,/workspace/cacao/cache_256/dataset_complete/cacao_diseases/cacao_photos/healthy/healthy_756.png,2160x2160,B,18,0.83073163,dataT/pod_rot_black/black_pod_rot_576.jpg,1,False,False,False,0.53819144,False,1832
5350cad94e1540fcd4535ff8b6e69b2e,dataset_complete/cacao_diseases/cacao_photos/healthy/healthy_757.jpg,0,d81616e6e601dfd1,2160,2160,/workspace/cacao/cache_256/dataset_complete/cacao_diseases/cacao_photos/healthy/healthy_757.png,2160x2160,B,18,0.8696517,dataT/healthy/healthy_2151.jpg,0,False,False,False,0.4911877,False,1833
3a9213d5a8ecc9472249076a6dbb7eea,dataset_complete/cacao_diseases/cacao_photos/healthy/healthy_758.jpg,0,9ab814157f4be385,1080,1080,/workspace/cacao/cache_256/dataset_complete/cacao_diseases/cacao_photos/healthy/healthy_758.png,1080x1080,A,18,0.8540338,dataT/pod_rot_black/black_pod_rot_712.jpg,1,False,False,False,0.38592225,False,1834
70b034414ec0a9005f6ee8ea7abb8a4b,dataset_complete/cacao_diseases/cacao_photos/healthy/healthy_759.jpg,0,9c9b9327a624caf1,2160,2160,/workspace/cacao/cache_256/dataset_complete/cacao_diseases/cacao_photos/healthy/healthy_759.png,2160x2160,B,18,0.84993476,dataT/healthy/healthy_2151.jpg,0,False,False,False,0.53170574,False,1835
ce192f5064d867acdc9aceb3605eef92,dataset_complete/cacao_diseases/cacao_photos/healthy/healthy_760.jpg,0,98b5294b2b6d2db8,2160,2160,/workspace/cacao/cache_256/dataset_complete/cacao_diseases/cacao_photos/healthy/healthy_760.png,2160x2160,B,20,0.81030047,dataT/healthy/healthy_64.jpg,0,False,False,False,0.451438,False,1836
370cf9ca2ed8fe5874cf29016f1d799b,dataset_complete/cacao_diseases/cacao_photos/healthy/healthy_761.jpg,0,d86de036788639d3,2160,2160,/workspace/cacao/cache_256/dataset_complete/cacao_diseases/cacao_photos/healthy/healthy_761.png,2160x2160,B,16,0.84224445,dataT/healthy/healthy_58.jpg,0,False,False,False,0.52021265,False,1837
1884e931c7c256efb37c46df3ee14c31,dataset_complete/cacao_diseases/cacao_photos/healthy/healthy_762.jpg,0,d8152637f423711f,2160,2160,/workspace/cacao/cache_256/dataset_complete/cacao_diseases/cacao_photos/healthy/healthy_762.png,2160x2160,B,14,0.82483566,dataT/healthy/healthy_1535.jpg,0,False,False,False,0.44871813,False,1838
d16f8f6c67d403524faf495f4d15a174,dataset_complete/cacao_diseases/cacao_photos/healthy/healthy_763.jpg,0,ccb12777a6dc1c88,2160,2160,/workspace/cacao/cache_256/dataset_complete/cacao_diseases/cacao_photos/healthy/healthy_763.png,2160x2160,B,12,0.80392104,dataT/healthy/healthy_1193.jpg,0,False,False,False,0.42444873,False,1839
05334a27c80957f989ca884378bedccb,dataset_complete/cacao_diseases/cacao_photos/healthy/healthy_764.jpg,0,fd5418545b2bd5c4,2160,2160,/workspace/cacao/cache_256/dataset_complete/cacao_diseases/cacao_photos/healthy/healthy_764.png,2160x2160,B,16,0.85620344,dataT/healthy/healthy_1081.jpg,0,False,False,False,0.4118567,False,1840
92ec8680e12f9d3182e14d24107edbe3,dataset_complete/cacao_diseases/cacao_photos/healthy/healthy_765.jpg,0,d81735665ab283e9,2160,2160,/workspace/cacao/cache_256/dataset_complete/cacao_diseases/cacao_photos/healthy/healthy_765.png,2160x2160,B,18,0.8765527,dataT/healthy/healthy_442.jpg,0,False,False,False,0.4047631,False,1841
7153ed83a8094dc028cb64da25916bc0,dataset_complete/cacao_diseases/cacao_photos/healthy/healthy_766.jpg,0,a0ef4de419d28b1e,2160,2160,/workspace/cacao/cache_256/dataset_complete/cacao_diseases/cacao_photos/healthy/healthy_766.png,2160x2160,B,20,0.88338256,dataT/healthy/healthy_618.jpg,0,False,False,True,0.48826253,False,1842
0627c6ee552d481a2045cd611552e415,dataset_complete/cacao_diseases/cacao_photos/healthy/healthy_767.jpg,0,9f00c8b753436dab,2160,2160,/workspace/cacao/cache_256/dataset_complete/cacao_diseases/cacao_photos/healthy/healthy_767.png,2160x2160,B,16,0.87661207,dataT/pod_rot_black/black_pod_rot_398.jpg,1,False,False,False,0.44441742,False,1843
77be0ebafd85e105103b0724724c505c,dataset_complete/cacao_diseases/cacao_photos/healthy/healthy_768.jpg,0,9744c23e975a68a7,2160,2160,/workspace/cacao/cache_256/dataset_complete/cacao_diseases/cacao_photos/healthy/healthy_768.png,2160x2160,B,20,0.8760848,dataT/healthy/healthy_1218.jpg,0,False,False,False,0.4011762,False,1844
9aa83c1dd0825f114206a1ca95818237,dataset_complete/cacao_diseases/cacao_photos/healthy/healthy_769.jpg,0,e2c408775573715d,1080,1080,/workspace/cacao/cache_256/dataset_complete/cacao_diseases/cacao_photos/healthy/healthy_769.png,1080x1080,A,14,0.8744428,dataT/healthy/healthy_2778.jpg,0,False,False,False,0.51594925,False,1845
e29ee152a49eb22eb18b39e7ad088f34,dataset_complete/cacao_diseases/cacao_photos/healthy/healthy_770.jpg,0,edac2f0f6045d21e,2160,2160,/workspace/cacao/cache_256/dataset_complete/cacao_diseases/cacao_photos/healthy/healthy_770.png,2160x2160,B,20,0.8186139,dataT/healthy/healthy_1048.jpg,0,False,False,False,0.5095911,False,1846
a650285a08b47cc6d725cf2b067803cb,dataset_complete/cacao_diseases/cacao_photos/healthy/healthy_771.jpg,0,bbb11be8229e660d,2160,2160,/workspace/cacao/cache_256/dataset_complete/cacao_diseases/cacao_photos/healthy/healthy_771.png,2160x2160,B,18,0.86474586,dataT/healthy/healthy_1055.jpg,0,False,False,False,0.34753186,False,1847
d0202a952af2691e287c5235d1a89093,dataset_complete/cacao_diseases/cacao_photos/healthy/healthy_772.jpg,0,8dcb381e2770e762,2160,2160,/workspace/cacao/cache_256/dataset_complete/cacao_diseases/cacao_photos/healthy/healthy_772.png,2160x2160,B,14,0.85523874,dataT/healthy/healthy_2624.jpg,0,False,False,False,0.5603757,False,1848
d1aeb775060b92576fac3a7c837af5b5,dataset_complete/cacao_diseases/cacao_photos/healthy/healthy_773.jpg,0,cbaa3ded7740c00e,2160,2160,/workspace/cacao/cache_256/dataset_complete/cacao_diseases/cacao_photos/healthy/healthy_773.png,2160x2160,B,16,0.85590893,dataT/healthy/healthy_1218.jpg,0,False,False,False,0.3835022,False,1849
6b680ae22e649fe800f1cd8e87c8b778,dataset_complete/cacao_diseases/cacao_photos/healthy/healthy_774.jpg,0,c9c33178763c34f2,2160,2160,/workspace/cacao/cache_256/dataset_complete/cacao_diseases/cacao_photos/healthy/healthy_774.png,2160x2160,B,14,0.8737685,dataT/healthy/healthy_613.jpg,0,False,False,False,0.42514274,False,1850
f0dbf470fb7e982045cac04cae9e825a,dataset_complete/cacao_diseases/cacao_photos/healthy/healthy_775.jpg,0,89a67c5e449d9a72,2160,2160,/workspace/cacao/cache_256/dataset_complete/cacao_diseases/cacao_photos/healthy/healthy_775.png,2160x2160,B,18,0.8481474,dataT/pod_rot_black/black_pod_rot_495.jpg,1,False,False,False,0.46408242,False,1851
07549fe735f1fd4f2a6b4bcf6db29347,dataset_complete/cacao_diseases/cacao_photos/healthy/healthy_776.jpg,0,c3395e5236c7232e,2160,2160,/workspace/cacao/cache_256/dataset_complete/cacao_diseases/cacao_photos/healthy/healthy_776.png,2160x2160,B,18,0.87298775,dataT/healthy/healthy_3126.jpg,0,False,False,False,0.46487096,False,1852
b9b090b3e020a984ed97bf0dc47cda61,dataset_complete/cacao_diseases/cacao_photos/healthy/healthy_777.jpg,0,c66df84769b70213,2160,2160,/workspace/cacao/cache_256/dataset_complete/cacao_diseases/cacao_photos/healthy/healthy_777.png,2160x2160,B,16,0.8747618,dataT/pod_rot_black/black_pod_rot_457.jpg,1,False,False,False,0.50630414,False,1853
9f8225f0eaf14641b0a22985cd3ee1d6,dataset_complete/cacao_diseases/cacao_photos/healthy/healthy_778.jpg,0,8b6c5325f7ea8095,2160,2160,/workspace/cacao/cache_256/dataset_complete/cacao_diseases/cacao_photos/healthy/healthy_778.png,2160x2160,B,14,0.8540264,dataT/healthy/healthy_1029.jpg,0,False,False,False,0.4533528,False,1854
a9fc5df312f84e87abb060b896d6a79f,dataset_complete/cacao_diseases/cacao_photos/healthy/healthy_779.jpg,0,8ccc738ade8c56a3,2160,2160,/workspace/cacao/cache_256/dataset_complete/cacao_diseases/cacao_photos/healthy/healthy_779.png,2160x2160,B,16,0.8710789,dataT/healthy/healthy_1440.jpg,0,False,False,False,0.4281726,False,1855
270d8fb7d75e02ad40ac72f32adcecab,dataset_complete/cacao_diseases/cacao_photos/healthy/healthy_780.jpg,0,c299b975313c372c,1080,1080,/workspace/cacao/cache_256/dataset_complete/cacao_diseases/cacao_photos/healthy/healthy_780.png,1080x1080,A,16,0.8942967,dataT/healthy/healthy_1218.jpg,0,False,False,True,0.47984588,False,1856
9ae643c18fc5d01be188447388edf59e,dataset_complete/cacao_diseases/cacao_photos/healthy/healthy_781.jpg,0,9c39abb742a6aca4,1080,1080,/workspace/cacao/cache_256/dataset_complete/cacao_diseases/cacao_photos/healthy/healthy_781.png,1080x1080,A,16,0.8764491,dataT/healthy/healthy_281.jpg,0,False,False,False,0.5746591,False,1857
2dd745e87589dce7f020d644d0fd637d,dataset_complete/cacao_diseases/cacao_photos/healthy/healthy_782.jpg,0,df2d24cb1ce986d0,2160,2160,/workspace/cacao/cache_256/dataset_complete/cacao_diseases/cacao_photos/healthy/healthy_782.png,2160x2160,B,18,0.8572898,dataT/healthy/healthy_434.jpg,0,False,False,False,0.35954008,False,1858
5cda504eedd7ebc855f28d273bc8094a,dataset_complete/cacao_diseases/cacao_photos/healthy/healthy_783.jpg,0,cc6b7138321cadd6,2160,2160,/workspace/cacao/cache_256/dataset_complete/cacao_diseases/cacao_photos/healthy/healthy_783.png,2160x2160,B,16,0.82873833,dataT/healthy/healthy_1245.jpg,0,False,False,False,0.46446848,False,1859
241b3178bd8535bc4c0a2182cb5ef943,dataset_complete/cacao_diseases/cacao_photos/healthy/healthy_784.jpg,0,dcf0f8a03d2ce652,2160,2160,/workspace/cacao/cache_256/dataset_complete/cacao_diseases/cacao_photos/healthy/healthy_784.png,2160x2160,B,18,0.87121725,dataT/healthy/healthy_422.jpg,0,False,False,False,0.44412923,False,1860
a35ddaf5e4084fbe1f046bb2db1e0b8c,dataset_complete/cacao_diseases/cacao_photos/healthy/healthy_785.jpg,0,b9fcf8e9662b4480,2160,2160,/workspace/cacao/cache_256/dataset_complete/cacao_diseases/cacao_photos/healthy/healthy_785.png,2160x2160,B,18,0.89340425,dataT/healthy/healthy_613.jpg,0,False,False,True,0.41973928,False,1861
f82fe5f81a722e4ec4f8c3e5564bd049,dataset_complete/cacao_diseases/cacao_photos/healthy/healthy_786.jpg,0,89bb7ce0c313ab0b,2160,2160,/workspace/cacao/cache_256/dataset_complete/cacao_diseases/cacao_photos/healthy/healthy_786.png,2160x2160,B,18,0.87562186,dataT/healthy/healthy_1205.jpg,0,False,False,False,0.4592884,False,1862
71fb2a07e5f338b98a61495ccb8e215e,dataset_complete/cacao_diseases/cacao_photos/healthy/healthy_787.jpg,0,d8f77137be0380e0,2160,2160,/workspace/cacao/cache_256/dataset_complete/cacao_diseases/cacao_photos/healthy/healthy_787.png,2160x2160,B,16,0.87487185,dataT/healthy/healthy_1644.jpg,0,False,False,False,0.5713919,False,1863
aff322316c5d57336d2606eabc3a9bd2,dataset_complete/cacao_diseases/cacao_photos/healthy/healthy_788.jpg,0,9b1aa059f68914bf,2160,2160,/workspace/cacao/cache_256/dataset_complete/cacao_diseases/cacao_photos/healthy/healthy_788.png,2160x2160,B,18,0.86165094,dataT/healthy/healthy_1154.jpg,0,False,False,False,0.5014771,False,1864
45097972f2a39326e6ebe43b356682f8,dataset_complete/cacao_diseases/cacao_photos/healthy/healthy_789.jpg,0,deed205262f06cce,2160,2160,/workspace/cacao/cache_256/dataset_complete/cacao_diseases/cacao_photos/healthy/healthy_789.png,2160x2160,B,16,0.87490106,dataT/healthy/healthy_243.jpg,0,False,False,False,0.4688917,False,1865
e2bfd3a97e156774cda78c24c64c36e9,dataset_complete/cacao_diseases/cacao_photos/healthy/healthy_790.jpg,0,c75c58433ff621e0,2160,2160,/workspace/cacao/cache_256/dataset_complete/cacao_diseases/cacao_photos/healthy/healthy_790.png,2160x2160,B,16,0.8993984,dataT/healthy/healthy_1264.jpg,0,False,False,True,0.5041917,False,1866
ef76f63f3f82a93b9410c3b4fcb25091,dataset_complete/cacao_diseases/cacao_photos/healthy/healthy_791.jpg,0,8e714d74ac2c662f,2160,2160,/workspace/cacao/cache_256/dataset_complete/cacao_diseases/cacao_photos/healthy/healthy_791.png,2160x2160,B,16,0.8946227,dataT/healthy/healthy_640.jpg,0,False,False,True,0.5283663,False,1867
aedbf8004800ad2325fcb9fa163b2c16,dataset_complete/cacao_diseases/cacao_photos/healthy/healthy_792.jpg,0,a679986672fce501,1080,1080,/workspace/cacao/cache_256/dataset_complete/cacao_diseases/cacao_photos/healthy/healthy_792.png,1080x1080,A,16,0.8102138,dataT/pod_rot_black/black_pod_rot_365.jpg,1,False,False,False,0.3628332,False,1868
9133a5d2569e89429a447161e0c35371,dataset_complete/cacao_diseases/cacao_photos/healthy/healthy_793.jpg,0,99c467113255b96f,2160,2160,/workspace/cacao/cache_256/dataset_complete/cacao_diseases/cacao_photos/healthy/healthy_793.png,2160x2160,B,18,0.8684987,dataT/healthy/healthy_1503.jpg,0,False,False,False,0.47319657,False,1869
f7d81b7ca7653b4ad8868443851c70d6,dataset_complete/cacao_diseases/cacao_photos/healthy/healthy_794.jpg,0,9a90c9a3fdf1a254,2160,2160,/workspace/cacao/cache_256/dataset_complete/cacao_diseases/cacao_photos/healthy/healthy_794.png,2160x2160,B,18,0.85358787,dataT/healthy/healthy_1524.jpg,0,False,False,False,0.50341666,False,1870
7c1cab80c31bc11588395103cd18e9b3,dataset_complete/cacao_diseases/cacao_photos/healthy/healthy_795.jpg,0,c40b6679c34bc4de,2160,2160,/workspace/cacao/cache_256/dataset_complete/cacao_diseases/cacao_photos/healthy/healthy_795.png,2160x2160,B,18,0.8933779,dataT/healthy/healthy_2151.jpg,0,False,False,True,0.4344167,False,1871
edb942e39ae037eeade623636dcf9076,dataset_complete/cacao_diseases/cacao_photos/healthy/healthy_796.jpg,0,ade3673756194858,2160,2160,/workspace/cacao/cache_256/dataset_complete/cacao_diseases/cacao_photos/healthy/healthy_796.png,2160x2160,B,16,0.8464372,dataT/healthy/healthy_626.jpg,0,False,False,False,0.36228132,False,1872
a818688eb47d4e8bb77a0cf7a2b3ccf4,dataset_complete/cacao_diseases/cacao_photos/healthy/healthy_797.jpg,0,cd327253277d0371,2160,2160,/workspace/cacao/cache_256/dataset_complete/cacao_diseases/cacao_photos/healthy/healthy_797.png,2160x2160,B,20,0.87206113,dataT/healthy/healthy_1264.jpg,0,False,False,False,0.45085844,False,1873
8f8e538a1f013eb5c979519681cf747a,dataset_complete/cacao_diseases/cacao_photos/healthy/healthy_798.jpg,0,c3fa3d5362020fce,2160,2160,/workspace/cacao/cache_256/dataset_complete/cacao_diseases/cacao_photos/healthy/healthy_798.png,2160x2160,B,16,0.8809578,dataT/healthy/healthy_1055.jpg,0,False,False,True,0.36608145,False,1874
326275fefb4ef5e37f72fcaa3f5f652f,dataset_complete/cacao_diseases/cacao_photos/healthy/healthy_799.jpg,0,9ddaf5b122a5588c,2160,2160,/workspace/cacao/cache_256/dataset_complete/cacao_diseases/cacao_photos/healthy/healthy_799.png,2160x2160,B,18,0.89365244,dataT/healthy/healthy_618.jpg,0,False,False,True,0.39169723,False,1875
1009277f11c24cd33926705541a0847a,dataset_complete/cacao_diseases/cacao_photos/healthy/healthy_800.jpg,0,d8f9295856465657,2160,2160,/workspace/cacao/cache_256/dataset_complete/cacao_diseases/cacao_photos/healthy/healthy_800.png,2160x2160,B,14,0.790034,dataT/healthy/healthy_2624.jpg,0,False,False,False,0.5143856,False,1876
39ee6c76f5ae13e2266a56ca2ab81061,dataset_complete/cacao_diseases/cacao_photos/healthy/healthy_801.jpg,0,99e6556eba419649,2160,2160,/workspace/cacao/cache_256/dataset_complete/cacao_diseases/cacao_photos/healthy/healthy_801.png,2160x2160,B,16,0.8595654,dataT/healthy/healthy_246.jpg,0,False,False,False,0.4533499,False,1877
f30bd23f719d1da5ea34964157df06a8,dataset_complete/cacao_diseases/cacao_photos/healthy/healthy_802.jpg,0,c7e13c160650fcfa,2160,2160,/workspace/cacao/cache_256/dataset_complete/cacao_diseases/cacao_photos/healthy/healthy_802.png,2160x2160,B,14,0.8845784,dataT/healthy/healthy_3130.jpg,0,False,False,True,0.49153584,False,1878
bc2c3d0a20bc15a7c1dda8050d7ff7b4,dataset_complete/cacao_diseases/cacao_photos/healthy/healthy_803.jpg,0,8b890d277c66ac6e,1080,1080,/workspace/cacao/cache_256/dataset_complete/cacao_diseases/cacao_photos/healthy/healthy_803.png,1080x1080,A,16,0.8661259,dataT/healthy/healthy_16.jpg,0,False,False,False,0.4505542,False,1879
342324563423baf27e239591e2dc5409,dataset_complete/cacao_diseases/cacao_photos/healthy/healthy_804.jpg,0,ab5a55a6ca989999,2160,2160,/workspace/cacao/cache_256/dataset_complete/cacao_diseases/cacao_photos/healthy/healthy_804.png,2160x2160,B,16,0.86771715,dataT/healthy/healthy_1479.jpg,0,False,False,False,0.41676414,False,1880
e607ba3797c5bcb786948ca0d3395682,dataset_complete/cacao_diseases/cacao_photos/healthy/healthy_805.jpg,0,9aec65f4f646141c,2160,2160,/workspace/cacao/cache_256/dataset_complete/cacao_diseases/cacao_photos/healthy/healthy_805.png,2160x2160,B,16,0.8723687,dataT/healthy/healthy_617.jpg,0,False,False,False,0.39491075,False,1881
a6a705ec2bcfd4921b9a233c0e607c32,dataset_complete/cacao_diseases/cacao_photos/healthy/healthy_806.jpg,0,8728bf644ac75b62,2160,2160,/workspace/cacao/cache_256/dataset_complete/cacao_diseases/cacao_photos/healthy/healthy_806.png,2160x2160,B,18,0.8454616,dataT/healthy/healthy_3333.jpg,0,False,False,False,0.46116135,False,1882
1deb58912d39e53cf740a59ee767e9df,dataset_complete/cacao_diseases/cacao_photos/healthy/healthy_807.jpg,0,fd728a09128b9fb8,2160,2160,/workspace/cacao/cache_256/dataset_complete/cacao_diseases/cacao_photos/healthy/healthy_807.png,2160x2160,B,18,0.8516375,dataT/healthy/healthy_1245.jpg,0,False,False,False,0.45305854,False,1883
52494ee1c5dfd498181dd070955e5cb3,dataset_complete/cacao_diseases/cacao_photos/healthy/healthy_808.jpg,0,bfa0b123413c97ae,2160,2160,/workspace/cacao/cache_256/dataset_complete/cacao_diseases/cacao_photos/healthy/healthy_808.png,2160x2160,B,20,0.87909424,dataT/healthy/healthy_2603.jpg,0,False,False,False,0.45777506,False,1884
5506d3ec268895d4142b25327ef78b3e,dataset_complete/cacao_diseases/cacao_photos/healthy/healthy_809.jpg,0,923dd137e5827ac2,2160,2160,/workspace/cacao/cache_256/dataset_complete/cacao_diseases/cacao_photos/healthy/healthy_809.png,2160x2160,B,16,0.8851236,dataT/healthy/healthy_1055.jpg,0,False,False,True,0.37073708,False,1885
bc155c63f9688acdb4c3794ed3ad1a0e,dataset_complete/cacao_diseases/cacao_photos/healthy/healthy_810.jpg,0,b61cfc6138b530b5,2160,2160,/workspace/cacao/cache_256/dataset_complete/cacao_diseases/cacao_photos/healthy/healthy_810.png,2160x2160,B,18,0.8753201,dataT/pod_rot_black/black_pod_rot_72.jpg,1,False,False,False,0.51797545,False,1886
cf6c4cc7eb14087bd4013847db54c2b8,dataset_complete/cacao_diseases/cacao_photos/healthy/healthy_811.jpg,0,e73bc9ef19c00594,2160,2160,/workspace/cacao/cache_256/dataset_complete/cacao_diseases/cacao_photos/healthy/healthy_811.png,2160x2160,B,16,0.8503715,dataT/healthy/healthy_1502.jpg,0,False,False,False,0.58431125,False,1887
02e02bcfd2927df4970e65140fbbe85e,dataset_complete/cacao_diseases/cacao_photos/healthy/healthy_812.jpg,0,b2bd1dbb2d451684,2160,2160,/workspace/cacao/cache_256/dataset_complete/cacao_diseases/cacao_photos/healthy/healthy_812.png,2160x2160,B,16,0.8837203,dataT/healthy/healthy_1165.jpg,0,False,False,True,0.55196357,False,1888
484b1e186289727c1093a20641aaf27a,dataset_complete/cacao_diseases/cacao_photos/healthy/healthy_813.jpg,0,c702fc34b4f1b0c7,2160,2160,/workspace/cacao/cache_256/dataset_complete/cacao_diseases/cacao_photos/healthy/healthy_813.png,2160x2160,B,16,0.84961677,dataT/healthy/healthy_675.jpg,0,False,False,False,0.36407995,False,1889
22e42b2da36b96471ec0d370ed6f32df,dataset_complete/cacao_diseases/cacao_photos/healthy/healthy_814.jpg,0,98c86c514376773e,1080,1080,/workspace/cacao/cache_256/dataset_complete/cacao_diseases/cacao_photos/healthy/healthy_814.png,1080x1080,A,16,0.88652354,dataT/healthy/healthy_96.jpg,0,False,False,True,0.50547624,False,1890
2eb8abd3788ed745fcb9a73e2d77c010,dataset_complete/cacao_diseases/cacao_photos/healthy/healthy_815.jpg,0,f0f9174a2bace0a5,2160,2160,/workspace/cacao/cache_256/dataset_complete/cacao_diseases/cacao_photos/healthy/healthy_815.png,2160x2160,B,20,0.8790053,dataT/healthy/healthy_694.jpg,0,False,False,False,0.40589947,False,1891
adbdc311ca124b428513acfdd0d9e25e,dataset_complete/cacao_diseases/cacao_photos/healthy/healthy_816.jpg,0,bc29647bd310b9a5,2160,2160,/workspace/cacao/cache_256/dataset_complete/cacao_diseases/cacao_photos/healthy/healthy_816.png,2160x2160,B,20,0.86043584,dataT/healthy/healthy_2626.jpg,0,False,False,False,0.47089043,False,1892
5ddd4dfa9bf66465e3caa90d3db5e9af,dataset_complete/cacao_diseases/cacao_photos/healthy/healthy_817.jpg,0,c9f75223e8d00d8f,2160,2160,/workspace/cacao/cache_256/dataset_complete/cacao_diseases/cacao_photos/healthy/healthy_817.png,2160x2160,B,14,0.8918873,dataT/healthy/healthy_419.jpg,0,False,False,True,0.44377953,False,1893
3fcea26d5a50498b90c3ee9c3edd180f,dataset_complete/cacao_diseases/cacao_photos/healthy/healthy_818.jpg,0,cf9a5cb1a027456d,2160,2160,/workspace/cacao/cache_256/dataset_complete/cacao_diseases/cacao_photos/healthy/healthy_818.png,2160x2160,B,14,0.8922579,dataT/healthy/healthy_2621.jpg,0,False,False,True,0.48490328,False,1894
9ce4494df56c1d1bcdc7228623b2d436,dataset_complete/cacao_diseases/cacao_photos/healthy/healthy_819.jpg,0,e2e64de3341d432b,2160,2160,/workspace/cacao/cache_256/dataset_complete/cacao_diseases/cacao_photos/healthy/healthy_819.png,2160x2160,B,14,0.84847593,dataT/healthy/healthy_1438.jpg,0,False,False,False,0.42656642,False,1895
00b4afe68a99dfd579d4314ed5e88d81,dataset_complete/cacao_diseases/cacao_photos/healthy/healthy_820.jpg,0,c6b8c136696177e4,2160,2160,/workspace/cacao/cache_256/dataset_complete/cacao_diseases/cacao_photos/healthy/healthy_820.png,2160x2160,B,16,0.86492753,dataT/healthy/healthy_2603.jpg,0,False,False,False,0.50813246,False,1896
c9ed24c168cb56b27aa53c8d4cced308,dataset_complete/cacao_diseases/cacao_photos/healthy/healthy_821.jpg,0,fc873b24a26e1a74,2160,2160,/workspace/cacao/cache_256/dataset_complete/cacao_diseases/cacao_photos/healthy/healthy_821.png,2160x2160,B,14,0.87469053,dataT/healthy/healthy_3136.jpg,0,False,False,False,0.5189411,False,1897
467d27d27befe8fe5838d39b42ad4f3b,dataset_complete/cacao_diseases/cacao_photos/healthy/healthy_822.jpg,0,833d446e2ff04d59,2160,2160,/workspace/cacao/cache_256/dataset_complete/cacao_diseases/cacao_photos/healthy/healthy_822.png,2160x2160,B,18,0.8452934,dataT/healthy/healthy_682.jpg,0,False,False,False,0.43736863,False,1898
3c25a56ad61dcf55f44e43716171c266,dataset_complete/cacao_diseases/cacao_photos/healthy/healthy_823.jpg,0,cfe3d9688330b178,2160,2160,/workspace/cacao/cache_256/dataset_complete/cacao_diseases/cacao_photos/healthy/healthy_823.png,2160x2160,B,18,0.8571901,dataT/healthy/healthy_464.jpg,0,False,False,False,0.3986649,False,1899
071d8949613044bfddec4a63bf67e048,dataset_complete/cacao_diseases/cacao_photos/healthy/healthy_824.jpg,0,8fcd68765435591a,2160,2160,/workspace/cacao/cache_256/dataset_complete/cacao_diseases/cacao_photos/healthy/healthy_824.png,2160x2160,B,14,0.84066063,dataT/healthy/healthy_3320.jpg,0,False,False,False,0.51846665,False,1900
a7f1cbdfa3985b35c092d7f05c40fdc2,dataset_complete/cacao_diseases/cacao_photos/healthy/healthy_825.jpg,0,d989e7e606261e5a,1080,1080,/workspace/cacao/cache_256/dataset_complete/cacao_diseases/cacao_photos/healthy/healthy_825.png,1080x1080,A,16,0.93399364,dataT/healthy/healthy_198.jpg,0,True,True,True,0.54145265,False,1901
e25c5fd9915ca90f982d3b959ce9cc93,dataset_complete/cacao_diseases/cacao_photos/healthy/healthy_826.jpg,0,a7b05a7b3ca2e2a4,2160,2160,/workspace/cacao/cache_256/dataset_complete/cacao_diseases/cacao_photos/healthy/healthy_826.png,2160x2160,B,16,0.8579031,dataT/pod_rot_black/black_pod_rot_410.jpg,1,False,False,False,0.41688493,False,1902
129dbd6e1ab33e0e26ffaeb56697e0b8,dataset_complete/cacao_diseases/cacao_photos/healthy/healthy_827.jpg,0,9a6d60463cd8ded4,2160,2160,/workspace/cacao/cache_256/dataset_complete/cacao_diseases/cacao_photos/healthy/healthy_827.png,2160x2160,B,18,0.85305715,dataT/healthy/healthy_223.jpg,0,False,False,False,0.44649637,False,1903
d9700d07eb42e3a06979585a1c2f0813,dataset_complete/cacao_diseases/cacao_photos/healthy/healthy_828.jpg,0,f7e64f4440e13a4b,2160,2160,/workspace/cacao/cache_256/dataset_complete/cacao_diseases/cacao_photos/healthy/healthy_828.png,2160x2160,B,20,0.8807303,dataT/healthy/healthy_25.jpg,0,False,False,True,0.4803828,False,1904
c06012bf0b6c7e4e0cf878ac76662892,dataset_complete/cacao_diseases/cacao_photos/healthy/healthy_829.jpg,0,dd2eaeb88a9d80d2,2160,2160,/workspace/cacao/cache_256/dataset_complete/cacao_diseases/cacao_photos/healthy/healthy_829.png,2160x2160,B,18,0.8525553,dataT/healthy/healthy_1429.jpg,0,False,False,False,0.42267275,False,1905
1ce88387415c8110330020b4d36ea45d,dataset_complete/cacao_diseases/cacao_photos/healthy/healthy_830.jpg,0,e935163c87dd58c1,2160,2160,/workspace/cacao/cache_256/dataset_complete/cacao_diseases/cacao_photos/healthy/healthy_830.png,2160x2160,B,18,0.87200844,dataT/healthy/healthy_218.jpg,0,False,False,False,0.43059736,False,1906
de4193682338b804e151892146706948,dataset_complete/cacao_diseases/cacao_photos/healthy/healthy_831.jpg,0,ccc688e97937432d,2160,2160,/workspace/cacao/cache_256/dataset_complete/cacao_diseases/cacao_photos/healthy/healthy_831.png,2160x2160,B,18,0.83649826,dataT/healthy/healthy_64.jpg,0,False,False,False,0.4712566,False,1907
e3be756f7c9a2a68cb37a831b8dc9809,dataset_complete/cacao_diseases/cacao_photos/healthy/healthy_832.jpg,0,fd2e03b63e252958,2160,2160,/workspace/cacao/cache_256/dataset_complete/cacao_diseases/cacao_photos/healthy/healthy_832.png,2160x2160,B,16,0.8257109,dataT/healthy/healthy_615.jpg,0,False,False,False,0.43246263,False,1908
56ab8b309850db0d4e6d90f8a1945636,dataset_complete/cacao_diseases/cacao_photos/healthy/healthy_833.jpg,0,94f81e27302f19bb,2160,2160,/workspace/cacao/cache_256/dataset_complete/cacao_diseases/cacao_photos/healthy/healthy_833.png,2160x2160,B,16,0.8618874,dataT/healthy/healthy_70.jpg,0,False,False,False,0.44685355,False,1909
3871a709e0df8f47973711de04db22d7,dataset_complete/cacao_diseases/cacao_photos/healthy/healthy_834.jpg,0,c99c8f4f1303a6b6,2160,2160,/workspace/cacao/cache_256/dataset_complete/cacao_diseases/cacao_photos/healthy/healthy_834.png,2160x2160,B,14,0.8527193,dataT/healthy/healthy_1058.jpg,0,False,False,False,0.47440866,False,1910
db1c3ee6d31804de17e618a58462d676,dataset_complete/cacao_diseases/cacao_photos/healthy/healthy_835.jpg,0,a82de1a6d7cea8a4,2160,2160,/workspace/cacao/cache_256/dataset_complete/cacao_diseases/cacao_photos/healthy/healthy_835.png,2160x2160,B,16,0.84318537,dataT/healthy/healthy_1044.jpg,0,False,False,False,0.43489224,False,1911
36aade624e445595ede3b8deb19cf67d,dataset_complete/cacao_diseases/cacao_photos/healthy/healthy_836.jpg,0,c62d5b22c176ab56,1080,1080,/workspace/cacao/cache_256/dataset_complete/cacao_diseases/cacao_photos/healthy/healthy_836.png,1080x1080,A,16,0.8707211,dataT/healthy/healthy_74.jpg,0,False,False,False,0.44843972,False,1912
3d05924eedcf0357c099b4ae255c81ed,dataset_complete/cacao_diseases/cacao_photos/healthy/healthy_837.jpg,0,92f01926bd331d1f,2160,2160,/workspace/cacao/cache_256/dataset_complete/cacao_diseases/cacao_photos/healthy/healthy_837.png,2160x2160,B,16,0.8673864,dataT/healthy/healthy_2650.jpg,0,False,False,False,0.41389304,False,1913
141cef75cb30539ae0a9e1c4fdebe870,dataset_complete/cacao_diseases/cacao_photos/healthy/healthy_838.jpg,0,d8f8672647565859,2160,2160,/workspace/cacao/cache_256/dataset_complete/cacao_diseases/cacao_photos/healthy/healthy_838.png,2160x2160,B,16,0.8336925,dataT/healthy/healthy_10.jpg,0,False,False,False,0.43950158,False,1914
bfc08e70fa965b24f9584a082451a361,dataset_complete/cacao_diseases/cacao_photos/healthy/healthy_839.jpg,0,e8f439ac642ce4b6,2160,2160,/workspace/cacao/cache_256/dataset_complete/cacao_diseases/cacao_photos/healthy/healthy_839.png,2160x2160,B,16,0.8557416,dataT/healthy/healthy_1222.jpg,0,False,False,False,0.42774734,False,1915
a654b4c432de15836f5ed0b98fad8f55,dataset_complete/cacao_diseases/cacao_photos/healthy/healthy_840.jpg,0,cef61db22319b449,2160,2160,/workspace/cacao/cache_256/dataset_complete/cacao_diseases/cacao_photos/healthy/healthy_840.png,2160x2160,B,16,0.882599,dataT/healthy/healthy_627.jpg,0,False,False,True,0.48072827,False,1916
4ab9f67a961b04b55f8a800eb1d898cc,dataset_complete/cacao_diseases/cacao_photos/healthy/healthy_841.jpg,0,d1de62bf62076065,2160,2160,/workspace/cacao/cache_256/dataset_complete/cacao_diseases/cacao_photos/healthy/healthy_841.png,2160x2160,B,18,0.8761475,dataT/healthy/healthy_2817.jpg,0,False,False,False,0.5440198,False,1917
4de10efaccf91810f1d20df6c29128a5,dataset_complete/cacao_diseases/cacao_photos/healthy/healthy_842.jpg,0,94c26eb26ea24f2d,2160,2160,/workspace/cacao/cache_256/dataset_complete/cacao_diseases/cacao_photos/healthy/healthy_842.png,2160x2160,B,18,0.8893013,dataT/healthy/healthy_1516.jpg,0,False,False,True,0.52489096,False,1918
8f411d28879a2c83e600aadd7dbf9771,dataset_complete/cacao_diseases/cacao_photos/healthy/healthy_843.jpg,0,e61f5d653820353e,2160,2160,/workspace/cacao/cache_256/dataset_complete/cacao_diseases/cacao_photos/healthy/healthy_843.png,2160x2160,B,16,0.8525899,dataT/healthy/healthy_651.jpg,0,False,False,False,0.37363034,False,1919
f9c9294613d229b22b993b113d29119d,dataset_complete/cacao_diseases/cacao_photos/healthy/healthy_844.jpg,0,98381ba4e1e37b1d,2160,2160,/workspace/cacao/cache_256/dataset_complete/cacao_diseases/cacao_photos/healthy/healthy_844.png,2160x2160,B,20,0.88297737,dataT/healthy/healthy_2117.jpg,0,False,False,True,0.4891334,False,1920
173d5df469c0f3f164407ebc5e57b77a,dataset_complete/cacao_diseases/cacao_photos/healthy/healthy_845.jpg,0,cb235d67ac225656,2160,2160,/workspace/cacao/cache_256/dataset_complete/cacao_diseases/cacao_photos/healthy/healthy_845.png,2160x2160,B,16,0.8955611,dataT/healthy/healthy_243.jpg,0,False,False,True,0.40208197,False,1921
f9966ae62211511827aba706e862d131,dataset_complete/cacao_diseases/cacao_photos/healthy/healthy_846.jpg,0,f1b06c1716f0c3f8,2160,2160,/workspace/cacao/cache_256/dataset_complete/cacao_diseases/cacao_photos/healthy/healthy_846.png,2160x2160,B,16,0.86869586,dataT/healthy/healthy_1435.jpg,0,False,False,False,0.38905087,False,1922
fca38bbfd18c25a075af4fa0ebc8dea5,dataset_complete/cacao_diseases/cacao_photos/healthy/healthy_847.jpg,0,fb1de473606333c0,1080,1080,/workspace/cacao/cache_256/dataset_complete/cacao_diseases/cacao_photos/healthy/healthy_847.png,1080x1080,A,16,0.8536396,dataT/pod_rot_black/black_pod_rot_77.jpg,1,False,False,False,0.5427037,False,1923
5da242925dfb695c4471cf7e8fc78561,dataset_complete/cacao_diseases/cacao_photos/healthy/healthy_848.jpg,0,8a85daf0faf03817,2160,2160,/workspace/cacao/cache_256/dataset_complete/cacao_diseases/cacao_photos/healthy/healthy_848.png,2160x2160,B,18,0.87351894,dataT/healthy/healthy_3141.jpg,0,False,False,False,0.40530008,False,1924
70cd3f9578da2aba2376b32c82497ff7,dataset_complete/cacao_diseases/cacao_photos/healthy/healthy_849.jpg,0,a2fbe0602dc9c3cb,2160,2160,/workspace/cacao/cache_256/dataset_complete/cacao_diseases/cacao_photos/healthy/healthy_849.png,2160x2160,B,16,0.8403482,dataT/healthy/healthy_460.jpg,0,False,False,False,0.36353093,False,1925
8b462fcf4863255d617419184010abee,dataset_complete/cacao_diseases/cacao_photos/healthy/healthy_850.jpg,0,99f8293e276ad20b,2160,2160,/workspace/cacao/cache_256/dataset_complete/cacao_diseases/cacao_photos/healthy/healthy_850.png,2160x2160,B,16,0.8849878,dataT/healthy/healthy_2615.jpg,0,False,False,True,0.50023305,False,1926
0462329500e83e10e3a231bc2cc63bbb,dataset_complete/cacao_diseases/cacao_photos/healthy/healthy_851.jpg,0,c7b98c1f1c43c7e0,2160,2160,/workspace/cacao/cache_256/dataset_complete/cacao_diseases/cacao_photos/healthy/healthy_851.png,2160x2160,B,18,0.8451521,dataT/healthy/healthy_2587.jpg,0,False,False,False,0.35292163,False,1927
ee431a321cdde4c08bc9f84d35f50fe4,dataset_complete/cacao_diseases/cacao_photos/healthy/healthy_852.jpg,0,f0f31b03b89b683c,2160,2160,/workspace/cacao/cache_256/dataset_complete/cacao_diseases/cacao_photos/healthy/healthy_852.png,2160x2160,B,18,0.85830706,dataT/healthy/healthy_1564.jpg,0,False,False,False,0.45015323,False,1928
8a4de116d4e3dbcc7b3d2bb8b36aace8,dataset_complete/cacao_diseases/cacao_photos/healthy/healthy_853.jpg,0,d991b127e5e888cb,2160,2160,/workspace/cacao/cache_256/dataset_complete/cacao_diseases/cacao_photos/healthy/healthy_853.png,2160x2160,B,16,0.8455093,dataT/healthy/healthy_692.jpg,0,False,False,False,0.44724846,False,1929
91608e0c4e0e65c12773f7fca5e8cb63,dataset_complete/cacao_diseases/cacao_photos/healthy/healthy_854.jpg,0,9bc45b2b3542f89c,2160,2160,/workspace/cacao/cache_256/dataset_complete/cacao_diseases/cacao_photos/healthy/healthy_854.png,2160x2160,B,16,0.82813823,dataT/healthy/healthy_36.jpg,0,False,False,False,0.4149478,False,1930
04c0e70c63fc0bff1dcb4020e97b7d44,dataset_complete/cacao_diseases/cacao_photos/healthy/healthy_855.jpg,0,dce9e6c6d8c42986,2160,2160,/workspace/cacao/cache_256/dataset_complete/cacao_diseases/cacao_photos/healthy/healthy_855.png,2160x2160,B,16,0.8581981,dataT/healthy/healthy_1062.jpg,0,False,False,False,0.40135077,False,1931
7ef7a847a90ad75bc71a8a107a446ba7,dataset_complete/cacao_diseases/cacao_photos/healthy/healthy_856.jpg,0,d62e48627f74c4a3,2160,2160,/workspace/cacao/cache_256/dataset_complete/cacao_diseases/cacao_photos/healthy/healthy_856.png,2160x2160,B,18,0.9012011,dataT/healthy/healthy_1173.jpg,0,False,False,True,0.46826085,False,1932
98aefae1b0e961f2da7a81b637796d7d,dataset_complete/cacao_diseases/cacao_photos/healthy/healthy_857.jpg,0,8b44712733af1d9c,2160,2160,/workspace/cacao/cache_256/dataset_complete/cacao_diseases/cacao_photos/healthy/healthy_857.png,2160x2160,B,16,0.8445965,dataT/healthy/healthy_3090.jpg,0,False,False,False,0.53201723,False,1933
ed17ce25102cbb3c3159f4585d6444a9,dataset_complete/cacao_diseases/cacao_photos/healthy/healthy_858.jpg,0,854e5bb4fc10683f,1080,1080,/workspace/cacao/cache_256/dataset_complete/cacao_diseases/cacao_photos/healthy/healthy_858.png,1080x1080,A,14,0.82379234,dataT/healthy/healthy_265.jpg,0,False,False,False,0.43022913,False,1934
9b2f9f761b3923c1c05467237df35632,dataset_complete/cacao_diseases/cacao_photos/healthy/healthy_859.jpg,0,feb1081357d4170f,2160,2160,/workspace/cacao/cache_256/dataset_complete/cacao_diseases/cacao_photos/healthy/healthy_859.png,2160x2160,B,16,0.87200516,dataT/healthy/healthy_1563.jpg,0,False,False,False,0.45134103,False,1935
ede74ee1373fde15f1feb2218f65b818,dataset_complete/cacao_diseases/cacao_photos/healthy/healthy_860.jpg,0,9ff72d94161ba484,2160,2160,/workspace/cacao/cache_256/dataset_complete/cacao_diseases/cacao_photos/healthy/healthy_860.png,2160x2160,B,18,0.8840993,dataT/healthy/healthy_1545.jpg,0,False,False,True,0.460423,False,1936
37189107f3d0ca461752298295306875,dataset_complete/cacao_diseases/cacao_photos/healthy/healthy_861.jpg,0,d9c6837470217af9,2160,2160,/workspace/cacao/cache_256/dataset_complete/cacao_diseases/cacao_photos/healthy/healthy_861.png,2160x2160,B,18,0.85939157,dataT/healthy/healthy_2638.jpg,0,False,False,False,0.3530811,False,1937
d6d10a6222f83e0688572c1d68c35cf5,dataset_complete/cacao_diseases/cacao_photos/healthy/healthy_862.jpg,0,9e9671123631727b,2160,2160,/workspace/cacao/cache_256/dataset_complete/cacao_diseases/cacao_photos/healthy/healthy_862.png,2160x2160,B,16,0.82944345,dataT/healthy/healthy_585.jpg,0,False,False,False,0.46966422,False,1938
e4d6220fb18d1748f14f4861058d4ee7,dataset_complete/cacao_diseases/cacao_photos/healthy/healthy_863.jpg,0,ade4b13416564abd,2160,2160,/workspace/cacao/cache_256/dataset_complete/cacao_diseases/cacao_photos/healthy/healthy_863.png,2160x2160,B,16,0.8094189,dataT/healthy/healthy_1175.jpg,0,False,False,False,0.44745305,False,1939
b1a2b800b01c040e1e7d03389c646845,dataset_complete/cacao_diseases/cacao_photos/healthy/healthy_864.jpg,0,da0173f712720fd4,2160,2160,/workspace/cacao/cache_256/dataset_complete/cacao_diseases/cacao_photos/healthy/healthy_864.png,2160x2160,B,18,0.8558923,dataT/healthy/healthy_2596.jpg,0,False,False,False,0.43214804,False,1940
88485bd45cc9ff3409333f4dd192ea4c,dataset_complete/cacao_diseases/cacao_photos/healthy/healthy_865.jpg,0,cfb9bd070790c564,2160,2160,/workspace/cacao/cache_256/dataset_complete/cacao_diseases/cacao_photos/healthy/healthy_865.png,2160x2160,B,18,0.82119095,dataT/healthy/healthy_2590.jpg,0,False,False,False,0.3333584,False,1941
c3e989684f20feb933578f47855108be,dataset_complete/cacao_diseases/cacao_photos/healthy/healthy_866.jpg,0,d82e6934f20df8c6,2160,2160,/workspace/cacao/cache_256/dataset_complete/cacao_diseases/cacao_photos/healthy/healthy_866.png,2160x2160,B,18,0.82810414,dataT/healthy/healthy_470.jpg,0,False,False,False,0.36783487,False,1942
720f5ca5d9d882f9e3066525af4a2e7a,dataset_complete/cacao_diseases/cacao_photos/healthy/healthy_867.jpg,0,86ef733969582c16,2160,2160,/workspace/cacao/cache_256/dataset_complete/cacao_diseases/cacao_photos/healthy/healthy_867.png,2160x2160,B,18,0.80933553,dataT/healthy/healthy_4.jpg,0,False,False,False,0.4785925,False,1943
c54121276aeec6f785b22f3fa372c2a9,dataset_complete/cacao_diseases/cacao_photos/healthy/healthy_868.jpg,0,dbe2bcf730905914,2160,2160,/workspace/cacao/cache_256/dataset_complete/cacao_diseases/cacao_photos/healthy/healthy_868.png,2160x2160,B,16,0.82373154,dataT/healthy/healthy_1173.jpg,0,False,False,False,0.3951155,False,1944
ae5fd4be2ebeae15072c45a0632420bc,dataset_complete/cacao_diseases/cacao_photos/healthy/healthy_869.jpg,0,981d6d6aa465cce3,1080,1080,/workspace/cacao/cache_256/dataset_complete/cacao_diseases/cacao_photos/healthy/healthy_869.png,1080x1080,A,16,0.8814732,dataT/pod_rot_black/black_pod_rot_764.jpg,1,False,False,True,0.539697,False,1945
f5f57b94dc13f22ed3e3afc8d311a196,dataset_complete/cacao_diseases/cacao_photos/healthy/healthy_870.jpg,0,dffe333033141519,2160,2160,/workspace/cacao/cache_256/dataset_complete/cacao_diseases/cacao_photos/healthy/healthy_870.png,2160x2160,B,16,0.8182008,dataT/healthy/healthy_425.jpg,0,False,False,False,0.46509194,False,1946
aee33160bddd6d2442f47536ce874d6c,dataset_complete/cacao_diseases/cacao_photos/healthy/healthy_871.jpg,0,d9f6244666ec889b,2160,2160,/workspace/cacao/cache_256/dataset_complete/cacao_diseases/cacao_photos/healthy/healthy_871.png,2160x2160,B,16,0.84393346,dataT/healthy/healthy_69.jpg,0,False,False,False,0.47851682,False,1947
74219fb29c276ee52ad6366e20661c44,dataset_complete/cacao_diseases/cacao_photos/healthy/healthy_872.jpg,0,c8e4733f63c300ed,2160,2160,/workspace/cacao/cache_256/dataset_complete/cacao_diseases/cacao_photos/healthy/healthy_872.png,2160x2160,B,16,0.8327935,dataT/healthy/healthy_656.jpg,0,False,False,False,0.47728035,False,1948
272dbb5bef1f68eacb8b2b566f2c9eeb,dataset_complete/cacao_diseases/cacao_photos/healthy/healthy_873.jpg,0,cda4342963ee6273,2160,2160,/workspace/cacao/cache_256/dataset_complete/cacao_diseases/cacao_photos/healthy/healthy_873.png,2160x2160,B,16,0.8241327,dataT/healthy/healthy_1062.jpg,0,False,False,False,0.37957397,False,1949
466073739fae961a7b9b8c33d64cd345,dataset_complete/cacao_diseases/cacao_photos/healthy/healthy_874.jpg,0,9ca46463f0f0e99d,2160,2160,/workspace/cacao/cache_256/dataset_complete/cacao_diseases/cacao_photos/healthy/healthy_874.png,2160x2160,B,16,0.9041915,dataT/healthy/healthy_223.jpg,0,False,False,True,0.5386998,False,1950
430fb0d90157f2edc0e6a68a8a1c0f69,dataset_complete/cacao_diseases/cacao_photos/healthy/healthy_875.jpg,0,d8a72036362dbdb4,2160,2160,/workspace/cacao/cache_256/dataset_complete/cacao_diseases/cacao_photos/healthy/healthy_875.png,2160x2160,B,16,0.8636426,dataT/healthy/healthy_1525.jpg,0,False,False,False,0.49208897,False,1951
7bc9a898331103a64398e6c3627c8c45,dataset_complete/cacao_diseases/cacao_photos/healthy/healthy_876.jpg,0,8b337926e5c417c5,2160,2160,/workspace/cacao/cache_256/dataset_complete/cacao_diseases/cacao_photos/healthy/healthy_876.png,2160x2160,B,16,0.8134396,dataT/healthy/healthy_223.jpg,0,False,False,False,0.4865612,False,1952
814b3d49500d1943888de18dca3a5336,dataset_complete/cacao_diseases/cacao_photos/healthy/healthy_877.jpg,0,9ba764b9e4598b88,2160,2160,/workspace/cacao/cache_256/dataset_complete/cacao_diseases/cacao_photos/healthy/healthy_877.png,2160x2160,B,18,0.8254353,dataT/healthy/healthy_470.jpg,0,False,False,False,0.37656772,False,1953
c24ffa5a47f9487c835d3c8b20498f85,dataset_complete/cacao_diseases/cacao_photos/healthy/healthy_878.jpg,0,ccf207ad8c88be66,2160,2160,/workspace/cacao/cache_256/dataset_complete/cacao_diseases/cacao_photos/healthy/healthy_878.png,2160x2160,B,20,0.8473327,dataT/healthy/healthy_53.jpg,0,False,False,False,0.49291056,False,1954
14539f178746930a75ebb9d288a50cde,dataset_complete/cacao_diseases/cacao_photos/healthy/healthy_879.jpg,0,a32ca8b1b6f6524e,2160,2160,/workspace/cacao/cache_256/dataset_complete/cacao_diseases/cacao_photos/healthy/healthy_879.png,2160x2160,B,18,0.8402071,dataT/pod_rot_black/black_pod_rot_196.jpg,1,False,False,False,0.43269777,False,1955
d8ae350c73850cdc558e5d5ededeb588,dataset_complete/cacao_diseases/cacao_photos/healthy/healthy_880.jpg,0,c042ad36363bf1f1,1080,1080,/workspace/cacao/cache_256/dataset_complete/cacao_diseases/cacao_photos/healthy/healthy_880.png,1080x1080,A,16,0.89704895,dataT/healthy/healthy_1218.jpg,0,False,False,True,0.46561494,False,1956
cb0e261aea93f186f5506b7cd35dd048,dataset_complete/cacao_diseases/cacao_photos/healthy/healthy_881.jpg,0,fa4b6003fe32d40f,2160,2160,/workspace/cacao/cache_256/dataset_complete/cacao_diseases/cacao_photos/healthy/healthy_881.png,2160x2160,B,20,0.88349247,dataT/healthy/healthy_617.jpg,0,False,False,True,0.40147614,False,1765
eb8fa710ca2cf19426ac4e1a7468c8ba,dataset_complete/cacao_diseases/cacao_photos/healthy/healthy_882.jpg,0,eead9770a4ee9401,2160,2160,/workspace/cacao/cache_256/dataset_complete/cacao_diseases/cacao_photos/healthy/healthy_882.png,2160x2160,B,14,0.82587796,dataT/healthy/healthy_1074.jpg,0,False,False,False,0.4343787,False,1958
222843dd4fb8efb143d566c168dc525e,dataset_complete/cacao_diseases/cacao_photos/healthy/healthy_883.jpg,0,dbee9393819158d8,2160,2160,/workspace/cacao/cache_256/dataset_complete/cacao_diseases/cacao_photos/healthy/healthy_883.png,2160x2160,B,16,0.84546804,dataT/healthy/healthy_243.jpg,0,False,False,False,0.37080944,False,1959
db76b3a35dad79aebe6370d2d1ab4f09,dataset_complete/cacao_diseases/cacao_photos/healthy/healthy_884.jpg,0,94da12237be46e66,2160,2160,/workspace/cacao/cache_256/dataset_complete/cacao_diseases/cacao_photos/healthy/healthy_884.png,2160x2160,B,14,0.8499069,dataT/healthy/healthy_3101.jpg,0,False,False,False,0.57256776,False,1960
b5e5bbd6e71bde7ce1a0c57163662adb,dataset_complete/cacao_diseases/cacao_photos/healthy/healthy_885.jpg,0,ceb1b13159f3909a,2160,2160,/workspace/cacao/cache_256/dataset_complete/cacao_diseases/cacao_photos/healthy/healthy_885.png,2160x2160,B,16,0.8662015,dataT/healthy/healthy_1483.jpg,0,False,False,False,0.548572,False,1961
9a54615fbf3cfb74c32d2b90372fed21,dataset_complete/cacao_diseases/cacao_photos/healthy/healthy_886.jpg,0,999859a7b653495c,2160,2160,/workspace/cacao/cache_256/dataset_complete/cacao_diseases/cacao_photos/healthy/healthy_886.png,2160x2160,B,16,0.865204,dataT/healthy/healthy_580.jpg,0,False,False,False,0.47984153,False,1962
fb6209350463a14834912a83bc321dc6,dataset_complete/cacao_diseases/cacao_photos/healthy/healthy_887.jpg,0,8a8b507675793993,2160,2160,/workspace/cacao/cache_256/dataset_complete/cacao_diseases/cacao_photos/healthy/healthy_887.png,2160x2160,B,18,0.86138153,dataT/healthy/healthy_3164.jpg,0,False,False,False,0.51518536,False,1963
f972fde31883316ca4cb5b1fcf674ff4,dataset_complete/cacao_diseases/cacao_photos/healthy/healthy_888.jpg,0,cea31d3e587874b0,2160,2160,/workspace/cacao/cache_256/dataset_complete/cacao_diseases/cacao_photos/healthy/healthy_888.png,2160x2160,B,14,0.85610574,dataT/healthy/healthy_203.jpg,0,False,False,False,0.4851709,False,1964
047c8feb2b7c7ec637f7adfecdef831a,dataset_complete/cacao_diseases/cacao_photos/healthy/healthy_889.jpg,0,e1987cf93184b387,2160,2160,/workspace/cacao/cache_256/dataset_complete/cacao_diseases/cacao_photos/healthy/healthy_889.png,2160x2160,B,18,0.6916816,dataT/pod_rot_black/black_pod_rot_130.jpg,1,False,False,False,0.45986181,False,1965
3530b42017dbf69ec146da107d2428b1,dataset_complete/cacao_diseases/cacao_photos/healthy/healthy_890.jpg,0,a40432766b1f6d3e,2160,2160,/workspace/cacao/cache_256/dataset_complete/cacao_diseases/cacao_photos/healthy/healthy_890.png,2160x2160,B,18,0.8316706,dataT/healthy/healthy_2818.jpg,0,False,False,False,0.4678499,False,1966
dd1c140bd7b4ec533c3d303203b0eeee,dataset_complete/cacao_diseases/cacao_photos/healthy/healthy_891.jpg,0,87b6013b583bf9b0,1080,1080,/workspace/cacao/cache_256/dataset_complete/cacao_diseases/cacao_photos/healthy/healthy_891.png,1080x1080,A,16,0.91744274,dataT/healthy/healthy_3.jpg,0,False,False,True,0.52023816,False,1967
8fef486fb2a411053f0920339daeb0d2,dataset_complete/cacao_diseases/cacao_photos/healthy/healthy_892.jpg,0,c44719332733e6c7,1080,1080,/workspace/cacao/cache_256/dataset_complete/cacao_diseases/cacao_photos/healthy/healthy_892.png,1080x1080,A,12,0.87945646,dataT/healthy/healthy_419.jpg,0,False,False,False,0.47416356,False,1968
62399e740fc2810604ea677f9112af7c,dataset_complete/cacao_diseases/cacao_photos/healthy/healthy_893.jpg,0,dec66965696c65a0,2160,2160,/workspace/cacao/cache_256/dataset_complete/cacao_diseases/cacao_photos/healthy/healthy_893.png,2160x2160,B,16,0.86762446,dataT/healthy/healthy_3327.jpg,0,False,False,False,0.5102567,False,1969
8877f4bdc646dc64c4bdc5170c507db1,dataset_complete/cacao_diseases/cacao_photos/healthy/healthy_894.jpg,0,b329596626de20db,2160,2160,/workspace/cacao/cache_256/dataset_complete/cacao_diseases/cacao_photos/healthy/healthy_894.png,2160x2160,B,16,0.8940117,dataT/healthy/healthy_1144.jpg,0,False,False,True,0.47602177,False,1970
657cf8a908e153c96fb4f9ff82f3781e,dataset_complete/cacao_diseases/cacao_photos/healthy/healthy_895.jpg,0,cce6494b4daca4b6,2160,2160,/workspace/cacao/cache_256/dataset_complete/cacao_diseases/cacao_photos/healthy/healthy_895.png,2160x2160,B,14,0.84185624,dataT/healthy/healthy_39.jpg,0,False,False,False,0.52050775,False,1971
5239a17e03b8e8c9541e6ea291239b65,dataset_complete/cacao_diseases/cacao_photos/healthy/healthy_896.jpg,0,e64b08353d3e3674,2160,2160,/workspace/cacao/cache_256/dataset_complete/cacao_diseases/cacao_photos/healthy/healthy_896.png,2160x2160,B,16,0.8577093,dataT/healthy/healthy_3136.jpg,0,False,False,False,0.45038682,False,1972
17ab233a1321c1b7eb759d64607e27e3,dataset_complete/cacao_diseases/cacao_photos/healthy/healthy_897.jpg,0,bdd40d32423b3f23,2160,2160,/workspace/cacao/cache_256/dataset_complete/cacao_diseases/cacao_photos/healthy/healthy_897.png,2160x2160,B,16,0.86700857,dataT/healthy/healthy_27.jpg,0,False,False,False,0.5659274,False,1973
3daf5b12ef065b1d97386e15f4456aee,dataset_complete/cacao_diseases/cacao_photos/healthy/healthy_898.jpg,0,9924786d62c3c6cf,2160,2160,/workspace/cacao/cache_256/dataset_complete/cacao_diseases/cacao_photos/healthy/healthy_898.png,2160x2160,B,18,0.87699604,dataT/pod_rot_black/black_pod_rot_393.jpg,1,False,False,False,0.5008244,False,1974
ac76da00d17e243c42acb5b776d1a97a,dataset_complete/cacao_diseases/cacao_photos/healthy/healthy_899.jpg,0,c8e26f474f1ed910,2160,2160,/workspace/cacao/cache_256/dataset_complete/cacao_diseases/cacao_photos/healthy/healthy_899.png,2160x2160,B,18,0.8498771,dataT/healthy/healthy_1200.jpg,0,False,False,False,0.4029966,False,1975
6a7bafe9a97ac306bcfd9739a1553198,dataset_complete/cacao_diseases/cacao_photos/healthy/healthy_900.jpg,0,ccd519b662e2b45c,2160,2160,/workspace/cacao/cache_256/dataset_complete/cacao_diseases/cacao_photos/healthy/healthy_900.png,2160x2160,B,18,0.86320937,dataT/healthy/healthy_2603.jpg,0,False,False,False,0.4620263,False,1976
40b8ab60142561ca335e840ccfa50cbb,dataset_complete/cacao_diseases/cacao_photos/healthy/healthy_901.jpg,0,899ca071175a795f,2160,2160,/workspace/cacao/cache_256/dataset_complete/cacao_diseases/cacao_photos/healthy/healthy_901.png,2160x2160,B,18,0.8629612,dataT/healthy/healthy_2817.jpg,0,False,False,False,0.535927,False,1977
c5a0d838883937096c6ae764374c4705,dataset_complete/cacao_diseases/cacao_photos/healthy/healthy_902.jpg,0,98b8cd736c8ae88d,2160,2160,/workspace/cacao/cache_256/dataset_complete/cacao_diseases/cacao_photos/healthy/healthy_902.png,2160x2160,B,18,0.8723242,dataT/healthy/healthy_626.jpg,0,False,False,False,0.4377637,False,1978
94ba41c15f45ed5acb4c7e9deb48feb9,dataset_complete/cacao_diseases/cacao_photos/healthy/healthy_903.jpg,0,9b19d4675a33c887,1080,1080,/workspace/cacao/cache_256/dataset_complete/cacao_diseases/cacao_photos/healthy/healthy_903.png,1080x1080,A,18,0.86466396,dataT/healthy/healthy_438.jpg,0,False,False,False,0.45390385,False,1979
58ae758f539420e73545a29c65a0f124,dataset_complete/cacao_diseases/cacao_photos/healthy/healthy_904.jpg,0,ccd072b5f45a6ab0,2160,2160,/workspace/cacao/cache_256/dataset_complete/cacao_diseases/cacao_photos/healthy/healthy_904.png,2160x2160,B,18,0.83875966,dataT/healthy/healthy_1045.jpg,0,False,False,False,0.3693722,False,1980
99077ae84f74f4a8119d397d2f204f24,dataset_complete/cacao_diseases/cacao_photos/healthy/healthy_905.jpg,0,cb69f17658e705a0,2160,2160,/workspace/cacao/cache_256/dataset_complete/cacao_diseases/cacao_photos/healthy/healthy_905.png,2160x2160,B,16,0.8786577,dataT/healthy/healthy_288.jpg,0,False,False,False,0.4322609,False,1981
f746fa05a6a0024912ca86adb0069f54,dataset_complete/cacao_diseases/cacao_photos/healthy/healthy_906.jpg,0,ff4c60007fba504f,2160,2160,/workspace/cacao/cache_256/dataset_complete/cacao_diseases/cacao_photos/healthy/healthy_906.png,2160x2160,B,18,0.88237435,dataT/healthy/healthy_617.jpg,0,False,False,True,0.39674008,False,1765
c0a47f53c2e654af6e9b01c1d46026c1,dataset_complete/cacao_diseases/cacao_photos/healthy/healthy_907.jpg,0,87bff4227149594a,2160,2160,/workspace/cacao/cache_256/dataset_complete/cacao_diseases/cacao_photos/healthy/healthy_907.png,2160x2160,B,16,0.8593881,dataT/pod_rot_black/black_pod_rot_126.jpg,1,False,False,False,0.50046206,False,1983
13f22e47e3064ed2ab80aeec0ed2c2d5,dataset_complete/cacao_diseases/cacao_photos/healthy/healthy_908.jpg,0,8e1cf82037b267b6,2160,2160,/workspace/cacao/cache_256/dataset_complete/cacao_diseases/cacao_photos/healthy/healthy_908.png,2160x2160,B,16,0.86333144,dataT/healthy/healthy_1189.jpg,0,False,False,False,0.46454257,False,1984
c5aba89c76037bb1141296d7e641d11e,dataset_complete/cacao_diseases/cacao_photos/healthy/healthy_909.jpg,0,d9fcb7237203264c,2160,2160,/workspace/cacao/cache_256/dataset_complete/cacao_diseases/cacao_photos/healthy/healthy_909.png,2160x2160,B,14,0.84351826,dataT/healthy/healthy_2146.jpg,0,False,False,False,0.5026407,False,1985
b3e5e77794cdc5c77db726e5dc79183e,dataset_complete/cacao_diseases/cacao_photos/healthy/healthy_910.jpg,0,9aa5896a5d8f1cd1,2160,2160,/workspace/cacao/cache_256/dataset_complete/cacao_diseases/cacao_photos/healthy/healthy_910.png,2160x2160,B,16,0.8616675,dataT/pod_rot_black/black_pod_rot_374.jpg,1,False,False,False,0.3865158,False,1986
1581db102463aa63d055c62d882eca5b,dataset_complete/cacao_diseases/cacao_photos/healthy/healthy_911.jpg,0,9b635cb16a8cb670,2160,2160,/workspace/cacao/cache_256/dataset_complete/cacao_diseases/cacao_photos/healthy/healthy_911.png,2160x2160,B,18,0.82886004,dataT/healthy/healthy_1040.jpg,0,False,False,False,0.3863363,False,1987
83032f49b58080662039cf4ca7eeb617,dataset_complete/cacao_diseases/cacao_photos/healthy/healthy_912.jpg,0,9df3f4254a252363,2160,2160,/workspace/cacao/cache_256/dataset_complete/cacao_diseases/cacao_photos/healthy/healthy_912.png,2160x2160,B,16,0.872075,dataT/healthy/healthy_2761.jpg,0,False,False,False,0.4018512,False,1988
4bc3ee47b54a611e8e7bdfa144a1d380,dataset_complete/cacao_diseases/cacao_photos/healthy/healthy_913.jpg,0,946a3337721e0fd8,2160,2160,/workspace/cacao/cache_256/dataset_complete/cacao_diseases/cacao_photos/healthy/healthy_913.png,2160x2160,B,16,0.848427,dataT/healthy/healthy_1154.jpg,0,False,False,False,0.4851788,False,1989
1ed65d8ae057ac17337e67a464165360,dataset_complete/cacao_diseases/cacao_photos/healthy/healthy_914.jpg,0,841d5b75606a579e,1080,1080,/workspace/cacao/cache_256/dataset_complete/cacao_diseases/cacao_photos/healthy/healthy_914.png,1080x1080,A,16,0.8297386,dataT/healthy/healthy_1673.jpg,0,False,False,False,0.5195448,False,1990
1f9bba9c7b3d4e7377ee36c3a89c51e6,dataset_complete/cacao_diseases/cacao_photos/healthy/healthy_915.jpg,0,c9cd392bc3da8ec0,2160,2160,/workspace/cacao/cache_256/dataset_complete/cacao_diseases/cacao_photos/healthy/healthy_915.png,2160x2160,B,16,0.9071269,dataT/healthy/healthy_1202.jpg,0,False,False,True,0.39225045,False,1991
8ba74a64ab0d49e2f0871dc09c3a90be,dataset_complete/cacao_diseases/cacao_photos/healthy/healthy_916.jpg,0,969e7273a10f4c96,2160,2160,/workspace/cacao/cache_256/dataset_complete/cacao_diseases/cacao_photos/healthy/healthy_916.png,2160x2160,B,18,0.85046744,dataT/healthy/healthy_2117.jpg,0,False,False,False,0.5132178,False,1992
efc59d3b96a8883ee1e497aea930b2b0,dataset_complete/cacao_diseases/cacao_photos/healthy/healthy_917.jpg,0,de366903e554e692,2160,2160,/workspace/cacao/cache_256/dataset_complete/cacao_diseases/cacao_photos/healthy/healthy_917.png,2160x2160,B,18,0.78958553,dataT/healthy/healthy_2748.jpg,0,False,False,False,0.30113095,False,1993
a607ff129ae6bc92eb05d64fc4eebe9f,dataset_complete/cacao_diseases/cacao_photos/healthy/healthy_918.jpg,0,99b36c36a489d695,2160,2160,/workspace/cacao/cache_256/dataset_complete/cacao_diseases/cacao_photos/healthy/healthy_918.png,2160x2160,B,16,0.87090003,dataT/healthy/healthy_419.jpg,0,False,False,False,0.48046023,False,139
4e08cd94b8a63c00119889b086c3ac44,dataset_complete/cacao_diseases/cacao_photos/healthy/healthy_919.jpg,0,e9cc0e7c6c70d073,2160,2160,/workspace/cacao/cache_256/dataset_complete/cacao_diseases/cacao_photos/healthy/healthy_919.png,2160x2160,B,18,0.7338543,dataT/pod_rot_black/black_pod_rot_143.jpg,1,False,False,False,0.5272787,False,1995
ee93285ec2233ee00ee52452a8980702,dataset_complete/cacao_diseases/cacao_photos/healthy/healthy_920.jpg,0,aab8d532919b99d1,2160,2160,/workspace/cacao/cache_256/dataset_complete/cacao_diseases/cacao_photos/healthy/healthy_920.png,2160x2160,B,16,0.7305065,dataT/healthy/healthy_1513.jpg,0,False,False,False,0.5001959,False,1996
83f65f6546f81f2c8d15c9d514916c7f,dataset_complete/cacao_diseases/cacao_photos/healthy/healthy_921.jpg,0,cce5a173e13f5809,2160,2160,/workspace/cacao/cache_256/dataset_complete/cacao_diseases/cacao_photos/healthy/healthy_921.png,2160x2160,B,16,0.80572045,dataT/pod_rot_black/black_pod_rot_223.jpg,1,False,False,False,0.40529007,False,1997
671c6286322feaccbc3d7c1c6cff5035,dataset_complete/cacao_diseases/cacao_photos/healthy/healthy_922.jpg,0,dcec272762d90cd8,2160,2160,/workspace/cacao/cache_256/dataset_complete/cacao_diseases/cacao_photos/healthy/healthy_922.png,2160x2160,B,16,0.9459232,dataT/healthy/healthy_1202.jpg,0,True,True,False,0.44450006,False,1998
879569e4e4edc19e1df8734b5adc18a5,dataset_complete/cacao_diseases/cacao_photos/healthy/healthy_923.jpg,0,922c4917ddd23b96,2160,2160,/workspace/cacao/cache_256/dataset_complete/cacao_diseases/cacao_photos/healthy/healthy_923.png,2160x2160,B,20,0.8625647,dataT/healthy/healthy_101.jpg,0,False,False,False,0.46103868,False,1999
9729361af08e1d8cbd2228e1b8996a82,dataset_complete/cacao_diseases/cacao_photos/healthy/healthy_924.jpg,0,8e9574738bf89883,2160,2160,/workspace/cacao/cache_256/dataset_complete/cacao_diseases/cacao_photos/healthy/healthy_924.png,2160x2160,B,16,0.8534415,dataT/healthy/healthy_3133.jpg,0,False,False,False,0.5302276,False,2000
21714cca10258e5d2cc2a126c7e1f10d,dataset_complete/cacao_diseases/cacao_photos/healthy/healthy_925.jpg,0,ec4f21727b228ba9,1080,1080,/workspace/cacao/cache_256/dataset_complete/cacao_diseases/cacao_photos/healthy/healthy_925.png,1080x1080,A,12,0.86935055,dataT/healthy/healthy_2617.jpg,0,False,False,False,0.49240482,False,2001
740bf170112116d082131ce3faa16c10,dataset_complete/cacao_diseases/cacao_photos/healthy/healthy_926.jpg,0,e7d4b9b53e292444,2160,2160,/workspace/cacao/cache_256/dataset_complete/cacao_diseases/cacao_photos/healthy/healthy_926.png,2160x2160,B,16,0.87291014,dataT/healthy/healthy_612.jpg,0,False,False,False,0.45256734,False,2002
1fef761ca1b7a71ec32d4230c6926b6d,dataset_complete/cacao_diseases/cacao_photos/healthy/healthy_927.jpg,0,b36048e6a30fae5d,2160,2160,/workspace/cacao/cache_256/dataset_complete/cacao_diseases/cacao_photos/healthy/healthy_927.png,2160x2160,B,16,0.84039307,dataT/healthy/healthy_566.jpg,0,False,False,False,0.32398278,False,2003
37f9e23b5127f22c95f46c9bd8699744,dataset_complete/cacao_diseases/cacao_photos/healthy/healthy_928.jpg,0,a6a6091d313bb6b3,2160,2160,/workspace/cacao/cache_256/dataset_complete/cacao_diseases/cacao_photos/healthy/healthy_928.png,2160x2160,B,18,0.81825584,dataT/healthy/healthy_1507.jpg,0,False,False,False,0.44769135,False,2004
31471f38942255a508d6832be6b6e6b6,dataset_complete/cacao_diseases/cacao_photos/healthy/healthy_929.jpg,0,9b5a6cedc21816ad,2160,2160,/workspace/cacao/cache_256/dataset_complete/cacao_diseases/cacao_photos/healthy/healthy_929.png,2160x2160,B,18,0.8672546,dataT/healthy/healthy_566.jpg,0,False,False,False,0.44725543,False,2005
99655a7d8dfb2e7673e6dfb324aaf558,dataset_complete/cacao_diseases/cacao_photos/healthy/healthy_930.jpg,0,b67bede5434a5180,2160,2160,/workspace/cacao/cache_256/dataset_complete/cacao_diseases/cacao_photos/healthy/healthy_930.png,2160x2160,B,16,0.8709017,dataT/healthy/healthy_1065.jpg,0,True,True,False,0.5454981,False,2006
45d63d707153534500dfa36c57f0bbcb,dataset_complete/cacao_diseases/cacao_photos/healthy/healthy_931.jpg,0,e38f8c030a2fa7d3,2160,2160,/workspace/cacao/cache_256/dataset_complete/cacao_diseases/cacao_photos/healthy/healthy_931.png,2160x2160,B,18,0.8743149,dataT/healthy/healthy_2643.jpg,0,False,False,False,0.5158943,False,2007
82cdf9f08fa51d3ff349d95622fa86fc,dataset_complete/cacao_diseases/cacao_photos/healthy/healthy_932.jpg,0,c64eb97e01aad287,2160,2160,/workspace/cacao/cache_256/dataset_complete/cacao_diseases/cacao_photos/healthy/healthy_932.png,2160x2160,B,16,0.8690352,dataT/healthy/healthy_1083.jpg,0,False,False,False,0.3907023,False,2008
677f680e08b7ffecd2d17968c8281a80,dataset_complete/cacao_diseases/cacao_photos/healthy/healthy_933.jpg,0,8d35f63596e218f0,2160,2160,/workspace/cacao/cache_256/dataset_complete/cacao_diseases/cacao_photos/healthy/healthy_933.png,2160x2160,B,18,0.871593,dataT/healthy/healthy_1197.jpg,0,False,False,False,0.5136285,False,2009
c33393d558ed770cd37569d5e56d64a2,dataset_complete/cacao_diseases/cacao_photos/healthy/healthy_934.jpg,0,9b2d293276d8f702,2160,2160,/workspace/cacao/cache_256/dataset_complete/cacao_diseases/cacao_photos/healthy/healthy_934.png,2160x2160,B,14,0.8867192,dataT/healthy/healthy_243.jpg,0,False,False,True,0.37650767,False,2010
a5ec2911edbb448e1bdabf10f7f66177,dataset_complete/cacao_diseases/cacao_photos/healthy/healthy_935.jpg,0,88377332a897bdd0,2160,2160,/workspace/cacao/cache_256/dataset_complete/cacao_diseases/cacao_photos/healthy/healthy_935.png,2160x2160,B,18,0.84933966,dataT/healthy/healthy_238.jpg,0,False,False,False,0.37793988,False,2011
72f4f66641cb523054bded5b349ee237,dataset_complete/cacao_diseases/cacao_photos/healthy/healthy_936.jpg,0,c31ccd22b673f04b,1080,1080,/workspace/cacao/cache_256/dataset_complete/cacao_diseases/cacao_photos/healthy/healthy_936.png,1080x1080,A,16,0.903807,dataT/healthy/healthy_245.jpg,0,False,False,True,0.46521285,False,2012
021450b81b9edac7ff766e81f2d64fed,dataset_complete/cacao_diseases/cacao_photos/healthy/healthy_937.jpg,0,8857a216c6a9df87,2160,2160,/workspace/cacao/cache_256/dataset_complete/cacao_diseases/cacao_photos/healthy/healthy_937.png,2160x2160,B,20,0.8485215,dataT/healthy/healthy_2596.jpg,0,False,False,False,0.36904633,False,2013
afb23970f43675bae0db24f820b51ade,dataset_complete/cacao_diseases/cacao_photos/healthy/healthy_938.jpg,0,d9e4796863e5f280,2160,2160,/workspace/cacao/cache_256/dataset_complete/cacao_diseases/cacao_photos/healthy/healthy_938.png,2160x2160,B,14,0.8639425,dataT/healthy/healthy_656.jpg,0,False,False,False,0.45735872,False,2014
4de090dc5fb631b44aa0fc2d48c09480,dataset_complete/cacao_diseases/cacao_photos/healthy/healthy_939.jpg,0,d0e41927423a7b7b,2160,2160,/workspace/cacao/cache_256/dataset_complete/cacao_diseases/cacao_photos/healthy/healthy_939.png,2160x2160,B,18,0.8633349,dataT/healthy/healthy_226.jpg,0,False,False,False,0.3903953,False,2015
4a2abe6d84422e28b9d4e43a47983f0d,dataset_complete/cacao_diseases/cacao_photos/healthy/healthy_940.jpg,0,c2384d67be874999,2160,2160,/workspace/cacao/cache_256/dataset_complete/cacao_diseases/cacao_photos/healthy/healthy_940.png,2160x2160,B,14,0.8689691,dataT/healthy/healthy_1525.jpg,0,False,False,False,0.6160783,False,2016
6f8e2511c0e64132c941ca7e3b06a713,dataset_complete/cacao_diseases/cacao_photos/healthy/healthy_941.jpg,0,ddee2420a4d33b3c,2160,2160,/workspace/cacao/cache_256/dataset_complete/cacao_diseases/cacao_photos/healthy/healthy_941.png,2160x2160,B,16,0.8276138,dataT/healthy/healthy_1460.jpg,0,False,False,False,0.408467,False,2017
081c4eb1640913b1c5c53b8939ad43b9,dataset_complete/cacao_diseases/cacao_photos/healthy/healthy_942.jpg,0,af445aeab51542b5,2160,2160,/workspace/cacao/cache_256/dataset_complete/cacao_diseases/cacao_photos/healthy/healthy_942.png,2160x2160,B,18,0.84834373,dataT/healthy/healthy_1175.jpg,0,False,False,False,0.38111305,False,2018
2bfddab118c5b4c3ad11f7f6409d88e6,dataset_complete/cacao_diseases/cacao_photos/healthy/healthy_943.jpg,0,9999a792d5d64d42,2160,2160,/workspace/cacao/cache_256/dataset_complete/cacao_diseases/cacao_photos/healthy/healthy_943.png,2160x2160,B,20,0.8317178,dataT/healthy/healthy_603.jpg,0,False,False,False,0.4214688,False,2019
71163ab2cb2f4df535ea66668d68d1cf,dataset_complete/cacao_diseases/cacao_photos/healthy/healthy_944.jpg,0,dea23969348d9798,2160,2160,/workspace/cacao/cache_256/dataset_complete/cacao_diseases/cacao_photos/healthy/healthy_944.png,2160x2160,B,16,0.8307061,dataT/healthy/healthy_1675.jpg,0,False,False,False,0.49439973,False,2020
2bf0824f9025df0bd53cae9e559cfb85,dataset_complete/cacao_diseases/cacao_photos/healthy/healthy_945.jpg,0,8bacb932c2f79590,2160,2160,/workspace/cacao/cache_256/dataset_complete/cacao_diseases/cacao_photos/healthy/healthy_945.png,2160x2160,B,18,0.82418627,dataT/healthy/healthy_470.jpg,0,False,False,False,0.47869948,False,2021
825d0b7075c21aa0545325185d4076a9,dataset_complete/cacao_diseases/cacao_photos/healthy/healthy_946.jpg,0,cdf8703ba3135703,2160,2160,/workspace/cacao/cache_256/dataset_complete/cacao_diseases/cacao_photos/healthy/healthy_946.png,2160x2160,B,16,0.7898789,dataT/healthy/healthy_450.jpg,0,False,False,False,0.41094732,False,2022
27be93947cd76a59521425a309b2811e,dataset_complete/cacao_diseases/cacao_photos/healthy/healthy_947.jpg,0,8e22c969d3d9a4f2,1080,1080,/workspace/cacao/cache_256/dataset_complete/cacao_diseases/cacao_photos/healthy/healthy_947.png,1080x1080,A,18,0.84034073,dataT/healthy/healthy_1040.jpg,0,False,False,False,0.3661641,False,2023
9cdede355bbe742e63b34c575bd7ffcf,dataset_complete/cacao_diseases/cacao_photos/healthy/healthy_948.jpg,0,ce4c20a677d6a279,2160,2160,/workspace/cacao/cache_256/dataset_complete/cacao_diseases/cacao_photos/healthy/healthy_948.png,2160x2160,B,18,0.8065635,dataT/healthy/healthy_1159.jpg,0,False,False,False,0.5001544,False,2024
12625d89d896a42565ba3aad2f001fac,dataset_complete/cacao_diseases/cacao_photos/healthy/healthy_949.jpg,0,8cc569727e4646ec,2160,2160,/workspace/cacao/cache_256/dataset_complete/cacao_diseases/cacao_photos/healthy/healthy_949.png,2160x2160,B,16,0.84391516,dataT/healthy/healthy_1551.jpg,0,False,False,False,0.57798976,False,2025
72be5fe48366fc282437973943be524c,dataset_complete/cacao_diseases/cacao_photos/healthy/healthy_950.jpg,0,db8d246633f8b1c1,2160,2160,/workspace/cacao/cache_256/dataset_complete/cacao_diseases/cacao_photos/healthy/healthy_950.png,2160x2160,B,16,0.85859,dataT/healthy/healthy_2119.jpg,0,False,False,False,0.46122837,False,2026
572ff7394fc21812d9f3577b19a15ffe,dataset_complete/cacao_diseases/cacao_photos/healthy/healthy_951.jpg,0,98e8690387ce7f8a,2160,2160,/workspace/cacao/cache_256/dataset_complete/cacao_diseases/cacao_photos/healthy/healthy_951.png,2160x2160,B,18,0.8699424,dataT/healthy/healthy_2144.jpg,0,False,False,False,0.52544534,False,2027
233bf81bd1b8bed08463ed4448e322bb,dataset_complete/cacao_diseases/cacao_photos/healthy/healthy_952.jpg,0,c98963d3d69d1c1a,2160,2160,/workspace/cacao/cache_256/dataset_complete/cacao_diseases/cacao_photos/healthy/healthy_952.png,2160x2160,B,16,0.87166214,dataT/healthy/healthy_2144.jpg,0,False,False,False,0.45244896,False,2028
a353031c9f2c473b936b5e471cd668bb,dataset_complete/cacao_diseases/cacao_photos/healthy/healthy_953.jpg,0,cbab3d0634123fe1,2160,2160,/workspace/cacao/cache_256/dataset_complete/cacao_diseases/cacao_photos/healthy/healthy_953.png,2160x2160,B,16,0.85998356,dataT/healthy/healthy_36.jpg,0,False,False,False,0.5822146,False,2029
3c95460bdbeaf9fc60ee6e816d76f438,dataset_complete/cacao_diseases/cacao_photos/healthy/healthy_954.jpg,0,b6512d2278eb52b5,2160,2160,/workspace/cacao/cache_256/dataset_complete/cacao_diseases/cacao_photos/healthy/healthy_954.png,2160x2160,B,16,0.94437003,dataT/healthy/healthy_610.jpg,0,True,True,False,0.4499605,False,2030
1e0d327a837aa2ac7fc732abbfb0aa20,dataset_complete/cacao_diseases/cacao_photos/healthy/healthy_955.jpg,0,888467e5cf9595a9,2160,2160,/workspace/cacao/cache_256/dataset_complete/cacao_diseases/cacao_photos/healthy/healthy_955.png,2160x2160,B,16,0.8694781,dataT/healthy/healthy_2122.jpg,0,False,False,False,0.55331385,False,2031
eabbad3f1725ca2c5651f65b19bef909,dataset_complete/cacao_diseases/cacao_photos/healthy/healthy_956.jpg,0,cecf73c8a1b15451,2160,2160,/workspace/cacao/cache_256/dataset_complete/cacao_diseases/cacao_photos/healthy/healthy_956.png,2160x2160,B,16,0.8445675,dataT/healthy/healthy_2099.jpg,0,False,False,False,0.5950829,False,2032
367de9dde5d2dc39eb054e8f44585516,dataset_complete/cacao_diseases/cacao_photos/healthy/healthy_957.jpg,0,cab144f2d0ba87c7,2160,2160,/workspace/cacao/cache_256/dataset_complete/cacao_diseases/cacao_photos/healthy/healthy_957.png,2160x2160,B,20,0.8837666,dataT/healthy/healthy_1034.jpg,0,False,False,True,0.3747915,False,2033
9259260c36af50133b74009a15e75ae3,dataset_complete/cacao_diseases/cacao_photos/healthy/healthy_958.jpg,0,e86c3d362a05cd5b,1080,1080,/workspace/cacao/cache_256/dataset_complete/cacao_diseases/cacao_photos/healthy/healthy_958.png,1080x1080,A,16,0.86077356,dataT/healthy/healthy_245.jpg,0,False,False,False,0.38228935,False,2034
4cd622d0df8bb955c87b389fc3830ae4,dataset_complete/cacao_diseases/cacao_photos/healthy/healthy_959.jpg,0,9ca1b366272b94dc,2160,2160,/workspace/cacao/cache_256/dataset_complete/cacao_diseases/cacao_photos/healthy/healthy_959.png,2160x2160,B,18,0.90018463,dataT/healthy/healthy_584.jpg,0,False,False,True,0.4544704,False,2035
bac760ebecca86b675dfb86267616906,dataset_complete/cacao_diseases/cacao_photos/healthy/healthy_960.jpg,0,dcac256556da4acc,2160,2160,/workspace/cacao/cache_256/dataset_complete/cacao_diseases/cacao_photos/healthy/healthy_960.png,2160x2160,B,18,0.88454586,dataT/healthy/healthy_1154.jpg,0,False,False,True,0.50571793,False,2036
4d97395d5096534c562dc017f1d23bb8,dataset_complete/cacao_diseases/cacao_photos/healthy/healthy_961.jpg,0,d45c18350b2b67eb,2160,2160,/workspace/cacao/cache_256/dataset_complete/cacao_diseases/cacao_photos/healthy/healthy_961.png,2160x2160,B,10,0.87151605,dataT/healthy/healthy_2783.jpg,0,False,False,False,0.5594328,False,2037
76fd8d915558f66fee9d47ec2a9068fc,dataset_complete/cacao_diseases/cacao_photos/healthy/healthy_962.jpg,0,cc7a367bb2e081cc,2160,2160,/workspace/cacao/cache_256/dataset_complete/cacao_diseases/cacao_photos/healthy/healthy_962.png,2160x2160,B,14,0.80206776,dataT/healthy/healthy_36.jpg,0,False,False,False,0.51644945,False,2038
e9e5bd0101755746ff36612b828012ab,dataset_complete/cacao_diseases/cacao_photos/healthy/healthy_963.jpg,0,d8582573abe261ba,2160,2160,/workspace/cacao/cache_256/dataset_complete/cacao_diseases/cacao_photos/healthy/healthy_963.png,2160x2160,B,18,0.8486849,dataT/healthy/healthy_281.jpg,0,False,False,False,0.53045285,False,2039
26f6dd904d8581f2d1597d80ba1a39e0,dataset_complete/cacao_diseases/cacao_photos/healthy/healthy_964.jpg,0,dd1b36249f6c0c99,2160,2160,/workspace/cacao/cache_256/dataset_complete/cacao_diseases/cacao_photos/healthy/healthy_964.png,2160x2160,B,18,0.8388337,dataT/healthy/healthy_36.jpg,0,False,False,False,0.550749,False,2040
9b562c6f4489a5d28b14ca5f1caf0aba,dataset_complete/cacao_diseases/cacao_photos/healthy/healthy_965.jpg,0,cc0c33c1dbd98f83,2160,2160,/workspace/cacao/cache_256/dataset_complete/cacao_diseases/cacao_photos/healthy/healthy_965.png,2160x2160,B,18,0.83400464,dataT/healthy/healthy_36.jpg,0,False,False,False,0.5265269,False,2041
c31fe4f78c8cfd7fdd6753f85bc502ba,dataset_complete/cacao_diseases/cacao_photos/healthy/healthy_966.jpg,0,8c9e71f4a3283ee8,2160,2160,/workspace/cacao/cache_256/dataset_complete/cacao_diseases/cacao_photos/healthy/healthy_966.png,2160x2160,B,16,0.92171556,dataT/healthy/healthy_462.jpg,0,True,True,True,0.473932,False,2042
fdf73eba713800fb10940861e7a2fe65,dataset_complete/cacao_diseases/cacao_photos/healthy/healthy_967.jpg,0,d468313d2b2e0f1f,2160,2160,/workspace/cacao/cache_256/dataset_complete/cacao_diseases/cacao_photos/healthy/healthy_967.png,2160x2160,B,14,0.8627418,dataT/healthy/healthy_1643.jpg,0,False,False,False,0.5289893,False,2043
27b9be7832ecafbcd3cdc4d2208ee313,dataset_complete/cacao_diseases/cacao_photos/healthy/healthy_968.jpg,0,c87255a77adc86c2,2160,2160,/workspace/cacao/cache_256/dataset_complete/cacao_diseases/cacao_photos/healthy/healthy_968.png,2160x2160,B,16,0.8851731,dataT/pod_rot_black/black_pod_rot_416.jpg,1,False,False,True,0.41140747,False,2044
4d4c8352aa90598311c1c8013425b2f1,dataset_complete/cacao_diseases/cacao_photos/healthy/healthy_969.jpg,0,be509617caac5758,1080,1080,/workspace/cacao/cache_256/dataset_complete/cacao_diseases/cacao_photos/healthy/healthy_969.png,1080x1080,A,18,0.86377156,dataT/pod_rot_black/black_pod_rot_179.jpg,1,False,False,False,0.37616962,False,2045
c3f10cc18a6a982256529ebc18ea0355,dataset_complete/cacao_diseases/cacao_photos/healthy/healthy_970.jpg,0,8da7237363ad198a,2160,2160,/workspace/cacao/cache_256/dataset_complete/cacao_diseases/cacao_photos/healthy/healthy_970.png,2160x2160,B,18,0.78143895,dataT/healthy/healthy_1643.jpg,0,False,False,False,0.5009892,False,2046
7d384b79f42984409845b91e8ab9db14,dataset_complete/cacao_diseases/cacao_photos/healthy/healthy_971.jpg,0,9c6be5b256e4a258,2160,2160,/workspace/cacao/cache_256/dataset_complete/cacao_diseases/cacao_photos/healthy/healthy_971.png,2160x2160,B,16,0.8824646,dataT/healthy/healthy_1034.jpg,0,False,False,True,0.4004998,False,2047
83b4a7b1b3ac1a560a4424c212d94c26,dataset_complete/cacao_diseases/cacao_photos/healthy/healthy_972.jpg,0,9baf3d7229a19416,2160,2160,/workspace/cacao/cache_256/dataset_complete/cacao_diseases/cacao_photos/healthy/healthy_972.png,2160x2160,B,18,0.8605224,dataT/healthy/healthy_584.jpg,0,False,False,False,0.4034115,False,2048
da903100be51dce085e10394fa474b55,dataset_complete/cacao_diseases/cacao_photos/healthy/healthy_973.jpg,0,9fbc0c32d0d2d9c9,2160,2160,/workspace/cacao/cache_256/dataset_complete/cacao_diseases/cacao_photos/healthy/healthy_973.png,2160x2160,B,16,0.77201486,dataT/healthy/healthy_1478.jpg,0,False,False,False,0.4463155,False,2049
acfda4c03749637b2fadbe51b619feaf,dataset_complete/cacao_diseases/cacao_photos/healthy/healthy_974.jpg,0,9b9b3c34a6919792,2160,2160,/workspace/cacao/cache_256/dataset_complete/cacao_diseases/cacao_photos/healthy/healthy_974.png,2160x2160,B,16,0.8272692,dataT/healthy/healthy_1263.jpg,0,False,False,False,0.42653534,False,2050
49cde7ba5320ef6942ee4957bcd2a9e4,dataset_complete/cacao_diseases/cacao_photos/healthy/healthy_975.jpg,0,9c9b39785294c7d4,2160,2160,/workspace/cacao/cache_256/dataset_complete/cacao_diseases/cacao_photos/healthy/healthy_975.png,2160x2160,B,14,0.84172845,dataT/healthy/healthy_1202.jpg,0,False,False,False,0.36811477,False,2051
9c8d9d19518648e4f3037c25d018c406,dataset_complete/cacao_diseases/cacao_photos/healthy/healthy_976.jpg,0,93197f60fc21e817,2160,2160,/workspace/cacao/cache_256/dataset_complete/cacao_diseases/cacao_photos/healthy/healthy_976.png,2160x2160,B,18,0.8595687,dataT/healthy/healthy_2757.jpg,0,False,False,False,0.47739434,False,2052
e84d4d179b39159ccf67c6700d68c8ea,dataset_complete/cacao_diseases/cacao_photos/healthy/healthy_977.jpg,0,f69c58585b6b2d24,2160,2160,/workspace/cacao/cache_256/dataset_complete/cacao_diseases/cacao_photos/healthy/healthy_977.png,2160x2160,B,18,0.86964333,dataT/healthy/healthy_438.jpg,0,False,False,False,0.50409955,False,2053
27a4444ca71e1a287eeeadb84cedea80,dataset_complete/cacao_diseases/cacao_photos/healthy/healthy_978.jpg,0,999275b5e04f3865,2160,2160,/workspace/cacao/cache_256/dataset_complete/cacao_diseases/cacao_photos/healthy/healthy_978.png,2160x2160,B,18,0.8949255,dataT/healthy/healthy_1061.jpg,0,False,False,True,0.3744369,False,2054
9aafa613f78343b33298a42f40827da8,dataset_complete/cacao_diseases/cacao_photos/healthy/healthy_979.jpg,0,bfa831d99519cb42,2160,2160,/workspace/cacao/cache_256/dataset_complete/cacao_diseases/cacao_photos/healthy/healthy_979.png,2160x2160,B,18,0.8495775,dataT/healthy/healthy_1140.jpg,0,False,False,False,0.48977944,False,2055
6b5455f87e98b5dfb37cb59335dc420f,dataset_complete/cacao_diseases/cacao_photos/healthy/healthy_980.jpg,0,a41b8c7b5446e3ce,1080,1080,/workspace/cacao/cache_256/dataset_complete/cacao_diseases/cacao_photos/healthy/healthy_980.png,1080x1080,A,18,0.88135767,dataT/healthy/healthy_1148.jpg,0,False,False,True,0.39137483,False,2056
0e15fc5e369b8b264016cb487796b1be,dataset_complete/cacao_diseases/cacao_photos/healthy/healthy_981.jpg,0,bab2b4f2e445468e,2160,2160,/workspace/cacao/cache_256/dataset_complete/cacao_diseases/cacao_photos/healthy/healthy_981.png,2160x2160,B,18,0.8323504,dataT/healthy/healthy_2782.jpg,0,False,False,False,0.39958572,False,2057
9f738ebde9c68a9114d6a5a268096009,dataset_complete/cacao_diseases/cacao_photos/healthy/healthy_982.jpg,0,b6a37869e3830d5a,2160,2160,/workspace/cacao/cache_256/dataset_complete/cacao_diseases/cacao_photos/healthy/healthy_982.png,2160x2160,B,16,0.7806772,dataT/healthy/healthy_1081.jpg,0,False,False,False,0.33957124,False,2058
8bdfadd91e9308caf6d846eccae12b34,dataset_complete/cacao_diseases/cacao_photos/healthy/healthy_983.jpg,0,c8621d52eea9a5d3,2160,2160,/workspace/cacao/cache_256/dataset_complete/cacao_diseases/cacao_photos/healthy/healthy_983.png,2160x2160,B,18,0.8675531,dataT/healthy/healthy_1205.jpg,0,False,False,False,0.47176814,False,2059
02669da7aeb63f55a97234dce49b0b8f,dataset_complete/cacao_diseases/cacao_photos/healthy/healthy_984.jpg,0,9e8e34717159435e,2160,2160,/workspace/cacao/cache_256/dataset_complete/cacao_diseases/cacao_photos/healthy/healthy_984.png,2160x2160,B,18,0.88402003,dataT/healthy/healthy_1210.jpg,0,False,False,True,0.46900487,False,2060
e868e3d87bfd9c040e9d96b8b2c3afaa,dataset_complete/cacao_diseases/cacao_photos/healthy/healthy_985.jpg,0,89a4721e52ad6f63,2160,2160,/workspace/cacao/cache_256/dataset_complete/cacao_diseases/cacao_photos/healthy/healthy_985.png,2160x2160,B,18,0.8424512,dataT/healthy/healthy_1258.jpg,0,False,False,False,0.39027184,False,2061
416bb9dc54e7c877d9af3e679a250ab0,dataset_complete/cacao_diseases/cacao_photos/healthy/healthy_986.jpg,0,c25b99a20cfc1c9f,2160,2160,/workspace/cacao/cache_256/dataset_complete/cacao_diseases/cacao_photos/healthy/healthy_986.png,2160x2160,B,18,0.86801636,dataT/healthy/healthy_1567.jpg,0,False,False,False,0.5339602,False,2062
058deb86b6b3f2303aa03f95ae067efa,dataset_complete/cacao_diseases/cacao_photos/healthy/healthy_987.jpg,0,92abb5367e646644,2160,2160,/workspace/cacao/cache_256/dataset_complete/cacao_diseases/cacao_photos/healthy/healthy_987.png,2160x2160,B,18,0.8681636,dataT/healthy/healthy_16.jpg,0,False,False,False,0.46948755,False,2063
e65d28a1b1f585cd0032fdc373d2e435,dataset_complete/cacao_diseases/cacao_photos/healthy/healthy_988.jpg,0,9d8634f70fc48d85,2160,2160,/workspace/cacao/cache_256/dataset_complete/cacao_diseases/cacao_photos/healthy/healthy_988.png,2160x2160,B,18,0.9533933,dataT/healthy/healthy_1210.jpg,0,True,True,True,0.44327304,False,2064
f87c8c9907215e9e6bbd81655909aabb,dataset_complete/cacao_diseases/cacao_photos/healthy/healthy_989.jpg,0,cce4f26337191939,2160,2160,/workspace/cacao/cache_256/dataset_complete/cacao_diseases/cacao_photos/healthy/healthy_989.png,2160x2160,B,18,0.9219582,dataT/healthy/healthy_1209.jpg,0,False,False,True,0.4210281,False,2065
fa0c6385974da113dfa5ce6b2bd9d5bb,dataset_complete/cacao_diseases/cacao_photos/healthy/healthy_990.jpg,0,89b0663bb2c9a9cd,2160,2160,/workspace/cacao/cache_256/dataset_complete/cacao_diseases/cacao_photos/healthy/healthy_990.png,2160x2160,B,16,0.854356,dataT/healthy/healthy_1040.jpg,0,False,False,False,0.3899154,False,2066
a7a213b6d2f2c241a976f8738e66bee3,dataset_complete/cacao_diseases/cacao_photos/healthy/healthy_991.jpg,0,e742e8eaada70315,1080,1080,/workspace/cacao/cache_256/dataset_complete/cacao_diseases/cacao_photos/healthy/healthy_991.png,1080x1080,A,18,0.88517827,dataT/healthy/healthy_2611.jpg,0,False,False,True,0.4508779,False,2067
410c1ef12c563a01b330a8bb71e62813,dataset_complete/cacao_diseases/cacao_photos/healthy/healthy_992.jpg,0,95b4584e959cb1ad,2160,2160,/workspace/cacao/cache_256/dataset_complete/cacao_diseases/cacao_photos/healthy/healthy_992.png,2160x2160,B,18,0.8587885,dataT/healthy/healthy_1140.jpg,0,False,False,False,0.5366832,False,2068
e8719ec75b209e0267c720b0a99dae2a,dataset_complete/cacao_diseases/cacao_photos/healthy/healthy_993.jpg,0,b9a4a1a792965d6a,2160,2160,/workspace/cacao/cache_256/dataset_complete/cacao_diseases/cacao_photos/healthy/healthy_993.png,2160x2160,B,18,0.8279059,dataT/healthy/healthy_1197.jpg,0,False,False,False,0.4294545,False,2069
911b68fc04d3b263432762bbfe5f07ea,dataset_complete/cacao_diseases/cacao_photos/healthy/healthy_994.jpg,0,992666c299d9caae,2160,2160,/workspace/cacao/cache_256/dataset_complete/cacao_diseases/cacao_photos/healthy/healthy_994.png,2160x2160,B,18,0.8281644,dataT/pod_rot_black/black_pod_rot_766.jpg,1,False,False,False,0.41835624,False,2070
226d15932d0b905363a7d786ebcba23b,dataset_complete/cacao_diseases/cacao_photos/healthy/healthy_995.jpg,0,99b1d0d3d1d81b59,2160,2160,/workspace/cacao/cache_256/dataset_complete/cacao_diseases/cacao_photos/healthy/healthy_995.png,2160x2160,B,16,0.9025941,dataT/healthy/healthy_1215.jpg,0,False,False,True,0.41958892,False,2071
a335a45ca8cc577c5abb770994f85a68,dataset_complete/cacao_diseases/cacao_photos/healthy/healthy_996.jpg,0,ccb63607c7c3a3a2,2160,2160,/workspace/cacao/cache_256/dataset_complete/cacao_diseases/cacao_photos/healthy/healthy_996.png,2160x2160,B,16,0.89911795,dataT/healthy/healthy_1229.jpg,0,True,True,True,0.39940748,False,2072
536217ec37150bbd0e6fcaae88dd17ae,dataset_complete/cacao_diseases/cacao_photos/healthy/healthy_997.jpg,0,8ecac17d67275134,2160,2160,/workspace/cacao/cache_256/dataset_complete/cacao_diseases/cacao_photos/healthy/healthy_997.png,2160x2160,B,18,0.8781247,dataT/healthy/healthy_3166.jpg,0,False,False,False,0.52122396,False,2073
d54c2610e70335400891f8431c667972,dataset_complete/cacao_diseases/cacao_photos/healthy/healthy_998.jpg,0,cd8a34d9d3818cbe,2160,2160,/workspace/cacao/cache_256/dataset_complete/cacao_diseases/cacao_photos/healthy/healthy_998.png,2160x2160,B,18,0.85258394,dataT/healthy/healthy_3151.jpg,0,False,False,False,0.46687552,False,2074
a35f9fa8adc70bbf640a8454f393f6a9,dataset_complete/cacao_diseases/cacao_photos/healthy/healthy_999.jpg,0,ce339bf692d85089,2160,2160,/workspace/cacao/cache_256/dataset_complete/cacao_diseases/cacao_photos/healthy/healthy_999.png,2160x2160,B,18,0.8879541,dataT/healthy/healthy_450.jpg,0,False,False,True,0.4435731,False,2075
