image_path,prob_media,frac_bpr
dataset_complete/cacao_diseases/cacao_photos/healthy/healthy_2894.jpg,0.9931781,1.0
dataset_complete/cacao_diseases/cacao_photos/healthy/healthy_2925.jpg,0.8927779,0.9466666666666667
dataset_complete/cacao_diseases/cacao_photos/healthy/healthy_1616.jpg,0.8868696,0.9733333333333334
dataset_complete/cacao_diseases/cacao_photos/healthy/healthy_1753.jpg,0.87348926,0.9733333333333334
dataset_complete/cacao_diseases/cacao_photos/healthy/healthy_342.jpg,0.86317515,0.9333333333333333
dataset_complete/cacao_diseases/cacao_photos/healthy/healthy_1768.jpg,0.8600123,0.92
dataset_complete/cacao_diseases/cacao_photos/healthy/healthy_1851.jpg,0.8421708,0.8933333333333333
dataset_complete/cacao_diseases/cacao_photos/healthy/healthy_1856.jpg,0.82414913,0.8533333333333334
dataset_complete/cacao_diseases/cacao_photos/healthy/healthy_1767.jpg,0.8153463,0.92
dataset_complete/cacao_diseases/cacao_photos/healthy/healthy_2955.jpg,0.80108243,0.84
dataset_complete/cacao_diseases/cacao_photos/healthy/healthy_1948.jpg,0.78331333,0.8533333333333334
dataset_complete/cacao_diseases/cacao_photos/healthy/healthy_2909.jpg,0.778051,0.8666666666666667
dataset_complete/cacao_diseases/cacao_photos/healthy/healthy_3002.jpg,0.77085143,0.7733333333333333
dataset_complete/cacao_diseases/cacao_photos/healthy/healthy_1370.jpg,0.76218915,0.8666666666666667
dataset_complete/cacao_diseases/cacao_photos/healthy/healthy_1685.jpg,0.7600929,0.84
dataset_complete/cacao_diseases/cacao_photos/healthy/healthy_1775.jpg,0.7592904,0.8933333333333333
dataset_complete/cacao_diseases/cacao_photos/healthy/healthy_1857.jpg,0.74769646,0.76
dataset_complete/cacao_diseases/cacao_photos/healthy/healthy_1786.jpg,0.7341293,0.8133333333333334
dataset_complete/cacao_diseases/cacao_photos/healthy/healthy_2244.jpg,0.7190725,0.7066666666666667
dataset_complete/cacao_diseases/cacao_photos/healthy/healthy_1787.jpg,0.7097456,0.7333333333333333
dataset_complete/cacao_diseases/cacao_photos/healthy/healthy_1824.jpg,0.70802784,0.7733333333333333
dataset_complete/cacao_diseases/cacao_photos/healthy/healthy_3273.jpg,0.7018377,0.72
dataset_complete/cacao_diseases/cacao_photos/healthy/healthy_1805.jpg,0.695153,0.7733333333333333
dataset_complete/cacao_diseases/cacao_photos/healthy/healthy_1855.jpg,0.6772675,0.7333333333333333
dataset_complete/cacao_diseases/cacao_photos/healthy/healthy_1834.jpg,0.67122406,0.7066666666666667
dataset_complete/cacao_diseases/cacao_photos/healthy/healthy_903.jpg,0.67053205,0.6666666666666666
dataset_complete/cacao_diseases/cacao_photos/healthy/healthy_1102.jpg,0.6648546,0.7066666666666667
dataset_complete/cacao_diseases/cacao_photos/healthy/healthy_3306.jpg,0.6642363,0.7733333333333333
dataset_complete/cacao_diseases/cacao_photos/healthy/healthy_1709.jpg,0.6614453,0.6533333333333333
dataset_complete/cacao_diseases/cacao_photos/healthy/healthy_1690.jpg,0.6590815,0.72
dataset_complete/cacao_diseases/cacao_photos/healthy/healthy_3308.jpg,0.6440136,0.7733333333333333
dataset_complete/cacao_diseases/cacao_photos/healthy/healthy_962.jpg,0.6297942,0.64
dataset_complete/cacao_diseases/cacao_photos/healthy/healthy_2313.jpg,0.5992772,0.6133333333333333
dataset_complete/cacao_diseases/cacao_photos/healthy/healthy_2245.jpg,0.59497356,0.64
dataset_complete/cacao_diseases/cacao_photos/healthy/healthy_123.jpg,0.58420813,0.6933333333333334
dataset_complete/cacao_diseases/cacao_photos/healthy/healthy_1717.jpg,0.57461363,0.6
dataset_complete/cacao_diseases/cacao_photos/healthy/healthy_1754.jpg,0.57082295,0.6133333333333333
dataset_complete/cacao_diseases/cacao_photos/healthy/healthy_1689.jpg,0.5623056,0.52
dataset_complete/cacao_diseases/cacao_photos/healthy/healthy_1694.jpg,0.5553855,0.5866666666666667
dataset_complete/cacao_diseases/cacao_photos/healthy/healthy_1854.jpg,0.54446673,0.5733333333333334
dataset_complete/cacao_diseases/cacao_photos/healthy/healthy_1729.jpg,0.5380261,0.5866666666666667
dataset_complete/cacao_diseases/cacao_photos/healthy/healthy_1748.jpg,0.5378785,0.52
dataset_complete/cacao_diseases/cacao_photos/healthy/healthy_919.jpg,0.5284129,0.4666666666666667
dataset_complete/cacao_diseases/cacao_photos/healthy/healthy_1731.jpg,0.49810553,0.44
dataset_complete/cacao_diseases/cacao_photos/healthy/healthy_1687.jpg,0.49729878,0.49333333333333335
dataset_complete/cacao_diseases/cacao_photos/healthy/healthy_2330.jpg,0.4940071,0.49333333333333335
dataset_complete/cacao_diseases/cacao_photos/healthy/healthy_1820.jpg,0.4909355,0.5066666666666667
dataset_complete/cacao_diseases/cacao_photos/healthy/healthy_3048.jpg,0.4885163,0.5066666666666667
dataset_complete/cacao_diseases/cacao_photos/healthy/healthy_2407.jpg,0.48643768,0.5066666666666667
dataset_complete/cacao_diseases/cacao_photos/healthy/healthy_1716.jpg,0.48023942,0.4533333333333333
dataset_complete/cacao_diseases/cacao_photos/healthy/healthy_1715.jpg,0.476759,0.4533333333333333
dataset_complete/cacao_diseases/cacao_photos/healthy/healthy_2865.jpg,0.47660324,0.4266666666666667
dataset_complete/cacao_diseases/cacao_photos/healthy/healthy_1828.jpg,0.47644943,0.4533333333333333
dataset_complete/cacao_diseases/cacao_photos/healthy/healthy_2898.jpg,0.47502282,0.4666666666666667
dataset_complete/cacao_diseases/cacao_photos/healthy/healthy_1795.jpg,0.4732835,0.4533333333333333
dataset_complete/cacao_diseases/cacao_photos/healthy/healthy_1745.jpg,0.46947092,0.48
dataset_complete/cacao_diseases/cacao_photos/healthy/healthy_1800.jpg,0.45690668,0.4666666666666667
dataset_complete/cacao_diseases/cacao_photos/healthy/healthy_1609.jpg,0.45536342,0.44
dataset_complete/cacao_diseases/cacao_photos/healthy/healthy_3307.jpg,0.45408478,0.4266666666666667
dataset_complete/cacao_diseases/cacao_photos/healthy/healthy_1784.jpg,0.44360885,0.4533333333333333
dataset_complete/cacao_diseases/cacao_photos/healthy/healthy_1794.jpg,0.44044435,0.41333333333333333
dataset_complete/cacao_diseases/cacao_photos/healthy/healthy_2492.jpg,0.4316687,0.4
dataset_complete/cacao_diseases/cacao_photos/healthy/healthy_3011.jpg,0.43098032,0.41333333333333333
dataset_complete/cacao_diseases/cacao_photos/healthy/healthy_1755.jpg,0.42739427,0.4266666666666667
dataset_complete/cacao_diseases/cacao_photos/healthy/healthy_1810.jpg,0.4220953,0.4533333333333333
dataset_complete/cacao_diseases/cacao_photos/healthy/healthy_1827.jpg,0.41854402,0.41333333333333333
dataset_complete/cacao_diseases/cacao_photos/healthy/healthy_1624.jpg,0.4174194,0.4266666666666667
dataset_complete/cacao_diseases/cacao_photos/healthy/healthy_1840.jpg,0.4160943,0.4
dataset_complete/cacao_diseases/cacao_photos/healthy/healthy_3296.jpg,0.414928,0.4
dataset_complete/cacao_diseases/cacao_photos/healthy/healthy_1846.jpg,0.4135988,0.4
dataset_complete/cacao_diseases/cacao_photos/healthy/healthy_1627.jpg,0.40801716,0.4
dataset_complete/cacao_diseases/cacao_photos/healthy/healthy_1852.jpg,0.40391907,0.3333333333333333
dataset_complete/cacao_diseases/cacao_photos/healthy/healthy_3036.jpg,0.40275067,0.4266666666666667
dataset_complete/cacao_diseases/cacao_photos/healthy/healthy_2487.jpg,0.39837652,0.37333333333333335
dataset_complete/cacao_diseases/cacao_photos/healthy/healthy_2906.jpg,0.39762992,0.37333333333333335
dataset_complete/cacao_diseases/cacao_photos/healthy/healthy_1831.jpg,0.39680862,0.3333333333333333
dataset_complete/cacao_diseases/cacao_photos/healthy/healthy_3021.jpg,0.39165044,0.36
dataset_complete/cacao_diseases/cacao_photos/healthy/healthy_3034.jpg,0.38602903,0.36
dataset_complete/cacao_diseases/cacao_photos/healthy/healthy_1606.jpg,0.3835276,0.3466666666666667
dataset_complete/cacao_diseases/cacao_photos/healthy/healthy_1683.jpg,0.3827557,0.28
dataset_complete/cacao_diseases/cacao_photos/healthy/healthy_1782.jpg,0.38147178,0.41333333333333333
dataset_complete/cacao_diseases/cacao_photos/healthy/healthy_1686.jpg,0.3814407,0.4
dataset_complete/cacao_diseases/cacao_photos/healthy/healthy_1833.jpg,0.37892446,0.30666666666666664
dataset_complete/cacao_diseases/cacao_photos/healthy/healthy_1691.jpg,0.37775332,0.3466666666666667
dataset_complete/cacao_diseases/cacao_photos/healthy/healthy_3298.jpg,0.3775384,0.38666666666666666
dataset_complete/cacao_diseases/cacao_photos/healthy/healthy_1771.jpg,0.3742393,0.38666666666666666
dataset_complete/cacao_diseases/cacao_photos/healthy/healthy_1815.jpg,0.3724079,0.3333333333333333
dataset_complete/cacao_diseases/cacao_photos/healthy/healthy_2986.jpg,0.3706888,0.3333333333333333
dataset_complete/cacao_diseases/cacao_photos/healthy/healthy_1799.jpg,0.36977512,0.38666666666666666
dataset_complete/cacao_diseases/cacao_photos/healthy/healthy_1770.jpg,0.36758393,0.30666666666666664
dataset_complete/cacao_diseases/cacao_photos/healthy/healthy_1746.jpg,0.36601976,0.3333333333333333
dataset_complete/cacao_diseases/cacao_photos/healthy/healthy_2000.jpg,0.36500967,0.36
dataset_complete/cacao_diseases/cacao_photos/healthy/healthy_1835.jpg,0.36490968,0.32
dataset_complete/cacao_diseases/cacao_photos/healthy/healthy_2531.jpg,0.36342403,0.32
dataset_complete/cacao_diseases/cacao_photos/healthy/healthy_2667.jpg,0.35100025,0.3466666666666667
dataset_complete/cacao_diseases/cacao_photos/healthy/healthy_1913.jpg,0.34993663,0.30666666666666664
dataset_complete/cacao_diseases/cacao_photos/healthy/healthy_2246.jpg,0.34661633,0.28
dataset_complete/cacao_diseases/cacao_photos/healthy/healthy_1751.jpg,0.3451383,0.28
dataset_complete/cacao_diseases/cacao_photos/healthy/healthy_1732.jpg,0.3448506,0.3333333333333333
dataset_complete/cacao_diseases/cacao_photos/healthy/healthy_1796.jpg,0.34423283,0.28
dataset_complete/cacao_diseases/cacao_photos/healthy/healthy_2896.jpg,0.3428951,0.30666666666666664
dataset_complete/cacao_diseases/cacao_photos/healthy/healthy_486.jpg,0.3420972,0.22666666666666666
dataset_complete/cacao_diseases/cacao_photos/healthy/healthy_923.jpg,0.34037733,0.3333333333333333
dataset_complete/cacao_diseases/cacao_photos/healthy/healthy_2678.jpg,0.34017658,0.30666666666666664
dataset_complete/cacao_diseases/cacao_photos/healthy/healthy_1697.jpg,0.33664057,0.24
dataset_complete/cacao_diseases/cacao_photos/healthy/healthy_1287.jpg,0.32958853,0.22666666666666666
dataset_complete/cacao_diseases/cacao_photos/healthy/healthy_2481.jpg,0.32192197,0.25333333333333335
dataset_complete/cacao_diseases/cacao_photos/healthy/healthy_2534.jpg,0.31295455,0.26666666666666666
dataset_complete/cacao_diseases/cacao_photos/healthy/healthy_2005.jpg,0.3118931,0.30666666666666664
dataset_complete/cacao_diseases/cacao_photos/healthy/healthy_1816.jpg,0.31078723,0.26666666666666666
dataset_complete/cacao_diseases/cacao_photos/healthy/healthy_2903.jpg,0.30661967,0.29333333333333333
dataset_complete/cacao_diseases/cacao_photos/healthy/healthy_832.jpg,0.30658564,0.2
dataset_complete/cacao_diseases/cacao_photos/healthy/healthy_1793.jpg,0.30411565,0.25333333333333335
dataset_complete/cacao_diseases/cacao_photos/healthy/healthy_1832.jpg,0.29958215,0.22666666666666666
dataset_complete/cacao_diseases/cacao_photos/healthy/healthy_1845.jpg,0.2929494,0.22666666666666666
dataset_complete/cacao_diseases/cacao_photos/healthy/healthy_838.jpg,0.29201552,0.26666666666666666
dataset_complete/cacao_diseases/cacao_photos/healthy/healthy_1931.jpg,0.28826332,0.21333333333333335
dataset_complete/cacao_diseases/cacao_photos/healthy/healthy_2277.jpg,0.2856737,0.22666666666666666
dataset_complete/cacao_diseases/cacao_photos/healthy/healthy_1804.jpg,0.28556648,0.24
dataset_complete/cacao_diseases/cacao_photos/healthy/healthy_1967.jpg,0.28480852,0.29333333333333333
dataset_complete/cacao_diseases/cacao_photos/healthy/healthy_1762.jpg,0.28459057,0.16
dataset_complete/cacao_diseases/cacao_photos/healthy/healthy_3073.jpg,0.2837604,0.21333333333333335
dataset_complete/cacao_diseases/cacao_photos/healthy/healthy_1790.jpg,0.28351402,0.28
dataset_complete/cacao_diseases/cacao_photos/healthy/healthy_2979.jpg,0.27807873,0.24
dataset_complete/cacao_diseases/cacao_photos/healthy/healthy_792.jpg,0.27577215,0.18666666666666668
dataset_complete/cacao_diseases/cacao_photos/healthy/healthy_1740.jpg,0.2736302,0.21333333333333335
dataset_complete/cacao_diseases/cacao_photos/healthy/healthy_1752.jpg,0.27183896,0.14666666666666667
dataset_complete/cacao_diseases/cacao_photos/healthy/healthy_2207.jpg,0.26908913,0.25333333333333335
dataset_complete/cacao_diseases/cacao_photos/healthy/healthy_1791.jpg,0.2636515,0.21333333333333335
dataset_complete/cacao_diseases/cacao_photos/healthy/healthy_2333.jpg,0.26343516,0.16
dataset_complete/cacao_diseases/cacao_photos/healthy/healthy_3305.jpg,0.26310492,0.25333333333333335
dataset_complete/cacao_diseases/cacao_photos/healthy/healthy_141.jpg,0.2628576,0.17333333333333334
dataset_complete/cacao_diseases/cacao_photos/healthy/healthy_1705.jpg,0.2619767,0.18666666666666668
dataset_complete/cacao_diseases/cacao_photos/healthy/healthy_759.jpg,0.2600234,0.14666666666666667
dataset_complete/cacao_diseases/cacao_photos/healthy/healthy_1750.jpg,0.25780272,0.13333333333333333
dataset_complete/cacao_diseases/cacao_photos/healthy/healthy_1380.jpg,0.25639802,0.18666666666666668
dataset_complete/cacao_diseases/cacao_photos/healthy/healthy_2320.jpg,0.2541056,0.2
dataset_complete/cacao_diseases/cacao_photos/healthy/healthy_1696.jpg,0.25208357,0.16
dataset_complete/cacao_diseases/cacao_photos/healthy/healthy_1684.jpg,0.24922904,0.25333333333333335
dataset_complete/cacao_diseases/cacao_photos/healthy/healthy_1798.jpg,0.24914177,0.16
dataset_complete/cacao_diseases/cacao_photos/healthy/healthy_2709.jpg,0.2488593,0.21333333333333335
dataset_complete/cacao_diseases/cacao_photos/healthy/healthy_982.jpg,0.24515943,0.18666666666666668
dataset_complete/cacao_diseases/cacao_photos/healthy/healthy_1848.jpg,0.24500069,0.21333333333333335
dataset_complete/cacao_diseases/cacao_photos/healthy/healthy_151.jpg,0.24220784,0.14666666666666667
dataset_complete/cacao_diseases/cacao_photos/healthy/healthy_2881.jpg,0.24044223,0.21333333333333335
dataset_complete/cacao_diseases/cacao_photos/healthy/healthy_920.jpg,0.23806554,0.21333333333333335
dataset_complete/cacao_diseases/cacao_photos/healthy/healthy_1701.jpg,0.23667043,0.14666666666666667
dataset_complete/cacao_diseases/cacao_photos/healthy/healthy_3055.jpg,0.234609,0.17333333333333334
dataset_complete/cacao_diseases/cacao_photos/healthy/healthy_504.jpg,0.2314243,0.2
dataset_complete/cacao_diseases/cacao_photos/healthy/healthy_2692.jpg,0.22877912,0.17333333333333334
dataset_complete/cacao_diseases/cacao_photos/healthy/healthy_1971.jpg,0.22800186,0.24
dataset_complete/cacao_diseases/cacao_photos/healthy/healthy_1819.jpg,0.2273782,0.16
dataset_complete/cacao_diseases/cacao_photos/healthy/healthy_2836.jpg,0.22731587,0.18666666666666668
dataset_complete/cacao_diseases/cacao_photos/healthy/healthy_1783.jpg,0.22476305,0.08
dataset_complete/cacao_diseases/cacao_photos/healthy/healthy_3235.jpg,0.22335836,0.13333333333333333
dataset_complete/cacao_diseases/cacao_photos/healthy/healthy_1843.jpg,0.22322878,0.18666666666666668
dataset_complete/cacao_diseases/cacao_photos/healthy/healthy_2365.jpg,0.2198541,0.17333333333333334
dataset_complete/cacao_diseases/cacao_photos/healthy/healthy_1914.jpg,0.21942653,0.12
dataset_complete/cacao_diseases/cacao_photos/healthy/healthy_1830.jpg,0.219139,0.16
dataset_complete/cacao_diseases/cacao_photos/healthy/healthy_1860.jpg,0.21895804,0.14666666666666667
dataset_complete/cacao_diseases/cacao_photos/healthy/healthy_2938.jpg,0.21782133,0.14666666666666667
dataset_complete/cacao_diseases/cacao_photos/healthy/healthy_2985.jpg,0.21660957,0.10666666666666667
dataset_complete/cacao_diseases/cacao_photos/healthy/healthy_1797.jpg,0.21214399,0.13333333333333333
dataset_complete/cacao_diseases/cacao_photos/healthy/healthy_1808.jpg,0.21112539,0.12
dataset_complete/cacao_diseases/cacao_photos/healthy/healthy_727.jpg,0.21104096,0.16
dataset_complete/cacao_diseases/cacao_photos/healthy/healthy_122.jpg,0.21053365,0.09333333333333334
dataset_complete/cacao_diseases/cacao_photos/healthy/healthy_2266.jpg,0.2091435,0.13333333333333333
dataset_complete/cacao_diseases/cacao_photos/healthy/healthy_1844.jpg,0.20895855,0.12
dataset_complete/cacao_diseases/cacao_photos/healthy/healthy_3014.jpg,0.20862299,0.18666666666666668
dataset_complete/cacao_diseases/cacao_photos/healthy/healthy_1774.jpg,0.20823689,0.12
dataset_complete/cacao_diseases/cacao_photos/healthy/healthy_1734.jpg,0.20712999,0.08
dataset_complete/cacao_diseases/cacao_photos/healthy/healthy_2195.jpg,0.20705113,0.18666666666666668
dataset_complete/cacao_diseases/cacao_photos/healthy/healthy_3171.jpg,0.20578739,0.13333333333333333
dataset_complete/cacao_diseases/cacao_photos/healthy/healthy_130.jpg,0.19498356,0.13333333333333333
dataset_complete/cacao_diseases/cacao_photos/healthy/healthy_2980.jpg,0.1922288,0.12
dataset_complete/cacao_diseases/cacao_photos/healthy/healthy_1621.jpg,0.19058685,0.10666666666666667
dataset_complete/cacao_diseases/cacao_photos/healthy/healthy_1811.jpg,0.1901592,0.17333333333333334
dataset_complete/cacao_diseases/cacao_photos/healthy/healthy_1722.jpg,0.19007754,0.16
dataset_complete/cacao_diseases/cacao_photos/healthy/healthy_2353.jpg,0.18917848,0.14666666666666667
dataset_complete/cacao_diseases/cacao_photos/healthy/healthy_1733.jpg,0.18323363,0.02666666666666667
dataset_complete/cacao_diseases/cacao_photos/healthy/healthy_548.jpg,0.18267718,0.14666666666666667
dataset_complete/cacao_diseases/cacao_photos/healthy/healthy_1699.jpg,0.18262666,0.05333333333333334
dataset_complete/cacao_diseases/cacao_photos/healthy/healthy_1766.jpg,0.18248917,0.08
dataset_complete/cacao_diseases/cacao_photos/healthy/healthy_1724.jpg,0.18103985,0.13333333333333333
dataset_complete/cacao_diseases/cacao_photos/healthy/healthy_1788.jpg,0.17933773,0.12
dataset_complete/cacao_diseases/cacao_photos/healthy/healthy_1757.jpg,0.1781492,0.08
dataset_complete/cacao_diseases/cacao_photos/healthy/healthy_150.jpg,0.1777565,0.16
dataset_complete/cacao_diseases/cacao_photos/healthy/healthy_3310.jpg,0.17529081,0.08
dataset_complete/cacao_diseases/cacao_photos/healthy/healthy_2843.jpg,0.17477942,0.16
dataset_complete/cacao_diseases/cacao_photos/healthy/healthy_1842.jpg,0.17314596,0.09333333333333334
dataset_complete/cacao_diseases/cacao_photos/healthy/healthy_1763.jpg,0.17280762,0.08
dataset_complete/cacao_diseases/cacao_photos/healthy/healthy_2661.jpg,0.17122144,0.06666666666666667
dataset_complete/cacao_diseases/cacao_photos/healthy/healthy_1765.jpg,0.17059077,0.10666666666666667
dataset_complete/cacao_diseases/cacao_photos/healthy/healthy_1826.jpg,0.17057776,0.08
dataset_complete/cacao_diseases/cacao_photos/healthy/healthy_1982.jpg,0.16968773,0.05333333333333334
dataset_complete/cacao_diseases/cacao_photos/healthy/healthy_1829.jpg,0.16902415,0.12
dataset_complete/cacao_diseases/cacao_photos/healthy/healthy_1759.jpg,0.16871466,0.05333333333333334
dataset_complete/cacao_diseases/cacao_photos/healthy/healthy_361.jpg,0.16793784,0.06666666666666667
dataset_complete/cacao_diseases/cacao_photos/healthy/healthy_355.jpg,0.16681887,0.10666666666666667
dataset_complete/cacao_diseases/cacao_photos/healthy/healthy_1719.jpg,0.16293718,0.04
dataset_complete/cacao_diseases/cacao_photos/healthy/healthy_3302.jpg,0.16208911,0.13333333333333333
dataset_complete/cacao_diseases/cacao_photos/healthy/healthy_1785.jpg,0.15931742,0.08
dataset_complete/cacao_diseases/cacao_photos/healthy/healthy_2666.jpg,0.15922524,0.04
dataset_complete/cacao_diseases/cacao_photos/healthy/healthy_981.jpg,0.15773368,0.10666666666666667
dataset_complete/cacao_diseases/cacao_photos/healthy/healthy_973.jpg,0.1563313,0.13333333333333333
dataset_complete/cacao_diseases/cacao_photos/healthy/healthy_117.jpg,0.15592065,0.04
dataset_complete/cacao_diseases/cacao_photos/healthy/healthy_2902.jpg,0.15491053,0.10666666666666667
dataset_complete/cacao_diseases/cacao_photos/healthy/healthy_1304.jpg,0.15453361,0.09333333333333334
dataset_complete/cacao_diseases/cacao_photos/healthy/healthy_1334.jpg,0.15363683,0.10666666666666667
dataset_complete/cacao_diseases/cacao_photos/healthy/healthy_2214.jpg,0.15340413,0.08
dataset_complete/cacao_diseases/cacao_photos/healthy/healthy_1712.jpg,0.15314245,0.06666666666666667
dataset_complete/cacao_diseases/cacao_photos/healthy/healthy_1773.jpg,0.15256932,0.08
dataset_complete/cacao_diseases/cacao_photos/healthy/healthy_979.jpg,0.15221791,0.10666666666666667
dataset_complete/cacao_diseases/cacao_photos/healthy/healthy_2241.jpg,0.15153511,0.04
dataset_complete/cacao_diseases/cacao_photos/healthy/healthy_2995.jpg,0.15092297,0.16
dataset_complete/cacao_diseases/cacao_photos/healthy/healthy_1850.jpg,0.15066352,0.13333333333333333
dataset_complete/cacao_diseases/cacao_photos/healthy/healthy_2335.jpg,0.14949222,0.04
dataset_complete/cacao_diseases/cacao_photos/healthy/healthy_1728.jpg,0.1487622,0.08
dataset_complete/cacao_diseases/cacao_photos/healthy/healthy_2319.jpg,0.14857325,0.09333333333333334
dataset_complete/cacao_diseases/cacao_photos/healthy/healthy_2676.jpg,0.14691085,0.09333333333333334
dataset_complete/cacao_diseases/cacao_photos/healthy/healthy_1742.jpg,0.14685862,0.14666666666666667
dataset_complete/cacao_diseases/cacao_photos/healthy/healthy_803.jpg,0.14666015,0.09333333333333334
dataset_complete/cacao_diseases/cacao_photos/healthy/healthy_1749.jpg,0.14654478,0.06666666666666667
dataset_complete/cacao_diseases/cacao_photos/healthy/healthy_2873.jpg,0.14489971,0.10666666666666667
dataset_complete/cacao_diseases/cacao_photos/healthy/healthy_2255.jpg,0.14471674,0.10666666666666667
dataset_complete/cacao_diseases/cacao_photos/healthy/healthy_1861.jpg,0.14415403,0.10666666666666667
dataset_complete/cacao_diseases/cacao_photos/healthy/healthy_1726.jpg,0.14219125,0.06666666666666667
dataset_complete/cacao_diseases/cacao_photos/healthy/healthy_1285.jpg,0.14158612,0.09333333333333334
dataset_complete/cacao_diseases/cacao_photos/healthy/healthy_991.jpg,0.13866328,0.08
dataset_complete/cacao_diseases/cacao_photos/healthy/healthy_1710.jpg,0.13861448,0.013333333333333334
dataset_complete/cacao_diseases/cacao_photos/healthy/healthy_2885.jpg,0.13859221,0.08
dataset_complete/cacao_diseases/cacao_photos/healthy/healthy_2396.jpg,0.13855806,0.08
dataset_complete/cacao_diseases/cacao_photos/healthy/healthy_1756.jpg,0.13462532,0.08
dataset_complete/cacao_diseases/cacao_photos/healthy/healthy_183.jpg,0.13397439,0.08
dataset_complete/cacao_diseases/cacao_photos/healthy/healthy_1891.jpg,0.13275853,0.06666666666666667
dataset_complete/cacao_diseases/cacao_photos/healthy/healthy_3260.jpg,0.13257074,0.08
dataset_complete/cacao_diseases/cacao_photos/healthy/healthy_1735.jpg,0.13183832,0.04
dataset_complete/cacao_diseases/cacao_photos/healthy/healthy_1623.jpg,0.13027832,0.06666666666666667
dataset_complete/cacao_diseases/cacao_photos/healthy/healthy_1342.jpg,0.13016963,0.09333333333333334
dataset_complete/cacao_diseases/cacao_photos/healthy/healthy_1853.jpg,0.12991701,0.0
dataset_complete/cacao_diseases/cacao_photos/healthy/healthy_1802.jpg,0.12946038,0.05333333333333334
dataset_complete/cacao_diseases/cacao_photos/healthy/healthy_2028.jpg,0.12945846,0.02666666666666667
dataset_complete/cacao_diseases/cacao_photos/healthy/healthy_1693.jpg,0.1290274,0.04
dataset_complete/cacao_diseases/cacao_photos/healthy/healthy_349.jpg,0.12710606,0.04
dataset_complete/cacao_diseases/cacao_photos/healthy/healthy_2890.jpg,0.12694345,0.08
dataset_complete/cacao_diseases/cacao_photos/healthy/healthy_1838.jpg,0.1269341,0.04
dataset_complete/cacao_diseases/cacao_photos/healthy/healthy_1817.jpg,0.12691312,0.04
dataset_complete/cacao_diseases/cacao_photos/healthy/healthy_113.jpg,0.12607123,0.06666666666666667
dataset_complete/cacao_diseases/cacao_photos/healthy/healthy_2871.jpg,0.12557001,0.05333333333333334
dataset_complete/cacao_diseases/cacao_photos/healthy/healthy_2402.jpg,0.12428247,0.08
dataset_complete/cacao_diseases/cacao_photos/healthy/healthy_1964.jpg,0.123694256,0.02666666666666667
dataset_complete/cacao_diseases/cacao_photos/healthy/healthy_1863.jpg,0.123352535,0.04
dataset_complete/cacao_diseases/cacao_photos/healthy/healthy_3270.jpg,0.1231074,0.013333333333333334
dataset_complete/cacao_diseases/cacao_photos/healthy/healthy_3047.jpg,0.12248059,0.09333333333333334
dataset_complete/cacao_diseases/cacao_photos/healthy/healthy_1839.jpg,0.12235058,0.02666666666666667
dataset_complete/cacao_diseases/cacao_photos/healthy/healthy_2972.jpg,0.12173172,0.10666666666666667
dataset_complete/cacao_diseases/cacao_photos/healthy/healthy_1821.jpg,0.12167639,0.05333333333333334
dataset_complete/cacao_diseases/cacao_photos/healthy/healthy_1737.jpg,0.12056723,0.05333333333333334
dataset_complete/cacao_diseases/cacao_photos/healthy/healthy_1862.jpg,0.12033612,0.02666666666666667
dataset_complete/cacao_diseases/cacao_photos/healthy/healthy_3248.jpg,0.12027452,0.04
dataset_complete/cacao_diseases/cacao_photos/healthy/healthy_1893.jpg,0.12015397,0.06666666666666667
dataset_complete/cacao_diseases/cacao_photos/healthy/healthy_1764.jpg,0.12006662,0.02666666666666667
dataset_complete/cacao_diseases/cacao_photos/healthy/healthy_1997.jpg,0.11959338,0.05333333333333334
dataset_complete/cacao_diseases/cacao_photos/healthy/healthy_2004.jpg,0.11630343,0.04
dataset_complete/cacao_diseases/cacao_photos/healthy/healthy_1806.jpg,0.11628272,0.06666666666666667
dataset_complete/cacao_diseases/cacao_photos/healthy/healthy_2180.jpg,0.116204314,0.04
dataset_complete/cacao_diseases/cacao_photos/healthy/healthy_2222.jpg,0.11475536,0.08
dataset_complete/cacao_diseases/cacao_photos/healthy/healthy_1778.jpg,0.11312964,0.02666666666666667
dataset_complete/cacao_diseases/cacao_photos/healthy/healthy_1730.jpg,0.11246966,0.02666666666666667
dataset_complete/cacao_diseases/cacao_photos/healthy/healthy_921.jpg,0.1121257,0.06666666666666667
dataset_complete/cacao_diseases/cacao_photos/healthy/healthy_3301.jpg,0.11087649,0.04
dataset_complete/cacao_diseases/cacao_photos/healthy/healthy_339.jpg,0.110712595,0.013333333333333334
dataset_complete/cacao_diseases/cacao_photos/healthy/healthy_1362.jpg,0.10924417,0.05333333333333334
dataset_complete/cacao_diseases/cacao_photos/healthy/healthy_2227.jpg,0.10836961,0.04
dataset_complete/cacao_diseases/cacao_photos/healthy/healthy_1801.jpg,0.107063636,0.02666666666666667
dataset_complete/cacao_diseases/cacao_photos/healthy/healthy_2541.jpg,0.10626498,0.02666666666666667
dataset_complete/cacao_diseases/cacao_photos/healthy/healthy_1779.jpg,0.10590499,0.05333333333333334
dataset_complete/cacao_diseases/cacao_photos/healthy/healthy_1996.jpg,0.10571462,0.02666666666666667
dataset_complete/cacao_diseases/cacao_photos/healthy/healthy_1777.jpg,0.105297364,0.02666666666666667
dataset_complete/cacao_diseases/cacao_photos/healthy/healthy_1628.jpg,0.10512827,0.05333333333333334
dataset_complete/cacao_diseases/cacao_photos/healthy/healthy_2852.jpg,0.10185843,0.06666666666666667
dataset_complete/cacao_diseases/cacao_photos/healthy/healthy_2040.jpg,0.10158837,0.02666666666666667
dataset_complete/cacao_diseases/cacao_photos/healthy/healthy_1372.jpg,0.10141406,0.04
dataset_complete/cacao_diseases/cacao_photos/healthy/healthy_2243.jpg,0.101295024,0.02666666666666667
dataset_complete/cacao_diseases/cacao_photos/healthy/healthy_400.jpg,0.10098667,0.06666666666666667
dataset_complete/cacao_diseases/cacao_photos/healthy/healthy_1864.jpg,0.1002204,0.04
dataset_complete/cacao_diseases/cacao_photos/healthy/healthy_1953.jpg,0.09921657,0.02666666666666667
dataset_complete/cacao_diseases/cacao_photos/healthy/healthy_375.jpg,0.098213434,0.02666666666666667
dataset_complete/cacao_diseases/cacao_photos/healthy/healthy_1907.jpg,0.09801675,0.013333333333333334
dataset_complete/cacao_diseases/cacao_photos/healthy/healthy_1912.jpg,0.09785394,0.06666666666666667
dataset_complete/cacao_diseases/cacao_photos/healthy/healthy_756.jpg,0.09738224,0.08
dataset_complete/cacao_diseases/cacao_photos/healthy/healthy_3297.jpg,0.09665597,0.02666666666666667
dataset_complete/cacao_diseases/cacao_photos/healthy/healthy_2883.jpg,0.09580855,0.013333333333333334
dataset_complete/cacao_diseases/cacao_photos/healthy/healthy_1776.jpg,0.09559026,0.02666666666666667
dataset_complete/cacao_diseases/cacao_photos/healthy/healthy_2401.jpg,0.09548133,0.02666666666666667
dataset_complete/cacao_diseases/cacao_photos/healthy/healthy_1586.jpg,0.09502659,0.0
dataset_complete/cacao_diseases/cacao_photos/healthy/healthy_2210.jpg,0.09473245,0.08
dataset_complete/cacao_diseases/cacao_photos/healthy/healthy_1284.jpg,0.09461681,0.02666666666666667
dataset_complete/cacao_diseases/cacao_photos/healthy/healthy_2967.jpg,0.094096676,0.05333333333333334
dataset_complete/cacao_diseases/cacao_photos/healthy/healthy_1739.jpg,0.09342282,0.013333333333333334
dataset_complete/cacao_diseases/cacao_photos/healthy/healthy_1859.jpg,0.09317417,0.02666666666666667
dataset_complete/cacao_diseases/cacao_photos/healthy/healthy_1341.jpg,0.09192449,0.02666666666666667
dataset_complete/cacao_diseases/cacao_photos/healthy/healthy_847.jpg,0.091919705,0.04
dataset_complete/cacao_diseases/cacao_photos/healthy/healthy_3269.jpg,0.09103789,0.04
dataset_complete/cacao_diseases/cacao_photos/healthy/healthy_1841.jpg,0.090866394,0.013333333333333334
dataset_complete/cacao_diseases/cacao_photos/healthy/healthy_127.jpg,0.08939428,0.02666666666666667
dataset_complete/cacao_diseases/cacao_photos/healthy/healthy_1772.jpg,0.08802542,0.013333333333333334
dataset_complete/cacao_diseases/cacao_photos/healthy/healthy_374.jpg,0.0875038,0.02666666666666667
dataset_complete/cacao_diseases/cacao_photos/healthy/healthy_804.jpg,0.08730429,0.05333333333333334
dataset_complete/cacao_diseases/cacao_photos/healthy/healthy_2870.jpg,0.08696473,0.04
dataset_complete/cacao_diseases/cacao_photos/healthy/healthy_2208.jpg,0.0862001,0.0
dataset_complete/cacao_diseases/cacao_photos/healthy/healthy_736.jpg,0.085392125,0.04
dataset_complete/cacao_diseases/cacao_photos/healthy/healthy_1720.jpg,0.085330375,0.013333333333333334
dataset_complete/cacao_diseases/cacao_photos/healthy/healthy_2899.jpg,0.085100584,0.013333333333333334
dataset_complete/cacao_diseases/cacao_photos/healthy/healthy_1968.jpg,0.08457653,0.013333333333333334
dataset_complete/cacao_diseases/cacao_photos/healthy/healthy_167.jpg,0.084482476,0.04
dataset_complete/cacao_diseases/cacao_photos/healthy/healthy_1695.jpg,0.08340374,0.0
dataset_complete/cacao_diseases/cacao_photos/healthy/healthy_2213.jpg,0.08332191,0.013333333333333334
dataset_complete/cacao_diseases/cacao_photos/healthy/healthy_3299.jpg,0.082024194,0.04
dataset_complete/cacao_diseases/cacao_photos/healthy/healthy_1708.jpg,0.08187151,0.013333333333333334
dataset_complete/cacao_diseases/cacao_photos/healthy/healthy_1993.jpg,0.08120639,0.02666666666666667
dataset_complete/cacao_diseases/cacao_photos/healthy/healthy_1938.jpg,0.08107147,0.013333333333333334
dataset_complete/cacao_diseases/cacao_photos/healthy/healthy_2668.jpg,0.080850944,0.013333333333333334
dataset_complete/cacao_diseases/cacao_photos/healthy/healthy_1723.jpg,0.08059916,0.0
dataset_complete/cacao_diseases/cacao_photos/healthy/healthy_2654.jpg,0.08018284,0.02666666666666667
dataset_complete/cacao_diseases/cacao_photos/healthy/healthy_1983.jpg,0.08009083,0.02666666666666667
dataset_complete/cacao_diseases/cacao_photos/healthy/healthy_3303.jpg,0.07965482,0.0
dataset_complete/cacao_diseases/cacao_photos/healthy/healthy_2683.jpg,0.07952185,0.013333333333333334
dataset_complete/cacao_diseases/cacao_photos/healthy/healthy_721.jpg,0.07948221,0.04
dataset_complete/cacao_diseases/cacao_photos/healthy/healthy_892.jpg,0.0793179,0.02666666666666667
dataset_complete/cacao_diseases/cacao_photos/healthy/healthy_2220.jpg,0.07920605,0.013333333333333334
dataset_complete/cacao_diseases/cacao_photos/healthy/healthy_948.jpg,0.078702144,0.013333333333333334
dataset_complete/cacao_diseases/cacao_photos/healthy/healthy_1932.jpg,0.07854272,0.04
dataset_complete/cacao_diseases/cacao_photos/healthy/healthy_348.jpg,0.07779537,0.02666666666666667
dataset_complete/cacao_diseases/cacao_photos/healthy/healthy_1803.jpg,0.07752508,0.013333333333333334
dataset_complete/cacao_diseases/cacao_photos/healthy/healthy_3213.jpg,0.077500425,0.06666666666666667
dataset_complete/cacao_diseases/cacao_photos/healthy/healthy_1908.jpg,0.07742585,0.013333333333333334
dataset_complete/cacao_diseases/cacao_photos/healthy/healthy_164.jpg,0.0763424,0.02666666666666667
dataset_complete/cacao_diseases/cacao_photos/healthy/healthy_181.jpg,0.07534023,0.02666666666666667
dataset_complete/cacao_diseases/cacao_photos/healthy/healthy_1738.jpg,0.074900374,0.0
dataset_complete/cacao_diseases/cacao_photos/healthy/healthy_1403.jpg,0.074816145,0.02666666666666667
dataset_complete/cacao_diseases/cacao_photos/healthy/healthy_2419.jpg,0.07472907,0.02666666666666667
dataset_complete/cacao_diseases/cacao_photos/healthy/healthy_1823.jpg,0.07366252,0.02666666666666667
dataset_complete/cacao_diseases/cacao_photos/healthy/healthy_3218.jpg,0.0728966,0.013333333333333334
dataset_complete/cacao_diseases/cacao_photos/healthy/healthy_2385.jpg,0.072376624,0.05333333333333334
dataset_complete/cacao_diseases/cacao_photos/healthy/healthy_2841.jpg,0.07204797,0.04
dataset_complete/cacao_diseases/cacao_photos/healthy/healthy_2478.jpg,0.0719453,0.02666666666666667
dataset_complete/cacao_diseases/cacao_photos/healthy/healthy_1813.jpg,0.071798116,0.04
dataset_complete/cacao_diseases/cacao_photos/healthy/healthy_2378.jpg,0.07159456,0.02666666666666667
dataset_complete/cacao_diseases/cacao_photos/healthy/healthy_2875.jpg,0.07133235,0.05333333333333334
dataset_complete/cacao_diseases/cacao_photos/healthy/healthy_984.jpg,0.0704871,0.02666666666666667
dataset_complete/cacao_diseases/cacao_photos/healthy/healthy_831.jpg,0.06940606,0.013333333333333334
dataset_complete/cacao_diseases/cacao_photos/healthy/healthy_1698.jpg,0.06930855,0.0
dataset_complete/cacao_diseases/cacao_photos/healthy/healthy_1721.jpg,0.0689965,0.0
dataset_complete/cacao_diseases/cacao_photos/healthy/healthy_2992.jpg,0.0688554,0.013333333333333334
dataset_complete/cacao_diseases/cacao_photos/healthy/healthy_560.jpg,0.06881248,0.013333333333333334
dataset_complete/cacao_diseases/cacao_photos/healthy/healthy_2388.jpg,0.068468034,0.0
dataset_complete/cacao_diseases/cacao_photos/healthy/healthy_874.jpg,0.0675441,0.0
dataset_complete/cacao_diseases/cacao_photos/healthy/healthy_3249.jpg,0.067505375,0.04
dataset_complete/cacao_diseases/cacao_photos/healthy/healthy_481.jpg,0.066866845,0.013333333333333334
dataset_complete/cacao_diseases/cacao_photos/healthy/healthy_2670.jpg,0.06686088,0.02666666666666667
dataset_complete/cacao_diseases/cacao_photos/healthy/healthy_2327.jpg,0.06670866,0.02666666666666667
dataset_complete/cacao_diseases/cacao_photos/healthy/healthy_2549.jpg,0.06616566,0.02666666666666667
dataset_complete/cacao_diseases/cacao_photos/healthy/healthy_2655.jpg,0.06607487,0.02666666666666667
dataset_complete/cacao_diseases/cacao_photos/healthy/healthy_136.jpg,0.0659247,0.013333333333333334
dataset_complete/cacao_diseases/cacao_photos/healthy/healthy_3264.jpg,0.065763265,0.013333333333333334
dataset_complete/cacao_diseases/cacao_photos/healthy/healthy_1875.jpg,0.06569064,0.0
dataset_complete/cacao_diseases/cacao_photos/healthy/healthy_1916.jpg,0.065130055,0.0
dataset_complete/cacao_diseases/cacao_photos/healthy/healthy_2233.jpg,0.064971626,0.02666666666666667
dataset_complete/cacao_diseases/cacao_photos/healthy/healthy_2314.jpg,0.06404734,0.0
dataset_complete/cacao_diseases/cacao_photos/healthy/healthy_1989.jpg,0.06380332,0.04
dataset_complete/cacao_diseases/cacao_photos/healthy/healthy_769.jpg,0.06337478,0.02666666666666667
dataset_complete/cacao_diseases/cacao_photos/healthy/healthy_2469.jpg,0.06285083,0.013333333333333334
dataset_complete/cacao_diseases/cacao_photos/healthy/healthy_360.jpg,0.06254937,0.02666666666666667
dataset_complete/cacao_diseases/cacao_photos/healthy/healthy_1630.jpg,0.061800536,0.04
dataset_complete/cacao_diseases/cacao_photos/healthy/healthy_1601.jpg,0.061240304,0.04
dataset_complete/cacao_diseases/cacao_photos/healthy/healthy_2877.jpg,0.060922287,0.013333333333333334
dataset_complete/cacao_diseases/cacao_photos/healthy/healthy_3019.jpg,0.06080611,0.02666666666666667
dataset_complete/cacao_diseases/cacao_photos/healthy/healthy_1849.jpg,0.060722794,0.013333333333333334
dataset_complete/cacao_diseases/cacao_photos/healthy/healthy_1747.jpg,0.059259873,0.013333333333333334
dataset_complete/cacao_diseases/cacao_photos/healthy/healthy_2981.jpg,0.05919156,0.013333333333333334
dataset_complete/cacao_diseases/cacao_photos/healthy/healthy_1847.jpg,0.05829078,0.013333333333333334
dataset_complete/cacao_diseases/cacao_photos/healthy/healthy_1760.jpg,0.058179703,0.0
dataset_complete/cacao_diseases/cacao_photos/healthy/healthy_2965.jpg,0.057885613,0.013333333333333334
dataset_complete/cacao_diseases/cacao_photos/healthy/healthy_3268.jpg,0.057359193,0.0
dataset_complete/cacao_diseases/cacao_photos/healthy/healthy_1711.jpg,0.057048295,0.0
dataset_complete/cacao_diseases/cacao_photos/healthy/healthy_2993.jpg,0.056895185,0.0
dataset_complete/cacao_diseases/cacao_photos/healthy/healthy_3032.jpg,0.055918965,0.013333333333333334
dataset_complete/cacao_diseases/cacao_photos/healthy/healthy_2001.jpg,0.053997397,0.013333333333333334
dataset_complete/cacao_diseases/cacao_photos/healthy/healthy_2977.jpg,0.05322358,0.02666666666666667
dataset_complete/cacao_diseases/cacao_photos/healthy/healthy_2003.jpg,0.053154804,0.013333333333333334
dataset_complete/cacao_diseases/cacao_photos/healthy/healthy_2550.jpg,0.0530401,0.013333333333333334
dataset_complete/cacao_diseases/cacao_photos/healthy/healthy_877.jpg,0.052914,0.0
dataset_complete/cacao_diseases/cacao_photos/healthy/healthy_3170.jpg,0.05278746,0.0
dataset_complete/cacao_diseases/cacao_photos/healthy/healthy_3033.jpg,0.052653085,0.013333333333333334
dataset_complete/cacao_diseases/cacao_photos/healthy/healthy_2340.jpg,0.05243391,0.0
dataset_complete/cacao_diseases/cacao_photos/healthy/healthy_3190.jpg,0.052408677,0.0
dataset_complete/cacao_diseases/cacao_photos/healthy/healthy_2370.jpg,0.05234357,0.013333333333333334
dataset_complete/cacao_diseases/cacao_photos/healthy/healthy_2331.jpg,0.052232448,0.0
dataset_complete/cacao_diseases/cacao_photos/healthy/healthy_2711.jpg,0.051898103,0.013333333333333334
dataset_complete/cacao_diseases/cacao_photos/healthy/healthy_2525.jpg,0.05158844,0.013333333333333334
dataset_complete/cacao_diseases/cacao_photos/healthy/healthy_946.jpg,0.051119164,0.0
dataset_complete/cacao_diseases/cacao_photos/healthy/healthy_742.jpg,0.0510544,0.013333333333333334
dataset_complete/cacao_diseases/cacao_photos/healthy/healthy_2907.jpg,0.050955746,0.02666666666666667
dataset_complete/cacao_diseases/cacao_photos/healthy/healthy_1896.jpg,0.05072061,0.02666666666666667
dataset_complete/cacao_diseases/cacao_photos/healthy/healthy_2999.jpg,0.050465733,0.013333333333333334
dataset_complete/cacao_diseases/cacao_photos/healthy/healthy_822.jpg,0.049804743,0.013333333333333334
dataset_complete/cacao_diseases/cacao_photos/healthy/healthy_1822.jpg,0.049600553,0.013333333333333334
dataset_complete/cacao_diseases/cacao_photos/healthy/healthy_2982.jpg,0.049495295,0.013333333333333334
dataset_complete/cacao_diseases/cacao_photos/healthy/healthy_986.jpg,0.04948485,0.02666666666666667
dataset_complete/cacao_diseases/cacao_photos/healthy/healthy_2961.jpg,0.049390938,0.013333333333333334
dataset_complete/cacao_diseases/cacao_photos/healthy/healthy_3069.jpg,0.048710782,0.013333333333333334
dataset_complete/cacao_diseases/cacao_photos/healthy/healthy_1761.jpg,0.04802148,0.0
dataset_complete/cacao_diseases/cacao_photos/healthy/healthy_3244.jpg,0.047768455,0.0
dataset_complete/cacao_diseases/cacao_photos/healthy/healthy_2720.jpg,0.047722455,0.02666666666666667
dataset_complete/cacao_diseases/cacao_photos/healthy/healthy_724.jpg,0.047458917,0.013333333333333334
dataset_complete/cacao_diseases/cacao_photos/healthy/healthy_2352.jpg,0.047427025,0.0
dataset_complete/cacao_diseases/cacao_photos/healthy/healthy_941.jpg,0.04739555,0.0
dataset_complete/cacao_diseases/cacao_photos/healthy/healthy_2994.jpg,0.04734062,0.013333333333333334
dataset_complete/cacao_diseases/cacao_photos/healthy/healthy_1969.jpg,0.046743795,0.02666666666666667
dataset_complete/cacao_diseases/cacao_photos/healthy/healthy_3271.jpg,0.046578076,0.02666666666666667
dataset_complete/cacao_diseases/cacao_photos/healthy/healthy_1994.jpg,0.046555262,0.013333333333333334
dataset_complete/cacao_diseases/cacao_photos/healthy/healthy_3017.jpg,0.046225924,0.013333333333333334
dataset_complete/cacao_diseases/cacao_photos/healthy/healthy_2484.jpg,0.046183307,0.013333333333333334
dataset_complete/cacao_diseases/cacao_photos/healthy/healthy_1391.jpg,0.04591635,0.0
dataset_complete/cacao_diseases/cacao_photos/healthy/healthy_1807.jpg,0.045867957,0.013333333333333334
dataset_complete/cacao_diseases/cacao_photos/healthy/healthy_133.jpg,0.04576667,0.0
dataset_complete/cacao_diseases/cacao_photos/healthy/healthy_2181.jpg,0.045604005,0.0
dataset_complete/cacao_diseases/cacao_photos/healthy/healthy_1881.jpg,0.04558806,0.013333333333333334
dataset_complete/cacao_diseases/cacao_photos/healthy/healthy_1937.jpg,0.045155194,0.02666666666666667
dataset_complete/cacao_diseases/cacao_photos/healthy/healthy_2338.jpg,0.045091994,0.0
dataset_complete/cacao_diseases/cacao_photos/healthy/healthy_1890.jpg,0.044975966,0.0
dataset_complete/cacao_diseases/cacao_photos/healthy/healthy_2997.jpg,0.044142447,0.013333333333333334
dataset_complete/cacao_diseases/cacao_photos/healthy/healthy_3274.jpg,0.04363835,0.02666666666666667
dataset_complete/cacao_diseases/cacao_photos/healthy/healthy_3265.jpg,0.043632254,0.013333333333333334
dataset_complete/cacao_diseases/cacao_photos/healthy/healthy_964.jpg,0.043289185,0.0
dataset_complete/cacao_diseases/cacao_photos/healthy/healthy_1347.jpg,0.042872548,0.013333333333333334
dataset_complete/cacao_diseases/cacao_photos/healthy/healthy_1727.jpg,0.04242885,0.0
dataset_complete/cacao_diseases/cacao_photos/healthy/healthy_959.jpg,0.041669935,0.0
dataset_complete/cacao_diseases/cacao_photos/healthy/healthy_2321.jpg,0.041606713,0.013333333333333334
dataset_complete/cacao_diseases/cacao_photos/healthy/healthy_338.jpg,0.0414647,0.0
dataset_complete/cacao_diseases/cacao_photos/healthy/healthy_2538.jpg,0.041343033,0.013333333333333334
dataset_complete/cacao_diseases/cacao_photos/healthy/healthy_2467.jpg,0.04133665,0.0
dataset_complete/cacao_diseases/cacao_photos/healthy/healthy_2739.jpg,0.04130115,0.013333333333333334
dataset_complete/cacao_diseases/cacao_photos/healthy/healthy_2973.jpg,0.041215993,0.04
dataset_complete/cacao_diseases/cacao_photos/healthy/healthy_1836.jpg,0.041168675,0.013333333333333334
dataset_complete/cacao_diseases/cacao_photos/healthy/healthy_2166.jpg,0.041146982,0.0
dataset_complete/cacao_diseases/cacao_photos/healthy/healthy_1812.jpg,0.040613793,0.013333333333333334
dataset_complete/cacao_diseases/cacao_photos/healthy/healthy_2722.jpg,0.040023338,0.0
dataset_complete/cacao_diseases/cacao_photos/healthy/healthy_1880.jpg,0.03958098,0.0
dataset_complete/cacao_diseases/cacao_photos/healthy/healthy_3201.jpg,0.039467126,0.0
dataset_complete/cacao_diseases/cacao_photos/healthy/healthy_2551.jpg,0.039091643,0.0
dataset_complete/cacao_diseases/cacao_photos/healthy/healthy_372.jpg,0.038778592,0.0
dataset_complete/cacao_diseases/cacao_photos/healthy/healthy_916.jpg,0.03844557,0.013333333333333334
dataset_complete/cacao_diseases/cacao_photos/healthy/healthy_2486.jpg,0.038296968,0.0
dataset_complete/cacao_diseases/cacao_photos/healthy/healthy_2024.jpg,0.03826049,0.013333333333333334
dataset_complete/cacao_diseases/cacao_photos/healthy/healthy_1393.jpg,0.03758111,0.0
dataset_complete/cacao_diseases/cacao_photos/healthy/healthy_1744.jpg,0.03754934,0.0
dataset_complete/cacao_diseases/cacao_photos/healthy/healthy_1587.jpg,0.03752056,0.0
dataset_complete/cacao_diseases/cacao_photos/healthy/healthy_2049.jpg,0.037469957,0.0
dataset_complete/cacao_diseases/cacao_photos/healthy/healthy_126.jpg,0.037255105,0.0
dataset_complete/cacao_diseases/cacao_photos/healthy/healthy_1904.jpg,0.037204903,0.0
dataset_complete/cacao_diseases/cacao_photos/healthy/healthy_2880.jpg,0.0371196,0.013333333333333334
dataset_complete/cacao_diseases/cacao_photos/healthy/healthy_1965.jpg,0.037093557,0.0
dataset_complete/cacao_diseases/cacao_photos/healthy/healthy_1966.jpg,0.036912084,0.013333333333333334
dataset_complete/cacao_diseases/cacao_photos/healthy/healthy_1903.jpg,0.03669094,0.0
dataset_complete/cacao_diseases/cacao_photos/healthy/healthy_1706.jpg,0.036649704,0.0
dataset_complete/cacao_diseases/cacao_photos/healthy/healthy_2537.jpg,0.03654578,0.0
dataset_complete/cacao_diseases/cacao_photos/healthy/healthy_2658.jpg,0.03645617,0.0
dataset_complete/cacao_diseases/cacao_photos/healthy/healthy_177.jpg,0.036260102,0.0
dataset_complete/cacao_diseases/cacao_photos/healthy/healthy_1278.jpg,0.036221374,0.0
dataset_complete/cacao_diseases/cacao_photos/healthy/healthy_3239.jpg,0.03614105,0.013333333333333334
dataset_complete/cacao_diseases/cacao_photos/healthy/healthy_1303.jpg,0.036008332,0.0
dataset_complete/cacao_diseases/cacao_photos/healthy/healthy_2943.jpg,0.035839174,0.0
dataset_complete/cacao_diseases/cacao_photos/healthy/healthy_3010.jpg,0.035663877,0.0
dataset_complete/cacao_diseases/cacao_photos/healthy/healthy_1781.jpg,0.035293814,0.0
dataset_complete/cacao_diseases/cacao_photos/healthy/healthy_3209.jpg,0.03490969,0.0
dataset_complete/cacao_diseases/cacao_photos/healthy/healthy_2963.jpg,0.034874514,0.0
dataset_complete/cacao_diseases/cacao_photos/healthy/healthy_552.jpg,0.034617886,0.0
dataset_complete/cacao_diseases/cacao_photos/healthy/healthy_1713.jpg,0.034495573,0.0
dataset_complete/cacao_diseases/cacao_photos/healthy/healthy_740.jpg,0.034422446,0.0
dataset_complete/cacao_diseases/cacao_photos/healthy/healthy_153.jpg,0.034388747,0.013333333333333334
dataset_complete/cacao_diseases/cacao_photos/healthy/healthy_2552.jpg,0.03408642,0.0
dataset_complete/cacao_diseases/cacao_photos/healthy/healthy_371.jpg,0.033323124,0.0
dataset_complete/cacao_diseases/cacao_photos/healthy/healthy_3051.jpg,0.03302864,0.0
dataset_complete/cacao_diseases/cacao_photos/healthy/healthy_1346.jpg,0.032931477,0.0
dataset_complete/cacao_diseases/cacao_photos/healthy/healthy_2018.jpg,0.03287165,0.013333333333333334
dataset_complete/cacao_diseases/cacao_photos/healthy/healthy_325.jpg,0.03274951,0.0
dataset_complete/cacao_diseases/cacao_photos/healthy/healthy_2428.jpg,0.03253773,0.0
dataset_complete/cacao_diseases/cacao_photos/healthy/healthy_888.jpg,0.032366153,0.0
dataset_complete/cacao_diseases/cacao_photos/healthy/healthy_2043.jpg,0.031966597,0.0
dataset_complete/cacao_diseases/cacao_photos/healthy/healthy_1365.jpg,0.03190393,0.0
dataset_complete/cacao_diseases/cacao_photos/healthy/healthy_3006.jpg,0.03180539,0.0
dataset_complete/cacao_diseases/cacao_photos/healthy/healthy_2729.jpg,0.03156765,0.0
dataset_complete/cacao_diseases/cacao_photos/healthy/healthy_2475.jpg,0.031419504,0.0
dataset_complete/cacao_diseases/cacao_photos/healthy/healthy_813.jpg,0.031050816,0.0
dataset_complete/cacao_diseases/cacao_photos/healthy/healthy_1279.jpg,0.030923713,0.0
dataset_complete/cacao_diseases/cacao_photos/healthy/healthy_2682.jpg,0.030883983,0.0
dataset_complete/cacao_diseases/cacao_photos/healthy/healthy_2186.jpg,0.030675907,0.0
dataset_complete/cacao_diseases/cacao_photos/healthy/healthy_152.jpg,0.030650584,0.0
dataset_complete/cacao_diseases/cacao_photos/healthy/healthy_2848.jpg,0.030592067,0.0
dataset_complete/cacao_diseases/cacao_photos/healthy/healthy_2201.jpg,0.030465977,0.0
dataset_complete/cacao_diseases/cacao_photos/healthy/healthy_1335.jpg,0.030347802,0.013333333333333334
dataset_complete/cacao_diseases/cacao_photos/healthy/healthy_2545.jpg,0.03029076,0.0
dataset_complete/cacao_diseases/cacao_photos/healthy/healthy_404.jpg,0.030246459,0.0
dataset_complete/cacao_diseases/cacao_photos/healthy/healthy_1988.jpg,0.030079037,0.0
dataset_complete/cacao_diseases/cacao_photos/healthy/healthy_2991.jpg,0.030010412,0.0
dataset_complete/cacao_diseases/cacao_photos/healthy/healthy_940.jpg,0.029971654,0.0
dataset_complete/cacao_diseases/cacao_photos/healthy/healthy_3304.jpg,0.02932925,0.0
dataset_complete/cacao_diseases/cacao_photos/healthy/healthy_1909.jpg,0.029325448,0.0
dataset_complete/cacao_diseases/cacao_photos/healthy/healthy_917.jpg,0.029299863,0.013333333333333334
dataset_complete/cacao_diseases/cacao_photos/healthy/healthy_2914.jpg,0.02929684,0.013333333333333334
dataset_complete/cacao_diseases/cacao_photos/healthy/healthy_2672.jpg,0.02926087,0.0
dataset_complete/cacao_diseases/cacao_photos/healthy/healthy_2206.jpg,0.028955437,0.0
dataset_complete/cacao_diseases/cacao_photos/healthy/healthy_1373.jpg,0.028902085,0.0
dataset_complete/cacao_diseases/cacao_photos/healthy/healthy_1314.jpg,0.028805831,0.0
dataset_complete/cacao_diseases/cacao_photos/healthy/healthy_1894.jpg,0.028720874,0.0
dataset_complete/cacao_diseases/cacao_photos/healthy/healthy_142.jpg,0.028710555,0.0
dataset_complete/cacao_diseases/cacao_photos/healthy/healthy_898.jpg,0.028140329,0.013333333333333334
dataset_complete/cacao_diseases/cacao_photos/healthy/healthy_187.jpg,0.028128413,0.0
dataset_complete/cacao_diseases/cacao_photos/healthy/healthy_488.jpg,0.027912918,0.013333333333333334
dataset_complete/cacao_diseases/cacao_photos/healthy/healthy_1878.jpg,0.027889919,0.0
dataset_complete/cacao_diseases/cacao_photos/healthy/healthy_2825.jpg,0.02771334,0.0
dataset_complete/cacao_diseases/cacao_photos/healthy/healthy_3234.jpg,0.027568184,0.0
dataset_complete/cacao_diseases/cacao_photos/healthy/healthy_475.jpg,0.027470313,0.0
dataset_complete/cacao_diseases/cacao_photos/healthy/healthy_1368.jpg,0.027415887,0.013333333333333334
dataset_complete/cacao_diseases/cacao_photos/healthy/healthy_2858.jpg,0.027386922,0.013333333333333334
dataset_complete/cacao_diseases/cacao_photos/healthy/healthy_1998.jpg,0.027376192,0.0
dataset_complete/cacao_diseases/cacao_photos/healthy/healthy_770.jpg,0.027021002,0.013333333333333334
dataset_complete/cacao_diseases/cacao_photos/healthy/healthy_2221.jpg,0.02684317,0.0
dataset_complete/cacao_diseases/cacao_photos/healthy/healthy_2013.jpg,0.026820943,0.0
dataset_complete/cacao_diseases/cacao_photos/healthy/healthy_326.jpg,0.026732855,0.013333333333333334
dataset_complete/cacao_diseases/cacao_photos/healthy/healthy_1947.jpg,0.026643334,0.0
dataset_complete/cacao_diseases/cacao_photos/healthy/healthy_2919.jpg,0.026636818,0.0
dataset_complete/cacao_diseases/cacao_photos/healthy/healthy_955.jpg,0.02644345,0.0
dataset_complete/cacao_diseases/cacao_photos/healthy/healthy_956.jpg,0.02629339,0.0
dataset_complete/cacao_diseases/cacao_photos/healthy/healthy_3277.jpg,0.02621874,0.0
dataset_complete/cacao_diseases/cacao_photos/healthy/healthy_2889.jpg,0.026142944,0.013333333333333334
dataset_complete/cacao_diseases/cacao_photos/healthy/healthy_520.jpg,0.026086675,0.013333333333333334
dataset_complete/cacao_diseases/cacao_photos/healthy/healthy_1381.jpg,0.025932828,0.0
dataset_complete/cacao_diseases/cacao_photos/healthy/healthy_1743.jpg,0.025907638,0.0
dataset_complete/cacao_diseases/cacao_photos/healthy/healthy_949.jpg,0.025891181,0.0
dataset_complete/cacao_diseases/cacao_photos/healthy/healthy_2480.jpg,0.025866412,0.0
dataset_complete/cacao_diseases/cacao_photos/healthy/healthy_483.jpg,0.025861714,0.0
dataset_complete/cacao_diseases/cacao_photos/healthy/healthy_403.jpg,0.025738163,0.0
dataset_complete/cacao_diseases/cacao_photos/healthy/healthy_2834.jpg,0.025734417,0.0
dataset_complete/cacao_diseases/cacao_photos/healthy/healthy_2844.jpg,0.025439791,0.0
dataset_complete/cacao_diseases/cacao_photos/healthy/healthy_2325.jpg,0.02518236,0.0
dataset_complete/cacao_diseases/cacao_photos/healthy/healthy_738.jpg,0.02516907,0.0
dataset_complete/cacao_diseases/cacao_photos/healthy/healthy_510.jpg,0.024993079,0.0
dataset_complete/cacao_diseases/cacao_photos/healthy/healthy_2660.jpg,0.024812141,0.0
dataset_complete/cacao_diseases/cacao_photos/healthy/healthy_2657.jpg,0.024676718,0.0
dataset_complete/cacao_diseases/cacao_photos/healthy/healthy_184.jpg,0.02450869,0.0
dataset_complete/cacao_diseases/cacao_photos/healthy/healthy_2242.jpg,0.024260927,0.0
dataset_complete/cacao_diseases/cacao_photos/healthy/healthy_1973.jpg,0.024007723,0.0
dataset_complete/cacao_diseases/cacao_photos/healthy/healthy_2713.jpg,0.023940915,0.0
dataset_complete/cacao_diseases/cacao_photos/healthy/healthy_2701.jpg,0.023886822,0.0
dataset_complete/cacao_diseases/cacao_photos/healthy/healthy_2417.jpg,0.023661483,0.0
dataset_complete/cacao_diseases/cacao_photos/healthy/healthy_1613.jpg,0.023605242,0.02666666666666667
dataset_complete/cacao_diseases/cacao_photos/healthy/healthy_2664.jpg,0.023515284,0.0
dataset_complete/cacao_diseases/cacao_photos/healthy/healthy_1584.jpg,0.023313468,0.0
dataset_complete/cacao_diseases/cacao_photos/healthy/healthy_1934.jpg,0.02328545,0.0
dataset_complete/cacao_diseases/cacao_photos/healthy/healthy_719.jpg,0.02307565,0.0
dataset_complete/cacao_diseases/cacao_photos/healthy/healthy_853.jpg,0.02226846,0.0
dataset_complete/cacao_diseases/cacao_photos/healthy/healthy_316.jpg,0.022259105,0.0
dataset_complete/cacao_diseases/cacao_photos/healthy/healthy_3024.jpg,0.022252904,0.0
dataset_complete/cacao_diseases/cacao_photos/healthy/healthy_147.jpg,0.022189427,0.0
dataset_complete/cacao_diseases/cacao_photos/healthy/healthy_2716.jpg,0.022154495,0.0
dataset_complete/cacao_diseases/cacao_photos/healthy/healthy_1935.jpg,0.022130104,0.0
dataset_complete/cacao_diseases/cacao_photos/healthy/healthy_882.jpg,0.021968732,0.0
dataset_complete/cacao_diseases/cacao_photos/healthy/healthy_2470.jpg,0.02192777,0.0
dataset_complete/cacao_diseases/cacao_photos/healthy/healthy_911.jpg,0.02188709,0.0
dataset_complete/cacao_diseases/cacao_photos/healthy/healthy_781.jpg,0.021753032,0.0
dataset_complete/cacao_diseases/cacao_photos/healthy/healthy_125.jpg,0.0217399,0.0
dataset_complete/cacao_diseases/cacao_photos/healthy/healthy_2414.jpg,0.021686224,0.0
dataset_complete/cacao_diseases/cacao_photos/healthy/healthy_747.jpg,0.021528939,0.0
dataset_complete/cacao_diseases/cacao_photos/healthy/healthy_2183.jpg,0.020791363,0.0
dataset_complete/cacao_diseases/cacao_photos/healthy/healthy_3029.jpg,0.020773765,0.0
dataset_complete/cacao_diseases/cacao_photos/healthy/healthy_1325.jpg,0.020764435,0.0
dataset_complete/cacao_diseases/cacao_photos/healthy/healthy_1317.jpg,0.020645602,0.0
dataset_complete/cacao_diseases/cacao_photos/healthy/healthy_3040.jpg,0.020625703,0.0
dataset_complete/cacao_diseases/cacao_photos/healthy/healthy_2411.jpg,0.02051586,0.0
dataset_complete/cacao_diseases/cacao_photos/healthy/healthy_1622.jpg,0.020484995,0.0
dataset_complete/cacao_diseases/cacao_photos/healthy/healthy_863.jpg,0.020440396,0.0
dataset_complete/cacao_diseases/cacao_photos/healthy/healthy_2354.jpg,0.020394342,0.0
dataset_complete/cacao_diseases/cacao_photos/healthy/healthy_2453.jpg,0.020249404,0.0
dataset_complete/cacao_diseases/cacao_photos/healthy/healthy_3206.jpg,0.02015886,0.0
dataset_complete/cacao_diseases/cacao_photos/healthy/healthy_2717.jpg,0.020151991,0.0
dataset_complete/cacao_diseases/cacao_photos/healthy/healthy_907.jpg,0.019965343,0.0
dataset_complete/cacao_diseases/cacao_photos/healthy/healthy_1597.jpg,0.019909024,0.0
dataset_complete/cacao_diseases/cacao_photos/healthy/healthy_3238.jpg,0.019831337,0.013333333333333334
dataset_complete/cacao_diseases/cacao_photos/healthy/healthy_1970.jpg,0.019636989,0.0
dataset_complete/cacao_diseases/cacao_photos/healthy/healthy_970.jpg,0.019535836,0.0
dataset_complete/cacao_diseases/cacao_photos/healthy/healthy_2002.jpg,0.019487338,0.0
dataset_complete/cacao_diseases/cacao_photos/healthy/healthy_805.jpg,0.019416435,0.0
dataset_complete/cacao_diseases/cacao_photos/healthy/healthy_2046.jpg,0.01940652,0.0
dataset_complete/cacao_diseases/cacao_photos/healthy/healthy_2656.jpg,0.019386534,0.0
dataset_complete/cacao_diseases/cacao_photos/healthy/healthy_168.jpg,0.019178834,0.0
dataset_complete/cacao_diseases/cacao_photos/healthy/healthy_3044.jpg,0.018921962,0.0
dataset_complete/cacao_diseases/cacao_photos/healthy/healthy_2403.jpg,0.018917,0.0
dataset_complete/cacao_diseases/cacao_photos/healthy/healthy_362.jpg,0.018913893,0.013333333333333334
dataset_complete/cacao_diseases/cacao_photos/healthy/healthy_1741.jpg,0.018886061,0.0
dataset_complete/cacao_diseases/cacao_photos/healthy/healthy_1273.jpg,0.018870175,0.0
dataset_complete/cacao_diseases/cacao_photos/healthy/healthy_2681.jpg,0.018800592,0.0
dataset_complete/cacao_diseases/cacao_photos/healthy/healthy_2837.jpg,0.018710682,0.0
dataset_complete/cacao_diseases/cacao_photos/healthy/healthy_2234.jpg,0.018621197,0.0
dataset_complete/cacao_diseases/cacao_photos/healthy/healthy_2823.jpg,0.01860235,0.0
dataset_complete/cacao_diseases/cacao_photos/healthy/healthy_899.jpg,0.018485676,0.0
dataset_complete/cacao_diseases/cacao_photos/healthy/healthy_878.jpg,0.018307013,0.0
dataset_complete/cacao_diseases/cacao_photos/healthy/healthy_953.jpg,0.018294632,0.0
dataset_complete/cacao_diseases/cacao_photos/healthy/healthy_787.jpg,0.018240113,0.0
dataset_complete/cacao_diseases/cacao_photos/healthy/healthy_1957.jpg,0.018221611,0.0
dataset_complete/cacao_diseases/cacao_photos/healthy/healthy_965.jpg,0.018170794,0.0
dataset_complete/cacao_diseases/cacao_photos/healthy/healthy_943.jpg,0.017985955,0.0
dataset_complete/cacao_diseases/cacao_photos/healthy/healthy_160.jpg,0.017984724,0.0
dataset_complete/cacao_diseases/cacao_photos/healthy/healthy_2311.jpg,0.017975358,0.0
dataset_complete/cacao_diseases/cacao_photos/healthy/healthy_896.jpg,0.017960923,0.0
dataset_complete/cacao_diseases/cacao_photos/healthy/healthy_1399.jpg,0.017931698,0.0
dataset_complete/cacao_diseases/cacao_photos/healthy/healthy_317.jpg,0.017742908,0.0
dataset_complete/cacao_diseases/cacao_photos/healthy/healthy_333.jpg,0.017741358,0.0
dataset_complete/cacao_diseases/cacao_photos/healthy/healthy_314.jpg,0.017732607,0.0
dataset_complete/cacao_diseases/cacao_photos/healthy/healthy_929.jpg,0.017696781,0.0
dataset_complete/cacao_diseases/cacao_photos/healthy/healthy_2868.jpg,0.017557662,0.0
dataset_complete/cacao_diseases/cacao_photos/healthy/healthy_914.jpg,0.017555773,0.0
dataset_complete/cacao_diseases/cacao_photos/healthy/healthy_373.jpg,0.017476639,0.0
dataset_complete/cacao_diseases/cacao_photos/healthy/healthy_3267.jpg,0.017332476,0.0
dataset_complete/cacao_diseases/cacao_photos/healthy/healthy_1814.jpg,0.01728865,0.0
dataset_complete/cacao_diseases/cacao_photos/healthy/healthy_3187.jpg,0.01719656,0.0
dataset_complete/cacao_diseases/cacao_photos/healthy/healthy_2400.jpg,0.017126542,0.0
dataset_complete/cacao_diseases/cacao_photos/healthy/healthy_1946.jpg,0.017015962,0.0
dataset_complete/cacao_diseases/cacao_photos/healthy/healthy_928.jpg,0.016957508,0.0
dataset_complete/cacao_diseases/cacao_photos/healthy/healthy_2047.jpg,0.016924722,0.0
dataset_complete/cacao_diseases/cacao_photos/healthy/healthy_2522.jpg,0.016914519,0.0
dataset_complete/cacao_diseases/cacao_photos/healthy/healthy_3180.jpg,0.01690734,0.0
dataset_complete/cacao_diseases/cacao_photos/healthy/healthy_725.jpg,0.016906455,0.0
dataset_complete/cacao_diseases/cacao_photos/healthy/healthy_3204.jpg,0.016875349,0.0
dataset_complete/cacao_diseases/cacao_photos/healthy/healthy_3045.jpg,0.016618814,0.0
dataset_complete/cacao_diseases/cacao_photos/healthy/healthy_873.jpg,0.016598431,0.0
dataset_complete/cacao_diseases/cacao_photos/healthy/healthy_173.jpg,0.016552124,0.0
dataset_complete/cacao_diseases/cacao_photos/healthy/healthy_1718.jpg,0.016307192,0.0
dataset_complete/cacao_diseases/cacao_photos/healthy/healthy_2027.jpg,0.016218668,0.0
dataset_complete/cacao_diseases/cacao_photos/healthy/healthy_3082.jpg,0.016216988,0.0
dataset_complete/cacao_diseases/cacao_photos/healthy/healthy_1123.jpg,0.01610954,0.0
dataset_complete/cacao_diseases/cacao_photos/healthy/healthy_2404.jpg,0.016086467,0.0
dataset_complete/cacao_diseases/cacao_photos/healthy/healthy_3194.jpg,0.016062742,0.013333333333333334
dataset_complete/cacao_diseases/cacao_photos/healthy/healthy_2399.jpg,0.015991313,0.0
dataset_complete/cacao_diseases/cacao_photos/healthy/healthy_1897.jpg,0.01591707,0.0
dataset_complete/cacao_diseases/cacao_photos/healthy/healthy_2230.jpg,0.015874533,0.0
dataset_complete/cacao_diseases/cacao_photos/healthy/healthy_2270.jpg,0.015814178,0.0
dataset_complete/cacao_diseases/cacao_photos/healthy/healthy_2450.jpg,0.015764233,0.0
dataset_complete/cacao_diseases/cacao_photos/healthy/healthy_1792.jpg,0.015693884,0.0
dataset_complete/cacao_diseases/cacao_photos/healthy/healthy_310.jpg,0.015683318,0.0
dataset_complete/cacao_diseases/cacao_photos/healthy/healthy_908.jpg,0.015672648,0.0
dataset_complete/cacao_diseases/cacao_photos/healthy/healthy_2718.jpg,0.015654081,0.0
dataset_complete/cacao_diseases/cacao_photos/healthy/healthy_2524.jpg,0.01562758,0.0
dataset_complete/cacao_diseases/cacao_photos/healthy/healthy_1615.jpg,0.015583443,0.0
dataset_complete/cacao_diseases/cacao_photos/healthy/healthy_1289.jpg,0.015580964,0.0
dataset_complete/cacao_diseases/cacao_photos/healthy/healthy_2987.jpg,0.015543278,0.0
dataset_complete/cacao_diseases/cacao_photos/healthy/healthy_1605.jpg,0.015416468,0.0
dataset_complete/cacao_diseases/cacao_photos/healthy/healthy_193.jpg,0.015337546,0.0
dataset_complete/cacao_diseases/cacao_photos/healthy/healthy_3233.jpg,0.01532907,0.0
dataset_complete/cacao_diseases/cacao_photos/healthy/healthy_2697.jpg,0.015284794,0.0
dataset_complete/cacao_diseases/cacao_photos/healthy/healthy_2665.jpg,0.015248805,0.0
dataset_complete/cacao_diseases/cacao_photos/healthy/healthy_487.jpg,0.015241713,0.0
dataset_complete/cacao_diseases/cacao_photos/healthy/healthy_554.jpg,0.015170345,0.0
dataset_complete/cacao_diseases/cacao_photos/healthy/healthy_1910.jpg,0.015076135,0.0
dataset_complete/cacao_diseases/cacao_photos/healthy/healthy_1978.jpg,0.015018049,0.0
dataset_complete/cacao_diseases/cacao_photos/healthy/healthy_2671.jpg,0.014966065,0.0
dataset_complete/cacao_diseases/cacao_photos/healthy/healthy_3287.jpg,0.014943604,0.013333333333333334
dataset_complete/cacao_diseases/cacao_photos/healthy/healthy_3203.jpg,0.0148618035,0.0
dataset_complete/cacao_diseases/cacao_photos/healthy/healthy_1620.jpg,0.014832461,0.0
dataset_complete/cacao_diseases/cacao_photos/healthy/healthy_1879.jpg,0.0148000065,0.0
dataset_complete/cacao_diseases/cacao_photos/healthy/healthy_298.jpg,0.014768634,0.0
dataset_complete/cacao_diseases/cacao_photos/healthy/healthy_2015.jpg,0.01475063,0.0
dataset_complete/cacao_diseases/cacao_photos/healthy/healthy_2957.jpg,0.014735611,0.0
dataset_complete/cacao_diseases/cacao_photos/healthy/healthy_3172.jpg,0.014445661,0.0
dataset_complete/cacao_diseases/cacao_photos/healthy/healthy_2041.jpg,0.014360084,0.0
dataset_complete/cacao_diseases/cacao_photos/healthy/healthy_2476.jpg,0.014352753,0.0
dataset_complete/cacao_diseases/cacao_photos/healthy/healthy_1352.jpg,0.014350098,0.0
dataset_complete/cacao_diseases/cacao_photos/healthy/healthy_934.jpg,0.014280934,0.0
dataset_complete/cacao_diseases/cacao_photos/healthy/healthy_3035.jpg,0.014271934,0.0
dataset_complete/cacao_diseases/cacao_photos/healthy/healthy_3266.jpg,0.014170091,0.0
dataset_complete/cacao_diseases/cacao_photos/healthy/healthy_3071.jpg,0.014076179,0.0
dataset_complete/cacao_diseases/cacao_photos/healthy/healthy_1274.jpg,0.014020602,0.0
dataset_complete/cacao_diseases/cacao_photos/healthy/healthy_2840.jpg,0.014016523,0.0
dataset_complete/cacao_diseases/cacao_photos/healthy/healthy_1603.jpg,0.0138943605,0.0
dataset_complete/cacao_diseases/cacao_photos/healthy/healthy_1869.jpg,0.013889304,0.013333333333333334
dataset_complete/cacao_diseases/cacao_photos/healthy/healthy_2203.jpg,0.013871364,0.0
dataset_complete/cacao_diseases/cacao_photos/healthy/healthy_845.jpg,0.013858201,0.0
dataset_complete/cacao_diseases/cacao_photos/healthy/healthy_135.jpg,0.01379525,0.0
dataset_complete/cacao_diseases/cacao_photos/healthy/healthy_1132.jpg,0.013739118,0.0
dataset_complete/cacao_diseases/cacao_photos/healthy/healthy_2426.jpg,0.013725733,0.013333333333333334
dataset_complete/cacao_diseases/cacao_photos/healthy/healthy_2016.jpg,0.013667077,0.0
dataset_complete/cacao_diseases/cacao_photos/healthy/healthy_2031.jpg,0.013615071,0.0
dataset_complete/cacao_diseases/cacao_photos/healthy/healthy_3263.jpg,0.013576197,0.0
dataset_complete/cacao_diseases/cacao_photos/healthy/healthy_1002.jpg,0.013261273,0.0
dataset_complete/cacao_diseases/cacao_photos/healthy/healthy_2944.jpg,0.013222931,0.0
dataset_complete/cacao_diseases/cacao_photos/healthy/healthy_118.jpg,0.013166929,0.0
dataset_complete/cacao_diseases/cacao_photos/healthy/healthy_1115.jpg,0.013136428,0.0
dataset_complete/cacao_diseases/cacao_photos/healthy/healthy_944.jpg,0.013046878,0.0
dataset_complete/cacao_diseases/cacao_photos/healthy/healthy_2178.jpg,0.012992037,0.0
dataset_complete/cacao_diseases/cacao_photos/healthy/healthy_723.jpg,0.012967163,0.0
dataset_complete/cacao_diseases/cacao_photos/healthy/healthy_3255.jpg,0.012953714,0.0
dataset_complete/cacao_diseases/cacao_photos/healthy/healthy_950.jpg,0.012891618,0.0
dataset_complete/cacao_diseases/cacao_photos/healthy/healthy_109.jpg,0.012866923,0.0
dataset_complete/cacao_diseases/cacao_photos/healthy/healthy_901.jpg,0.012848951,0.0
dataset_complete/cacao_diseases/cacao_photos/healthy/healthy_350.jpg,0.012842702,0.0
dataset_complete/cacao_diseases/cacao_photos/healthy/healthy_116.jpg,0.012823299,0.0
dataset_complete/cacao_diseases/cacao_photos/healthy/healthy_176.jpg,0.012820999,0.0
dataset_complete/cacao_diseases/cacao_photos/healthy/healthy_952.jpg,0.012808182,0.0
dataset_complete/cacao_diseases/cacao_photos/healthy/healthy_2231.jpg,0.012805311,0.0
dataset_complete/cacao_diseases/cacao_photos/healthy/healthy_976.jpg,0.012753804,0.0
dataset_complete/cacao_diseases/cacao_photos/healthy/healthy_2337.jpg,0.012750341,0.0
dataset_complete/cacao_diseases/cacao_photos/healthy/healthy_735.jpg,0.012740556,0.0
dataset_complete/cacao_diseases/cacao_photos/healthy/healthy_2951.jpg,0.012709964,0.0
dataset_complete/cacao_diseases/cacao_photos/healthy/healthy_2669.jpg,0.012660308,0.0
dataset_complete/cacao_diseases/cacao_photos/healthy/healthy_351.jpg,0.012634674,0.0
dataset_complete/cacao_diseases/cacao_photos/healthy/healthy_2931.jpg,0.012629011,0.0
dataset_complete/cacao_diseases/cacao_photos/healthy/healthy_2866.jpg,0.012602487,0.0
dataset_complete/cacao_diseases/cacao_photos/healthy/healthy_2690.jpg,0.012601242,0.0
dataset_complete/cacao_diseases/cacao_photos/healthy/healthy_1874.jpg,0.012594919,0.0
dataset_complete/cacao_diseases/cacao_photos/healthy/healthy_3272.jpg,0.012515594,0.0
dataset_complete/cacao_diseases/cacao_photos/healthy/healthy_1986.jpg,0.012505156,0.0
dataset_complete/cacao_diseases/cacao_photos/healthy/healthy_2471.jpg,0.012460773,0.0
dataset_complete/cacao_diseases/cacao_photos/healthy/healthy_328.jpg,0.012412624,0.0
dataset_complete/cacao_diseases/cacao_photos/healthy/healthy_2694.jpg,0.01241043,0.0
dataset_complete/cacao_diseases/cacao_photos/healthy/healthy_761.jpg,0.012409407,0.0
dataset_complete/cacao_diseases/cacao_photos/healthy/healthy_1389.jpg,0.012084745,0.0
dataset_complete/cacao_diseases/cacao_photos/healthy/healthy_1379.jpg,0.011986703,0.0
dataset_complete/cacao_diseases/cacao_photos/healthy/healthy_840.jpg,0.011966305,0.0
dataset_complete/cacao_diseases/cacao_photos/healthy/healthy_828.jpg,0.011849645,0.0
dataset_complete/cacao_diseases/cacao_photos/healthy/healthy_2022.jpg,0.011846724,0.0
dataset_complete/cacao_diseases/cacao_photos/healthy/healthy_737.jpg,0.011840805,0.0
dataset_complete/cacao_diseases/cacao_photos/healthy/healthy_2477.jpg,0.011822845,0.0
dataset_complete/cacao_diseases/cacao_photos/healthy/healthy_983.jpg,0.0116933575,0.0
dataset_complete/cacao_diseases/cacao_photos/healthy/healthy_975.jpg,0.011649552,0.0
dataset_complete/cacao_diseases/cacao_photos/healthy/healthy_2269.jpg,0.011647539,0.0
dataset_complete/cacao_diseases/cacao_photos/healthy/healthy_3018.jpg,0.011602873,0.0
dataset_complete/cacao_diseases/cacao_photos/healthy/healthy_967.jpg,0.011583431,0.0
dataset_complete/cacao_diseases/cacao_photos/healthy/healthy_1333.jpg,0.011552175,0.0
dataset_complete/cacao_diseases/cacao_photos/healthy/healthy_1281.jpg,0.011524037,0.0
dataset_complete/cacao_diseases/cacao_photos/healthy/healthy_3078.jpg,0.011438091,0.0
dataset_complete/cacao_diseases/cacao_photos/healthy/healthy_861.jpg,0.0114173265,0.0
dataset_complete/cacao_diseases/cacao_photos/healthy/healthy_2884.jpg,0.011381884,0.0
dataset_complete/cacao_diseases/cacao_photos/healthy/healthy_2978.jpg,0.011304945,0.0
dataset_complete/cacao_diseases/cacao_photos/healthy/healthy_3076.jpg,0.011254969,0.0
dataset_complete/cacao_diseases/cacao_photos/healthy/healthy_3247.jpg,0.011221034,0.0
dataset_complete/cacao_diseases/cacao_photos/healthy/healthy_2452.jpg,0.011195198,0.0
dataset_complete/cacao_diseases/cacao_photos/healthy/healthy_2888.jpg,0.011173222,0.0
dataset_complete/cacao_diseases/cacao_photos/healthy/healthy_3004.jpg,0.011098769,0.0
dataset_complete/cacao_diseases/cacao_photos/healthy/healthy_1112.jpg,0.011080801,0.0
dataset_complete/cacao_diseases/cacao_photos/healthy/healthy_2359.jpg,0.011070685,0.0
dataset_complete/cacao_diseases/cacao_photos/healthy/healthy_1987.jpg,0.01106315,0.0
dataset_complete/cacao_diseases/cacao_photos/healthy/healthy_382.jpg,0.011022065,0.0
dataset_complete/cacao_diseases/cacao_photos/healthy/healthy_2345.jpg,0.010995271,0.0
dataset_complete/cacao_diseases/cacao_photos/healthy/healthy_1293.jpg,0.01092173,0.0
dataset_complete/cacao_diseases/cacao_photos/healthy/healthy_2029.jpg,0.010878199,0.0
dataset_complete/cacao_diseases/cacao_photos/healthy/healthy_2217.jpg,0.010876784,0.0
dataset_complete/cacao_diseases/cacao_photos/healthy/healthy_166.jpg,0.010876717,0.0
dataset_complete/cacao_diseases/cacao_photos/healthy/healthy_1612.jpg,0.010784326,0.0
dataset_complete/cacao_diseases/cacao_photos/healthy/healthy_2421.jpg,0.010783101,0.0
dataset_complete/cacao_diseases/cacao_photos/healthy/healthy_514.jpg,0.010773901,0.0
dataset_complete/cacao_diseases/cacao_photos/healthy/healthy_2332.jpg,0.010767123,0.0
dataset_complete/cacao_diseases/cacao_photos/healthy/healthy_3207.jpg,0.010753091,0.0
dataset_complete/cacao_diseases/cacao_photos/healthy/healthy_2684.jpg,0.010708985,0.0
dataset_complete/cacao_diseases/cacao_photos/healthy/healthy_913.jpg,0.010705316,0.0
dataset_complete/cacao_diseases/cacao_photos/healthy/healthy_1825.jpg,0.010637199,0.0
dataset_complete/cacao_diseases/cacao_photos/healthy/healthy_536.jpg,0.010633704,0.0
dataset_complete/cacao_diseases/cacao_photos/healthy/healthy_2901.jpg,0.010623729,0.0
dataset_complete/cacao_diseases/cacao_photos/healthy/healthy_312.jpg,0.010618338,0.0
dataset_complete/cacao_diseases/cacao_photos/healthy/healthy_879.jpg,0.010573325,0.0
dataset_complete/cacao_diseases/cacao_photos/healthy/healthy_1604.jpg,0.01056556,0.0
dataset_complete/cacao_diseases/cacao_photos/healthy/healthy_3245.jpg,0.010478929,0.0
dataset_complete/cacao_diseases/cacao_photos/healthy/healthy_3039.jpg,0.010381467,0.0
dataset_complete/cacao_diseases/cacao_photos/healthy/healthy_2863.jpg,0.010342238,0.0
dataset_complete/cacao_diseases/cacao_photos/healthy/healthy_3185.jpg,0.010296673,0.0
dataset_complete/cacao_diseases/cacao_photos/healthy/healthy_2553.jpg,0.010294202,0.0
dataset_complete/cacao_diseases/cacao_photos/healthy/healthy_2215.jpg,0.010286409,0.0
dataset_complete/cacao_diseases/cacao_photos/healthy/healthy_2850.jpg,0.01024449,0.0
dataset_complete/cacao_diseases/cacao_photos/healthy/healthy_2182.jpg,0.010182966,0.0
dataset_complete/cacao_diseases/cacao_photos/healthy/healthy_2259.jpg,0.010100807,0.0
dataset_complete/cacao_diseases/cacao_photos/healthy/healthy_3005.jpg,0.009972032,0.0
dataset_complete/cacao_diseases/cacao_photos/healthy/healthy_2188.jpg,0.009937806,0.0
dataset_complete/cacao_diseases/cacao_photos/healthy/healthy_2435.jpg,0.009937731,0.0
dataset_complete/cacao_diseases/cacao_photos/healthy/healthy_2846.jpg,0.009925737,0.0
dataset_complete/cacao_diseases/cacao_photos/healthy/healthy_1941.jpg,0.009842949,0.0
dataset_complete/cacao_diseases/cacao_photos/healthy/healthy_1294.jpg,0.009813161,0.0
dataset_complete/cacao_diseases/cacao_photos/healthy/healthy_2169.jpg,0.009809124,0.0
dataset_complete/cacao_diseases/cacao_photos/healthy/healthy_1359.jpg,0.009799499,0.0
dataset_complete/cacao_diseases/cacao_photos/healthy/healthy_2723.jpg,0.009762974,0.0
dataset_complete/cacao_diseases/cacao_photos/healthy/healthy_395.jpg,0.009714664,0.0
dataset_complete/cacao_diseases/cacao_photos/healthy/healthy_1898.jpg,0.009681097,0.0
dataset_complete/cacao_diseases/cacao_photos/healthy/healthy_324.jpg,0.009679957,0.0
dataset_complete/cacao_diseases/cacao_photos/healthy/healthy_2724.jpg,0.009625551,0.0
dataset_complete/cacao_diseases/cacao_photos/healthy/healthy_370.jpg,0.009604365,0.0
dataset_complete/cacao_diseases/cacao_photos/healthy/healthy_1923.jpg,0.009578018,0.0
dataset_complete/cacao_diseases/cacao_photos/healthy/healthy_2543.jpg,0.009468751,0.0
dataset_complete/cacao_diseases/cacao_photos/healthy/healthy_772.jpg,0.009463232,0.0
dataset_complete/cacao_diseases/cacao_photos/healthy/healthy_2228.jpg,0.009414247,0.0
dataset_complete/cacao_diseases/cacao_photos/healthy/healthy_1703.jpg,0.0094104335,0.0
dataset_complete/cacao_diseases/cacao_photos/healthy/healthy_1298.jpg,0.009399748,0.0
dataset_complete/cacao_diseases/cacao_photos/healthy/healthy_708.jpg,0.009363673,0.0
dataset_complete/cacao_diseases/cacao_photos/healthy/healthy_3028.jpg,0.009359684,0.0
dataset_complete/cacao_diseases/cacao_photos/healthy/healthy_869.jpg,0.009354499,0.0
dataset_complete/cacao_diseases/cacao_photos/healthy/healthy_169.jpg,0.009352639,0.0
dataset_complete/cacao_diseases/cacao_photos/healthy/healthy_2479.jpg,0.009334107,0.0
dataset_complete/cacao_diseases/cacao_photos/healthy/healthy_2482.jpg,0.009327545,0.0
dataset_complete/cacao_diseases/cacao_photos/healthy/healthy_2443.jpg,0.009298497,0.0
dataset_complete/cacao_diseases/cacao_photos/healthy/healthy_977.jpg,0.0092967115,0.0
dataset_complete/cacao_diseases/cacao_photos/healthy/healthy_2034.jpg,0.00929104,0.0
dataset_complete/cacao_diseases/cacao_photos/healthy/healthy_1363.jpg,0.009278261,0.0
dataset_complete/cacao_diseases/cacao_photos/healthy/healthy_1387.jpg,0.009275989,0.0
dataset_complete/cacao_diseases/cacao_photos/healthy/healthy_378.jpg,0.009270119,0.0
dataset_complete/cacao_diseases/cacao_photos/healthy/healthy_1952.jpg,0.009210154,0.0
dataset_complete/cacao_diseases/cacao_photos/healthy/healthy_2687.jpg,0.009194453,0.0
dataset_complete/cacao_diseases/cacao_photos/healthy/healthy_308.jpg,0.00919033,0.0
dataset_complete/cacao_diseases/cacao_photos/healthy/healthy_2959.jpg,0.0091719385,0.0
dataset_complete/cacao_diseases/cacao_photos/healthy/healthy_895.jpg,0.009153532,0.0
dataset_complete/cacao_diseases/cacao_photos/healthy/healthy_3026.jpg,0.009152452,0.0
dataset_complete/cacao_diseases/cacao_photos/healthy/healthy_783.jpg,0.009146601,0.0
dataset_complete/cacao_diseases/cacao_photos/healthy/healthy_909.jpg,0.009132529,0.0
dataset_complete/cacao_diseases/cacao_photos/healthy/healthy_2409.jpg,0.009114581,0.0
dataset_complete/cacao_diseases/cacao_photos/healthy/healthy_870.jpg,0.009097166,0.0
dataset_complete/cacao_diseases/cacao_photos/healthy/healthy_3183.jpg,0.00909599,0.0
dataset_complete/cacao_diseases/cacao_photos/healthy/healthy_2232.jpg,0.009081228,0.0
dataset_complete/cacao_diseases/cacao_photos/healthy/healthy_2223.jpg,0.009080699,0.0
dataset_complete/cacao_diseases/cacao_photos/healthy/healthy_3221.jpg,0.009074653,0.0
dataset_complete/cacao_diseases/cacao_photos/healthy/healthy_3065.jpg,0.009070603,0.0
dataset_complete/cacao_diseases/cacao_photos/healthy/healthy_137.jpg,0.0090328315,0.0
dataset_complete/cacao_diseases/cacao_photos/healthy/healthy_2019.jpg,0.009023601,0.0
dataset_complete/cacao_diseases/cacao_photos/healthy/healthy_2827.jpg,0.009012643,0.0
dataset_complete/cacao_diseases/cacao_photos/healthy/healthy_2406.jpg,0.009004854,0.0
dataset_complete/cacao_diseases/cacao_photos/healthy/healthy_1990.jpg,0.008949831,0.0
dataset_complete/cacao_diseases/cacao_photos/healthy/healthy_2930.jpg,0.008948404,0.0
dataset_complete/cacao_diseases/cacao_photos/healthy/healthy_2425.jpg,0.008914127,0.0
dataset_complete/cacao_diseases/cacao_photos/healthy/healthy_2020.jpg,0.008913349,0.0
dataset_complete/cacao_diseases/cacao_photos/healthy/healthy_3041.jpg,0.00888033,0.0
dataset_complete/cacao_diseases/cacao_photos/healthy/healthy_2339.jpg,0.008869952,0.0
dataset_complete/cacao_diseases/cacao_photos/healthy/healthy_2236.jpg,0.008869881,0.0
dataset_complete/cacao_diseases/cacao_photos/healthy/healthy_2162.jpg,0.0087790545,0.0
dataset_complete/cacao_diseases/cacao_photos/healthy/healthy_1608.jpg,0.0086431755,0.0
dataset_complete/cacao_diseases/cacao_photos/healthy/healthy_993.jpg,0.00863322,0.0
dataset_complete/cacao_diseases/cacao_photos/healthy/healthy_1282.jpg,0.008610904,0.0
dataset_complete/cacao_diseases/cacao_photos/healthy/healthy_2835.jpg,0.008600661,0.0
dataset_complete/cacao_diseases/cacao_photos/healthy/healthy_2485.jpg,0.008598822,0.0
dataset_complete/cacao_diseases/cacao_photos/healthy/healthy_2839.jpg,0.008580886,0.0
dataset_complete/cacao_diseases/cacao_photos/healthy/healthy_1899.jpg,0.008562084,0.0
dataset_complete/cacao_diseases/cacao_photos/healthy/healthy_154.jpg,0.008548699,0.0
dataset_complete/cacao_diseases/cacao_photos/healthy/healthy_2686.jpg,0.008547449,0.0
dataset_complete/cacao_diseases/cacao_photos/healthy/healthy_297.jpg,0.008533865,0.0
dataset_complete/cacao_diseases/cacao_photos/healthy/healthy_163.jpg,0.008447037,0.0
dataset_complete/cacao_diseases/cacao_photos/healthy/healthy_3079.jpg,0.008404107,0.0
dataset_complete/cacao_diseases/cacao_photos/healthy/healthy_2343.jpg,0.008393967,0.0
dataset_complete/cacao_diseases/cacao_photos/healthy/healthy_295.jpg,0.008391014,0.0
dataset_complete/cacao_diseases/cacao_photos/healthy/healthy_2298.jpg,0.008364474,0.0
dataset_complete/cacao_diseases/cacao_photos/healthy/healthy_472.jpg,0.008360516,0.0
dataset_complete/cacao_diseases/cacao_photos/healthy/healthy_2734.jpg,0.00827438,0.0
dataset_complete/cacao_diseases/cacao_photos/healthy/healthy_131.jpg,0.008251977,0.0
dataset_complete/cacao_diseases/cacao_photos/healthy/healthy_1985.jpg,0.008242231,0.0
dataset_complete/cacao_diseases/cacao_photos/healthy/healthy_1919.jpg,0.00822975,0.0
dataset_complete/cacao_diseases/cacao_photos/healthy/healthy_800.jpg,0.008220995,0.0
dataset_complete/cacao_diseases/cacao_photos/healthy/healthy_1962.jpg,0.008217251,0.0
dataset_complete/cacao_diseases/cacao_photos/healthy/healthy_2229.jpg,0.00819123,0.0
dataset_complete/cacao_diseases/cacao_photos/healthy/healthy_391.jpg,0.008176997,0.0
dataset_complete/cacao_diseases/cacao_photos/healthy/healthy_2416.jpg,0.0081682345,0.0
dataset_complete/cacao_diseases/cacao_photos/healthy/healthy_1981.jpg,0.008167606,0.0
dataset_complete/cacao_diseases/cacao_photos/healthy/healthy_3031.jpg,0.008154295,0.0
dataset_complete/cacao_diseases/cacao_photos/healthy/healthy_2472.jpg,0.008154221,0.0
dataset_complete/cacao_diseases/cacao_photos/healthy/healthy_2369.jpg,0.008154166,0.0
dataset_complete/cacao_diseases/cacao_photos/healthy/healthy_2193.jpg,0.008137451,0.0
dataset_complete/cacao_diseases/cacao_photos/healthy/healthy_2267.jpg,0.008126939,0.0
dataset_complete/cacao_diseases/cacao_photos/healthy/healthy_146.jpg,0.008123574,0.0
dataset_complete/cacao_diseases/cacao_photos/healthy/healthy_2456.jpg,0.008119266,0.0
dataset_complete/cacao_diseases/cacao_photos/healthy/healthy_1340.jpg,0.008118775,0.0
dataset_complete/cacao_diseases/cacao_photos/healthy/healthy_2719.jpg,0.008106726,0.0
dataset_complete/cacao_diseases/cacao_photos/healthy/healthy_559.jpg,0.008102595,0.0
dataset_complete/cacao_diseases/cacao_photos/healthy/healthy_2710.jpg,0.008102315,0.0
dataset_complete/cacao_diseases/cacao_photos/healthy/healthy_2731.jpg,0.008096978,0.0
dataset_complete/cacao_diseases/cacao_photos/healthy/healthy_1275.jpg,0.00807681,0.0
dataset_complete/cacao_diseases/cacao_photos/healthy/healthy_2204.jpg,0.008030928,0.0
dataset_complete/cacao_diseases/cacao_photos/healthy/healthy_2473.jpg,0.0080291815,0.0
dataset_complete/cacao_diseases/cacao_photos/healthy/healthy_2252.jpg,0.008024213,0.0
dataset_complete/cacao_diseases/cacao_photos/healthy/healthy_1887.jpg,0.00801047,0.0
dataset_complete/cacao_diseases/cacao_photos/healthy/healthy_924.jpg,0.007969894,0.0
dataset_complete/cacao_diseases/cacao_photos/healthy/healthy_883.jpg,0.007958528,0.0
dataset_complete/cacao_diseases/cacao_photos/healthy/healthy_394.jpg,0.007921758,0.0
dataset_complete/cacao_diseases/cacao_photos/healthy/healthy_292.jpg,0.007898672,0.0
dataset_complete/cacao_diseases/cacao_photos/healthy/healthy_388.jpg,0.007884431,0.0
dataset_complete/cacao_diseases/cacao_photos/healthy/healthy_937.jpg,0.007871197,0.0
dataset_complete/cacao_diseases/cacao_photos/healthy/healthy_1902.jpg,0.007864551,0.0
dataset_complete/cacao_diseases/cacao_photos/healthy/healthy_3046.jpg,0.007822068,0.0
dataset_complete/cacao_diseases/cacao_photos/healthy/healthy_2714.jpg,0.0077844462,0.0
dataset_complete/cacao_diseases/cacao_photos/healthy/healthy_380.jpg,0.007756586,0.0
dataset_complete/cacao_diseases/cacao_photos/healthy/healthy_2202.jpg,0.007745854,0.0
dataset_complete/cacao_diseases/cacao_photos/healthy/healthy_745.jpg,0.007720712,0.0
dataset_complete/cacao_diseases/cacao_photos/healthy/healthy_3066.jpg,0.00769797,0.0
dataset_complete/cacao_diseases/cacao_photos/healthy/healthy_1936.jpg,0.007686355,0.0
dataset_complete/cacao_diseases/cacao_photos/healthy/healthy_1619.jpg,0.0076374044,0.0
dataset_complete/cacao_diseases/cacao_photos/healthy/healthy_2382.jpg,0.007599499,0.0
dataset_complete/cacao_diseases/cacao_photos/healthy/healthy_889.jpg,0.0075896424,0.0
dataset_complete/cacao_diseases/cacao_photos/healthy/healthy_886.jpg,0.0075787553,0.0
dataset_complete/cacao_diseases/cacao_photos/healthy/healthy_1344.jpg,0.007575547,0.0
dataset_complete/cacao_diseases/cacao_photos/healthy/healthy_2192.jpg,0.007563502,0.0
dataset_complete/cacao_diseases/cacao_photos/healthy/healthy_505.jpg,0.00756324,0.0
dataset_complete/cacao_diseases/cacao_photos/healthy/healthy_331.jpg,0.007546253,0.0
dataset_complete/cacao_diseases/cacao_photos/healthy/healthy_2190.jpg,0.0074696364,0.0
dataset_complete/cacao_diseases/cacao_photos/healthy/healthy_2397.jpg,0.0074625714,0.0
dataset_complete/cacao_diseases/cacao_photos/healthy/healthy_3246.jpg,0.0074568233,0.0
dataset_complete/cacao_diseases/cacao_photos/healthy/healthy_1377.jpg,0.007442678,0.0
dataset_complete/cacao_diseases/cacao_photos/healthy/healthy_3226.jpg,0.0074390946,0.0
dataset_complete/cacao_diseases/cacao_photos/healthy/healthy_1105.jpg,0.0074381875,0.0
dataset_complete/cacao_diseases/cacao_photos/healthy/healthy_1280.jpg,0.007433176,0.0
dataset_complete/cacao_diseases/cacao_photos/healthy/healthy_340.jpg,0.007425399,0.0
dataset_complete/cacao_diseases/cacao_photos/healthy/healthy_381.jpg,0.0074125123,0.0
dataset_complete/cacao_diseases/cacao_photos/healthy/healthy_712.jpg,0.0074092755,0.0
dataset_complete/cacao_diseases/cacao_photos/healthy/healthy_1339.jpg,0.0073990216,0.0
dataset_complete/cacao_diseases/cacao_photos/healthy/healthy_1351.jpg,0.0073957164,0.0
dataset_complete/cacao_diseases/cacao_photos/healthy/healthy_1943.jpg,0.0073893745,0.0
dataset_complete/cacao_diseases/cacao_photos/healthy/healthy_1592.jpg,0.0073864204,0.0
dataset_complete/cacao_diseases/cacao_photos/healthy/healthy_293.jpg,0.007335287,0.0
dataset_complete/cacao_diseases/cacao_photos/healthy/healthy_120.jpg,0.007306052,0.0
dataset_complete/cacao_diseases/cacao_photos/healthy/healthy_3068.jpg,0.007283934,0.0
dataset_complete/cacao_diseases/cacao_photos/healthy/healthy_1979.jpg,0.00725761,0.0
dataset_complete/cacao_diseases/cacao_photos/healthy/healthy_3063.jpg,0.007232035,0.0
dataset_complete/cacao_diseases/cacao_photos/healthy/healthy_2677.jpg,0.007226043,0.0
dataset_complete/cacao_diseases/cacao_photos/healthy/healthy_1884.jpg,0.007214969,0.0
dataset_complete/cacao_diseases/cacao_photos/healthy/healthy_3256.jpg,0.007158877,0.0
dataset_complete/cacao_diseases/cacao_photos/healthy/healthy_3205.jpg,0.0071318173,0.0
dataset_complete/cacao_diseases/cacao_photos/healthy/healthy_2235.jpg,0.007122213,0.0
dataset_complete/cacao_diseases/cacao_photos/healthy/healthy_1929.jpg,0.0071192486,0.0
dataset_complete/cacao_diseases/cacao_photos/healthy/healthy_2689.jpg,0.0070918337,0.0
dataset_complete/cacao_diseases/cacao_photos/healthy/healthy_2535.jpg,0.007051921,0.0
dataset_complete/cacao_diseases/cacao_photos/healthy/healthy_2371.jpg,0.007025036,0.0
dataset_complete/cacao_diseases/cacao_photos/healthy/healthy_2423.jpg,0.0070157973,0.0
dataset_complete/cacao_diseases/cacao_photos/healthy/healthy_2368.jpg,0.006983664,0.0
dataset_complete/cacao_diseases/cacao_photos/healthy/healthy_2893.jpg,0.0069581596,0.0
dataset_complete/cacao_diseases/cacao_photos/healthy/healthy_2240.jpg,0.0069473293,0.0
dataset_complete/cacao_diseases/cacao_photos/healthy/healthy_2988.jpg,0.0069424463,0.0
dataset_complete/cacao_diseases/cacao_photos/healthy/healthy_3215.jpg,0.0068941377,0.0
dataset_complete/cacao_diseases/cacao_photos/healthy/healthy_1361.jpg,0.0068912418,0.0
dataset_complete/cacao_diseases/cacao_photos/healthy/healthy_705.jpg,0.006874758,0.0
dataset_complete/cacao_diseases/cacao_photos/healthy/healthy_3261.jpg,0.006829118,0.0
dataset_complete/cacao_diseases/cacao_photos/healthy/healthy_522.jpg,0.0068256194,0.0
dataset_complete/cacao_diseases/cacao_photos/healthy/healthy_925.jpg,0.0068031535,0.0
dataset_complete/cacao_diseases/cacao_photos/healthy/healthy_2490.jpg,0.0067922403,0.0
dataset_complete/cacao_diseases/cacao_photos/healthy/healthy_311.jpg,0.0067738937,0.0
dataset_complete/cacao_diseases/cacao_photos/healthy/healthy_309.jpg,0.006757013,0.0
dataset_complete/cacao_diseases/cacao_photos/healthy/healthy_2949.jpg,0.0067412,0.0
dataset_complete/cacao_diseases/cacao_photos/healthy/healthy_2468.jpg,0.0067370017,0.0
dataset_complete/cacao_diseases/cacao_photos/healthy/healthy_2196.jpg,0.0067146486,0.0
dataset_complete/cacao_diseases/cacao_photos/healthy/healthy_337.jpg,0.0067063514,0.0
dataset_complete/cacao_diseases/cacao_photos/healthy/healthy_1906.jpg,0.0066799726,0.0
dataset_complete/cacao_diseases/cacao_photos/healthy/healthy_2308.jpg,0.006668284,0.0
dataset_complete/cacao_diseases/cacao_photos/healthy/healthy_2912.jpg,0.006642588,0.0
dataset_complete/cacao_diseases/cacao_photos/healthy/healthy_945.jpg,0.006637782,0.0
dataset_complete/cacao_diseases/cacao_photos/healthy/healthy_2197.jpg,0.00661655,0.0
dataset_complete/cacao_diseases/cacao_photos/healthy/healthy_2021.jpg,0.0065919873,0.0
dataset_complete/cacao_diseases/cacao_photos/healthy/healthy_2831.jpg,0.0065834685,0.0
dataset_complete/cacao_diseases/cacao_photos/healthy/healthy_865.jpg,0.00658021,0.0
dataset_complete/cacao_diseases/cacao_photos/healthy/healthy_302.jpg,0.006567838,0.0
dataset_complete/cacao_diseases/cacao_photos/healthy/healthy_1882.jpg,0.0065372977,0.0
dataset_complete/cacao_diseases/cacao_photos/healthy/healthy_3060.jpg,0.0065296325,0.0
dataset_complete/cacao_diseases/cacao_photos/healthy/healthy_2346.jpg,0.0065277927,0.0
dataset_complete/cacao_diseases/cacao_photos/healthy/healthy_119.jpg,0.0065155313,0.0
dataset_complete/cacao_diseases/cacao_photos/healthy/healthy_2412.jpg,0.0064948704,0.0
dataset_complete/cacao_diseases/cacao_photos/healthy/healthy_503.jpg,0.0064898743,0.0
dataset_complete/cacao_diseases/cacao_photos/healthy/healthy_2185.jpg,0.0064855386,0.0
dataset_complete/cacao_diseases/cacao_photos/healthy/healthy_2998.jpg,0.0064744814,0.0
dataset_complete/cacao_diseases/cacao_photos/healthy/healthy_385.jpg,0.0064671487,0.0
dataset_complete/cacao_diseases/cacao_photos/healthy/healthy_1371.jpg,0.00646432,0.0
dataset_complete/cacao_diseases/cacao_photos/healthy/healthy_3202.jpg,0.0064453003,0.0
dataset_complete/cacao_diseases/cacao_photos/healthy/healthy_2859.jpg,0.0064208326,0.0
dataset_complete/cacao_diseases/cacao_photos/healthy/healthy_2026.jpg,0.006416612,0.0
dataset_complete/cacao_diseases/cacao_photos/healthy/healthy_2413.jpg,0.0064021535,0.0
dataset_complete/cacao_diseases/cacao_photos/healthy/healthy_3050.jpg,0.006398409,0.0
dataset_complete/cacao_diseases/cacao_photos/healthy/healthy_2948.jpg,0.0063963607,0.0
dataset_complete/cacao_diseases/cacao_photos/healthy/healthy_301.jpg,0.0063631693,0.0
dataset_complete/cacao_diseases/cacao_photos/healthy/healthy_2226.jpg,0.0063598733,0.0
dataset_complete/cacao_diseases/cacao_photos/healthy/healthy_1945.jpg,0.0063562733,0.0
dataset_complete/cacao_diseases/cacao_photos/healthy/healthy_1286.jpg,0.006347688,0.0
dataset_complete/cacao_diseases/cacao_photos/healthy/healthy_700.jpg,0.0063471156,0.0
dataset_complete/cacao_diseases/cacao_photos/healthy/healthy_2983.jpg,0.0063215364,0.0
dataset_complete/cacao_diseases/cacao_photos/healthy/healthy_1125.jpg,0.006276174,0.0
dataset_complete/cacao_diseases/cacao_photos/healthy/healthy_1944.jpg,0.0062532835,0.0
dataset_complete/cacao_diseases/cacao_photos/healthy/healthy_303.jpg,0.0062351217,0.0
dataset_complete/cacao_diseases/cacao_photos/healthy/healthy_997.jpg,0.0062347366,0.0
dataset_complete/cacao_diseases/cacao_photos/healthy/healthy_2048.jpg,0.0062290123,0.0
dataset_complete/cacao_diseases/cacao_photos/healthy/healthy_1378.jpg,0.0061765257,0.0
dataset_complete/cacao_diseases/cacao_photos/healthy/healthy_1961.jpg,0.006164366,0.0
dataset_complete/cacao_diseases/cacao_photos/healthy/healthy_155.jpg,0.006131035,0.0
dataset_complete/cacao_diseases/cacao_photos/healthy/healthy_897.jpg,0.0061304625,0.0
dataset_complete/cacao_diseases/cacao_photos/healthy/healthy_3189.jpg,0.006129045,0.0
dataset_complete/cacao_diseases/cacao_photos/healthy/healthy_195.jpg,0.006104663,0.0
dataset_complete/cacao_diseases/cacao_photos/healthy/healthy_112.jpg,0.006080816,0.0
dataset_complete/cacao_diseases/cacao_photos/healthy/healthy_3058.jpg,0.0060746805,0.0
dataset_complete/cacao_diseases/cacao_photos/healthy/healthy_1107.jpg,0.0060740686,0.0
dataset_complete/cacao_diseases/cacao_photos/healthy/healthy_824.jpg,0.006065581,0.0
dataset_complete/cacao_diseases/cacao_photos/healthy/healthy_1865.jpg,0.006029675,0.0
dataset_complete/cacao_diseases/cacao_photos/healthy/healthy_3228.jpg,0.0060082525,0.0
dataset_complete/cacao_diseases/cacao_photos/healthy/healthy_3012.jpg,0.0059938813,0.0
dataset_complete/cacao_diseases/cacao_photos/healthy/healthy_2258.jpg,0.00599149,0.0
dataset_complete/cacao_diseases/cacao_photos/healthy/healthy_2855.jpg,0.0059838407,0.0
dataset_complete/cacao_diseases/cacao_photos/healthy/healthy_379.jpg,0.005979609,0.0
dataset_complete/cacao_diseases/cacao_photos/healthy/healthy_2033.jpg,0.0059676897,0.0
dataset_complete/cacao_diseases/cacao_photos/healthy/healthy_2209.jpg,0.0059627956,0.0
dataset_complete/cacao_diseases/cacao_photos/healthy/healthy_347.jpg,0.005952896,0.0
dataset_complete/cacao_diseases/cacao_photos/healthy/healthy_1769.jpg,0.0059493408,0.0
dataset_complete/cacao_diseases/cacao_photos/healthy/healthy_1736.jpg,0.0059448574,0.0
dataset_complete/cacao_diseases/cacao_photos/healthy/healthy_175.jpg,0.0059433565,0.0
dataset_complete/cacao_diseases/cacao_photos/healthy/healthy_377.jpg,0.005930005,0.0
dataset_complete/cacao_diseases/cacao_photos/healthy/healthy_2366.jpg,0.0059278836,0.0
dataset_complete/cacao_diseases/cacao_photos/healthy/healthy_2248.jpg,0.005918683,0.0
dataset_complete/cacao_diseases/cacao_photos/healthy/healthy_1328.jpg,0.0059086005,0.0
dataset_complete/cacao_diseases/cacao_photos/healthy/healthy_132.jpg,0.0059040766,0.0
dataset_complete/cacao_diseases/cacao_photos/healthy/healthy_2842.jpg,0.005901208,0.0
dataset_complete/cacao_diseases/cacao_photos/healthy/healthy_2395.jpg,0.005901206,0.0
dataset_complete/cacao_diseases/cacao_photos/healthy/healthy_3027.jpg,0.0058976463,0.0
dataset_complete/cacao_diseases/cacao_photos/healthy/healthy_722.jpg,0.0058932886,0.0
dataset_complete/cacao_diseases/cacao_photos/healthy/healthy_162.jpg,0.005884497,0.0
dataset_complete/cacao_diseases/cacao_photos/healthy/healthy_2455.jpg,0.005875334,0.0
dataset_complete/cacao_diseases/cacao_photos/healthy/healthy_2050.jpg,0.0058607776,0.0
dataset_complete/cacao_diseases/cacao_photos/healthy/healthy_2329.jpg,0.0058606463,0.0
dataset_complete/cacao_diseases/cacao_photos/healthy/healthy_1337.jpg,0.005860624,0.0
dataset_complete/cacao_diseases/cacao_photos/healthy/healthy_807.jpg,0.005850514,0.0
dataset_complete/cacao_diseases/cacao_photos/healthy/healthy_2438.jpg,0.0058425525,0.0
dataset_complete/cacao_diseases/cacao_photos/healthy/healthy_2189.jpg,0.0058407504,0.0
dataset_complete/cacao_diseases/cacao_photos/healthy/healthy_2845.jpg,0.0058353506,0.0
dataset_complete/cacao_diseases/cacao_photos/healthy/healthy_780.jpg,0.005831574,0.0
dataset_complete/cacao_diseases/cacao_photos/healthy/healthy_1876.jpg,0.00582461,0.0
dataset_complete/cacao_diseases/cacao_photos/healthy/healthy_2968.jpg,0.0058215903,0.0
dataset_complete/cacao_diseases/cacao_photos/healthy/healthy_2703.jpg,0.0058137714,0.0
dataset_complete/cacao_diseases/cacao_photos/healthy/healthy_2038.jpg,0.005811431,0.0
dataset_complete/cacao_diseases/cacao_photos/healthy/healthy_2008.jpg,0.0057973173,0.0
dataset_complete/cacao_diseases/cacao_photos/healthy/healthy_2179.jpg,0.0057778866,0.0
dataset_complete/cacao_diseases/cacao_photos/healthy/healthy_542.jpg,0.005764445,0.0
dataset_complete/cacao_diseases/cacao_photos/healthy/healthy_484.jpg,0.0057589146,0.0
dataset_complete/cacao_diseases/cacao_photos/healthy/healthy_2408.jpg,0.0057552387,0.0
dataset_complete/cacao_diseases/cacao_photos/healthy/healthy_1596.jpg,0.005737682,0.0
dataset_complete/cacao_diseases/cacao_photos/healthy/healthy_313.jpg,0.0057355077,0.0
dataset_complete/cacao_diseases/cacao_photos/healthy/healthy_3030.jpg,0.005723364,0.0
dataset_complete/cacao_diseases/cacao_photos/healthy/healthy_1866.jpg,0.005703158,0.0
dataset_complete/cacao_diseases/cacao_photos/healthy/healthy_485.jpg,0.0056944247,0.0
dataset_complete/cacao_diseases/cacao_photos/healthy/healthy_811.jpg,0.005689022,0.0
dataset_complete/cacao_diseases/cacao_photos/healthy/healthy_703.jpg,0.005678191,0.0
dataset_complete/cacao_diseases/cacao_photos/healthy/healthy_1290.jpg,0.0056761955,0.0
dataset_complete/cacao_diseases/cacao_photos/healthy/healthy_2035.jpg,0.005647731,0.0
dataset_complete/cacao_diseases/cacao_photos/healthy/healthy_540.jpg,0.005647294,0.0
dataset_complete/cacao_diseases/cacao_photos/healthy/healthy_893.jpg,0.005636163,0.0
dataset_complete/cacao_diseases/cacao_photos/healthy/healthy_384.jpg,0.0056203604,0.0
dataset_complete/cacao_diseases/cacao_photos/healthy/healthy_158.jpg,0.005618474,0.0
dataset_complete/cacao_diseases/cacao_photos/healthy/healthy_2415.jpg,0.0056167017,0.0
dataset_complete/cacao_diseases/cacao_photos/healthy/healthy_159.jpg,0.0055419565,0.0
dataset_complete/cacao_diseases/cacao_photos/healthy/healthy_3288.jpg,0.0055384235,0.0
dataset_complete/cacao_diseases/cacao_photos/healthy/healthy_399.jpg,0.00552805,0.0
dataset_complete/cacao_diseases/cacao_photos/healthy/healthy_3184.jpg,0.0055279345,0.0
dataset_complete/cacao_diseases/cacao_photos/healthy/healthy_2391.jpg,0.005525552,0.0
dataset_complete/cacao_diseases/cacao_photos/healthy/healthy_1400.jpg,0.0055203475,0.0
dataset_complete/cacao_diseases/cacao_photos/healthy/healthy_3200.jpg,0.0055098548,0.0
dataset_complete/cacao_diseases/cacao_photos/healthy/healthy_1101.jpg,0.005471586,0.0
dataset_complete/cacao_diseases/cacao_photos/healthy/healthy_2434.jpg,0.005447953,0.0
dataset_complete/cacao_diseases/cacao_photos/healthy/healthy_1980.jpg,0.0054362766,0.0
dataset_complete/cacao_diseases/cacao_photos/healthy/healthy_2045.jpg,0.005422998,0.0
dataset_complete/cacao_diseases/cacao_photos/healthy/healthy_2380.jpg,0.0053873267,0.0
dataset_complete/cacao_diseases/cacao_photos/healthy/healthy_2924.jpg,0.005382949,0.0
dataset_complete/cacao_diseases/cacao_photos/healthy/healthy_3212.jpg,0.0053804675,0.0
dataset_complete/cacao_diseases/cacao_photos/healthy/healthy_2184.jpg,0.005376029,0.0
dataset_complete/cacao_diseases/cacao_photos/healthy/healthy_2363.jpg,0.0053654765,0.0
dataset_complete/cacao_diseases/cacao_photos/healthy/healthy_2439.jpg,0.00536082,0.0
dataset_complete/cacao_diseases/cacao_photos/healthy/healthy_891.jpg,0.005347722,0.0
dataset_complete/cacao_diseases/cacao_photos/healthy/healthy_2736.jpg,0.005324078,0.0
dataset_complete/cacao_diseases/cacao_photos/healthy/healthy_900.jpg,0.005313837,0.0
dataset_complete/cacao_diseases/cacao_photos/healthy/healthy_2042.jpg,0.0052792677,0.0
dataset_complete/cacao_diseases/cacao_photos/healthy/healthy_2461.jpg,0.0052549397,0.0
dataset_complete/cacao_diseases/cacao_photos/healthy/healthy_357.jpg,0.0052463366,0.0
dataset_complete/cacao_diseases/cacao_photos/healthy/healthy_2693.jpg,0.0052256007,0.0
dataset_complete/cacao_diseases/cacao_photos/healthy/healthy_3075.jpg,0.0051982184,0.0
dataset_complete/cacao_diseases/cacao_photos/healthy/healthy_490.jpg,0.0051915613,0.0
dataset_complete/cacao_diseases/cacao_photos/healthy/healthy_1758.jpg,0.0051846127,0.0
dataset_complete/cacao_diseases/cacao_photos/healthy/healthy_2216.jpg,0.005174529,0.0
dataset_complete/cacao_diseases/cacao_photos/healthy/healthy_1100.jpg,0.005155164,0.0
dataset_complete/cacao_diseases/cacao_photos/healthy/healthy_994.jpg,0.005152077,0.0
dataset_complete/cacao_diseases/cacao_photos/healthy/healthy_2036.jpg,0.0051461295,0.0
dataset_complete/cacao_diseases/cacao_photos/healthy/healthy_174.jpg,0.0051394687,0.0
dataset_complete/cacao_diseases/cacao_photos/healthy/healthy_2838.jpg,0.0051361434,0.0
dataset_complete/cacao_diseases/cacao_photos/healthy/healthy_938.jpg,0.0051347804,0.0
dataset_complete/cacao_diseases/cacao_photos/healthy/healthy_3178.jpg,0.0051289345,0.0
dataset_complete/cacao_diseases/cacao_photos/healthy/healthy_180.jpg,0.0051275697,0.0
dataset_complete/cacao_diseases/cacao_photos/healthy/healthy_1128.jpg,0.0051216995,0.0
dataset_complete/cacao_diseases/cacao_photos/healthy/healthy_182.jpg,0.005103413,0.0
dataset_complete/cacao_diseases/cacao_photos/healthy/healthy_1121.jpg,0.0050709187,0.0
dataset_complete/cacao_diseases/cacao_photos/healthy/healthy_2436.jpg,0.0050642127,0.0
dataset_complete/cacao_diseases/cacao_photos/healthy/healthy_3219.jpg,0.0050535835,0.0
dataset_complete/cacao_diseases/cacao_photos/healthy/healthy_788.jpg,0.0050277845,0.0
dataset_complete/cacao_diseases/cacao_photos/healthy/healthy_1326.jpg,0.005017483,0.0
dataset_complete/cacao_diseases/cacao_photos/healthy/healthy_138.jpg,0.0050091,0.0
dataset_complete/cacao_diseases/cacao_photos/healthy/healthy_2941.jpg,0.0049925833,0.0
dataset_complete/cacao_diseases/cacao_photos/healthy/healthy_1120.jpg,0.0049889823,0.0
dataset_complete/cacao_diseases/cacao_photos/healthy/healthy_2163.jpg,0.004970019,0.0
dataset_complete/cacao_diseases/cacao_photos/healthy/healthy_121.jpg,0.004963747,0.0
dataset_complete/cacao_diseases/cacao_photos/healthy/healthy_2164.jpg,0.0049570836,0.0
dataset_complete/cacao_diseases/cacao_photos/healthy/healthy_2272.jpg,0.0049443864,0.0
dataset_complete/cacao_diseases/cacao_photos/healthy/healthy_2945.jpg,0.0049406975,0.0
dataset_complete/cacao_diseases/cacao_photos/healthy/healthy_2451.jpg,0.0049393917,0.0
dataset_complete/cacao_diseases/cacao_photos/healthy/healthy_2465.jpg,0.004939179,0.0
dataset_complete/cacao_diseases/cacao_photos/healthy/healthy_951.jpg,0.004937936,0.0
dataset_complete/cacao_diseases/cacao_photos/healthy/healthy_1610.jpg,0.0049172733,0.0
dataset_complete/cacao_diseases/cacao_photos/healthy/healthy_3056.jpg,0.004908971,0.0
dataset_complete/cacao_diseases/cacao_photos/healthy/healthy_2891.jpg,0.004901218,0.0
dataset_complete/cacao_diseases/cacao_photos/healthy/healthy_2975.jpg,0.004887893,0.0
dataset_complete/cacao_diseases/cacao_photos/healthy/healthy_2547.jpg,0.0048871706,0.0
dataset_complete/cacao_diseases/cacao_photos/healthy/healthy_2268.jpg,0.004885916,0.0
dataset_complete/cacao_diseases/cacao_photos/healthy/healthy_1323.jpg,0.004870055,0.0
dataset_complete/cacao_diseases/cacao_photos/healthy/healthy_1974.jpg,0.00486465,0.0
dataset_complete/cacao_diseases/cacao_photos/healthy/healthy_2960.jpg,0.004860587,0.0
dataset_complete/cacao_diseases/cacao_photos/healthy/healthy_563.jpg,0.0048451032,0.0
dataset_complete/cacao_diseases/cacao_photos/healthy/healthy_2956.jpg,0.004843123,0.0
dataset_complete/cacao_diseases/cacao_photos/healthy/healthy_812.jpg,0.004820991,0.0
dataset_complete/cacao_diseases/cacao_photos/healthy/healthy_2688.jpg,0.0048018564,0.0
dataset_complete/cacao_diseases/cacao_photos/healthy/healthy_1591.jpg,0.0047985227,0.0
dataset_complete/cacao_diseases/cacao_photos/healthy/healthy_330.jpg,0.004763801,0.0
dataset_complete/cacao_diseases/cacao_photos/healthy/healthy_143.jpg,0.004744345,0.0
dataset_complete/cacao_diseases/cacao_photos/healthy/healthy_2328.jpg,0.0047398205,0.0
dataset_complete/cacao_diseases/cacao_photos/healthy/healthy_2989.jpg,0.0046970965,0.0
dataset_complete/cacao_diseases/cacao_photos/healthy/healthy_1871.jpg,0.0046690227,0.0
dataset_complete/cacao_diseases/cacao_photos/healthy/healthy_2410.jpg,0.004664413,0.0
dataset_complete/cacao_diseases/cacao_photos/healthy/healthy_763.jpg,0.0046539786,0.0
dataset_complete/cacao_diseases/cacao_photos/healthy/healthy_516.jpg,0.0046435487,0.0
dataset_complete/cacao_diseases/cacao_photos/healthy/healthy_544.jpg,0.0046357443,0.0
dataset_complete/cacao_diseases/cacao_photos/healthy/healthy_2249.jpg,0.004628718,0.0
dataset_complete/cacao_diseases/cacao_photos/healthy/healthy_1291.jpg,0.0046276455,0.0
dataset_complete/cacao_diseases/cacao_photos/healthy/healthy_1959.jpg,0.004623766,0.0
dataset_complete/cacao_diseases/cacao_photos/healthy/healthy_3037.jpg,0.0046205753,0.0
dataset_complete/cacao_diseases/cacao_photos/healthy/healthy_319.jpg,0.0046157143,0.0
dataset_complete/cacao_diseases/cacao_photos/healthy/healthy_714.jpg,0.0046100863,0.0
dataset_complete/cacao_diseases/cacao_photos/healthy/healthy_3049.jpg,0.0045888494,0.0
dataset_complete/cacao_diseases/cacao_photos/healthy/healthy_2536.jpg,0.0045826286,0.0
dataset_complete/cacao_diseases/cacao_photos/healthy/healthy_1951.jpg,0.0045619803,0.0
dataset_complete/cacao_diseases/cacao_photos/healthy/healthy_1618.jpg,0.004560383,0.0
dataset_complete/cacao_diseases/cacao_photos/healthy/healthy_2177.jpg,0.0045444625,0.0
dataset_complete/cacao_diseases/cacao_photos/healthy/healthy_830.jpg,0.004544074,0.0
dataset_complete/cacao_diseases/cacao_photos/healthy/healthy_2457.jpg,0.004537099,0.0
dataset_complete/cacao_diseases/cacao_photos/healthy/healthy_827.jpg,0.0045347903,0.0
dataset_complete/cacao_diseases/cacao_photos/healthy/healthy_3193.jpg,0.004531029,0.0
dataset_complete/cacao_diseases/cacao_photos/healthy/healthy_2554.jpg,0.0045220284,0.0
dataset_complete/cacao_diseases/cacao_photos/healthy/healthy_2856.jpg,0.0045218407,0.0
dataset_complete/cacao_diseases/cacao_photos/healthy/healthy_344.jpg,0.00451084,0.0
dataset_complete/cacao_diseases/cacao_photos/healthy/healthy_2360.jpg,0.004510738,0.0
dataset_complete/cacao_diseases/cacao_photos/healthy/healthy_2427.jpg,0.004484146,0.0
dataset_complete/cacao_diseases/cacao_photos/healthy/healthy_2725.jpg,0.0044730823,0.0
dataset_complete/cacao_diseases/cacao_photos/healthy/healthy_506.jpg,0.004470563,0.0
dataset_complete/cacao_diseases/cacao_photos/healthy/healthy_402.jpg,0.0044602524,0.0
dataset_complete/cacao_diseases/cacao_photos/healthy/healthy_3231.jpg,0.0044568395,0.0
dataset_complete/cacao_diseases/cacao_photos/healthy/healthy_511.jpg,0.0044506295,0.0
dataset_complete/cacao_diseases/cacao_photos/healthy/healthy_3177.jpg,0.004448128,0.0
dataset_complete/cacao_diseases/cacao_photos/healthy/healthy_2878.jpg,0.004444592,0.0
dataset_complete/cacao_diseases/cacao_photos/healthy/healthy_1384.jpg,0.004422645,0.0
dataset_complete/cacao_diseases/cacao_photos/healthy/healthy_859.jpg,0.0044144234,0.0
dataset_complete/cacao_diseases/cacao_photos/healthy/healthy_1886.jpg,0.004408555,0.0
dataset_complete/cacao_diseases/cacao_photos/healthy/healthy_2336.jpg,0.0043953923,0.0
dataset_complete/cacao_diseases/cacao_photos/healthy/healthy_2389.jpg,0.0043899547,0.0
dataset_complete/cacao_diseases/cacao_photos/healthy/healthy_2860.jpg,0.004385127,0.0
dataset_complete/cacao_diseases/cacao_photos/healthy/healthy_711.jpg,0.004371839,0.0
dataset_complete/cacao_diseases/cacao_photos/healthy/healthy_186.jpg,0.004359214,0.0
dataset_complete/cacao_diseases/cacao_photos/healthy/healthy_128.jpg,0.004358749,0.0
dataset_complete/cacao_diseases/cacao_photos/healthy/healthy_2191.jpg,0.004355226,0.0
dataset_complete/cacao_diseases/cacao_photos/healthy/healthy_300.jpg,0.0043541044,0.0
dataset_complete/cacao_diseases/cacao_photos/healthy/healthy_492.jpg,0.0043480378,0.0
dataset_complete/cacao_diseases/cacao_photos/healthy/healthy_558.jpg,0.004342803,0.0
dataset_complete/cacao_diseases/cacao_photos/healthy/healthy_1585.jpg,0.0043239337,0.0
dataset_complete/cacao_diseases/cacao_photos/healthy/healthy_1725.jpg,0.004321981,0.0
dataset_complete/cacao_diseases/cacao_photos/healthy/healthy_145.jpg,0.0043051955,0.0
dataset_complete/cacao_diseases/cacao_photos/healthy/healthy_739.jpg,0.004304176,0.0
dataset_complete/cacao_diseases/cacao_photos/healthy/healthy_1885.jpg,0.004287674,0.0
dataset_complete/cacao_diseases/cacao_photos/healthy/healthy_407.jpg,0.004276334,0.0
dataset_complete/cacao_diseases/cacao_photos/healthy/healthy_2168.jpg,0.004249315,0.0
dataset_complete/cacao_diseases/cacao_photos/healthy/healthy_826.jpg,0.004245255,0.0
dataset_complete/cacao_diseases/cacao_photos/healthy/healthy_866.jpg,0.00423978,0.0
dataset_complete/cacao_diseases/cacao_photos/healthy/healthy_502.jpg,0.0042359787,0.0
dataset_complete/cacao_diseases/cacao_photos/healthy/healthy_1963.jpg,0.0042340453,0.0
dataset_complete/cacao_diseases/cacao_photos/healthy/healthy_2422.jpg,0.00423216,0.0
dataset_complete/cacao_diseases/cacao_photos/healthy/healthy_1617.jpg,0.0042275963,0.0
dataset_complete/cacao_diseases/cacao_photos/healthy/healthy_3173.jpg,0.004225144,0.0
dataset_complete/cacao_diseases/cacao_photos/healthy/healthy_3236.jpg,0.004223404,0.0
dataset_complete/cacao_diseases/cacao_photos/healthy/healthy_188.jpg,0.0042182934,0.0
dataset_complete/cacao_diseases/cacao_photos/healthy/healthy_1599.jpg,0.004201736,0.0
dataset_complete/cacao_diseases/cacao_photos/healthy/healthy_974.jpg,0.0042016897,0.0
dataset_complete/cacao_diseases/cacao_photos/healthy/healthy_3240.jpg,0.004193209,0.0
dataset_complete/cacao_diseases/cacao_photos/healthy/healthy_1312.jpg,0.004188788,0.0
dataset_complete/cacao_diseases/cacao_photos/healthy/healthy_1975.jpg,0.0041844794,0.0
dataset_complete/cacao_diseases/cacao_photos/healthy/healthy_2867.jpg,0.004182638,0.0
dataset_complete/cacao_diseases/cacao_photos/healthy/healthy_392.jpg,0.004182045,0.0
dataset_complete/cacao_diseases/cacao_photos/healthy/healthy_390.jpg,0.0041783806,0.0
dataset_complete/cacao_diseases/cacao_photos/healthy/healthy_157.jpg,0.0041694012,0.0
dataset_complete/cacao_diseases/cacao_photos/healthy/healthy_305.jpg,0.004168665,0.0
dataset_complete/cacao_diseases/cacao_photos/healthy/healthy_1600.jpg,0.0041634045,0.0
dataset_complete/cacao_diseases/cacao_photos/healthy/healthy_323.jpg,0.0041496833,0.0
dataset_complete/cacao_diseases/cacao_photos/healthy/healthy_3223.jpg,0.0041436637,0.0
dataset_complete/cacao_diseases/cacao_photos/healthy/healthy_2431.jpg,0.004130911,0.0
dataset_complete/cacao_diseases/cacao_photos/healthy/healthy_2854.jpg,0.004127588,0.0
dataset_complete/cacao_diseases/cacao_photos/healthy/healthy_2023.jpg,0.0041249273,0.0
dataset_complete/cacao_diseases/cacao_photos/healthy/healthy_2696.jpg,0.0041182046,0.0
dataset_complete/cacao_diseases/cacao_photos/healthy/healthy_3196.jpg,0.0041157724,0.0
dataset_complete/cacao_diseases/cacao_photos/healthy/healthy_872.jpg,0.004113987,0.0
dataset_complete/cacao_diseases/cacao_photos/healthy/healthy_912.jpg,0.004086937,0.0
dataset_complete/cacao_diseases/cacao_photos/healthy/healthy_904.jpg,0.004081466,0.0
dataset_complete/cacao_diseases/cacao_photos/healthy/healthy_2699.jpg,0.004076597,0.0
dataset_complete/cacao_diseases/cacao_photos/healthy/healthy_731.jpg,0.004072495,0.0
dataset_complete/cacao_diseases/cacao_photos/healthy/healthy_352.jpg,0.004069247,0.0
dataset_complete/cacao_diseases/cacao_photos/healthy/healthy_3061.jpg,0.004064564,0.0
dataset_complete/cacao_diseases/cacao_photos/healthy/healthy_1927.jpg,0.0040644635,0.0
dataset_complete/cacao_diseases/cacao_photos/healthy/healthy_1984.jpg,0.0040628463,0.0
dataset_complete/cacao_diseases/cacao_photos/healthy/healthy_307.jpg,0.0040560984,0.0
dataset_complete/cacao_diseases/cacao_photos/healthy/healthy_854.jpg,0.0040557263,0.0
dataset_complete/cacao_diseases/cacao_photos/healthy/healthy_1130.jpg,0.004050742,0.0
dataset_complete/cacao_diseases/cacao_photos/healthy/healthy_1138.jpg,0.004050682,0.0
dataset_complete/cacao_diseases/cacao_photos/healthy/healthy_2528.jpg,0.0040432294,0.0
dataset_complete/cacao_diseases/cacao_photos/healthy/healthy_1135.jpg,0.004040192,0.0
dataset_complete/cacao_diseases/cacao_photos/healthy/healthy_902.jpg,0.004030803,0.0
dataset_complete/cacao_diseases/cacao_photos/healthy/healthy_1353.jpg,0.00401788,0.0
dataset_complete/cacao_diseases/cacao_photos/healthy/healthy_2540.jpg,0.004016723,0.0
dataset_complete/cacao_diseases/cacao_photos/healthy/healthy_2351.jpg,0.0040135854,0.0
dataset_complete/cacao_diseases/cacao_photos/healthy/healthy_2173.jpg,0.004003995,0.0
dataset_complete/cacao_diseases/cacao_photos/healthy/healthy_2927.jpg,0.00399344,0.0
dataset_complete/cacao_diseases/cacao_photos/healthy/healthy_3258.jpg,0.003989568,0.0
dataset_complete/cacao_diseases/cacao_photos/healthy/healthy_1889.jpg,0.0039867777,0.0
dataset_complete/cacao_diseases/cacao_photos/healthy/healthy_2876.jpg,0.0039621936,0.0
dataset_complete/cacao_diseases/cacao_photos/healthy/healthy_758.jpg,0.003961837,0.0
dataset_complete/cacao_diseases/cacao_photos/healthy/healthy_2254.jpg,0.003952832,0.0
dataset_complete/cacao_diseases/cacao_photos/healthy/healthy_1595.jpg,0.003947033,0.0
dataset_complete/cacao_diseases/cacao_photos/healthy/healthy_2344.jpg,0.003934309,0.0
dataset_complete/cacao_diseases/cacao_photos/healthy/healthy_867.jpg,0.00391101,0.0
dataset_complete/cacao_diseases/cacao_photos/healthy/healthy_1356.jpg,0.0038900224,0.0
dataset_complete/cacao_diseases/cacao_photos/healthy/healthy_474.jpg,0.0038480675,0.0
dataset_complete/cacao_diseases/cacao_photos/healthy/healthy_519.jpg,0.0038210012,0.0
dataset_complete/cacao_diseases/cacao_photos/healthy/healthy_396.jpg,0.003797526,0.0
dataset_complete/cacao_diseases/cacao_photos/healthy/healthy_890.jpg,0.0037943777,0.0
dataset_complete/cacao_diseases/cacao_photos/healthy/healthy_2917.jpg,0.0037541192,0.0
dataset_complete/cacao_diseases/cacao_photos/healthy/healthy_2458.jpg,0.0037473962,0.0
dataset_complete/cacao_diseases/cacao_photos/healthy/healthy_1926.jpg,0.0037442294,0.0
dataset_complete/cacao_diseases/cacao_photos/healthy/healthy_185.jpg,0.0037436108,0.0
dataset_complete/cacao_diseases/cacao_photos/healthy/healthy_998.jpg,0.0037409235,0.0
dataset_complete/cacao_diseases/cacao_photos/healthy/healthy_2874.jpg,0.0037285963,0.0
dataset_complete/cacao_diseases/cacao_photos/healthy/healthy_823.jpg,0.003726164,0.0
dataset_complete/cacao_diseases/cacao_photos/healthy/healthy_2007.jpg,0.0037217033,0.0
dataset_complete/cacao_diseases/cacao_photos/healthy/healthy_2833.jpg,0.0037153251,0.0
dataset_complete/cacao_diseases/cacao_photos/healthy/healthy_733.jpg,0.003712674,0.0
dataset_complete/cacao_diseases/cacao_photos/healthy/healthy_2897.jpg,0.003706119,0.0
dataset_complete/cacao_diseases/cacao_photos/healthy/healthy_1714.jpg,0.0037017784,0.0
dataset_complete/cacao_diseases/cacao_photos/healthy/healthy_810.jpg,0.0036894495,0.0
dataset_complete/cacao_diseases/cacao_photos/healthy/healthy_1942.jpg,0.0036720505,0.0
dataset_complete/cacao_diseases/cacao_photos/healthy/healthy_2872.jpg,0.0036667208,0.0
dataset_complete/cacao_diseases/cacao_photos/healthy/healthy_2679.jpg,0.0036658759,0.0
dataset_complete/cacao_diseases/cacao_photos/healthy/healthy_1367.jpg,0.0036491216,0.0
dataset_complete/cacao_diseases/cacao_photos/healthy/healthy_3208.jpg,0.0036489463,0.0
dataset_complete/cacao_diseases/cacao_photos/healthy/healthy_2394.jpg,0.003643212,0.0
dataset_complete/cacao_diseases/cacao_photos/healthy/healthy_2432.jpg,0.0036366952,0.0
dataset_complete/cacao_diseases/cacao_photos/healthy/healthy_363.jpg,0.0036293734,0.0
dataset_complete/cacao_diseases/cacao_photos/healthy/healthy_936.jpg,0.0036287208,0.0
dataset_complete/cacao_diseases/cacao_photos/healthy/healthy_3292.jpg,0.003625344,0.0
dataset_complete/cacao_diseases/cacao_photos/healthy/healthy_2437.jpg,0.0036175544,0.0
dataset_complete/cacao_diseases/cacao_photos/healthy/healthy_2483.jpg,0.0035878504,0.0
dataset_complete/cacao_diseases/cacao_photos/healthy/healthy_405.jpg,0.0035652856,0.0
dataset_complete/cacao_diseases/cacao_photos/healthy/healthy_2224.jpg,0.00352378,0.0
dataset_complete/cacao_diseases/cacao_photos/healthy/healthy_140.jpg,0.0035226718,0.0
dataset_complete/cacao_diseases/cacao_photos/healthy/healthy_1127.jpg,0.0035226026,0.0
dataset_complete/cacao_diseases/cacao_photos/healthy/healthy_2194.jpg,0.003506665,0.0
dataset_complete/cacao_diseases/cacao_photos/healthy/healthy_2970.jpg,0.0035057478,0.0
dataset_complete/cacao_diseases/cacao_photos/healthy/healthy_2712.jpg,0.0035039843,0.0
dataset_complete/cacao_diseases/cacao_photos/healthy/healthy_2317.jpg,0.0034972979,0.0
dataset_complete/cacao_diseases/cacao_photos/healthy/healthy_2392.jpg,0.0034957805,0.0
dataset_complete/cacao_diseases/cacao_photos/healthy/healthy_3279.jpg,0.0034862384,0.0
dataset_complete/cacao_diseases/cacao_photos/healthy/healthy_3015.jpg,0.0034733422,0.0
dataset_complete/cacao_diseases/cacao_photos/healthy/healthy_2548.jpg,0.0034627088,0.0
dataset_complete/cacao_diseases/cacao_photos/healthy/healthy_1338.jpg,0.0034624715,0.0
dataset_complete/cacao_diseases/cacao_photos/healthy/healthy_1357.jpg,0.003458975,0.0
dataset_complete/cacao_diseases/cacao_photos/healthy/healthy_2459.jpg,0.0034449948,0.0
dataset_complete/cacao_diseases/cacao_photos/healthy/healthy_2296.jpg,0.003436405,0.0
dataset_complete/cacao_diseases/cacao_photos/healthy/healthy_194.jpg,0.003425022,0.0
dataset_complete/cacao_diseases/cacao_photos/healthy/healthy_989.jpg,0.0034248054,0.0
dataset_complete/cacao_diseases/cacao_photos/healthy/healthy_512.jpg,0.0034192062,0.0
dataset_complete/cacao_diseases/cacao_photos/healthy/healthy_2362.jpg,0.0034142018,0.0
dataset_complete/cacao_diseases/cacao_photos/healthy/healthy_2276.jpg,0.0034040292,0.0
dataset_complete/cacao_diseases/cacao_photos/healthy/healthy_1106.jpg,0.0034024322,0.0
dataset_complete/cacao_diseases/cacao_photos/healthy/healthy_2466.jpg,0.0033904826,0.0
dataset_complete/cacao_diseases/cacao_photos/healthy/healthy_931.jpg,0.0033897762,0.0
dataset_complete/cacao_diseases/cacao_photos/healthy/healthy_1873.jpg,0.0033837168,0.0
dataset_complete/cacao_diseases/cacao_photos/healthy/healthy_2323.jpg,0.0033803172,0.0
dataset_complete/cacao_diseases/cacao_photos/healthy/healthy_2334.jpg,0.003379251,0.0
dataset_complete/cacao_diseases/cacao_photos/healthy/healthy_734.jpg,0.0033776355,0.0
dataset_complete/cacao_diseases/cacao_photos/healthy/healthy_806.jpg,0.0033649714,0.0
dataset_complete/cacao_diseases/cacao_photos/healthy/healthy_1692.jpg,0.0033516132,0.0
dataset_complete/cacao_diseases/cacao_photos/healthy/healthy_3077.jpg,0.003350436,0.0
dataset_complete/cacao_diseases/cacao_photos/healthy/healthy_3214.jpg,0.0033488674,0.0
dataset_complete/cacao_diseases/cacao_photos/healthy/healthy_2170.jpg,0.0033474504,0.0
dataset_complete/cacao_diseases/cacao_photos/healthy/healthy_2445.jpg,0.0033348382,0.0
dataset_complete/cacao_diseases/cacao_photos/healthy/healthy_716.jpg,0.0033307136,0.0
dataset_complete/cacao_diseases/cacao_photos/healthy/healthy_2702.jpg,0.003326532,0.0
dataset_complete/cacao_diseases/cacao_photos/healthy/healthy_1972.jpg,0.0033220518,0.0
dataset_complete/cacao_diseases/cacao_photos/healthy/healthy_1625.jpg,0.003321927,0.0
dataset_complete/cacao_diseases/cacao_photos/healthy/healthy_334.jpg,0.0033146054,0.0
dataset_complete/cacao_diseases/cacao_photos/healthy/healthy_1295.jpg,0.0033126131,0.0
dataset_complete/cacao_diseases/cacao_photos/healthy/healthy_499.jpg,0.003306174,0.0
dataset_complete/cacao_diseases/cacao_photos/healthy/healthy_754.jpg,0.003298791,0.0
dataset_complete/cacao_diseases/cacao_photos/healthy/healthy_2310.jpg,0.0032815333,0.0
dataset_complete/cacao_diseases/cacao_photos/healthy/healthy_538.jpg,0.0032676666,0.0
dataset_complete/cacao_diseases/cacao_photos/healthy/healthy_2398.jpg,0.0032614276,0.0
dataset_complete/cacao_diseases/cacao_photos/healthy/healthy_1588.jpg,0.0032587512,0.0
dataset_complete/cacao_diseases/cacao_photos/healthy/healthy_2273.jpg,0.00325426,0.0
dataset_complete/cacao_diseases/cacao_photos/healthy/healthy_2942.jpg,0.0032526513,0.0
dataset_complete/cacao_diseases/cacao_photos/healthy/healthy_1348.jpg,0.0032461032,0.0
dataset_complete/cacao_diseases/cacao_photos/healthy/healthy_341.jpg,0.0032374158,0.0
dataset_complete/cacao_diseases/cacao_photos/healthy/healthy_139.jpg,0.0032075506,0.0
dataset_complete/cacao_diseases/cacao_photos/healthy/healthy_2039.jpg,0.0031957813,0.0
dataset_complete/cacao_diseases/cacao_photos/healthy/healthy_2433.jpg,0.0031934248,0.0
dataset_complete/cacao_diseases/cacao_photos/healthy/healthy_3064.jpg,0.0031925542,0.0
dataset_complete/cacao_diseases/cacao_photos/healthy/healthy_525.jpg,0.0031899142,0.0
dataset_complete/cacao_diseases/cacao_photos/healthy/healthy_884.jpg,0.003183735,0.0
dataset_complete/cacao_diseases/cacao_photos/healthy/healthy_2950.jpg,0.0031738176,0.0
dataset_complete/cacao_diseases/cacao_photos/healthy/healthy_2261.jpg,0.0031653796,0.0
dataset_complete/cacao_diseases/cacao_photos/healthy/healthy_2933.jpg,0.0031633067,0.0
dataset_complete/cacao_diseases/cacao_photos/healthy/healthy_1991.jpg,0.0031632034,0.0
dataset_complete/cacao_diseases/cacao_photos/healthy/healthy_1915.jpg,0.003146721,0.0
dataset_complete/cacao_diseases/cacao_photos/healthy/healthy_3022.jpg,0.0031362176,0.0
dataset_complete/cacao_diseases/cacao_photos/healthy/healthy_995.jpg,0.0031339652,0.0
dataset_complete/cacao_diseases/cacao_photos/healthy/healthy_3286.jpg,0.0031309393,0.0
dataset_complete/cacao_diseases/cacao_photos/healthy/healthy_2946.jpg,0.0031299612,0.0
dataset_complete/cacao_diseases/cacao_photos/healthy/healthy_1096.jpg,0.0031276732,0.0
dataset_complete/cacao_diseases/cacao_photos/healthy/healthy_366.jpg,0.0031123837,0.0
dataset_complete/cacao_diseases/cacao_photos/healthy/healthy_1593.jpg,0.003096701,0.0
dataset_complete/cacao_diseases/cacao_photos/healthy/healthy_191.jpg,0.0030934885,0.0
dataset_complete/cacao_diseases/cacao_photos/healthy/healthy_915.jpg,0.0030850987,0.0
dataset_complete/cacao_diseases/cacao_photos/healthy/healthy_2014.jpg,0.003082781,0.0
dataset_complete/cacao_diseases/cacao_photos/healthy/healthy_1300.jpg,0.0030527292,0.0
dataset_complete/cacao_diseases/cacao_photos/healthy/healthy_2342.jpg,0.003037847,0.0
dataset_complete/cacao_diseases/cacao_photos/healthy/healthy_1960.jpg,0.0030231536,0.0
dataset_complete/cacao_diseases/cacao_photos/healthy/healthy_887.jpg,0.003013964,0.0
dataset_complete/cacao_diseases/cacao_photos/healthy/healthy_322.jpg,0.0030066115,0.0
dataset_complete/cacao_diseases/cacao_photos/healthy/healthy_1109.jpg,0.002986213,0.0
dataset_complete/cacao_diseases/cacao_photos/healthy/healthy_2737.jpg,0.00298458,0.0
dataset_complete/cacao_diseases/cacao_photos/healthy/healthy_2869.jpg,0.0029815435,0.0
dataset_complete/cacao_diseases/cacao_photos/healthy/healthy_2176.jpg,0.002968218,0.0
dataset_complete/cacao_diseases/cacao_photos/healthy/healthy_2662.jpg,0.0029629122,0.0
dataset_complete/cacao_diseases/cacao_photos/healthy/healthy_3281.jpg,0.0029554677,0.0
dataset_complete/cacao_diseases/cacao_photos/healthy/healthy_3025.jpg,0.0029454597,0.0
dataset_complete/cacao_diseases/cacao_photos/healthy/healthy_343.jpg,0.0029385744,0.0
dataset_complete/cacao_diseases/cacao_photos/healthy/healthy_1992.jpg,0.0029362373,0.0
dataset_complete/cacao_diseases/cacao_photos/healthy/healthy_2824.jpg,0.0029333688,0.0
dataset_complete/cacao_diseases/cacao_photos/healthy/healthy_3020.jpg,0.0029297087,0.0
dataset_complete/cacao_diseases/cacao_photos/healthy/healthy_2199.jpg,0.0029136892,0.0
dataset_complete/cacao_diseases/cacao_photos/healthy/healthy_523.jpg,0.0029048475,0.0
dataset_complete/cacao_diseases/cacao_photos/healthy/healthy_1355.jpg,0.0028952642,0.0
dataset_complete/cacao_diseases/cacao_photos/healthy/healthy_386.jpg,0.0028880285,0.0
dataset_complete/cacao_diseases/cacao_photos/healthy/healthy_1925.jpg,0.0028852925,0.0
dataset_complete/cacao_diseases/cacao_photos/healthy/healthy_2826.jpg,0.0028714372,0.0
dataset_complete/cacao_diseases/cacao_photos/healthy/healthy_1868.jpg,0.0028711855,0.0
dataset_complete/cacao_diseases/cacao_photos/healthy/healthy_2424.jpg,0.0028634828,0.0
dataset_complete/cacao_diseases/cacao_photos/healthy/healthy_2257.jpg,0.002862017,0.0
dataset_complete/cacao_diseases/cacao_photos/healthy/healthy_2238.jpg,0.0028586604,0.0
dataset_complete/cacao_diseases/cacao_photos/healthy/healthy_369.jpg,0.0028388281,0.0
dataset_complete/cacao_diseases/cacao_photos/healthy/healthy_2523.jpg,0.0028353548,0.0
dataset_complete/cacao_diseases/cacao_photos/healthy/healthy_2680.jpg,0.0028310504,0.0
dataset_complete/cacao_diseases/cacao_photos/healthy/healthy_2529.jpg,0.0028261268,0.0
dataset_complete/cacao_diseases/cacao_photos/healthy/healthy_2862.jpg,0.0028244888,0.0
dataset_complete/cacao_diseases/cacao_photos/healthy/healthy_910.jpg,0.0028238872,0.0
dataset_complete/cacao_diseases/cacao_photos/healthy/healthy_2685.jpg,0.0028222278,0.0
dataset_complete/cacao_diseases/cacao_photos/healthy/healthy_968.jpg,0.002814204,0.0
dataset_complete/cacao_diseases/cacao_photos/healthy/healthy_1331.jpg,0.0028120326,0.0
dataset_complete/cacao_diseases/cacao_photos/healthy/healthy_1369.jpg,0.0028007533,0.0
dataset_complete/cacao_diseases/cacao_photos/healthy/healthy_1976.jpg,0.0027982057,0.0
dataset_complete/cacao_diseases/cacao_photos/healthy/healthy_926.jpg,0.002794125,0.0
dataset_complete/cacao_diseases/cacao_photos/healthy/healthy_3229.jpg,0.0027930536,0.0
dataset_complete/cacao_diseases/cacao_photos/healthy/healthy_473.jpg,0.0027823402,0.0
dataset_complete/cacao_diseases/cacao_photos/healthy/healthy_802.jpg,0.0027741138,0.0
dataset_complete/cacao_diseases/cacao_photos/healthy/healthy_1877.jpg,0.0027679228,0.0
dataset_complete/cacao_diseases/cacao_photos/healthy/healthy_2306.jpg,0.002765472,0.0
dataset_complete/cacao_diseases/cacao_photos/healthy/healthy_537.jpg,0.0027624299,0.0
dataset_complete/cacao_diseases/cacao_photos/healthy/healthy_557.jpg,0.002756477,0.0
dataset_complete/cacao_diseases/cacao_photos/healthy/healthy_2387.jpg,0.0027453257,0.0
dataset_complete/cacao_diseases/cacao_photos/healthy/healthy_760.jpg,0.0027453096,0.0
dataset_complete/cacao_diseases/cacao_photos/healthy/healthy_3175.jpg,0.0027383068,0.0
dataset_complete/cacao_diseases/cacao_photos/healthy/healthy_329.jpg,0.0027340613,0.0
dataset_complete/cacao_diseases/cacao_photos/healthy/healthy_3000.jpg,0.0027330045,0.0
dataset_complete/cacao_diseases/cacao_photos/healthy/healthy_2175.jpg,0.0027318997,0.0
dataset_complete/cacao_diseases/cacao_photos/healthy/healthy_535.jpg,0.0027250047,0.0
dataset_complete/cacao_diseases/cacao_photos/healthy/healthy_156.jpg,0.0027241134,0.0
dataset_complete/cacao_diseases/cacao_photos/healthy/healthy_1872.jpg,0.0027219031,0.0
dataset_complete/cacao_diseases/cacao_photos/healthy/healthy_1136.jpg,0.0027202275,0.0
dataset_complete/cacao_diseases/cacao_photos/healthy/healthy_710.jpg,0.0027100153,0.0
dataset_complete/cacao_diseases/cacao_photos/healthy/healthy_2350.jpg,0.0027098237,0.0
dataset_complete/cacao_diseases/cacao_photos/healthy/healthy_2996.jpg,0.0027093256,0.0
dataset_complete/cacao_diseases/cacao_photos/healthy/healthy_2544.jpg,0.0027083328,0.0
dataset_complete/cacao_diseases/cacao_photos/healthy/healthy_801.jpg,0.0027052483,0.0
dataset_complete/cacao_diseases/cacao_photos/healthy/healthy_1122.jpg,0.0026980822,0.0
dataset_complete/cacao_diseases/cacao_photos/healthy/healthy_2251.jpg,0.002698057,0.0
dataset_complete/cacao_diseases/cacao_photos/healthy/healthy_726.jpg,0.0026979516,0.0
dataset_complete/cacao_diseases/cacao_photos/healthy/healthy_1327.jpg,0.002677783,0.0
dataset_complete/cacao_diseases/cacao_photos/healthy/healthy_1134.jpg,0.0026762115,0.0
dataset_complete/cacao_diseases/cacao_photos/healthy/healthy_795.jpg,0.0026683747,0.0
dataset_complete/cacao_diseases/cacao_photos/healthy/healthy_1324.jpg,0.002656865,0.0
dataset_complete/cacao_diseases/cacao_photos/healthy/healthy_2958.jpg,0.002648693,0.0
dataset_complete/cacao_diseases/cacao_photos/healthy/healthy_1949.jpg,0.0026408548,0.0
dataset_complete/cacao_diseases/cacao_photos/healthy/healthy_124.jpg,0.0026407312,0.0
dataset_complete/cacao_diseases/cacao_photos/healthy/healthy_1401.jpg,0.0026336168,0.0
dataset_complete/cacao_diseases/cacao_photos/healthy/healthy_2358.jpg,0.0026210328,0.0
dataset_complete/cacao_diseases/cacao_photos/healthy/healthy_2316.jpg,0.0026198747,0.0
dataset_complete/cacao_diseases/cacao_photos/healthy/healthy_848.jpg,0.0026116832,0.0
dataset_complete/cacao_diseases/cacao_photos/healthy/healthy_849.jpg,0.002611278,0.0
dataset_complete/cacao_diseases/cacao_photos/healthy/healthy_2449.jpg,0.0025942267,0.0
dataset_complete/cacao_diseases/cacao_photos/healthy/healthy_2488.jpg,0.0025914914,0.0
dataset_complete/cacao_diseases/cacao_photos/healthy/healthy_509.jpg,0.0025890584,0.0
dataset_complete/cacao_diseases/cacao_photos/healthy/healthy_2006.jpg,0.0025887496,0.0
dataset_complete/cacao_diseases/cacao_photos/healthy/healthy_2659.jpg,0.0025831165,0.0
dataset_complete/cacao_diseases/cacao_photos/healthy/healthy_401.jpg,0.0025803389,0.0
dataset_complete/cacao_diseases/cacao_photos/healthy/healthy_2939.jpg,0.0025772252,0.0
dataset_complete/cacao_diseases/cacao_photos/healthy/healthy_3225.jpg,0.0025769128,0.0
dataset_complete/cacao_diseases/cacao_photos/healthy/healthy_3195.jpg,0.0025715425,0.0
dataset_complete/cacao_diseases/cacao_photos/healthy/healthy_958.jpg,0.0025712624,0.0
dataset_complete/cacao_diseases/cacao_photos/healthy/healthy_2962.jpg,0.0025675457,0.0
dataset_complete/cacao_diseases/cacao_photos/healthy/healthy_3197.jpg,0.0025665166,0.0
dataset_complete/cacao_diseases/cacao_photos/healthy/healthy_905.jpg,0.0025659525,0.0
dataset_complete/cacao_diseases/cacao_photos/healthy/healthy_3253.jpg,0.0025542583,0.0
dataset_complete/cacao_diseases/cacao_photos/healthy/healthy_2420.jpg,0.0025503738,0.0
dataset_complete/cacao_diseases/cacao_photos/healthy/healthy_2829.jpg,0.0025458175,0.0
dataset_complete/cacao_diseases/cacao_photos/healthy/healthy_3192.jpg,0.0025387523,0.0
dataset_complete/cacao_diseases/cacao_photos/healthy/healthy_2849.jpg,0.002528664,0.0
dataset_complete/cacao_diseases/cacao_photos/healthy/healthy_858.jpg,0.0025228434,0.0
dataset_complete/cacao_diseases/cacao_photos/healthy/healthy_960.jpg,0.0025119463,0.0
dataset_complete/cacao_diseases/cacao_photos/healthy/healthy_2271.jpg,0.002510488,0.0
dataset_complete/cacao_diseases/cacao_photos/healthy/healthy_345.jpg,0.0025096703,0.0
dataset_complete/cacao_diseases/cacao_photos/healthy/healthy_963.jpg,0.0025074503,0.0
dataset_complete/cacao_diseases/cacao_photos/healthy/healthy_2032.jpg,0.0024965918,0.0
dataset_complete/cacao_diseases/cacao_photos/healthy/healthy_3278.jpg,0.0024955848,0.0
dataset_complete/cacao_diseases/cacao_photos/healthy/healthy_3250.jpg,0.0024853386,0.0
dataset_complete/cacao_diseases/cacao_photos/healthy/healthy_545.jpg,0.0024832939,0.0
dataset_complete/cacao_diseases/cacao_photos/healthy/healthy_521.jpg,0.0024831032,0.0
dataset_complete/cacao_diseases/cacao_photos/healthy/healthy_814.jpg,0.0024814492,0.0
dataset_complete/cacao_diseases/cacao_photos/healthy/healthy_852.jpg,0.0024726223,0.0
dataset_complete/cacao_diseases/cacao_photos/healthy/healthy_318.jpg,0.002469981,0.0
dataset_complete/cacao_diseases/cacao_photos/healthy/healthy_2355.jpg,0.0024680425,0.0
dataset_complete/cacao_diseases/cacao_photos/healthy/healthy_2357.jpg,0.0024543386,0.0
dataset_complete/cacao_diseases/cacao_photos/healthy/healthy_860.jpg,0.0024480587,0.0
dataset_complete/cacao_diseases/cacao_photos/healthy/healthy_2530.jpg,0.0024371373,0.0
dataset_complete/cacao_diseases/cacao_photos/healthy/healthy_550.jpg,0.0024334593,0.0
dataset_complete/cacao_diseases/cacao_photos/healthy/healthy_1126.jpg,0.0024247908,0.0
dataset_complete/cacao_diseases/cacao_photos/healthy/healthy_2171.jpg,0.0024192093,0.0
dataset_complete/cacao_diseases/cacao_photos/healthy/healthy_2030.jpg,0.0024161641,0.0
dataset_complete/cacao_diseases/cacao_photos/healthy/healthy_2315.jpg,0.0024122905,0.0
dataset_complete/cacao_diseases/cacao_photos/healthy/healthy_2953.jpg,0.0024115783,0.0
dataset_complete/cacao_diseases/cacao_photos/healthy/healthy_1614.jpg,0.002400791,0.0
dataset_complete/cacao_diseases/cacao_photos/healthy/healthy_539.jpg,0.0023946462,0.0
dataset_complete/cacao_diseases/cacao_photos/healthy/healthy_1939.jpg,0.0023897225,0.0
dataset_complete/cacao_diseases/cacao_photos/healthy/healthy_741.jpg,0.002378729,0.0
dataset_complete/cacao_diseases/cacao_photos/healthy/healthy_868.jpg,0.0023705403,0.0
dataset_complete/cacao_diseases/cacao_photos/healthy/healthy_1895.jpg,0.0023679712,0.0
dataset_complete/cacao_diseases/cacao_photos/healthy/healthy_304.jpg,0.0023566906,0.0
dataset_complete/cacao_diseases/cacao_photos/healthy/healthy_3220.jpg,0.0023464547,0.0
dataset_complete/cacao_diseases/cacao_photos/healthy/healthy_562.jpg,0.00234106,0.0
dataset_complete/cacao_diseases/cacao_photos/healthy/healthy_2691.jpg,0.0023386234,0.0
dataset_complete/cacao_diseases/cacao_photos/healthy/healthy_1867.jpg,0.0023367393,0.0
dataset_complete/cacao_diseases/cacao_photos/healthy/healthy_189.jpg,0.0023271795,0.0
dataset_complete/cacao_diseases/cacao_photos/healthy/healthy_2375.jpg,0.0023259923,0.0
dataset_complete/cacao_diseases/cacao_photos/healthy/healthy_3280.jpg,0.0023193297,0.0
dataset_complete/cacao_diseases/cacao_photos/healthy/healthy_1383.jpg,0.0023116139,0.0
dataset_complete/cacao_diseases/cacao_photos/healthy/healthy_2913.jpg,0.0022877785,0.0
dataset_complete/cacao_diseases/cacao_photos/healthy/healthy_192.jpg,0.0022840002,0.0
dataset_complete/cacao_diseases/cacao_photos/healthy/healthy_3054.jpg,0.0022556835,0.0
dataset_complete/cacao_diseases/cacao_photos/healthy/healthy_2198.jpg,0.0022544754,0.0
dataset_complete/cacao_diseases/cacao_photos/healthy/healthy_2239.jpg,0.002248716,0.0
dataset_complete/cacao_diseases/cacao_photos/healthy/healthy_2851.jpg,0.002244717,0.0
dataset_complete/cacao_diseases/cacao_photos/healthy/healthy_1858.jpg,0.002243371,0.0
dataset_complete/cacao_diseases/cacao_photos/healthy/healthy_1385.jpg,0.0022307013,0.0
dataset_complete/cacao_diseases/cacao_photos/healthy/healthy_3070.jpg,0.0022292905,0.0
dataset_complete/cacao_diseases/cacao_photos/healthy/healthy_2474.jpg,0.002209333,0.0
dataset_complete/cacao_diseases/cacao_photos/healthy/healthy_3254.jpg,0.0021984829,0.0
dataset_complete/cacao_diseases/cacao_photos/healthy/healthy_1398.jpg,0.0021949848,0.0
dataset_complete/cacao_diseases/cacao_photos/healthy/healthy_821.jpg,0.0021904602,0.0
dataset_complete/cacao_diseases/cacao_photos/healthy/healthy_408.jpg,0.0021873366,0.0
dataset_complete/cacao_diseases/cacao_photos/healthy/healthy_2663.jpg,0.0021845775,0.0
dataset_complete/cacao_diseases/cacao_photos/healthy/healthy_1319.jpg,0.0021819659,0.0
dataset_complete/cacao_diseases/cacao_photos/healthy/healthy_2237.jpg,0.002181025,0.0
dataset_complete/cacao_diseases/cacao_photos/healthy/healthy_862.jpg,0.002179706,0.0
dataset_complete/cacao_diseases/cacao_photos/healthy/healthy_3252.jpg,0.0021782862,0.0
dataset_complete/cacao_diseases/cacao_photos/healthy/healthy_1594.jpg,0.0021775328,0.0
dataset_complete/cacao_diseases/cacao_photos/healthy/healthy_1336.jpg,0.0021764787,0.0
dataset_complete/cacao_diseases/cacao_photos/healthy/healthy_2377.jpg,0.0021749057,0.0
dataset_complete/cacao_diseases/cacao_photos/healthy/healthy_2263.jpg,0.0021677262,0.0
dataset_complete/cacao_diseases/cacao_photos/healthy/healthy_1950.jpg,0.0021631427,0.0
dataset_complete/cacao_diseases/cacao_photos/healthy/healthy_2928.jpg,0.0021572527,0.0
dataset_complete/cacao_diseases/cacao_photos/healthy/healthy_353.jpg,0.002154583,0.0
dataset_complete/cacao_diseases/cacao_photos/healthy/healthy_2974.jpg,0.0021542301,0.0
dataset_complete/cacao_diseases/cacao_photos/healthy/healthy_3216.jpg,0.0021523812,0.0
dataset_complete/cacao_diseases/cacao_photos/healthy/healthy_3210.jpg,0.0021492625,0.0
dataset_complete/cacao_diseases/cacao_photos/healthy/healthy_2390.jpg,0.0021492026,0.0
dataset_complete/cacao_diseases/cacao_photos/healthy/healthy_1276.jpg,0.0021486925,0.0
dataset_complete/cacao_diseases/cacao_photos/healthy/healthy_1921.jpg,0.0021434298,0.0
dataset_complete/cacao_diseases/cacao_photos/healthy/healthy_798.jpg,0.0021319708,0.0
dataset_complete/cacao_diseases/cacao_photos/healthy/healthy_530.jpg,0.0021206865,0.0
dataset_complete/cacao_diseases/cacao_photos/healthy/healthy_999.jpg,0.0021204043,0.0
dataset_complete/cacao_diseases/cacao_photos/healthy/healthy_2384.jpg,0.002117899,0.0
dataset_complete/cacao_diseases/cacao_photos/healthy/healthy_992.jpg,0.0021132524,0.0
dataset_complete/cacao_diseases/cacao_photos/healthy/healthy_819.jpg,0.0021114103,0.0
dataset_complete/cacao_diseases/cacao_photos/healthy/healthy_1958.jpg,0.0021007417,0.0
dataset_complete/cacao_diseases/cacao_photos/healthy/healthy_2299.jpg,0.0020880299,0.0
dataset_complete/cacao_diseases/cacao_photos/healthy/healthy_3259.jpg,0.0020825327,0.0
dataset_complete/cacao_diseases/cacao_photos/healthy/healthy_1366.jpg,0.0020824173,0.0
dataset_complete/cacao_diseases/cacao_photos/healthy/healthy_793.jpg,0.0020790403,0.0
dataset_complete/cacao_diseases/cacao_photos/healthy/healthy_398.jpg,0.002078372,0.0
dataset_complete/cacao_diseases/cacao_photos/healthy/healthy_2491.jpg,0.0020775113,0.0
dataset_complete/cacao_diseases/cacao_photos/healthy/healthy_767.jpg,0.002074813,0.0
dataset_complete/cacao_diseases/cacao_photos/healthy/healthy_2165.jpg,0.0020670302,0.0
dataset_complete/cacao_diseases/cacao_photos/healthy/healthy_3059.jpg,0.002065204,0.0
dataset_complete/cacao_diseases/cacao_photos/healthy/healthy_2743.jpg,0.002042531,0.0
dataset_complete/cacao_diseases/cacao_photos/healthy/healthy_755.jpg,0.0020410523,0.0
dataset_complete/cacao_diseases/cacao_photos/healthy/healthy_2916.jpg,0.0020341803,0.0
dataset_complete/cacao_diseases/cacao_photos/healthy/healthy_161.jpg,0.0020276154,0.0
dataset_complete/cacao_diseases/cacao_photos/healthy/healthy_2527.jpg,0.002024883,0.0
dataset_complete/cacao_diseases/cacao_photos/healthy/healthy_2381.jpg,0.0020227374,0.0
dataset_complete/cacao_diseases/cacao_photos/healthy/healthy_2373.jpg,0.0020202566,0.0
dataset_complete/cacao_diseases/cacao_photos/healthy/healthy_1376.jpg,0.0020193916,0.0
dataset_complete/cacao_diseases/cacao_photos/healthy/healthy_2892.jpg,0.002017859,0.0
dataset_complete/cacao_diseases/cacao_photos/healthy/healthy_2383.jpg,0.0020177264,0.0
dataset_complete/cacao_diseases/cacao_photos/healthy/healthy_2847.jpg,0.002016386,0.0
dataset_complete/cacao_diseases/cacao_photos/healthy/healthy_2705.jpg,0.0020076707,0.0
dataset_complete/cacao_diseases/cacao_photos/healthy/healthy_3294.jpg,0.0020030586,0.0
dataset_complete/cacao_diseases/cacao_photos/healthy/healthy_2341.jpg,0.0020030201,0.0
dataset_complete/cacao_diseases/cacao_photos/healthy/healthy_2521.jpg,0.0020012555,0.0
dataset_complete/cacao_diseases/cacao_photos/healthy/healthy_1911.jpg,0.0020006294,0.0
dataset_complete/cacao_diseases/cacao_photos/healthy/healthy_1924.jpg,0.001994815,0.0
dataset_complete/cacao_diseases/cacao_photos/healthy/healthy_797.jpg,0.0019936634,0.0
dataset_complete/cacao_diseases/cacao_photos/healthy/healthy_744.jpg,0.001989074,0.0
dataset_complete/cacao_diseases/cacao_photos/healthy/healthy_2932.jpg,0.0019859767,0.0
dataset_complete/cacao_diseases/cacao_photos/healthy/healthy_383.jpg,0.0019854314,0.0
dataset_complete/cacao_diseases/cacao_photos/healthy/healthy_2454.jpg,0.0019788104,0.0
dataset_complete/cacao_diseases/cacao_photos/healthy/healthy_2379.jpg,0.0019725263,0.0
dataset_complete/cacao_diseases/cacao_photos/healthy/healthy_1955.jpg,0.0019689589,0.0
dataset_complete/cacao_diseases/cacao_photos/healthy/healthy_2440.jpg,0.0019671877,0.0
dataset_complete/cacao_diseases/cacao_photos/healthy/healthy_2017.jpg,0.0019643123,0.0
dataset_complete/cacao_diseases/cacao_photos/healthy/healthy_786.jpg,0.001964053,0.0
dataset_complete/cacao_diseases/cacao_photos/healthy/healthy_2295.jpg,0.0019628191,0.0
dataset_complete/cacao_diseases/cacao_photos/healthy/healthy_2964.jpg,0.0019590736,0.0
dataset_complete/cacao_diseases/cacao_photos/healthy/healthy_2934.jpg,0.001958536,0.0
dataset_complete/cacao_diseases/cacao_photos/healthy/healthy_3074.jpg,0.0019578899,0.0
dataset_complete/cacao_diseases/cacao_photos/healthy/healthy_753.jpg,0.001948868,0.0
dataset_complete/cacao_diseases/cacao_photos/healthy/healthy_2929.jpg,0.0019434845,0.0
dataset_complete/cacao_diseases/cacao_photos/healthy/healthy_2187.jpg,0.0019381125,0.0
dataset_complete/cacao_diseases/cacao_photos/healthy/healthy_2349.jpg,0.001930513,0.0
dataset_complete/cacao_diseases/cacao_photos/healthy/healthy_1329.jpg,0.0019238752,0.0
dataset_complete/cacao_diseases/cacao_photos/healthy/healthy_2861.jpg,0.0019168874,0.0
dataset_complete/cacao_diseases/cacao_photos/healthy/healthy_2265.jpg,0.0019040863,0.0
dataset_complete/cacao_diseases/cacao_photos/healthy/healthy_2969.jpg,0.0018982518,0.0
dataset_complete/cacao_diseases/cacao_photos/healthy/healthy_480.jpg,0.0018963887,0.0
dataset_complete/cacao_diseases/cacao_photos/healthy/healthy_1360.jpg,0.0018958208,0.0
dataset_complete/cacao_diseases/cacao_photos/healthy/healthy_789.jpg,0.0018932915,0.0
dataset_complete/cacao_diseases/cacao_photos/healthy/healthy_549.jpg,0.0018883344,0.0
dataset_complete/cacao_diseases/cacao_photos/healthy/healthy_816.jpg,0.0018831657,0.0
dataset_complete/cacao_diseases/cacao_photos/healthy/healthy_2037.jpg,0.0018707103,0.0
dataset_complete/cacao_diseases/cacao_photos/healthy/healthy_3284.jpg,0.0018689283,0.0
dataset_complete/cacao_diseases/cacao_photos/healthy/healthy_935.jpg,0.0018683088,0.0
dataset_complete/cacao_diseases/cacao_photos/healthy/healthy_354.jpg,0.0018672985,0.0
dataset_complete/cacao_diseases/cacao_photos/healthy/healthy_515.jpg,0.0018646034,0.0
dataset_complete/cacao_diseases/cacao_photos/healthy/healthy_2832.jpg,0.0018625372,0.0
dataset_complete/cacao_diseases/cacao_photos/healthy/healthy_190.jpg,0.0018585232,0.0
dataset_complete/cacao_diseases/cacao_photos/healthy/healthy_2297.jpg,0.0018525154,0.0
dataset_complete/cacao_diseases/cacao_photos/healthy/healthy_3232.jpg,0.0018373359,0.0
dataset_complete/cacao_diseases/cacao_photos/healthy/healthy_2444.jpg,0.001836856,0.0
dataset_complete/cacao_diseases/cacao_photos/healthy/healthy_1780.jpg,0.0018198771,0.0
dataset_complete/cacao_diseases/cacao_photos/healthy/healthy_2347.jpg,0.0018131244,0.0
dataset_complete/cacao_diseases/cacao_photos/healthy/healthy_743.jpg,0.0018100173,0.0
dataset_complete/cacao_diseases/cacao_photos/healthy/healthy_2908.jpg,0.0018094117,0.0
dataset_complete/cacao_diseases/cacao_photos/healthy/healthy_947.jpg,0.0018066734,0.0
dataset_complete/cacao_diseases/cacao_photos/healthy/healthy_315.jpg,0.0018000259,0.0
dataset_complete/cacao_diseases/cacao_photos/healthy/healthy_2376.jpg,0.0017965928,0.0
dataset_complete/cacao_diseases/cacao_photos/healthy/healthy_3023.jpg,0.001794701,0.0
dataset_complete/cacao_diseases/cacao_photos/healthy/healthy_1306.jpg,0.0017930334,0.0
dataset_complete/cacao_diseases/cacao_photos/healthy/healthy_3289.jpg,0.0017917389,0.0
dataset_complete/cacao_diseases/cacao_photos/healthy/healthy_2464.jpg,0.0017845819,0.0
dataset_complete/cacao_diseases/cacao_photos/healthy/healthy_2732.jpg,0.0017784323,0.0
dataset_complete/cacao_diseases/cacao_photos/healthy/healthy_3227.jpg,0.0017767773,0.0
dataset_complete/cacao_diseases/cacao_photos/healthy/healthy_1928.jpg,0.0017764531,0.0
dataset_complete/cacao_diseases/cacao_photos/healthy/healthy_1933.jpg,0.0017721464,0.0
dataset_complete/cacao_diseases/cacao_photos/healthy/healthy_327.jpg,0.0017706755,0.0
dataset_complete/cacao_diseases/cacao_photos/healthy/healthy_880.jpg,0.0017700605,0.0
dataset_complete/cacao_diseases/cacao_photos/healthy/healthy_1607.jpg,0.0017602678,0.0
dataset_complete/cacao_diseases/cacao_photos/healthy/healthy_546.jpg,0.0017576516,0.0
dataset_complete/cacao_diseases/cacao_photos/healthy/healthy_2910.jpg,0.0017552463,0.0
dataset_complete/cacao_diseases/cacao_photos/healthy/healthy_1322.jpg,0.0017529386,0.0
dataset_complete/cacao_diseases/cacao_photos/healthy/healthy_494.jpg,0.0017494126,0.0
dataset_complete/cacao_diseases/cacao_photos/healthy/healthy_850.jpg,0.0017465856,0.0
dataset_complete/cacao_diseases/cacao_photos/healthy/healthy_2539.jpg,0.0017444483,0.0
dataset_complete/cacao_diseases/cacao_photos/healthy/healthy_3285.jpg,0.0017443242,0.0
dataset_complete/cacao_diseases/cacao_photos/healthy/healthy_1888.jpg,0.0017430957,0.0
dataset_complete/cacao_diseases/cacao_photos/healthy/healthy_2326.jpg,0.001739134,0.0
dataset_complete/cacao_diseases/cacao_photos/healthy/healthy_1343.jpg,0.0017303388,0.0
dataset_complete/cacao_diseases/cacao_photos/healthy/healthy_2533.jpg,0.0017290532,0.0
dataset_complete/cacao_diseases/cacao_photos/healthy/healthy_3309.jpg,0.0017247386,0.0
dataset_complete/cacao_diseases/cacao_photos/healthy/healthy_489.jpg,0.0017198048,0.0
dataset_complete/cacao_diseases/cacao_photos/healthy/healthy_2708.jpg,0.0017193764,0.0
dataset_complete/cacao_diseases/cacao_photos/healthy/healthy_3043.jpg,0.0017094207,0.0
dataset_complete/cacao_diseases/cacao_photos/healthy/healthy_1901.jpg,0.0017083493,0.0
dataset_complete/cacao_diseases/cacao_photos/healthy/healthy_2430.jpg,0.0016973563,0.0
dataset_complete/cacao_diseases/cacao_photos/healthy/healthy_3038.jpg,0.0016970227,0.0
dataset_complete/cacao_diseases/cacao_photos/healthy/healthy_1905.jpg,0.0016904374,0.0
dataset_complete/cacao_diseases/cacao_photos/healthy/healthy_2364.jpg,0.0016888174,0.0
dataset_complete/cacao_diseases/cacao_photos/healthy/healthy_1103.jpg,0.0016855154,0.0
dataset_complete/cacao_diseases/cacao_photos/healthy/healthy_3242.jpg,0.0016779978,0.0
dataset_complete/cacao_diseases/cacao_photos/healthy/healthy_1940.jpg,0.0016738804,0.0
dataset_complete/cacao_diseases/cacao_photos/healthy/healthy_3182.jpg,0.0016681983,0.0
dataset_complete/cacao_diseases/cacao_photos/healthy/healthy_746.jpg,0.0016678507,0.0
dataset_complete/cacao_diseases/cacao_photos/healthy/healthy_389.jpg,0.001659272,0.0
dataset_complete/cacao_diseases/cacao_photos/healthy/healthy_397.jpg,0.0016563779,0.0
dataset_complete/cacao_diseases/cacao_photos/healthy/healthy_1930.jpg,0.0016537595,0.0
dataset_complete/cacao_diseases/cacao_photos/healthy/healthy_2218.jpg,0.0016537496,0.0
dataset_complete/cacao_diseases/cacao_photos/healthy/healthy_2886.jpg,0.0016507431,0.0
dataset_complete/cacao_diseases/cacao_photos/healthy/healthy_748.jpg,0.0016493872,0.0
dataset_complete/cacao_diseases/cacao_photos/healthy/healthy_2740.jpg,0.0016376264,0.0
dataset_complete/cacao_diseases/cacao_photos/healthy/healthy_2947.jpg,0.0016347647,0.0
dataset_complete/cacao_diseases/cacao_photos/healthy/healthy_1590.jpg,0.0016285736,0.0
dataset_complete/cacao_diseases/cacao_photos/healthy/healthy_1133.jpg,0.0016267169,0.0
dataset_complete/cacao_diseases/cacao_photos/healthy/healthy_165.jpg,0.0016218629,0.0
dataset_complete/cacao_diseases/cacao_photos/healthy/healthy_757.jpg,0.0016217547,0.0
dataset_complete/cacao_diseases/cacao_photos/healthy/healthy_2904.jpg,0.001620415,0.0
dataset_complete/cacao_diseases/cacao_photos/healthy/healthy_356.jpg,0.0016155187,0.0
dataset_complete/cacao_diseases/cacao_photos/healthy/healthy_2730.jpg,0.0016088486,0.0
dataset_complete/cacao_diseases/cacao_photos/healthy/healthy_2920.jpg,0.0016016874,0.0
dataset_complete/cacao_diseases/cacao_photos/healthy/healthy_2546.jpg,0.0015974516,0.0
dataset_complete/cacao_diseases/cacao_photos/healthy/healthy_855.jpg,0.0015964586,0.0
dataset_complete/cacao_diseases/cacao_photos/healthy/healthy_1004.jpg,0.0015917817,0.0
dataset_complete/cacao_diseases/cacao_photos/healthy/healthy_2274.jpg,0.0015908852,0.0
dataset_complete/cacao_diseases/cacao_photos/healthy/healthy_927.jpg,0.0015895703,0.0
dataset_complete/cacao_diseases/cacao_photos/healthy/healthy_1394.jpg,0.0015827961,0.0
dataset_complete/cacao_diseases/cacao_photos/healthy/healthy_933.jpg,0.0015674322,0.0
dataset_complete/cacao_diseases/cacao_photos/healthy/healthy_990.jpg,0.0015598118,0.0
dataset_complete/cacao_diseases/cacao_photos/healthy/healthy_491.jpg,0.001559071,0.0
dataset_complete/cacao_diseases/cacao_photos/healthy/healthy_978.jpg,0.0015571326,0.0
dataset_complete/cacao_diseases/cacao_photos/healthy/healthy_368.jpg,0.0015471426,0.0
dataset_complete/cacao_diseases/cacao_photos/healthy/healthy_2172.jpg,0.0015471425,0.0
dataset_complete/cacao_diseases/cacao_photos/healthy/healthy_1920.jpg,0.0015465542,0.0
dataset_complete/cacao_diseases/cacao_photos/healthy/healthy_876.jpg,0.0015453675,0.0
dataset_complete/cacao_diseases/cacao_photos/healthy/healthy_1922.jpg,0.001544373,0.0
dataset_complete/cacao_diseases/cacao_photos/healthy/healthy_2211.jpg,0.0015430959,0.0
dataset_complete/cacao_diseases/cacao_photos/healthy/healthy_1117.jpg,0.0015409519,0.0
dataset_complete/cacao_diseases/cacao_photos/healthy/healthy_2253.jpg,0.0015403876,0.0
dataset_complete/cacao_diseases/cacao_photos/healthy/healthy_1358.jpg,0.0015398077,0.0
dataset_complete/cacao_diseases/cacao_photos/healthy/healthy_1129.jpg,0.0015357805,0.0
dataset_complete/cacao_diseases/cacao_photos/healthy/healthy_2673.jpg,0.0015343629,0.0
dataset_complete/cacao_diseases/cacao_photos/healthy/healthy_842.jpg,0.001532531,0.0
dataset_complete/cacao_diseases/cacao_photos/healthy/healthy_2446.jpg,0.001530069,0.0
dataset_complete/cacao_diseases/cacao_photos/healthy/healthy_784.jpg,0.0015277199,0.0
dataset_complete/cacao_diseases/cacao_photos/healthy/healthy_2200.jpg,0.0015275568,0.0
dataset_complete/cacao_diseases/cacao_photos/healthy/healthy_2374.jpg,0.0015261334,0.0
dataset_complete/cacao_diseases/cacao_photos/healthy/healthy_134.jpg,0.0015216207,0.0
dataset_complete/cacao_diseases/cacao_photos/healthy/healthy_701.jpg,0.0015211797,0.0
dataset_complete/cacao_diseases/cacao_photos/healthy/healthy_479.jpg,0.001519654,0.0
dataset_complete/cacao_diseases/cacao_photos/healthy/healthy_3008.jpg,0.0015183677,0.0
dataset_complete/cacao_diseases/cacao_photos/healthy/healthy_750.jpg,0.0015181961,0.0
dataset_complete/cacao_diseases/cacao_photos/healthy/healthy_1008.jpg,0.001514587,0.0
dataset_complete/cacao_diseases/cacao_photos/healthy/healthy_3179.jpg,0.0015143268,0.0
dataset_complete/cacao_diseases/cacao_photos/healthy/healthy_1307.jpg,0.0015113332,0.0
dataset_complete/cacao_diseases/cacao_photos/healthy/healthy_857.jpg,0.0015110372,0.0
dataset_complete/cacao_diseases/cacao_photos/healthy/healthy_2940.jpg,0.001508409,0.0
dataset_complete/cacao_diseases/cacao_photos/healthy/healthy_2302.jpg,0.0015071814,0.0
dataset_complete/cacao_diseases/cacao_photos/healthy/healthy_2324.jpg,0.0014951709,0.0
dataset_complete/cacao_diseases/cacao_photos/healthy/healthy_885.jpg,0.0014902984,0.0
dataset_complete/cacao_diseases/cacao_photos/healthy/healthy_829.jpg,0.0014900048,0.0
dataset_complete/cacao_diseases/cacao_photos/healthy/healthy_3251.jpg,0.0014890694,0.0
dataset_complete/cacao_diseases/cacao_photos/healthy/healthy_2830.jpg,0.0014867628,0.0
dataset_complete/cacao_diseases/cacao_photos/healthy/healthy_1611.jpg,0.0014831764,0.0
dataset_complete/cacao_diseases/cacao_photos/healthy/healthy_2219.jpg,0.0014821499,0.0
dataset_complete/cacao_diseases/cacao_photos/healthy/healthy_2915.jpg,0.0014777771,0.0
dataset_complete/cacao_diseases/cacao_photos/healthy/healthy_1977.jpg,0.0014743747,0.0
dataset_complete/cacao_diseases/cacao_photos/healthy/healthy_2167.jpg,0.0014728305,0.0
dataset_complete/cacao_diseases/cacao_photos/healthy/healthy_1302.jpg,0.0014712348,0.0
dataset_complete/cacao_diseases/cacao_photos/healthy/healthy_775.jpg,0.0014609199,0.0
dataset_complete/cacao_diseases/cacao_photos/healthy/healthy_718.jpg,0.0014584626,0.0
dataset_complete/cacao_diseases/cacao_photos/healthy/healthy_495.jpg,0.0014575762,0.0
dataset_complete/cacao_diseases/cacao_photos/healthy/healthy_987.jpg,0.0014518622,0.0
dataset_complete/cacao_diseases/cacao_photos/healthy/healthy_393.jpg,0.0014516312,0.0
dataset_complete/cacao_diseases/cacao_photos/healthy/healthy_555.jpg,0.0014472007,0.0
dataset_complete/cacao_diseases/cacao_photos/healthy/healthy_2921.jpg,0.0014462923,0.0
dataset_complete/cacao_diseases/cacao_photos/healthy/healthy_774.jpg,0.0014442769,0.0
dataset_complete/cacao_diseases/cacao_photos/healthy/healthy_3009.jpg,0.00144408,0.0
dataset_complete/cacao_diseases/cacao_photos/healthy/healthy_3174.jpg,0.001442938,0.0
dataset_complete/cacao_diseases/cacao_photos/healthy/healthy_2706.jpg,0.0014414435,0.0
dataset_complete/cacao_diseases/cacao_photos/healthy/healthy_961.jpg,0.0014408597,0.0
dataset_complete/cacao_diseases/cacao_photos/healthy/healthy_3275.jpg,0.0014380201,0.0
dataset_complete/cacao_diseases/cacao_photos/healthy/healthy_2926.jpg,0.001437031,0.0
dataset_complete/cacao_diseases/cacao_photos/healthy/healthy_790.jpg,0.0014354226,0.0
dataset_complete/cacao_diseases/cacao_photos/healthy/healthy_894.jpg,0.0014354094,0.0
dataset_complete/cacao_diseases/cacao_photos/healthy/healthy_529.jpg,0.001434595,0.0
dataset_complete/cacao_diseases/cacao_photos/healthy/healthy_3199.jpg,0.0014253313,0.0
dataset_complete/cacao_diseases/cacao_photos/healthy/healthy_2205.jpg,0.0014147129,0.0
dataset_complete/cacao_diseases/cacao_photos/healthy/healthy_178.jpg,0.0014093808,0.0
dataset_complete/cacao_diseases/cacao_photos/healthy/healthy_715.jpg,0.0014082756,0.0
dataset_complete/cacao_diseases/cacao_photos/healthy/healthy_766.jpg,0.0014067709,0.0
dataset_complete/cacao_diseases/cacao_photos/healthy/healthy_777.jpg,0.0014052666,0.0
dataset_complete/cacao_diseases/cacao_photos/healthy/healthy_2822.jpg,0.0013969635,0.0
dataset_complete/cacao_diseases/cacao_photos/healthy/healthy_2348.jpg,0.001396845,0.0
dataset_complete/cacao_diseases/cacao_photos/healthy/healthy_875.jpg,0.0013946316,0.0
dataset_complete/cacao_diseases/cacao_photos/healthy/healthy_2429.jpg,0.0013927104,0.0
dataset_complete/cacao_diseases/cacao_photos/healthy/healthy_547.jpg,0.0013816786,0.0
dataset_complete/cacao_diseases/cacao_photos/healthy/healthy_836.jpg,0.0013774241,0.0
dataset_complete/cacao_diseases/cacao_photos/healthy/healthy_3230.jpg,0.0013726465,0.0
dataset_complete/cacao_diseases/cacao_photos/healthy/healthy_2361.jpg,0.0013708487,0.0
dataset_complete/cacao_diseases/cacao_photos/healthy/healthy_367.jpg,0.0013667541,0.0
dataset_complete/cacao_diseases/cacao_photos/healthy/healthy_1332.jpg,0.0013667437,0.0
dataset_complete/cacao_diseases/cacao_photos/healthy/healthy_1382.jpg,0.0013646886,0.0
dataset_complete/cacao_diseases/cacao_photos/healthy/healthy_2309.jpg,0.001353616,0.0
dataset_complete/cacao_diseases/cacao_photos/healthy/healthy_762.jpg,0.0013515844,0.0
dataset_complete/cacao_diseases/cacao_photos/healthy/healthy_2256.jpg,0.0013436594,0.0
dataset_complete/cacao_diseases/cacao_photos/healthy/healthy_2318.jpg,0.0013426743,0.0
dataset_complete/cacao_diseases/cacao_photos/healthy/healthy_2853.jpg,0.0013418953,0.0
dataset_complete/cacao_diseases/cacao_photos/healthy/healthy_518.jpg,0.0013406754,0.0
dataset_complete/cacao_diseases/cacao_photos/healthy/healthy_3057.jpg,0.0013399135,0.0
dataset_complete/cacao_diseases/cacao_photos/healthy/healthy_835.jpg,0.001339797,0.0
dataset_complete/cacao_diseases/cacao_photos/healthy/healthy_498.jpg,0.0013360989,0.0
dataset_complete/cacao_diseases/cacao_photos/healthy/healthy_1104.jpg,0.001324954,0.0
dataset_complete/cacao_diseases/cacao_photos/healthy/healthy_2463.jpg,0.001323133,0.0
dataset_complete/cacao_diseases/cacao_photos/healthy/healthy_2704.jpg,0.001322408,0.0
dataset_complete/cacao_diseases/cacao_photos/healthy/healthy_2367.jpg,0.0013205664,0.0
dataset_complete/cacao_diseases/cacao_photos/healthy/healthy_1375.jpg,0.0013133548,0.0
dataset_complete/cacao_diseases/cacao_photos/healthy/healthy_1116.jpg,0.0013043102,0.0
dataset_complete/cacao_diseases/cacao_photos/healthy/healthy_2212.jpg,0.0013027097,0.0
dataset_complete/cacao_diseases/cacao_photos/healthy/healthy_2418.jpg,0.0013016675,0.0
dataset_complete/cacao_diseases/cacao_photos/healthy/healthy_1311.jpg,0.0012979474,0.0
dataset_complete/cacao_diseases/cacao_photos/healthy/healthy_534.jpg,0.0012968653,0.0
dataset_complete/cacao_diseases/cacao_photos/healthy/healthy_971.jpg,0.0012951912,0.0
dataset_complete/cacao_diseases/cacao_photos/healthy/healthy_752.jpg,0.001293574,0.0
dataset_complete/cacao_diseases/cacao_photos/healthy/healthy_2393.jpg,0.0012887798,0.0
dataset_complete/cacao_diseases/cacao_photos/healthy/healthy_1093.jpg,0.0012838418,0.0
dataset_complete/cacao_diseases/cacao_photos/healthy/healthy_332.jpg,0.0012767074,0.0
dataset_complete/cacao_diseases/cacao_photos/healthy/healthy_2174.jpg,0.0012757953,0.0
dataset_complete/cacao_diseases/cacao_photos/healthy/healthy_794.jpg,0.001272275,0.0
dataset_complete/cacao_diseases/cacao_photos/healthy/healthy_513.jpg,0.0012691283,0.0
dataset_complete/cacao_diseases/cacao_photos/healthy/healthy_2984.jpg,0.0012687242,0.0
dataset_complete/cacao_diseases/cacao_photos/healthy/healthy_3243.jpg,0.0012635175,0.0
dataset_complete/cacao_diseases/cacao_photos/healthy/healthy_2882.jpg,0.0012581624,0.0
dataset_complete/cacao_diseases/cacao_photos/healthy/healthy_1098.jpg,0.0012566412,0.0
dataset_complete/cacao_diseases/cacao_photos/healthy/healthy_2448.jpg,0.0012499369,0.0
dataset_complete/cacao_diseases/cacao_photos/healthy/healthy_1299.jpg,0.0012425978,0.0
dataset_complete/cacao_diseases/cacao_photos/healthy/healthy_717.jpg,0.0012399943,0.0
dataset_complete/cacao_diseases/cacao_photos/healthy/healthy_2305.jpg,0.0012280843,0.0
dataset_complete/cacao_diseases/cacao_photos/healthy/healthy_2250.jpg,0.0012220986,0.0
dataset_complete/cacao_diseases/cacao_photos/healthy/healthy_1283.jpg,0.0012218558,0.0
dataset_complete/cacao_diseases/cacao_photos/healthy/healthy_942.jpg,0.0012208738,0.0
dataset_complete/cacao_diseases/cacao_photos/healthy/healthy_179.jpg,0.0012172731,0.0
dataset_complete/cacao_diseases/cacao_photos/healthy/healthy_1095.jpg,0.0012158592,0.0
dataset_complete/cacao_diseases/cacao_photos/healthy/healthy_1277.jpg,0.0012141966,0.0
dataset_complete/cacao_diseases/cacao_photos/healthy/healthy_541.jpg,0.0012091971,0.0
dataset_complete/cacao_diseases/cacao_photos/healthy/healthy_144.jpg,0.0012083212,0.0
dataset_complete/cacao_diseases/cacao_photos/healthy/healthy_1870.jpg,0.0012071822,0.0
dataset_complete/cacao_diseases/cacao_photos/healthy/healthy_729.jpg,0.0012070528,0.0
dataset_complete/cacao_diseases/cacao_photos/healthy/healthy_1124.jpg,0.0012026419,0.0
dataset_complete/cacao_diseases/cacao_photos/healthy/healthy_2721.jpg,0.001194202,0.0
dataset_complete/cacao_diseases/cacao_photos/healthy/healthy_2905.jpg,0.001193643,0.0
dataset_complete/cacao_diseases/cacao_photos/healthy/healthy_1995.jpg,0.001186676,0.0
dataset_complete/cacao_diseases/cacao_photos/healthy/healthy_376.jpg,0.0011806673,0.0
dataset_complete/cacao_diseases/cacao_photos/healthy/healthy_2952.jpg,0.0011773942,0.0
dataset_complete/cacao_diseases/cacao_photos/healthy/healthy_3222.jpg,0.0011763024,0.0
dataset_complete/cacao_diseases/cacao_photos/healthy/healthy_2012.jpg,0.0011722805,0.0
dataset_complete/cacao_diseases/cacao_photos/healthy/healthy_2674.jpg,0.0011721414,0.0
dataset_complete/cacao_diseases/cacao_photos/healthy/healthy_3003.jpg,0.0011617818,0.0
dataset_complete/cacao_diseases/cacao_photos/healthy/healthy_815.jpg,0.0011586513,0.0
dataset_complete/cacao_diseases/cacao_photos/healthy/healthy_1296.jpg,0.0011558211,0.0
dataset_complete/cacao_diseases/cacao_photos/healthy/healthy_2044.jpg,0.0011545356,0.0
dataset_complete/cacao_diseases/cacao_photos/healthy/healthy_3186.jpg,0.0011504936,0.0
dataset_complete/cacao_diseases/cacao_photos/healthy/healthy_1900.jpg,0.0011486093,0.0
dataset_complete/cacao_diseases/cacao_photos/healthy/healthy_2728.jpg,0.0011477169,0.0
dataset_complete/cacao_diseases/cacao_photos/healthy/healthy_1349.jpg,0.001141595,0.0
dataset_complete/cacao_diseases/cacao_photos/healthy/healthy_3042.jpg,0.0011403222,0.0
dataset_complete/cacao_diseases/cacao_photos/healthy/healthy_2911.jpg,0.0011279471,0.0
dataset_complete/cacao_diseases/cacao_photos/healthy/healthy_1364.jpg,0.0011222676,0.0
dataset_complete/cacao_diseases/cacao_photos/healthy/healthy_932.jpg,0.001119757,0.0
dataset_complete/cacao_diseases/cacao_photos/healthy/healthy_3001.jpg,0.0010900944,0.0
dataset_complete/cacao_diseases/cacao_photos/healthy/healthy_1321.jpg,0.0010884015,0.0
dataset_complete/cacao_diseases/cacao_photos/healthy/healthy_2405.jpg,0.0010776483,0.0
dataset_complete/cacao_diseases/cacao_photos/healthy/healthy_799.jpg,0.0010702715,0.0
dataset_complete/cacao_diseases/cacao_photos/healthy/healthy_3052.jpg,0.0010638079,0.0
dataset_complete/cacao_diseases/cacao_photos/healthy/healthy_1956.jpg,0.0010593018,0.0
dataset_complete/cacao_diseases/cacao_photos/healthy/healthy_3241.jpg,0.0010591452,0.0
dataset_complete/cacao_diseases/cacao_photos/healthy/healthy_707.jpg,0.0010555321,0.0
dataset_complete/cacao_diseases/cacao_photos/healthy/healthy_2225.jpg,0.0010480477,0.0
dataset_complete/cacao_diseases/cacao_photos/healthy/healthy_1318.jpg,0.0010476782,0.0
dataset_complete/cacao_diseases/cacao_photos/healthy/healthy_820.jpg,0.0010323669,0.0
dataset_complete/cacao_diseases/cacao_photos/healthy/healthy_985.jpg,0.0010300318,0.0
dataset_complete/cacao_diseases/cacao_photos/healthy/healthy_493.jpg,0.0010280004,0.0
dataset_complete/cacao_diseases/cacao_photos/healthy/healthy_2828.jpg,0.0010278993,0.0
dataset_complete/cacao_diseases/cacao_photos/healthy/healthy_791.jpg,0.001021889,0.0
dataset_complete/cacao_diseases/cacao_photos/healthy/healthy_2923.jpg,0.0010199116,0.0
dataset_complete/cacao_diseases/cacao_photos/healthy/healthy_3290.jpg,0.0010186511,0.0
dataset_complete/cacao_diseases/cacao_photos/healthy/healthy_844.jpg,0.0010154968,0.0
dataset_complete/cacao_diseases/cacao_photos/healthy/healthy_3262.jpg,0.0010134182,0.0
dataset_complete/cacao_diseases/cacao_photos/healthy/healthy_2301.jpg,0.0010131703,0.0
dataset_complete/cacao_diseases/cacao_photos/healthy/healthy_2322.jpg,0.0010117715,0.0
dataset_complete/cacao_diseases/cacao_photos/healthy/healthy_918.jpg,0.0010110991,0.0
dataset_complete/cacao_diseases/cacao_photos/healthy/healthy_779.jpg,0.0010104332,0.0
dataset_complete/cacao_diseases/cacao_photos/healthy/healthy_524.jpg,0.0010049494,0.0
dataset_complete/cacao_diseases/cacao_photos/healthy/healthy_3257.jpg,0.0010040292,0.0
dataset_complete/cacao_diseases/cacao_photos/healthy/healthy_2742.jpg,0.0010005056,0.0
dataset_complete/cacao_diseases/cacao_photos/healthy/healthy_482.jpg,0.0009999474,0.0
dataset_complete/cacao_diseases/cacao_photos/healthy/healthy_2304.jpg,0.0009995489,0.0
dataset_complete/cacao_diseases/cacao_photos/healthy/healthy_2900.jpg,0.0009941611,0.0
dataset_complete/cacao_diseases/cacao_photos/healthy/healthy_1918.jpg,0.0009790708,0.0
dataset_complete/cacao_diseases/cacao_photos/healthy/healthy_3198.jpg,0.0009751715,0.0
dataset_complete/cacao_diseases/cacao_photos/healthy/healthy_2971.jpg,0.00097061374,0.0
dataset_complete/cacao_diseases/cacao_photos/healthy/healthy_2011.jpg,0.0009693276,0.0
dataset_complete/cacao_diseases/cacao_photos/healthy/healthy_1110.jpg,0.000969021,0.0
dataset_complete/cacao_diseases/cacao_photos/healthy/healthy_809.jpg,0.00096744846,0.0
dataset_complete/cacao_diseases/cacao_photos/healthy/healthy_2715.jpg,0.00096716615,0.0
dataset_complete/cacao_diseases/cacao_photos/healthy/healthy_2966.jpg,0.00096575427,0.0
dataset_complete/cacao_diseases/cacao_photos/healthy/healthy_2386.jpg,0.0009644834,0.0
dataset_complete/cacao_diseases/cacao_photos/healthy/healthy_778.jpg,0.00096327794,0.0
dataset_complete/cacao_diseases/cacao_photos/healthy/healthy_3007.jpg,0.00095751404,0.0
dataset_complete/cacao_diseases/cacao_photos/healthy/healthy_532.jpg,0.00095209875,0.0
dataset_complete/cacao_diseases/cacao_photos/healthy/healthy_2447.jpg,0.000950938,0.0
dataset_complete/cacao_diseases/cacao_photos/healthy/healthy_2857.jpg,0.00094709377,0.0
dataset_complete/cacao_diseases/cacao_photos/healthy/healthy_3169.jpg,0.00094540755,0.0
dataset_complete/cacao_diseases/cacao_photos/healthy/healthy_2954.jpg,0.00094504404,0.0
dataset_complete/cacao_diseases/cacao_photos/healthy/healthy_972.jpg,0.00094460824,0.0
dataset_complete/cacao_diseases/cacao_photos/healthy/healthy_1131.jpg,0.0009357481,0.0
dataset_complete/cacao_diseases/cacao_photos/healthy/healthy_500.jpg,0.0009341074,0.0
dataset_complete/cacao_diseases/cacao_photos/healthy/healthy_1589.jpg,0.0009257331,0.0
dataset_complete/cacao_diseases/cacao_photos/healthy/healthy_732.jpg,0.0009253901,0.0
dataset_complete/cacao_diseases/cacao_photos/healthy/healthy_1390.jpg,0.00092439743,0.0
dataset_complete/cacao_diseases/cacao_photos/healthy/healthy_306.jpg,0.00092133315,0.0
dataset_complete/cacao_diseases/cacao_photos/healthy/healthy_1386.jpg,0.000921079,0.0
dataset_complete/cacao_diseases/cacao_photos/healthy/healthy_969.jpg,0.0009199776,0.0
dataset_complete/cacao_diseases/cacao_photos/healthy/healthy_720.jpg,0.00091285276,0.0
dataset_complete/cacao_diseases/cacao_photos/healthy/healthy_1892.jpg,0.0009120628,0.0
dataset_complete/cacao_diseases/cacao_photos/healthy/healthy_730.jpg,0.00090818794,0.0
dataset_complete/cacao_diseases/cacao_photos/healthy/healthy_1309.jpg,0.00090761593,0.0
dataset_complete/cacao_diseases/cacao_photos/healthy/healthy_2312.jpg,0.00090456713,0.0
dataset_complete/cacao_diseases/cacao_photos/healthy/healthy_149.jpg,0.0009024877,0.0
dataset_complete/cacao_diseases/cacao_photos/healthy/healthy_939.jpg,0.0009020834,0.0
dataset_complete/cacao_diseases/cacao_photos/healthy/healthy_387.jpg,0.00089451304,0.0
dataset_complete/cacao_diseases/cacao_photos/healthy/healthy_2864.jpg,0.00089204125,0.0
dataset_complete/cacao_diseases/cacao_photos/healthy/healthy_2700.jpg,0.00088977616,0.0
dataset_complete/cacao_diseases/cacao_photos/healthy/healthy_1598.jpg,0.0008892424,0.0
dataset_complete/cacao_diseases/cacao_photos/healthy/healthy_906.jpg,0.000888807,0.0
dataset_complete/cacao_diseases/cacao_photos/healthy/healthy_841.jpg,0.0008875965,0.0
dataset_complete/cacao_diseases/cacao_photos/healthy/healthy_517.jpg,0.000887402,0.0
dataset_complete/cacao_diseases/cacao_photos/healthy/healthy_3016.jpg,0.000885164,0.0
dataset_complete/cacao_diseases/cacao_photos/healthy/healthy_837.jpg,0.00087893615,0.0
dataset_complete/cacao_diseases/cacao_photos/healthy/healthy_365.jpg,0.00087801856,0.0
dataset_complete/cacao_diseases/cacao_photos/healthy/healthy_2990.jpg,0.00087448827,0.0
dataset_complete/cacao_diseases/cacao_photos/healthy/healthy_3283.jpg,0.0008709544,0.0
dataset_complete/cacao_diseases/cacao_photos/healthy/healthy_1345.jpg,0.000867485,0.0
dataset_complete/cacao_diseases/cacao_photos/healthy/healthy_1113.jpg,0.0008665347,0.0
dataset_complete/cacao_diseases/cacao_photos/healthy/healthy_1629.jpg,0.00086410233,0.0
dataset_complete/cacao_diseases/cacao_photos/healthy/healthy_2707.jpg,0.00085005147,0.0
dataset_complete/cacao_diseases/cacao_photos/healthy/healthy_2735.jpg,0.00084938965,0.0
dataset_complete/cacao_diseases/cacao_photos/healthy/healthy_528.jpg,0.00084900815,0.0
dataset_complete/cacao_diseases/cacao_photos/healthy/healthy_1954.jpg,0.0008427749,0.0
dataset_complete/cacao_diseases/cacao_photos/healthy/healthy_713.jpg,0.00083815085,0.0
dataset_complete/cacao_diseases/cacao_photos/healthy/healthy_2303.jpg,0.00083233684,0.0
dataset_complete/cacao_diseases/cacao_photos/healthy/healthy_2300.jpg,0.0008304024,0.0
dataset_complete/cacao_diseases/cacao_photos/healthy/healthy_3013.jpg,0.00083014404,0.0
dataset_complete/cacao_diseases/cacao_photos/healthy/healthy_1305.jpg,0.0008252984,0.0
dataset_complete/cacao_diseases/cacao_photos/healthy/healthy_785.jpg,0.0008225649,0.0
dataset_complete/cacao_diseases/cacao_photos/healthy/healthy_2356.jpg,0.0008219726,0.0
dataset_complete/cacao_diseases/cacao_photos/healthy/healthy_2918.jpg,0.00082158396,0.0
dataset_complete/cacao_diseases/cacao_photos/healthy/healthy_2895.jpg,0.0008194971,0.0
dataset_complete/cacao_diseases/cacao_photos/healthy/healthy_2460.jpg,0.0008173866,0.0
dataset_complete/cacao_diseases/cacao_photos/healthy/healthy_3211.jpg,0.0008173526,0.0
dataset_complete/cacao_diseases/cacao_photos/healthy/healthy_833.jpg,0.0008068505,0.0
dataset_complete/cacao_diseases/cacao_photos/healthy/healthy_527.jpg,0.0007969187,0.0
dataset_complete/cacao_diseases/cacao_photos/healthy/healthy_856.jpg,0.00079629396,0.0
dataset_complete/cacao_diseases/cacao_photos/healthy/healthy_2294.jpg,0.0007930539,0.0
dataset_complete/cacao_diseases/cacao_photos/healthy/healthy_817.jpg,0.00079024903,0.0
dataset_complete/cacao_diseases/cacao_photos/healthy/healthy_2936.jpg,0.000789456,0.0
dataset_complete/cacao_diseases/cacao_photos/healthy/healthy_526.jpg,0.0007876144,0.0
dataset_complete/cacao_diseases/cacao_photos/healthy/healthy_749.jpg,0.0007867682,0.0
dataset_complete/cacao_diseases/cacao_photos/healthy/healthy_796.jpg,0.0007827919,0.0
dataset_complete/cacao_diseases/cacao_photos/healthy/healthy_1883.jpg,0.0007781608,0.0
dataset_complete/cacao_diseases/cacao_photos/healthy/healthy_1119.jpg,0.0007744218,0.0
dataset_complete/cacao_diseases/cacao_photos/healthy/healthy_551.jpg,0.0007734689,0.0
dataset_complete/cacao_diseases/cacao_photos/healthy/healthy_709.jpg,0.0007549456,0.0
dataset_complete/cacao_diseases/cacao_photos/healthy/healthy_2489.jpg,0.00074962,0.0
dataset_complete/cacao_diseases/cacao_photos/healthy/healthy_2260.jpg,0.00074950105,0.0
dataset_complete/cacao_diseases/cacao_photos/healthy/healthy_1288.jpg,0.00074637565,0.0
dataset_complete/cacao_diseases/cacao_photos/healthy/healthy_771.jpg,0.0007441655,0.0
dataset_complete/cacao_diseases/cacao_photos/healthy/healthy_2976.jpg,0.00074230484,0.0
dataset_complete/cacao_diseases/cacao_photos/healthy/healthy_808.jpg,0.0007417453,0.0
dataset_complete/cacao_diseases/cacao_photos/healthy/healthy_320.jpg,0.0007396992,0.0
dataset_complete/cacao_diseases/cacao_photos/healthy/healthy_364.jpg,0.0007327673,0.0
dataset_complete/cacao_diseases/cacao_photos/healthy/healthy_148.jpg,0.0007265267,0.0
dataset_complete/cacao_diseases/cacao_photos/healthy/healthy_3217.jpg,0.00072596286,0.0
dataset_complete/cacao_diseases/cacao_photos/healthy/healthy_1395.jpg,0.00072495133,0.0
dataset_complete/cacao_diseases/cacao_photos/healthy/healthy_851.jpg,0.0007219046,0.0
dataset_complete/cacao_diseases/cacao_photos/healthy/healthy_728.jpg,0.00071716734,0.0
dataset_complete/cacao_diseases/cacao_photos/healthy/healthy_2275.jpg,0.0007166051,0.0
dataset_complete/cacao_diseases/cacao_photos/healthy/healthy_765.jpg,0.00071656413,0.0
dataset_complete/cacao_diseases/cacao_photos/healthy/healthy_533.jpg,0.0007051374,0.0
dataset_complete/cacao_diseases/cacao_photos/healthy/healthy_501.jpg,0.0007036103,0.0
dataset_complete/cacao_diseases/cacao_photos/healthy/healthy_1313.jpg,0.0007030512,0.0
dataset_complete/cacao_diseases/cacao_photos/healthy/healthy_3062.jpg,0.00070106814,0.0
dataset_complete/cacao_diseases/cacao_photos/healthy/healthy_1097.jpg,0.00069765624,0.0
dataset_complete/cacao_diseases/cacao_photos/healthy/healthy_497.jpg,0.0006952443,0.0
dataset_complete/cacao_diseases/cacao_photos/healthy/healthy_476.jpg,0.0006910072,0.0
dataset_complete/cacao_diseases/cacao_photos/healthy/healthy_1310.jpg,0.00068660075,0.0
dataset_complete/cacao_diseases/cacao_photos/healthy/healthy_871.jpg,0.00068582944,0.0
dataset_complete/cacao_diseases/cacao_photos/healthy/healthy_881.jpg,0.00068228977,0.0
dataset_complete/cacao_diseases/cacao_photos/healthy/healthy_553.jpg,0.0006685751,0.0
dataset_complete/cacao_diseases/cacao_photos/healthy/healthy_776.jpg,0.0006653678,0.0
dataset_complete/cacao_diseases/cacao_photos/healthy/healthy_843.jpg,0.0006652193,0.0
dataset_complete/cacao_diseases/cacao_photos/healthy/healthy_2935.jpg,0.00066511723,0.0
dataset_complete/cacao_diseases/cacao_photos/healthy/healthy_2264.jpg,0.0006632624,0.0
dataset_complete/cacao_diseases/cacao_photos/healthy/healthy_751.jpg,0.0006547123,0.0
dataset_complete/cacao_diseases/cacao_photos/healthy/healthy_2727.jpg,0.00064642535,0.0
dataset_complete/cacao_diseases/cacao_photos/healthy/healthy_1354.jpg,0.0006413814,0.0
dataset_complete/cacao_diseases/cacao_photos/healthy/healthy_1000.jpg,0.00063227874,0.0
dataset_complete/cacao_diseases/cacao_photos/healthy/healthy_1330.jpg,0.0006318489,0.0
dataset_complete/cacao_diseases/cacao_photos/healthy/healthy_3224.jpg,0.0006255499,0.0
dataset_complete/cacao_diseases/cacao_photos/healthy/healthy_3188.jpg,0.00062279176,0.0
dataset_complete/cacao_diseases/cacao_photos/healthy/healthy_2741.jpg,0.0006227556,0.0
dataset_complete/cacao_diseases/cacao_photos/healthy/healthy_1320.jpg,0.00062114856,0.0
dataset_complete/cacao_diseases/cacao_photos/healthy/healthy_957.jpg,0.00061538944,0.0
dataset_complete/cacao_diseases/cacao_photos/healthy/healthy_2937.jpg,0.0006119363,0.0
dataset_complete/cacao_diseases/cacao_photos/healthy/healthy_768.jpg,0.000604402,0.0
dataset_complete/cacao_diseases/cacao_photos/healthy/healthy_1003.jpg,0.00059618964,0.0
dataset_complete/cacao_diseases/cacao_photos/healthy/healthy_1602.jpg,0.0005627992,0.0
dataset_complete/cacao_diseases/cacao_photos/healthy/healthy_3081.jpg,0.000555928,0.0
dataset_complete/cacao_diseases/cacao_photos/healthy/healthy_1301.jpg,0.0005503548,0.0
dataset_complete/cacao_diseases/cacao_photos/healthy/healthy_980.jpg,0.0005411654,0.0
dataset_complete/cacao_diseases/cacao_photos/healthy/healthy_1315.jpg,0.0005399288,0.0
dataset_complete/cacao_diseases/cacao_photos/healthy/healthy_477.jpg,0.00053290394,0.0
dataset_complete/cacao_diseases/cacao_photos/healthy/healthy_507.jpg,0.00053011166,0.0
dataset_complete/cacao_diseases/cacao_photos/healthy/healthy_3053.jpg,0.00052990165,0.0
dataset_complete/cacao_diseases/cacao_photos/healthy/healthy_818.jpg,0.00052978826,0.0
dataset_complete/cacao_diseases/cacao_photos/healthy/healthy_1292.jpg,0.00052380416,0.0
dataset_complete/cacao_diseases/cacao_photos/healthy/healthy_2726.jpg,0.0005194329,0.0
dataset_complete/cacao_diseases/cacao_photos/healthy/healthy_1374.jpg,0.00051612203,0.0
dataset_complete/cacao_diseases/cacao_photos/healthy/healthy_782.jpg,0.0005082006,0.0
dataset_complete/cacao_diseases/cacao_photos/healthy/healthy_702.jpg,0.0004997177,0.0
dataset_complete/cacao_diseases/cacao_photos/healthy/healthy_1388.jpg,0.0004960891,0.0
dataset_complete/cacao_diseases/cacao_photos/healthy/healthy_846.jpg,0.0004893676,0.0
dataset_complete/cacao_diseases/cacao_photos/healthy/healthy_2879.jpg,0.0004870747,0.0
dataset_complete/cacao_diseases/cacao_photos/healthy/healthy_1099.jpg,0.00048375418,0.0
dataset_complete/cacao_diseases/cacao_photos/healthy/healthy_543.jpg,0.0004821819,0.0
dataset_complete/cacao_diseases/cacao_photos/healthy/healthy_556.jpg,0.0004779627,0.0
dataset_complete/cacao_diseases/cacao_photos/healthy/healthy_496.jpg,0.0004638335,0.0
dataset_complete/cacao_diseases/cacao_photos/healthy/healthy_508.jpg,0.00044456322,0.0
dataset_complete/cacao_diseases/cacao_photos/healthy/healthy_3291.jpg,0.00043687454,0.0
dataset_complete/cacao_diseases/cacao_photos/healthy/healthy_764.jpg,0.00041529821,0.0
dataset_complete/cacao_diseases/cacao_photos/healthy/healthy_3293.jpg,0.00041176932,0.0
dataset_complete/cacao_diseases/cacao_photos/healthy/healthy_3295.jpg,0.00039909457,0.0
dataset_complete/cacao_diseases/cacao_photos/healthy/healthy_839.jpg,0.00038902124,0.0
dataset_complete/cacao_diseases/cacao_photos/healthy/healthy_864.jpg,0.00037979777,0.0
dataset_complete/cacao_diseases/cacao_photos/healthy/healthy_531.jpg,0.0003636932,0.0
dataset_complete/cacao_diseases/cacao_photos/healthy/healthy_704.jpg,0.00036220986,0.0
dataset_complete/cacao_diseases/cacao_photos/healthy/healthy_1001.jpg,0.00035919156,0.0
dataset_complete/cacao_diseases/cacao_photos/healthy/healthy_834.jpg,0.0003583576,0.0
dataset_complete/cacao_diseases/cacao_photos/healthy/healthy_478.jpg,0.00035529322,0.0
dataset_complete/cacao_diseases/cacao_photos/healthy/healthy_773.jpg,0.0003496897,0.0
dataset_complete/cacao_diseases/cacao_photos/healthy/healthy_1297.jpg,0.0003476246,0.0
dataset_complete/cacao_diseases/cacao_photos/healthy/healthy_1316.jpg,0.0003418141,0.0
dataset_complete/cacao_diseases/cacao_photos/healthy/healthy_2307.jpg,0.00033617756,0.0
dataset_complete/cacao_diseases/cacao_photos/healthy/healthy_3080.jpg,0.00030260033,0.0
dataset_complete/cacao_diseases/cacao_photos/healthy/healthy_2738.jpg,0.00020478848,0.0
