image_path,status,label,abs_path,md5,phash,w,h,cache_path,tamano,fuente,group,group_basico,split_r0_f0,split_r0_f1,split_r0_f2,split_r0_f3,split_r0_f4,split_r1_f0,split_r1_f1,split_r1_f2,split_r1_f3,split_r1_f4,split_r2_f0,split_r2_f1,split_r2_f2,split_r2_f3,split_r2_f4
dataT/healthy/healthy_1.jpg,0,0,dataT/healthy/healthy_1.jpg,ed029bfa42c87c8e67911080ae9901f2,b7e0456f60d8e919,1080,1080,cache_256/dataT/healthy/healthy_1.png,1080x1080,A,238,0,train,val,train,test,val,test,train,train,train,train,train,val,test,train,train
dataT/healthy/healthy_10.jpg,0,0,dataT/healthy/healthy_10.jpg,73a9fcc003b3dc438138db8ced1918da,db80c56e0c0e2f7d,1080,1080,cache_256/dataT/healthy/healthy_10.png,1080x1080,A,238,1,train,val,train,test,val,test,train,train,train,train,train,val,test,train,train
dataT/healthy/healthy_100.jpg,0,0,dataT/healthy/healthy_100.jpg,0fe50610137b32fc2c6eec1eeb6ef972,c36c8d6d94365ce2,1080,1080,cache_256/dataT/healthy/healthy_100.png,1080x1080,A,1532,2,train,test,train,train,train,train,train,test,train,train,train,train,test,train,train
dataT/healthy/healthy_1009.jpg,0,0,dataT/healthy/healthy_1009.jpg,8ff98e9fe5725d2c17b3086c94067f6d,cdcc3ca1019ff398,2160,2160,cache_256/dataT/healthy/healthy_1009.png,2160x2160,B,3,3,train,train,train,train,test,test,train,train,train,train,train,train,train,test,train
dataT/healthy/healthy_101.jpg,0,0,dataT/healthy/healthy_101.jpg,312333a48ae8d67682fefafc6aac74c9,8491833faba7f6a0,1080,1080,cache_256/dataT/healthy/healthy_101.png,1080x1080,A,1532,4,train,test,train,train,train,train,train,test,train,train,train,train,test,train,train
dataT/healthy/healthy_1010.jpg,0,0,dataT/healthy/healthy_1010.jpg,314972232b89f3d071e7504c8631b5a1,c7bcc3c63d879205,2160,2160,cache_256/dataT/healthy/healthy_1010.png,2160x2160,B,29,5,train,train,train,val,test,train,train,train,test,train,test,val,val,train,train
dataT/healthy/healthy_1011.jpg,0,0,dataT/healthy/healthy_1011.jpg,4434b67c5b93bba4ad4982d8387b486c,c6a4c99749dbca19,2160,2160,cache_256/dataT/healthy/healthy_1011.png,2160x2160,B,29,6,train,train,train,val,test,train,train,train,test,train,test,val,val,train,train
dataT/healthy/healthy_1012.jpg,0,0,dataT/healthy/healthy_1012.jpg,0601cb7cfe72a74d7f4cc914b132f14b,d2f2f962e1c286c6,2160,2160,cache_256/dataT/healthy/healthy_1012.png,2160x2160,B,29,7,train,train,train,val,test,train,train,train,test,train,test,val,val,train,train
dataT/healthy/healthy_1013.jpg,0,0,dataT/healthy/healthy_1013.jpg,b62ba84180e19f9242ac85dea70ce9c4,c603386b3e343ef4,2160,2160,cache_256/dataT/healthy/healthy_1013.png,2160x2160,B,29,8,train,train,train,val,test,train,train,train,test,train,test,val,val,train,train
dataT/healthy/healthy_1014.jpg,0,0,dataT/healthy/healthy_1014.jpg,ae0a5a5288e4067afac56c7c0eb68c98,e32dc3062cbe79c1,1080,1080,cache_256/dataT/healthy/healthy_1014.png,1080x1080,A,29,9,train,train,train,val,test,train,train,train,test,train,test,val,val,train,train
dataT/healthy/healthy_1015.jpg,0,0,dataT/healthy/healthy_1015.jpg,b8aa3457f0d9710b322a72c06f047f41,d6c9b9f063e10c99,2160,2160,cache_256/dataT/healthy/healthy_1015.png,2160x2160,B,10,10,test,val,val,train,train,train,train,train,test,train,train,train,train,test,train
dataT/healthy/healthy_1016.jpg,0,0,dataT/healthy/healthy_1016.jpg,2f91755a2c1f107f266d5d7c8e465626,cc3639237e40bfd0,2160,2160,cache_256/dataT/healthy/healthy_1016.png,2160x2160,B,29,11,train,train,train,val,test,train,train,train,test,train,test,val,val,train,train
dataT/healthy/healthy_1017.jpg,0,0,dataT/healthy/healthy_1017.jpg,b3a60dc51fdf1ce8a720e8feebedcac4,ec3b4f3ca40f03b1,2160,2160,cache_256/dataT/healthy/healthy_1017.png,2160x2160,B,29,12,train,train,train,val,test,train,train,train,test,train,test,val,val,train,train
dataT/healthy/healthy_1018.jpg,0,0,dataT/healthy/healthy_1018.jpg,1040ec024078f3e8e9764e819038a2c6,de64316b399bac18,2160,2160,cache_256/dataT/healthy/healthy_1018.png,2160x2160,B,29,13,train,train,train,val,test,train,train,train,test,train,test,val,val,train,train
dataT/healthy/healthy_1019.jpg,0,0,dataT/healthy/healthy_1019.jpg,ef19b2aecb862900120f16d75eb96e2f,d8be7633990c88b9,2160,2160,cache_256/dataT/healthy/healthy_1019.png,2160x2160,B,29,14,train,train,train,val,test,train,train,train,test,train,test,val,val,train,train
dataT/healthy/healthy_102.jpg,0,0,dataT/healthy/healthy_102.jpg,fd61c55ab1e4092cd94f1205d9e3d5a4,f31a1a033aeb6b0d,1080,1080,cache_256/dataT/healthy/healthy_102.png,1080x1080,A,1532,15,train,test,train,train,train,train,train,test,train,train,train,train,test,train,train
dataT/healthy/healthy_1020.jpg,0,0,dataT/healthy/healthy_1020.jpg,a02411fafb8fc4f5e3b7651e11239455,cccae460f45a383f,2160,2160,cache_256/dataT/healthy/healthy_1020.png,2160x2160,B,29,16,train,train,train,val,test,train,train,train,test,train,test,val,val,train,train
dataT/healthy/healthy_1021.jpg,0,0,dataT/healthy/healthy_1021.jpg,bace1be31d791ab33c0e4e89535331ee,d9c966364b98b4e1,2160,2160,cache_256/dataT/healthy/healthy_1021.png,2160x2160,B,29,17,train,train,train,val,test,train,train,train,test,train,test,val,val,train,train
dataT/healthy/healthy_1022.jpg,0,0,dataT/healthy/healthy_1022.jpg,b919f53862af596f8e79096c633f7ce9,9c131b4354e2fd17,2160,2160,cache_256/dataT/healthy/healthy_1022.png,2160x2160,B,29,18,train,train,train,val,test,train,train,train,test,train,test,val,val,train,train
dataT/healthy/healthy_1023.jpg,0,0,dataT/healthy/healthy_1023.jpg,5bdf27f08292d14c0c24c1d741f8e498,9bc666b81c1935f1,2160,2160,cache_256/dataT/healthy/healthy_1023.png,2160x2160,B,29,19,train,train,train,val,test,train,train,train,test,train,test,val,val,train,train
dataT/healthy/healthy_1024.jpg,0,0,dataT/healthy/healthy_1024.jpg,baf028e8ffb19df6b58f318765a5bed1,dcf408222b29b7b7,2160,2160,cache_256/dataT/healthy/healthy_1024.png,2160x2160,B,29,20,train,train,train,val,test,train,train,train,test,train,test,val,val,train,train
dataT/healthy/healthy_1025.jpg,0,0,dataT/healthy/healthy_1025.jpg,d60a20bbdc20649ea4938850ebe6c201,9e986121b366a74f,1080,1080,cache_256/dataT/healthy/healthy_1025.png,1080x1080,A,21,21,train,train,train,test,val,val,train,test,train,train,train,train,train,train,test
dataT/healthy/healthy_1026.jpg,0,0,dataT/healthy/healthy_1026.jpg,05c9ade49c91d57e966dc71695e746eb,a7e3cd246196b5b0,2160,2160,cache_256/dataT/healthy/healthy_1026.png,2160x2160,B,29,22,train,train,train,val,test,train,train,train,test,train,test,val,val,train,train
dataT/healthy/healthy_1027.jpg,0,0,dataT/healthy/healthy_1027.jpg,ef449471d3bace3875afafae780b801b,9528583ee2636677,2160,2160,cache_256/dataT/healthy/healthy_1027.png,2160x2160,B,29,23,train,train,train,val,test,train,train,train,test,train,test,val,val,train,train
dataT/healthy/healthy_1028.jpg,0,0,dataT/healthy/healthy_1028.jpg,dc89b53fc1870fe13daf226f8044ae77,e3852debb11c32c5,2160,2160,cache_256/dataT/healthy/healthy_1028.png,2160x2160,B,24,24,train,train,test,train,train,train,train,test,train,train,train,train,train,test,train
dataT/healthy/healthy_1029.jpg,0,0,dataT/healthy/healthy_1029.jpg,c6fdc52bd0f5515d99be3a9b9bf5eb98,dae091134e5e6c4f,2160,2160,cache_256/dataT/healthy/healthy_1029.png,2160x2160,B,29,25,train,train,train,val,test,train,train,train,test,train,test,val,val,train,train
dataT/healthy/healthy_103.jpg,0,0,dataT/healthy/healthy_103.jpg,6b7980da0a0a14b560addb086ef24d92,f2788f610da705b5,1080,1080,cache_256/dataT/healthy/healthy_103.png,1080x1080,A,1532,26,train,test,train,train,train,train,train,test,train,train,train,train,test,train,train
dataT/healthy/healthy_1030.jpg,0,0,dataT/healthy/healthy_1030.jpg,3b2c37c2fdec2f9e1e7bd5ce18ca4268,e03c08737fc3aac9,2160,2160,cache_256/dataT/healthy/healthy_1030.png,2160x2160,B,29,27,train,train,train,val,test,train,train,train,test,train,test,val,val,train,train
dataT/healthy/healthy_1031.jpg,0,0,dataT/healthy/healthy_1031.jpg,dd61b3d81dc7efb33b764dfd46209ac8,ce3d6063264dfd88,2160,2160,cache_256/dataT/healthy/healthy_1031.png,2160x2160,B,29,28,train,train,train,val,test,train,train,train,test,train,test,val,val,train,train
dataT/healthy/healthy_1032.jpg,0,0,dataT/healthy/healthy_1032.jpg,3b8e3cc5301844f6c3830a997b173028,c86699b1e618aee3,2160,2160,cache_256/dataT/healthy/healthy_1032.png,2160x2160,B,29,29,train,train,train,val,test,train,train,train,test,train,test,val,val,train,train
dataT/healthy/healthy_1033.jpg,0,0,dataT/healthy/healthy_1033.jpg,f3db8c426a99f172c6f282f1bc560eac,996e881f765ba511,2160,2160,cache_256/dataT/healthy/healthy_1033.png,2160x2160,B,29,30,train,train,train,val,test,train,train,train,test,train,test,val,val,train,train
dataT/healthy/healthy_1034.jpg,0,0,dataT/healthy/healthy_1034.jpg,70920bc6aad4aacc4a996b92ca0f8a83,cccb2645327cb2d5,2160,2160,cache_256/dataT/healthy/healthy_1034.png,2160x2160,B,29,31,train,train,train,val,test,train,train,train,test,train,test,val,val,train,train
dataT/healthy/healthy_1035.jpg,0,0,dataT/healthy/healthy_1035.jpg,3277a41ea1cd6e547a8b6d1359ed129f,99e26e3b2f1d32c0,2160,2160,cache_256/dataT/healthy/healthy_1035.png,2160x2160,B,29,32,train,train,train,val,test,train,train,train,test,train,test,val,val,train,train
dataT/healthy/healthy_1036.jpg,0,0,dataT/healthy/healthy_1036.jpg,178741b5b318f29eee7214d2fdfef6e5,d9626399cc01f62f,1080,1080,cache_256/dataT/healthy/healthy_1036.png,1080x1080,A,33,33,val,train,val,test,train,train,test,train,train,train,train,train,test,train,train
dataT/healthy/healthy_1037.jpg,0,0,dataT/healthy/healthy_1037.jpg,76c1d418b9b011a2f1052d76fccfdccc,eba634dab89826cc,2160,2160,cache_256/dataT/healthy/healthy_1037.png,2160x2160,B,29,34,train,train,train,val,test,train,train,train,test,train,test,val,val,train,train
dataT/healthy/healthy_1038.jpg,0,0,dataT/healthy/healthy_1038.jpg,d120a705f19481d23885452abb97f1bc,c9c73b3711b4139c,2160,2160,cache_256/dataT/healthy/healthy_1038.png,2160x2160,B,29,35,train,train,train,val,test,train,train,train,test,train,test,val,val,train,train
dataT/healthy/healthy_1039.jpg,0,0,dataT/healthy/healthy_1039.jpg,bdbab27fc2f2bb6affa771476d3826f6,ca3328e5e34c0f9b,2160,2160,cache_256/dataT/healthy/healthy_1039.png,2160x2160,B,29,36,train,train,train,val,test,train,train,train,test,train,test,val,val,train,train
dataT/healthy/healthy_104.jpg,0,0,dataT/healthy/healthy_104.jpg,8ee07ce1d11ef9dc372daec85ceac746,b498e02b2d9793b5,1080,1080,cache_256/dataT/healthy/healthy_104.png,1080x1080,A,1532,4,train,test,train,train,train,train,train,test,train,train,train,train,test,train,train
dataT/healthy/healthy_1040.jpg,0,0,dataT/healthy/healthy_1040.jpg,065a8d52b4b44146c5c8791fe11ba9db,9992929dfd9c9415,2160,2160,cache_256/dataT/healthy/healthy_1040.png,2160x2160,B,29,38,train,train,train,val,test,train,train,train,test,train,test,val,val,train,train
dataT/healthy/healthy_1041.jpg,0,0,dataT/healthy/healthy_1041.jpg,33c1bfecf309947a61b7d7ce4bbcaa84,8d3b4a62b719e0ad,2160,2160,cache_256/dataT/healthy/healthy_1041.png,2160x2160,B,29,39,train,train,train,val,test,train,train,train,test,train,test,val,val,train,train
dataT/healthy/healthy_1042.jpg,0,0,dataT/healthy/healthy_1042.jpg,ca675a2a520e75ee280fa5e9e82fbade,89f7368c7ab5a051,2160,2160,cache_256/dataT/healthy/healthy_1042.png,2160x2160,B,40,40,train,test,train,train,train,train,test,train,train,train,train,train,train,val,test
dataT/healthy/healthy_1043.jpg,0,0,dataT/healthy/healthy_1043.jpg,12878845e10a2627a3fe362ef440b3c3,ce4e39f82080fd8f,2160,2160,cache_256/dataT/healthy/healthy_1043.png,2160x2160,B,29,41,train,train,train,val,test,train,train,train,test,train,test,val,val,train,train
dataT/healthy/healthy_1044.jpg,0,0,dataT/healthy/healthy_1044.jpg,056e73435568e5e2b613b8a7f6295f0e,8e28b9a3356529dd,2160,2160,cache_256/dataT/healthy/healthy_1044.png,2160x2160,B,29,42,train,train,train,val,test,train,train,train,test,train,test,val,val,train,train
dataT/healthy/healthy_1045.jpg,0,0,dataT/healthy/healthy_1045.jpg,b3134cbbb87839edc7d2501f3f32b5f1,e2663512293d6cbe,2160,2160,cache_256/dataT/healthy/healthy_1045.png,2160x2160,B,43,43,test,val,train,train,train,train,test,train,train,train,train,test,train,train,train
dataT/healthy/healthy_1046.jpg,0,0,dataT/healthy/healthy_1046.jpg,0697fb5e0286849c7e662c276e82d9f3,88fbf8e95326a02e,2160,2160,cache_256/dataT/healthy/healthy_1046.png,2160x2160,B,29,44,train,train,train,val,test,train,train,train,test,train,test,val,val,train,train
dataT/healthy/healthy_1047.jpg,0,0,dataT/healthy/healthy_1047.jpg,dc40afe2d9507552b8cca425988bc347,b47ac51229b5396e,1080,1080,cache_256/dataT/healthy/healthy_1047.png,1080x1080,A,45,45,train,test,train,train,train,val,train,test,val,train,val,train,train,test,val
dataT/healthy/healthy_1048.jpg,0,0,dataT/healthy/healthy_1048.jpg,6ba95006eb9f9f4d7979a6ac59f3ad5b,9fb01911f04676de,2160,2160,cache_256/dataT/healthy/healthy_1048.png,2160x2160,B,46,46,train,train,train,val,test,train,train,test,val,train,train,train,test,train,train
dataT/healthy/healthy_1049.jpg,0,0,dataT/healthy/healthy_1049.jpg,619b42fd33b869540938bf64e308fdc8,d7ef0e36f0c10319,2160,2160,cache_256/dataT/healthy/healthy_1049.png,2160x2160,B,46,47,train,train,train,val,test,train,train,test,val,train,train,train,test,train,train
dataT/healthy/healthy_105.jpg,0,0,dataT/healthy/healthy_105.jpg,7223d6dcebc73bf0de1405f9d311f21e,b41fb9f013a296aa,1080,1080,cache_256/dataT/healthy/healthy_105.png,1080x1080,A,1532,48,train,test,train,train,train,train,train,test,train,train,train,train,test,train,train
dataT/healthy/healthy_1050.jpg,0,0,dataT/healthy/healthy_1050.jpg,372a5a58b5d0c4f0b276ecdec3c04f26,d0ec3c32f073323e,2160,2160,cache_256/dataT/healthy/healthy_1050.png,2160x2160,B,46,49,train,train,train,val,test,train,train,test,val,train,train,train,test,train,train
dataT/healthy/healthy_1051.jpg,0,0,dataT/healthy/healthy_1051.jpg,b475f51ef62603290053ef74c2dc3f39,ccd672233bc9e80d,2160,2160,cache_256/dataT/healthy/healthy_1051.png,2160x2160,B,46,50,train,train,train,val,test,train,train,test,val,train,train,train,test,train,train
dataT/healthy/healthy_1052.jpg,0,0,dataT/healthy/healthy_1052.jpg,bdf5aae3fa364a734b50e2a8774b1e51,98b211fb73812bf1,2160,2160,cache_256/dataT/healthy/healthy_1052.png,2160x2160,B,46,51,train,train,train,val,test,train,train,test,val,train,train,train,test,train,train
dataT/healthy/healthy_1053.jpg,0,0,dataT/healthy/healthy_1053.jpg,1ea5f9a4d0f9ea64b5520d95ecb8b0af,cd8288afdd508d97,2160,2160,cache_256/dataT/healthy/healthy_1053.png,2160x2160,B,46,52,train,train,train,val,test,train,train,test,val,train,train,train,test,train,train
dataT/healthy/healthy_1054.jpg,0,0,dataT/healthy/healthy_1054.jpg,65deeb6a024cfa1f14080ae8aa22193b,ccedb43854c6c0ee,2160,2160,cache_256/dataT/healthy/healthy_1054.png,2160x2160,B,46,53,train,train,train,val,test,train,train,test,val,train,train,train,test,train,train
dataT/healthy/healthy_1055.jpg,0,0,dataT/healthy/healthy_1055.jpg,37d3eb6c6480eb716340e5a977cc7c76,cce067dce27b160a,2160,2160,cache_256/dataT/healthy/healthy_1055.png,2160x2160,B,46,54,train,train,train,val,test,train,train,test,val,train,train,train,test,train,train
dataT/healthy/healthy_1056.jpg,0,0,dataT/healthy/healthy_1056.jpg,78796f3469260ae707e36fbdbe9a8ae1,8d4ab1367363746a,2160,2160,cache_256/dataT/healthy/healthy_1056.png,2160x2160,B,46,55,train,train,train,val,test,train,train,test,val,train,train,train,test,train,train
dataT/healthy/healthy_1057.jpg,0,0,dataT/healthy/healthy_1057.jpg,d5486ff9fc9b1859f54638df050fc4ec,c222e5d832db3997,2160,2160,cache_256/dataT/healthy/healthy_1057.png,2160x2160,B,56,56,val,test,train,train,train,train,test,train,train,val,train,train,val,train,test
dataT/healthy/healthy_1058.jpg,0,0,dataT/healthy/healthy_1058.jpg,41b84746480baafa4e77bece7bfeedc7,f34cceb14c7a98a1,1080,1080,cache_256/dataT/healthy/healthy_1058.png,1080x1080,A,57,57,train,train,val,train,test,test,train,train,train,train,train,train,train,train,test
dataT/healthy/healthy_1059.jpg,0,0,dataT/healthy/healthy_1059.jpg,efe7c651ece7a7ff42c9efe6483745b4,9639d927a99255c9,2160,2160,cache_256/dataT/healthy/healthy_1059.png,2160x2160,B,46,58,train,train,train,val,test,train,train,test,val,train,train,train,test,train,train
dataT/healthy/healthy_106.jpg,0,0,dataT/healthy/healthy_106.jpg,d551ea94ea49d230684a111a094defa9,e6c8be86045ee0f6,1080,1080,cache_256/dataT/healthy/healthy_106.png,1080x1080,A,1532,59,train,test,train,train,train,train,train,test,train,train,train,train,test,train,train
dataT/healthy/healthy_1060.jpg,0,0,dataT/healthy/healthy_1060.jpg,f7ba9acf08de387be186608a0c135fe9,ceb1230639ccb4e7,2160,2160,cache_256/dataT/healthy/healthy_1060.png,2160x2160,B,46,60,train,train,train,val,test,train,train,test,val,train,train,train,test,train,train
dataT/healthy/healthy_1061.jpg,0,0,dataT/healthy/healthy_1061.jpg,0de013aa57fc513528adfe9ffb2ec105,db893c60e182bf96,2160,2160,cache_256/dataT/healthy/healthy_1061.png,2160x2160,B,46,61,train,train,train,val,test,train,train,test,val,train,train,train,test,train,train
dataT/healthy/healthy_1062.jpg,0,0,dataT/healthy/healthy_1062.jpg,324989120042c8bd21a1ca416104d451,c5e2f0677a0c8d8d,2160,2160,cache_256/dataT/healthy/healthy_1062.png,2160x2160,B,46,62,train,train,train,val,test,train,train,test,val,train,train,train,test,train,train
dataT/healthy/healthy_1063.jpg,0,0,dataT/healthy/healthy_1063.jpg,498eebd006282c2c3f803d3226dab084,93a4d07a767c324b,2160,2160,cache_256/dataT/healthy/healthy_1063.png,2160x2160,B,63,63,train,train,train,test,train,train,train,test,train,train,train,train,train,test,train
dataT/healthy/healthy_1064.jpg,0,0,dataT/healthy/healthy_1064.jpg,2c63d7025fdc2531f7e63622fec119e0,94cbc5607234cd9f,2160,2160,cache_256/dataT/healthy/healthy_1064.png,2160x2160,B,64,64,train,test,train,train,val,val,train,train,test,train,train,train,train,train,test
dataT/healthy/healthy_1065.jpg,0,0,dataT/healthy/healthy_1065.jpg,b1e651e88dfb3a1349fe3d2f4017210b,902e39f467e604fc,2160,2160,cache_256/dataT/healthy/healthy_1065.png,2160x2160,B,46,65,train,train,train,val,test,train,train,test,val,train,train,train,test,train,train
dataT/healthy/healthy_1066.jpg,0,0,dataT/healthy/healthy_1066.jpg,b691b8bf1a4c3949ae5fb170194fed7c,99d962b3d05a9999,2160,2160,cache_256/dataT/healthy/healthy_1066.png,2160x2160,B,63,66,train,train,train,test,train,train,train,test,train,train,train,train,train,test,train
dataT/healthy/healthy_1067.jpg,0,0,dataT/healthy/healthy_1067.jpg,56890c28b13b917fe9476b26e7b1ffc6,cc734abbef402233,2160,2160,cache_256/dataT/healthy/healthy_1067.png,2160x2160,B,64,67,train,test,train,train,val,val,train,train,test,train,train,train,train,train,test
dataT/healthy/healthy_1068.jpg,0,0,dataT/healthy/healthy_1068.jpg,ec1ea3da992fd293f2ddcde84090188e,c99b4466a238d377,2160,2160,cache_256/dataT/healthy/healthy_1068.png,2160x2160,B,64,68,train,test,train,train,val,val,train,train,test,train,train,train,train,train,test
dataT/healthy/healthy_1069.jpg,0,0,dataT/healthy/healthy_1069.jpg,6752669b6cb40760b3ee734ea5a26c69,bf2f5a2405655963,1080,1080,cache_256/dataT/healthy/healthy_1069.png,1080x1080,A,64,69,train,test,train,train,val,val,train,train,test,train,train,train,train,train,test
dataT/healthy/healthy_107.jpg,0,0,dataT/healthy/healthy_107.jpg,e623b4d59eb4d1b4e0743280c6a2f3f2,96e8b10697acc9ad,1080,1080,cache_256/dataT/healthy/healthy_107.png,1080x1080,A,1532,70,train,test,train,train,train,train,train,test,train,train,train,train,test,train,train
dataT/healthy/healthy_1070.jpg,0,0,dataT/healthy/healthy_1070.jpg,1cc1a46ad34f5b1d361ee8fee0c7e12a,db40b553e3083acf,2160,2160,cache_256/dataT/healthy/healthy_1070.png,2160x2160,B,64,71,train,test,train,train,val,val,train,train,test,train,train,train,train,train,test
dataT/healthy/healthy_1071.jpg,0,0,dataT/healthy/healthy_1071.jpg,ee02686db6259d933a38f3a111cab0dd,915ea3d46af14ea2,2160,2160,cache_256/dataT/healthy/healthy_1071.png,2160x2160,B,64,72,train,test,train,train,val,val,train,train,test,train,train,train,train,train,test
dataT/healthy/healthy_1072.jpg,0,0,dataT/healthy/healthy_1072.jpg,c3ae2b6d39253ed048ca11070a137824,c39c36f143770d49,2160,2160,cache_256/dataT/healthy/healthy_1072.png,2160x2160,B,64,73,train,test,train,train,val,val,train,train,test,train,train,train,train,train,test
dataT/healthy/healthy_1073.jpg,0,0,dataT/healthy/healthy_1073.jpg,62d508c425d5dae732bcc0bd3a418eec,d861bc69f68f01d4,2160,2160,cache_256/dataT/healthy/healthy_1073.png,2160x2160,B,64,74,train,test,train,train,val,val,train,train,test,train,train,train,train,train,test
dataT/healthy/healthy_1074.jpg,0,0,dataT/healthy/healthy_1074.jpg,ae81b4ac642dc85ff0d66bf031716171,cf3b9cc31c656168,2160,2160,cache_256/dataT/healthy/healthy_1074.png,2160x2160,B,64,75,train,test,train,train,val,val,train,train,test,train,train,train,train,train,test
dataT/healthy/healthy_1075.jpg,0,0,dataT/healthy/healthy_1075.jpg,6274dd9850fff1f8c75509314c5c3fb6,8fe72c303034baeb,2160,2160,cache_256/dataT/healthy/healthy_1075.png,2160x2160,B,64,76,train,test,train,train,val,val,train,train,test,train,train,train,train,train,test
dataT/healthy/healthy_1076.jpg,0,0,dataT/healthy/healthy_1076.jpg,2e1c37ee2e54d69142ffefa7369e87c3,9a47b3e3b35108dc,2160,2160,cache_256/dataT/healthy/healthy_1076.png,2160x2160,B,64,77,train,test,train,train,val,val,train,train,test,train,train,train,train,train,test
dataT/healthy/healthy_1077.jpg,0,0,dataT/healthy/healthy_1077.jpg,573cdbbd3c3ec6100c62e0c894e40f59,a5fd5e26c183c84d,2160,2160,cache_256/dataT/healthy/healthy_1077.png,2160x2160,B,64,78,train,test,train,train,val,val,train,train,test,train,train,train,train,train,test
dataT/healthy/healthy_1078.jpg,0,0,dataT/healthy/healthy_1078.jpg,f35ba510e8a7bf4c64003f97898c8e05,dcdef842421636b5,2160,2160,cache_256/dataT/healthy/healthy_1078.png,2160x2160,B,64,79,train,test,train,train,val,val,train,train,test,train,train,train,train,train,test
dataT/healthy/healthy_1079.jpg,0,0,dataT/healthy/healthy_1079.jpg,2dfa08d043ee3b516b91b36125771701,9d6cb661b599a4b0,2160,2160,cache_256/dataT/healthy/healthy_1079.png,2160x2160,B,64,80,train,test,train,train,val,val,train,train,test,train,train,train,train,train,test
dataT/healthy/healthy_108.jpg,0,0,dataT/healthy/healthy_108.jpg,00ed577fd1f6cf2118e1f6cd97812ad4,ca3d687cf0e0370b,1080,1080,cache_256/dataT/healthy/healthy_108.png,1080x1080,A,1532,81,train,test,train,train,train,train,train,test,train,train,train,train,test,train,train
dataT/healthy/healthy_1080.jpg,0,0,dataT/healthy/healthy_1080.jpg,99f2f1deaa32b8425138ecac21201be1,a74906235df3f0c3,1080,1080,cache_256/dataT/healthy/healthy_1080.png,1080x1080,A,64,82,train,test,train,train,val,val,train,train,test,train,train,train,train,train,test
dataT/healthy/healthy_1081.jpg,0,0,dataT/healthy/healthy_1081.jpg,990ef8ac8dcd73547dfcaa7fc2d2e94e,cb65cd6e701a3919,2160,2160,cache_256/dataT/healthy/healthy_1081.png,2160x2160,B,64,83,train,test,train,train,val,val,train,train,test,train,train,train,train,train,test
dataT/healthy/healthy_1082.jpg,0,0,dataT/healthy/healthy_1082.jpg,71ce1cca8c87baa440a1b974c92a945a,c5f884c9af6199f0,2160,2160,cache_256/dataT/healthy/healthy_1082.png,2160x2160,B,64,84,train,test,train,train,val,val,train,train,test,train,train,train,train,train,test
dataT/healthy/healthy_1083.jpg,0,0,dataT/healthy/healthy_1083.jpg,c09773f6d4ebf008368dfef7183db40e,9773087e39a43e31,2160,2160,cache_256/dataT/healthy/healthy_1083.png,2160x2160,B,64,85,train,test,train,train,val,val,train,train,test,train,train,train,train,train,test
dataT/healthy/healthy_1084.jpg,0,0,dataT/healthy/healthy_1084.jpg,bffb512dab35094be214fa95dd98e27d,b8ec766a62cac991,2160,2160,cache_256/dataT/healthy/healthy_1084.png,2160x2160,B,64,86,train,test,train,train,val,val,train,train,test,train,train,train,train,train,test
dataT/healthy/healthy_1085.jpg,0,0,dataT/healthy/healthy_1085.jpg,02d4955adc5b40276bf3a805f073a6d6,9f80239f86cb06bd,2160,2160,cache_256/dataT/healthy/healthy_1085.png,2160x2160,B,64,87,train,test,train,train,val,val,train,train,test,train,train,train,train,train,test
dataT/healthy/healthy_1086.jpg,0,0,dataT/healthy/healthy_1086.jpg,59b94989e32f97f49f97623b917db05a,9db6494073b3b11b,2160,2160,cache_256/dataT/healthy/healthy_1086.png,2160x2160,B,64,88,train,test,train,train,val,val,train,train,test,train,train,train,train,train,test
dataT/healthy/healthy_1087.jpg,0,0,dataT/healthy/healthy_1087.jpg,f9b1b63f3d6b54151be330f68f7a83f9,d9ad26e2cb1ac8d2,2160,2160,cache_256/dataT/healthy/healthy_1087.png,2160x2160,B,64,89,train,test,train,train,val,val,train,train,test,train,train,train,train,train,test
dataT/healthy/healthy_1088.jpg,0,0,dataT/healthy/healthy_1088.jpg,ba46a9f40c6087435be348675071038f,9cf13723698c6b1c,2160,2160,cache_256/dataT/healthy/healthy_1088.png,2160x2160,B,64,90,train,test,train,train,val,val,train,train,test,train,train,train,train,train,test
dataT/healthy/healthy_1089.jpg,0,0,dataT/healthy/healthy_1089.jpg,781945557ac1a2b59ecbe4a1ded17fd8,d3ec25762661a517,2160,2160,cache_256/dataT/healthy/healthy_1089.png,2160x2160,B,64,91,train,test,train,train,val,val,train,train,test,train,train,train,train,train,test
dataT/healthy/healthy_1090.jpg,0,0,dataT/healthy/healthy_1090.jpg,834a32eded20366c9baf8e8a3f9c0a59,9a6856b4a32bb5e8,2160,2160,cache_256/dataT/healthy/healthy_1090.png,2160x2160,B,64,92,train,test,train,train,val,val,train,train,test,train,train,train,train,train,test
dataT/healthy/healthy_1091.jpg,0,0,dataT/healthy/healthy_1091.jpg,9f960bdbff00619a621af07ddcdc957b,ae481a606376b47f,1080,1080,cache_256/dataT/healthy/healthy_1091.png,1080x1080,A,64,93,train,test,train,train,val,val,train,train,test,train,train,train,train,train,test
dataT/healthy/healthy_11.jpg,0,0,dataT/healthy/healthy_11.jpg,abd3ac31ac1b51de9f2ffd4ab9c4bc45,f34908aa3da55575,1080,1080,cache_256/dataT/healthy/healthy_11.png,1080x1080,A,238,94,train,val,train,test,val,test,train,train,train,train,train,val,test,train,train
dataT/healthy/healthy_1140.jpg,0,0,dataT/healthy/healthy_1140.jpg,2310b82964d86f832274416bef6c3b21,cd69547e6aa22696,2160,2160,cache_256/dataT/healthy/healthy_1140.png,2160x2160,B,95,95,train,train,train,train,test,train,test,train,train,train,train,test,train,train,train
dataT/healthy/healthy_1141.jpg,0,0,dataT/healthy/healthy_1141.jpg,8c2f7f8256f9c1fdad9622109ca04b3b,cb4ca0f2ed2aa1cb,2160,2160,cache_256/dataT/healthy/healthy_1141.png,2160x2160,B,95,96,train,train,train,train,test,train,test,train,train,train,train,test,train,train,train
dataT/healthy/healthy_1142.jpg,0,0,dataT/healthy/healthy_1142.jpg,ff2b9a1eeba62f2a7687f022e7d26d46,d2945d4babc35703,2160,2160,cache_256/dataT/healthy/healthy_1142.png,2160x2160,B,95,97,train,train,train,train,test,train,test,train,train,train,train,test,train,train,train
dataT/healthy/healthy_1143.jpg,0,0,dataT/healthy/healthy_1143.jpg,788a3642274a262c49beadcc1839dcbc,dc9e139585c494de,2160,2160,cache_256/dataT/healthy/healthy_1143.png,2160x2160,B,95,98,train,train,train,train,test,train,test,train,train,train,train,test,train,train,train
dataT/healthy/healthy_1144.jpg,0,0,dataT/healthy/healthy_1144.jpg,4ea162594ab9b399eacffe5dd5526064,d0b929b2339a5ccd,2160,2160,cache_256/dataT/healthy/healthy_1144.png,2160x2160,B,95,99,train,train,train,train,test,train,test,train,train,train,train,test,train,train,train
dataT/healthy/healthy_1145.jpg,0,0,dataT/healthy/healthy_1145.jpg,b93ae3939a7e60397e7e88e5094c09b3,b99873f324ca6c2c,2160,2160,cache_256/dataT/healthy/healthy_1145.png,2160x2160,B,95,100,train,train,train,train,test,train,test,train,train,train,train,test,train,train,train
dataT/healthy/healthy_1146.jpg,0,0,dataT/healthy/healthy_1146.jpg,8d908537829d205e8cd78234b43f86a2,9936e82903e1eafc,2160,2160,cache_256/dataT/healthy/healthy_1146.png,2160x2160,B,95,101,train,train,train,train,test,train,test,train,train,train,train,test,train,train,train
dataT/healthy/healthy_1147.jpg,0,0,dataT/healthy/healthy_1147.jpg,db9490c1164e8ea8a58e9eae1bbb2502,d2e42934b0b2bece,2160,2160,cache_256/dataT/healthy/healthy_1147.png,2160x2160,B,95,102,train,train,train,train,test,train,test,train,train,train,train,test,train,train,train
dataT/healthy/healthy_1148.jpg,0,0,dataT/healthy/healthy_1148.jpg,39415ac8400fec41e1a968aba122b692,adc14b22133ed3cb,1080,1080,cache_256/dataT/healthy/healthy_1148.png,1080x1080,A,95,103,train,train,train,train,test,train,test,train,train,train,train,test,train,train,train
dataT/healthy/healthy_1149.jpg,0,0,dataT/healthy/healthy_1149.jpg,f1123cfd75cf627141a6d7b9b943d29f,ef31e96153c3426c,2160,2160,cache_256/dataT/healthy/healthy_1149.png,2160x2160,B,95,104,train,train,train,train,test,train,test,train,train,train,train,test,train,train,train
dataT/healthy/healthy_1150.jpg,0,0,dataT/healthy/healthy_1150.jpg,6e3e111029d86cc81fa1efa68be1f5c4,e5e5841586f37c1a,2160,2160,cache_256/dataT/healthy/healthy_1150.png,2160x2160,B,95,105,train,train,train,train,test,train,test,train,train,train,train,test,train,train,train
dataT/healthy/healthy_1151.jpg,0,0,dataT/healthy/healthy_1151.jpg,1d6c156856cbcfb45f03a9d8e9d93712,9cb666699996806f,2160,2160,cache_256/dataT/healthy/healthy_1151.png,2160x2160,B,95,106,train,train,train,train,test,train,test,train,train,train,train,test,train,train,train
dataT/healthy/healthy_1152.jpg,0,0,dataT/healthy/healthy_1152.jpg,35bbc59f034f5b8fdbfbc4dcc11a49b4,dbe4661a4cd864b6,2160,2160,cache_256/dataT/healthy/healthy_1152.png,2160x2160,B,95,107,train,train,train,train,test,train,test,train,train,train,train,test,train,train,train
dataT/healthy/healthy_1153.jpg,0,0,dataT/healthy/healthy_1153.jpg,db9a3a3b978f0128578c92ef50b17c28,a74c5c71b03d28fa,2160,2160,cache_256/dataT/healthy/healthy_1153.png,2160x2160,B,95,108,train,train,train,train,test,train,test,train,train,train,train,test,train,train,train
dataT/healthy/healthy_1154.jpg,0,0,dataT/healthy/healthy_1154.jpg,0145efc9d8be02e66fed6c83c78eea66,dc933c797c70e4a0,2160,2160,cache_256/dataT/healthy/healthy_1154.png,2160x2160,B,95,109,train,train,train,train,test,train,test,train,train,train,train,test,train,train,train
dataT/healthy/healthy_1155.jpg,0,0,dataT/healthy/healthy_1155.jpg,2e43e4d8d03ef2018b0c59b12869a122,9e9c8230b87eed4c,2160,2160,cache_256/dataT/healthy/healthy_1155.png,2160x2160,B,95,110,train,train,train,train,test,train,test,train,train,train,train,test,train,train,train
dataT/healthy/healthy_1156.jpg,0,0,dataT/healthy/healthy_1156.jpg,18e0ebbcd25c2bf081daa35920c5b774,96093836b3f399a9,2160,2160,cache_256/dataT/healthy/healthy_1156.png,2160x2160,B,95,111,train,train,train,train,test,train,test,train,train,train,train,test,train,train,train
dataT/healthy/healthy_1157.jpg,0,0,dataT/healthy/healthy_1157.jpg,6ec8a034c86161595860327573440bab,f96f07669e492518,2160,2160,cache_256/dataT/healthy/healthy_1157.png,2160x2160,B,95,112,train,train,train,train,test,train,test,train,train,train,train,test,train,train,train
dataT/healthy/healthy_1158.jpg,0,0,dataT/healthy/healthy_1158.jpg,0cf17811253f47e543b1ab29d675be8d,dcdc9d66f381c520,2160,2160,cache_256/dataT/healthy/healthy_1158.png,2160x2160,B,95,113,train,train,train,train,test,train,test,train,train,train,train,test,train,train,train
dataT/healthy/healthy_1159.jpg,0,0,dataT/healthy/healthy_1159.jpg,321c5a524315f7a755e925dc2daa005b,cee0a0233a237f5e,1080,1080,cache_256/dataT/healthy/healthy_1159.png,1080x1080,A,114,114,val,test,train,train,train,train,val,train,test,train,test,train,train,train,train
dataT/healthy/healthy_1160.jpg,0,0,dataT/healthy/healthy_1160.jpg,4b4054f8d2a6025520142e475f9afb9c,cecc177841b9471d,2160,2160,cache_256/dataT/healthy/healthy_1160.png,2160x2160,B,115,115,train,train,train,test,train,train,train,test,train,train,train,train,test,val,train
dataT/healthy/healthy_1161.jpg,0,0,dataT/healthy/healthy_1161.jpg,4c9d79bd47e2d191574ce0fc61ae30c0,dc639366a158fa16,2160,2160,cache_256/dataT/healthy/healthy_1161.png,2160x2160,B,95,116,train,train,train,train,test,train,test,train,train,train,train,test,train,train,train
dataT/healthy/healthy_1162.jpg,0,0,dataT/healthy/healthy_1162.jpg,08b2f213b2638e7087e7f0896c4670c1,9c6961366b9aa58d,2160,2160,cache_256/dataT/healthy/healthy_1162.png,2160x2160,B,117,117,train,train,train,train,test,val,train,train,test,train,train,train,test,train,train
dataT/healthy/healthy_1163.jpg,0,0,dataT/healthy/healthy_1163.jpg,3d1ab2a59f417ef50f7d646fdeb5a833,d227192cc3cb5d1b,2160,2160,cache_256/dataT/healthy/healthy_1163.png,2160x2160,B,118,118,train,test,val,train,train,train,test,train,train,train,train,train,test,train,train
dataT/healthy/healthy_1164.jpg,0,0,dataT/healthy/healthy_1164.jpg,e78606a171e437cd42dacf68af649aec,cfec1a73c3183c89,2160,2160,cache_256/dataT/healthy/healthy_1164.png,2160x2160,B,95,119,train,train,train,train,test,train,test,train,train,train,train,test,train,train,train
dataT/healthy/healthy_1165.jpg,0,0,dataT/healthy/healthy_1165.jpg,326cdd2627dc0861fe267612e95e0a43,db6f8dc8f04d3601,2160,2160,cache_256/dataT/healthy/healthy_1165.png,2160x2160,B,136,120,test,train,train,train,val,train,test,train,train,train,train,train,test,train,train
dataT/healthy/healthy_1166.jpg,0,0,dataT/healthy/healthy_1166.jpg,d3dec813fe28e4d6f6b7906fa1bfd332,f049d8a4a17e31f5,2160,2160,cache_256/dataT/healthy/healthy_1166.png,2160x2160,B,121,121,train,train,train,test,train,test,train,train,val,train,train,train,train,test,train
dataT/healthy/healthy_1167.jpg,0,0,dataT/healthy/healthy_1167.jpg,149d8e439067a0dca57e9aa8e825f3c6,c3c7313826ce24fb,2160,2160,cache_256/dataT/healthy/healthy_1167.png,2160x2160,B,121,122,train,train,train,test,train,test,train,train,val,train,train,train,train,test,train
dataT/healthy/healthy_1168.jpg,0,0,dataT/healthy/healthy_1168.jpg,84273e1b8fa44a64bad07e13472eba3d,cc25b38e548b37c9,2160,2160,cache_256/dataT/healthy/healthy_1168.png,2160x2160,B,121,123,train,train,train,test,train,test,train,train,val,train,train,train,train,test,train
dataT/healthy/healthy_1169.jpg,0,0,dataT/healthy/healthy_1169.jpg,3f66f8644ca2bf54bfc343d0364fb399,8c8c73a3bd494b3c,2160,2160,cache_256/dataT/healthy/healthy_1169.png,2160x2160,B,121,124,train,train,train,test,train,test,train,train,val,train,train,train,train,test,train
dataT/healthy/healthy_1170.jpg,0,0,dataT/healthy/healthy_1170.jpg,9ce27c9d43543243d5ccf60c52663359,bf78d1b3ea209648,1080,1080,cache_256/dataT/healthy/healthy_1170.png,1080x1080,A,125,125,train,train,train,train,test,train,test,train,train,train,train,val,val,train,test
dataT/healthy/healthy_1171.jpg,0,0,dataT/healthy/healthy_1171.jpg,50a9347a79da30347884f8afec1c3112,deb24832230f3f2e,2160,2160,cache_256/dataT/healthy/healthy_1171.png,2160x2160,B,136,126,test,train,train,train,val,train,test,train,train,train,train,train,test,train,train
dataT/healthy/healthy_1172.jpg,0,0,dataT/healthy/healthy_1172.jpg,698c6f2ccc922935adea4ba69483dd41,ca7d98c3907f23a2,2160,2160,cache_256/dataT/healthy/healthy_1172.png,2160x2160,B,95,127,train,train,train,train,test,train,test,train,train,train,train,test,train,train,train
dataT/healthy/healthy_1173.jpg,0,0,dataT/healthy/healthy_1173.jpg,387f536d28f989a88782b445213a7fbe,9b032de42ce663e9,2160,2160,cache_256/dataT/healthy/healthy_1173.png,2160x2160,B,136,128,test,train,train,train,val,train,test,train,train,train,train,train,test,train,train
dataT/healthy/healthy_1174.jpg,0,0,dataT/healthy/healthy_1174.jpg,a507ee9a81e1303f7f0d2dfa4fafbc03,a38dc5774b7a5250,2160,2160,cache_256/dataT/healthy/healthy_1174.png,2160x2160,B,136,129,test,train,train,train,val,train,test,train,train,train,train,train,test,train,train
dataT/healthy/healthy_1175.jpg,0,0,dataT/healthy/healthy_1175.jpg,cf2d530027fbde69a905f372b2ce70e0,937658a0e1ba7671,2160,2160,cache_256/dataT/healthy/healthy_1175.png,2160x2160,B,136,130,test,train,train,train,val,train,test,train,train,train,train,train,test,train,train
dataT/healthy/healthy_1176.jpg,0,0,dataT/healthy/healthy_1176.jpg,6e079ec6b8530d94f1cfaa57825a820c,a1a51f4a4ee9e01f,2160,2160,cache_256/dataT/healthy/healthy_1176.png,2160x2160,B,136,131,test,train,train,train,val,train,test,train,train,train,train,train,test,train,train
dataT/healthy/healthy_1177.jpg,0,0,dataT/healthy/healthy_1177.jpg,fea92da48a7b22b7dc0c9c41dd628282,f1620ced321b3679,2160,2160,cache_256/dataT/healthy/healthy_1177.png,2160x2160,B,136,132,test,train,train,train,val,train,test,train,train,train,train,train,test,train,train
dataT/healthy/healthy_1178.jpg,0,0,dataT/healthy/healthy_1178.jpg,36bdf93eccbe93c8469a77d9fa799407,f1b583910399fc78,2160,2160,cache_256/dataT/healthy/healthy_1178.png,2160x2160,B,133,133,train,val,test,train,train,train,train,test,train,train,train,train,train,train,test
dataT/healthy/healthy_1179.jpg,0,0,dataT/healthy/healthy_1179.jpg,1f483f8423f14cbbf685db6d167bc787,dac1083674776d74,2160,2160,cache_256/dataT/healthy/healthy_1179.png,2160x2160,B,136,134,test,train,train,train,val,train,test,train,train,train,train,train,test,train,train
dataT/healthy/healthy_1180.jpg,0,0,dataT/healthy/healthy_1180.jpg,1a052384e045a6ba6d4eed2e42658251,dce65921a7949a69,2160,2160,cache_256/dataT/healthy/healthy_1180.png,2160x2160,B,136,135,test,train,train,train,val,train,test,train,train,train,train,train,test,train,train
dataT/healthy/healthy_1181.jpg,0,0,dataT/healthy/healthy_1181.jpg,5fa9caf061fe667f1a09ef0fee21805b,ced89b3b93d2101e,1080,1080,cache_256/dataT/healthy/healthy_1181.png,1080x1080,A,136,136,test,train,train,train,val,train,test,train,train,train,train,train,test,train,train
dataT/healthy/healthy_1182.jpg,0,0,dataT/healthy/healthy_1182.jpg,5db1754b860a269b45a69bcd5b175bf7,c731313b12c7b69c,2160,2160,cache_256/dataT/healthy/healthy_1182.png,2160x2160,B,136,137,test,train,train,train,val,train,test,train,train,train,train,train,test,train,train
dataT/healthy/healthy_1183.jpg,0,0,dataT/healthy/healthy_1183.jpg,43491703583ee8afc89ad5cc24b7df35,e687602562d686fe,2160,2160,cache_256/dataT/healthy/healthy_1183.png,2160x2160,B,136,138,test,train,train,train,val,train,test,train,train,train,train,train,test,train,train
dataT/healthy/healthy_1184.jpg,0,0,dataT/healthy/healthy_1184.jpg,82ea2a299f531b5d6e175a05c30561bb,e3864e6d664d9592,2160,2160,cache_256/dataT/healthy/healthy_1184.png,2160x2160,B,136,139,test,train,train,train,val,train,test,train,train,train,train,train,test,train,train
dataT/healthy/healthy_1185.jpg,0,0,dataT/healthy/healthy_1185.jpg,68a2085c10a2895a1cdff9fb03ff3934,ae211cb263bbe2c3,2160,2160,cache_256/dataT/healthy/healthy_1185.png,2160x2160,B,136,140,test,train,train,train,val,train,test,train,train,train,train,train,test,train,train
dataT/healthy/healthy_1186.jpg,0,0,dataT/healthy/healthy_1186.jpg,afc35d46404552764794dea29a47262c,cdb5a41216d21fd3,2160,2160,cache_256/dataT/healthy/healthy_1186.png,2160x2160,B,136,141,test,train,train,train,val,train,test,train,train,train,train,train,test,train,train
dataT/healthy/healthy_1187.jpg,0,0,dataT/healthy/healthy_1187.jpg,9c56c815081954375d36cb46dc343ac1,8de4b86eba859358,2160,2160,cache_256/dataT/healthy/healthy_1187.png,2160x2160,B,136,142,test,train,train,train,val,train,test,train,train,train,train,train,test,train,train
dataT/healthy/healthy_1188.jpg,0,0,dataT/healthy/healthy_1188.jpg,7182a0e7fec9bb5702135d89739b2ae9,db1c1e21b15ab33a,2160,2160,cache_256/dataT/healthy/healthy_1188.png,2160x2160,B,136,143,test,train,train,train,val,train,test,train,train,train,train,train,test,train,train
dataT/healthy/healthy_1189.jpg,0,0,dataT/healthy/healthy_1189.jpg,6b920587bb79d8749095b91dd0490d95,abac7020f17de392,2160,2160,cache_256/dataT/healthy/healthy_1189.png,2160x2160,B,144,144,train,test,train,val,train,test,train,train,train,train,train,train,test,val,train
dataT/healthy/healthy_1190.jpg,0,0,dataT/healthy/healthy_1190.jpg,293efc669fa3a36a3db6d39c59b2ed1a,d3e79b4c2e0f4305,2160,2160,cache_256/dataT/healthy/healthy_1190.png,2160x2160,B,145,145,train,train,train,test,train,train,val,train,train,test,val,train,train,test,train
dataT/healthy/healthy_1191.jpg,0,0,dataT/healthy/healthy_1191.jpg,9cad75b467752c8622a4942327b67a28,9cc48deaab68a5a5,2160,2160,cache_256/dataT/healthy/healthy_1191.png,2160x2160,B,64,146,train,test,train,train,val,val,train,train,test,train,train,train,train,train,test
dataT/healthy/healthy_1192.jpg,0,0,dataT/healthy/healthy_1192.jpg,2b4955b12a5231867840c8103984e247,b7fb7938406240e7,1080,1080,cache_256/dataT/healthy/healthy_1192.png,1080x1080,A,147,147,train,train,train,val,test,train,train,train,test,train,test,train,train,train,val
dataT/healthy/healthy_1193.jpg,0,0,dataT/healthy/healthy_1193.jpg,e8d80a609c827ac7c95c3e8e4c73240e,99ea6130f4bc9d0d,2160,2160,cache_256/dataT/healthy/healthy_1193.png,2160x2160,B,148,148,test,train,train,train,train,train,train,test,train,train,train,train,test,train,train
dataT/healthy/healthy_1194.jpg,0,0,dataT/healthy/healthy_1194.jpg,daa75bbb74b594dd753ceb95f951301c,a45958277d69c2cb,2160,2160,cache_256/dataT/healthy/healthy_1194.png,2160x2160,B,64,149,train,test,train,train,val,val,train,train,test,train,train,train,train,train,test
dataT/healthy/healthy_1195.jpg,0,0,dataT/healthy/healthy_1195.jpg,6c92d58eecad1f6b8f545720fb0e8221,89aceda23391b54b,2160,2160,cache_256/dataT/healthy/healthy_1195.png,2160x2160,B,64,150,train,test,train,train,val,val,train,train,test,train,train,train,train,train,test
dataT/healthy/healthy_1196.jpg,0,0,dataT/healthy/healthy_1196.jpg,080323439c6b3b7bc889a2916e342751,dcd3c3e400f8ba5a,2160,2160,cache_256/dataT/healthy/healthy_1196.png,2160x2160,B,64,151,train,test,train,train,val,val,train,train,test,train,train,train,train,train,test
dataT/healthy/healthy_1197.jpg,0,0,dataT/healthy/healthy_1197.jpg,f3427f00717783e762150d78ff2184a5,ddf9e5e696850888,2160,2160,cache_256/dataT/healthy/healthy_1197.png,2160x2160,B,64,152,train,test,train,train,val,val,train,train,test,train,train,train,train,train,test
dataT/healthy/healthy_1198.jpg,0,0,dataT/healthy/healthy_1198.jpg,a9f16a9cb53293307d91ddc23edab22b,dc620db07cced668,2160,2160,cache_256/dataT/healthy/healthy_1198.png,2160x2160,B,64,153,train,test,train,train,val,val,train,train,test,train,train,train,train,train,test
dataT/healthy/healthy_1199.jpg,0,0,dataT/healthy/healthy_1199.jpg,1eeecac1b4e1988e5adfef89c8e0c308,c4e1e039376db3e0,2160,2160,cache_256/dataT/healthy/healthy_1199.png,2160x2160,B,64,154,train,test,train,train,val,val,train,train,test,train,train,train,train,train,test
dataT/healthy/healthy_12.jpg,0,0,dataT/healthy/healthy_12.jpg,34aa9e61917af2ee8cfc1b8afdcaa280,b2fbf1282126a6b6,1080,1080,cache_256/dataT/healthy/healthy_12.png,1080x1080,A,238,155,train,val,train,test,val,test,train,train,train,train,train,val,test,train,train
dataT/healthy/healthy_1200.jpg,0,0,dataT/healthy/healthy_1200.jpg,31b34c3dd8fcc0641f67c1b66ec8a446,ccb1f5b390e56c88,2160,2160,cache_256/dataT/healthy/healthy_1200.png,2160x2160,B,64,156,train,test,train,train,val,val,train,train,test,train,train,train,train,train,test
dataT/healthy/healthy_1201.jpg,0,0,dataT/healthy/healthy_1201.jpg,b5ac30724e3586df4bbd09b5e887ad3a,cca659486b23acbe,2160,2160,cache_256/dataT/healthy/healthy_1201.png,2160x2160,B,64,157,train,test,train,train,val,val,train,train,test,train,train,train,train,train,test
dataT/healthy/healthy_1202.jpg,0,0,dataT/healthy/healthy_1202.jpg,a188d2da6da3230194e674ca25ebcc72,ccc73431738d27cc,2160,2160,cache_256/dataT/healthy/healthy_1202.png,2160x2160,B,64,158,train,test,train,train,val,val,train,train,test,train,train,train,train,train,test
dataT/healthy/healthy_1203.jpg,0,0,dataT/healthy/healthy_1203.jpg,9070b347b25d5c92a48fe6d60bc8e2f6,b10f5c65352379b2,1080,1080,cache_256/dataT/healthy/healthy_1203.png,1080x1080,A,64,159,train,test,train,train,val,val,train,train,test,train,train,train,train,train,test
dataT/healthy/healthy_1204.jpg,0,0,dataT/healthy/healthy_1204.jpg,94049c66b20464b66a6960a23033048a,c618690eb36c97b6,2160,2160,cache_256/dataT/healthy/healthy_1204.png,2160x2160,B,64,160,train,test,train,train,val,val,train,train,test,train,train,train,train,train,test
dataT/healthy/healthy_1205.jpg,0,0,dataT/healthy/healthy_1205.jpg,f0095e45ee9e193369890acdaed7baf1,cc3e0526a783c7f4,2160,2160,cache_256/dataT/healthy/healthy_1205.png,2160x2160,B,64,161,train,test,train,train,val,val,train,train,test,train,train,train,train,train,test
dataT/healthy/healthy_1206.jpg,0,0,dataT/healthy/healthy_1206.jpg,d6ed5b7743924976856d39dcd48873cf,99d35d660e89a69c,2160,2160,cache_256/dataT/healthy/healthy_1206.png,2160x2160,B,64,162,train,test,train,train,val,val,train,train,test,train,train,train,train,train,test
dataT/healthy/healthy_1207.jpg,0,0,dataT/healthy/healthy_1207.jpg,7c5594414cccf571ad805a2413fdbc5a,c8c291563f57252f,2160,2160,cache_256/dataT/healthy/healthy_1207.png,2160x2160,B,64,163,train,test,train,train,val,val,train,train,test,train,train,train,train,train,test
dataT/healthy/healthy_1208.jpg,0,0,dataT/healthy/healthy_1208.jpg,8bae3238e7a5bb77b38a21811187def7,b66c17732601bcd6,2160,2160,cache_256/dataT/healthy/healthy_1208.png,2160x2160,B,64,164,train,test,train,train,val,val,train,train,test,train,train,train,train,train,test
dataT/healthy/healthy_1209.jpg,0,0,dataT/healthy/healthy_1209.jpg,b9859bf152d52120c43f23b040e6d3a1,daedf022221237f9,2160,2160,cache_256/dataT/healthy/healthy_1209.png,2160x2160,B,64,165,train,test,train,train,val,val,train,train,test,train,train,train,train,train,test
dataT/healthy/healthy_1210.jpg,0,0,dataT/healthy/healthy_1210.jpg,211ce6fc1ac59ed64cf8510beeb70d29,991c763784df08d5,2160,2160,cache_256/dataT/healthy/healthy_1210.png,2160x2160,B,64,166,train,test,train,train,val,val,train,train,test,train,train,train,train,train,test
dataT/healthy/healthy_1211.jpg,0,0,dataT/healthy/healthy_1211.jpg,1a7871de6fdac0befce6f1aac893f359,9b643662b8e1d2d3,2160,2160,cache_256/dataT/healthy/healthy_1211.png,2160x2160,B,64,167,train,test,train,train,val,val,train,train,test,train,train,train,train,train,test
dataT/healthy/healthy_1212.jpg,0,0,dataT/healthy/healthy_1212.jpg,c6f63fce9403ec6b5338055ebec5b695,c9b822616726bef2,2160,2160,cache_256/dataT/healthy/healthy_1212.png,2160x2160,B,168,168,val,train,train,train,test,val,test,train,val,train,train,train,val,test,train
dataT/healthy/healthy_1213.jpg,0,0,dataT/healthy/healthy_1213.jpg,1ef0d6e538b3cb7fae1c78af5c6809a8,8bbebe9340a34d2c,2160,2160,cache_256/dataT/healthy/healthy_1213.png,2160x2160,B,64,169,train,test,train,train,val,val,train,train,test,train,train,train,train,train,test
dataT/healthy/healthy_1214.jpg,0,0,dataT/healthy/healthy_1214.jpg,d5f62aeb70bd23b4c98cc1216cdf22f3,9339e866ac7485ad,1080,1080,cache_256/dataT/healthy/healthy_1214.png,1080x1080,A,168,170,val,train,train,train,test,val,test,train,val,train,train,train,val,test,train
dataT/healthy/healthy_1215.jpg,0,0,dataT/healthy/healthy_1215.jpg,9c1dd425b3bf05b9fb83f2e1b2b4b12d,98f060b2e69c36dd,2160,2160,cache_256/dataT/healthy/healthy_1215.png,2160x2160,B,64,171,train,test,train,train,val,val,train,train,test,train,train,train,train,train,test
dataT/healthy/healthy_1216.jpg,0,0,dataT/healthy/healthy_1216.jpg,1914fb2e38a6e22e5fc953237a334668,c7b19d2e682ea742,2160,2160,cache_256/dataT/healthy/healthy_1216.png,2160x2160,B,64,172,train,test,train,train,val,val,train,train,test,train,train,train,train,train,test
dataT/healthy/healthy_1217.jpg,0,0,dataT/healthy/healthy_1217.jpg,635d8f05acf8cd3aabdd05717d4263fc,aa65adaa256a6a4d,2160,2160,cache_256/dataT/healthy/healthy_1217.png,2160x2160,B,64,173,train,test,train,train,val,val,train,train,test,train,train,train,train,train,test
dataT/healthy/healthy_1218.jpg,0,0,dataT/healthy/healthy_1218.jpg,1b4e33e5c6c42199a474cafb16d2367a,cc0931636b769799,2160,2160,cache_256/dataT/healthy/healthy_1218.png,2160x2160,B,64,174,train,test,train,train,val,val,train,train,test,train,train,train,train,train,test
dataT/healthy/healthy_1219.jpg,0,0,dataT/healthy/healthy_1219.jpg,2cfe8d8e9f31897f5c256ddf7afd5b86,9c953024a36f4b7d,2160,2160,cache_256/dataT/healthy/healthy_1219.png,2160x2160,B,64,175,train,test,train,train,val,val,train,train,test,train,train,train,train,train,test
dataT/healthy/healthy_1220.jpg,0,0,dataT/healthy/healthy_1220.jpg,f7c164f79018e1e51b452c509fc8a9df,cc1fc0f7a396498a,2160,2160,cache_256/dataT/healthy/healthy_1220.png,2160x2160,B,64,176,train,test,train,train,val,val,train,train,test,train,train,train,train,train,test
dataT/healthy/healthy_1221.jpg,0,0,dataT/healthy/healthy_1221.jpg,f5ea3e24ff8783dfd4804b45b8e1e2c0,8443b31ebc5e4b35,2160,2160,cache_256/dataT/healthy/healthy_1221.png,2160x2160,B,177,177,train,test,val,train,train,train,train,train,test,train,train,train,train,train,test
dataT/healthy/healthy_1222.jpg,0,0,dataT/healthy/healthy_1222.jpg,26c5cc9cfcfb311be2923f64e9ad87eb,eae572e58594383a,2160,2160,cache_256/dataT/healthy/healthy_1222.png,2160x2160,B,64,178,train,test,train,train,val,val,train,train,test,train,train,train,train,train,test
dataT/healthy/healthy_1223.jpg,0,0,dataT/healthy/healthy_1223.jpg,ec07d48fbf3b39e309a9104cf39ddb8e,99e464a2f6c9788d,2160,2160,cache_256/dataT/healthy/healthy_1223.png,2160x2160,B,64,179,train,test,train,train,val,val,train,train,test,train,train,train,train,train,test
dataT/healthy/healthy_1224.jpg,0,0,dataT/healthy/healthy_1224.jpg,07a7d4fa0b906c44767e8628a674fec5,99b36664c4e2a2af,2160,2160,cache_256/dataT/healthy/healthy_1224.png,2160x2160,B,180,180,train,val,test,train,train,train,train,test,train,val,train,test,train,train,train
dataT/healthy/healthy_1225.jpg,0,0,dataT/healthy/healthy_1225.jpg,739692d010d4c3893d2c4ff4bddd5d50,dbc75916283b50f1,1080,1080,cache_256/dataT/healthy/healthy_1225.png,1080x1080,A,64,181,train,test,train,train,val,val,train,train,test,train,train,train,train,train,test
dataT/healthy/healthy_1226.jpg,0,0,dataT/healthy/healthy_1226.jpg,3f37e161e9b0376dc8ecac347c957447,828baf36960ac97e,1080,1080,cache_256/dataT/healthy/healthy_1226.png,1080x1080,A,64,182,train,test,train,train,val,val,train,train,test,train,train,train,train,train,test
dataT/healthy/healthy_1227.jpg,0,0,dataT/healthy/healthy_1227.jpg,236c0871b314d06d7a2c3f15110bdaf5,999734202ed1a7ed,2160,2160,cache_256/dataT/healthy/healthy_1227.png,2160x2160,B,64,183,train,test,train,train,val,val,train,train,test,train,train,train,train,train,test
dataT/healthy/healthy_1228.jpg,0,0,dataT/healthy/healthy_1228.jpg,d503357bc5316973037c22871a5a4f40,baec16ab6793068a,2160,2160,cache_256/dataT/healthy/healthy_1228.png,2160x2160,B,64,184,train,test,train,train,val,val,train,train,test,train,train,train,train,train,test
dataT/healthy/healthy_1229.jpg,0,0,dataT/healthy/healthy_1229.jpg,8b3c8cadac1dce41968b08666895c92a,cfb5b83233928b8c,2160,2160,cache_256/dataT/healthy/healthy_1229.png,2160x2160,B,64,185,train,test,train,train,val,val,train,train,test,train,train,train,train,train,test
dataT/healthy/healthy_1230.jpg,0,0,dataT/healthy/healthy_1230.jpg,e74ae9c716e97796f1cf2a9672aae801,89cb6836a3889fce,2160,2160,cache_256/dataT/healthy/healthy_1230.png,2160x2160,B,64,186,train,test,train,train,val,val,train,train,test,train,train,train,train,train,test
dataT/healthy/healthy_1231.jpg,0,0,dataT/healthy/healthy_1231.jpg,d3723b42cdd4247d8f925f32b2d6feee,a6fd6460e54d1a9a,2160,2160,cache_256/dataT/healthy/healthy_1231.png,2160x2160,B,64,187,train,test,train,train,val,val,train,train,test,train,train,train,train,train,test
dataT/healthy/healthy_1232.jpg,0,0,dataT/healthy/healthy_1232.jpg,6639323dfd425379256f4bbc081f5db2,de97981393834dcc,2160,2160,cache_256/dataT/healthy/healthy_1232.png,2160x2160,B,188,188,train,val,train,train,test,train,train,train,test,train,test,train,train,train,train
dataT/healthy/healthy_1233.jpg,0,0,dataT/healthy/healthy_1233.jpg,e461ca0c32aa6798eaa58d5adeeff634,865f09c6a75726b4,2160,2160,cache_256/dataT/healthy/healthy_1233.png,2160x2160,B,64,189,train,test,train,train,val,val,train,train,test,train,train,train,train,train,test
dataT/healthy/healthy_1234.jpg,0,0,dataT/healthy/healthy_1234.jpg,b66cbb021cfc73c354f43fed1a2f6d5c,9cef43327352a685,2160,2160,cache_256/dataT/healthy/healthy_1234.png,2160x2160,B,64,190,train,test,train,train,val,val,train,train,test,train,train,train,train,train,test
dataT/healthy/healthy_1235.jpg,0,0,dataT/healthy/healthy_1235.jpg,33a761c9074689bf1aa89ff76d458dcd,d637917262c4664f,2160,2160,cache_256/dataT/healthy/healthy_1235.png,2160x2160,B,188,191,train,val,train,train,test,train,train,train,test,train,test,train,train,train,train
dataT/healthy/healthy_1236.jpg,0,0,dataT/healthy/healthy_1236.jpg,7d43c2a4ddf580168db23142d3afd647,d905279986c972d7,2160,2160,cache_256/dataT/healthy/healthy_1236.png,2160x2160,B,64,192,train,test,train,train,val,val,train,train,test,train,train,train,train,train,test
dataT/healthy/healthy_1237.jpg,0,0,dataT/healthy/healthy_1237.jpg,2d07c5fbad02147a25c19915175ab94a,ba6b2d274e9ee082,1080,1080,cache_256/dataT/healthy/healthy_1237.png,1080x1080,A,64,193,train,test,train,train,val,val,train,train,test,train,train,train,train,train,test
dataT/healthy/healthy_1238.jpg,0,0,dataT/healthy/healthy_1238.jpg,66b26664325b26eb1908a1d30d1230e8,b2c53367206e6667,2160,2160,cache_256/dataT/healthy/healthy_1238.png,2160x2160,B,188,194,train,val,train,train,test,train,train,train,test,train,test,train,train,train,train
dataT/healthy/healthy_1239.jpg,0,0,dataT/healthy/healthy_1239.jpg,b414a105679fec9ccae26a6f5f0a6f67,dc3531e78f9c80f0,2160,2160,cache_256/dataT/healthy/healthy_1239.png,2160x2160,B,195,195,train,test,train,train,val,train,train,val,test,train,train,train,train,train,test
dataT/healthy/healthy_1240.jpg,0,0,dataT/healthy/healthy_1240.jpg,b0fdefa8b8ba65e48b46013af20074df,8ea631cc279bae13,2160,2160,cache_256/dataT/healthy/healthy_1240.png,2160x2160,B,64,196,train,test,train,train,val,val,train,train,test,train,train,train,train,train,test
dataT/healthy/healthy_1241.jpg,0,0,dataT/healthy/healthy_1241.jpg,3a232e3b280b9cd2a90c5d381c060030,cc2b72cc317556d8,2160,2160,cache_256/dataT/healthy/healthy_1241.png,2160x2160,B,197,197,train,train,train,test,val,train,test,train,train,train,train,train,train,train,test
dataT/healthy/healthy_1242.jpg,0,0,dataT/healthy/healthy_1242.jpg,5db3a0f184a6b369f2eb6c9a20b784fd,8ca6a6b6383b4be1,2160,2160,cache_256/dataT/healthy/healthy_1242.png,2160x2160,B,64,198,train,test,train,train,val,val,train,train,test,train,train,train,train,train,test
dataT/healthy/healthy_1243.jpg,0,0,dataT/healthy/healthy_1243.jpg,6d9cfd13b437e2596fd577367cb9c1bb,cda3363313b3d191,2160,2160,cache_256/dataT/healthy/healthy_1243.png,2160x2160,B,64,199,train,test,train,train,val,val,train,train,test,train,train,train,train,train,test
dataT/healthy/healthy_1244.jpg,0,0,dataT/healthy/healthy_1244.jpg,df220302dcae191b766178c4603cb915,c6e5e34369f39418,2160,2160,cache_256/dataT/healthy/healthy_1244.png,2160x2160,B,64,200,train,test,train,train,val,val,train,train,test,train,train,train,train,train,test
dataT/healthy/healthy_1245.jpg,0,0,dataT/healthy/healthy_1245.jpg,037b08c50fd065e7c0ccf507ec97b163,9c3672634ac9cb99,2160,2160,cache_256/dataT/healthy/healthy_1245.png,2160x2160,B,64,201,train,test,train,train,val,val,train,train,test,train,train,train,train,train,test
dataT/healthy/healthy_1246.jpg,0,0,dataT/healthy/healthy_1246.jpg,0184c8ea804c88a85604d975cd8e858c,dc0d253241abe3d7,2160,2160,cache_256/dataT/healthy/healthy_1246.png,2160x2160,B,64,202,train,test,train,train,val,val,train,train,test,train,train,train,train,train,test
dataT/healthy/healthy_1247.jpg,0,0,dataT/healthy/healthy_1247.jpg,3e16d28c3d138d85037a847fb091882f,d6b25423296c73d5,2160,2160,cache_256/dataT/healthy/healthy_1247.png,2160x2160,B,64,203,train,test,train,train,val,val,train,train,test,train,train,train,train,train,test
dataT/healthy/healthy_1248.jpg,0,0,dataT/healthy/healthy_1248.jpg,8e3debba17d044d1f0556bc9fcd86ff8,f214bbf2b018e58e,1080,1080,cache_256/dataT/healthy/healthy_1248.png,1080x1080,A,64,204,train,test,train,train,val,val,train,train,test,train,train,train,train,train,test
dataT/healthy/healthy_1249.jpg,0,0,dataT/healthy/healthy_1249.jpg,3e5a84bbe85cbc5bf90630673d30678b,d3ad381677d23641,2160,2160,cache_256/dataT/healthy/healthy_1249.png,2160x2160,B,64,205,train,test,train,train,val,val,train,train,test,train,train,train,train,train,test
dataT/healthy/healthy_1250.jpg,0,0,dataT/healthy/healthy_1250.jpg,b7b96214e0f5c75daacef0edf8998cb3,cfe45c42e3273744,2160,2160,cache_256/dataT/healthy/healthy_1250.png,2160x2160,B,64,206,train,test,train,train,val,val,train,train,test,train,train,train,train,train,test
dataT/healthy/healthy_1251.jpg,0,0,dataT/healthy/healthy_1251.jpg,c3156343d989c4344e8fd6b71b571cb9,ebcc9c691456dac4,2160,2160,cache_256/dataT/healthy/healthy_1251.png,2160x2160,B,64,207,train,test,train,train,val,val,train,train,test,train,train,train,train,train,test
dataT/healthy/healthy_1252.jpg,0,0,dataT/healthy/healthy_1252.jpg,6b06ef1d53e8e4012c61010dadea1547,ceb15263f4291957,2160,2160,cache_256/dataT/healthy/healthy_1252.png,2160x2160,B,64,208,train,test,train,train,val,val,train,train,test,train,train,train,train,train,test
dataT/healthy/healthy_1253.jpg,0,0,dataT/healthy/healthy_1253.jpg,8a33e9276409d3c18e18b933c56f6323,f97c1824351595db,2160,2160,cache_256/dataT/healthy/healthy_1253.png,2160x2160,B,64,209,train,test,train,train,val,val,train,train,test,train,train,train,train,train,test
dataT/healthy/healthy_1254.jpg,0,0,dataT/healthy/healthy_1254.jpg,039cf2f6ec98dc161a0d3f6dfe52f4e3,894e5c74d2d0d2eb,2160,2160,cache_256/dataT/healthy/healthy_1254.png,2160x2160,B,64,210,train,test,train,train,val,val,train,train,test,train,train,train,train,train,test
dataT/healthy/healthy_1255.jpg,0,0,dataT/healthy/healthy_1255.jpg,271ae22921b1bdf7c894ae04c370e4e9,cbe3143a395551f8,2160,2160,cache_256/dataT/healthy/healthy_1255.png,2160x2160,B,64,211,train,test,train,train,val,val,train,train,test,train,train,train,train,train,test
dataT/healthy/healthy_1256.jpg,0,0,dataT/healthy/healthy_1256.jpg,33b7360b3b8c3129d4d874dcca3cc694,8dc7336bb4850cb5,2160,2160,cache_256/dataT/healthy/healthy_1256.png,2160x2160,B,64,212,train,test,train,train,val,val,train,train,test,train,train,train,train,train,test
dataT/healthy/healthy_1257.jpg,0,0,dataT/healthy/healthy_1257.jpg,71cb44b10cac2dfe943f79d006aeb2b8,d9ec75270222f5e1,2160,2160,cache_256/dataT/healthy/healthy_1257.png,2160x2160,B,64,213,train,test,train,train,val,val,train,train,test,train,train,train,train,train,test
dataT/healthy/healthy_1258.jpg,0,0,dataT/healthy/healthy_1258.jpg,36f9f6e546b231ef0ed87a46bc68d8ce,cce6486232b1f1f9,2160,2160,cache_256/dataT/healthy/healthy_1258.png,2160x2160,B,64,214,train,test,train,train,val,val,train,train,test,train,train,train,train,train,test
dataT/healthy/healthy_1259.jpg,0,0,dataT/healthy/healthy_1259.jpg,0031f4f65b7c5e1de3fbff4c11cfaa59,c6b0b0f339e234c7,1080,1080,cache_256/dataT/healthy/healthy_1259.png,1080x1080,A,64,215,train,test,train,train,val,val,train,train,test,train,train,train,train,train,test
dataT/healthy/healthy_1260.jpg,0,0,dataT/healthy/healthy_1260.jpg,0bb35e3eebe5c6462c5188c3506324c3,cd89f3569c8d0723,2160,2160,cache_256/dataT/healthy/healthy_1260.png,2160x2160,B,64,216,train,test,train,train,val,val,train,train,test,train,train,train,train,train,test
dataT/healthy/healthy_1261.jpg,0,0,dataT/healthy/healthy_1261.jpg,a2fb4e073415328c9673b6f4b5e412b3,cef8b82b278b8788,2160,2160,cache_256/dataT/healthy/healthy_1261.png,2160x2160,B,64,217,train,test,train,train,val,val,train,train,test,train,train,train,train,train,test
dataT/healthy/healthy_1262.jpg,0,0,dataT/healthy/healthy_1262.jpg,50a6688bef41113ce091c8c417143dc7,924821b71e59edcd,2160,2160,cache_256/dataT/healthy/healthy_1262.png,2160x2160,B,64,218,train,test,train,train,val,val,train,train,test,train,train,train,train,train,test
dataT/healthy/healthy_1263.jpg,0,0,dataT/healthy/healthy_1263.jpg,3f42584292ef58bff86d1e7c4ff4bbbb,d6954963a1b0f93c,2160,2160,cache_256/dataT/healthy/healthy_1263.png,2160x2160,B,64,219,train,test,train,train,val,val,train,train,test,train,train,train,train,train,test
dataT/healthy/healthy_1264.jpg,0,0,dataT/healthy/healthy_1264.jpg,5503dbcf62f2dcfa2f49ecd9b2c3b49e,d1e44a03b5317adb,2160,2160,cache_256/dataT/healthy/healthy_1264.png,2160x2160,B,64,220,train,test,train,train,val,val,train,train,test,train,train,train,train,train,test
dataT/healthy/healthy_1265.jpg,0,0,dataT/healthy/healthy_1265.jpg,eea69a1ced92e9144e28dccbac902b62,e3e938343c1c9e9a,2160,2160,cache_256/dataT/healthy/healthy_1265.png,2160x2160,B,64,221,train,test,train,train,val,val,train,train,test,train,train,train,train,train,test
dataT/healthy/healthy_1266.jpg,0,0,dataT/healthy/healthy_1266.jpg,34535be27c5a829b212640c8bd7efc10,e3f2e0e2a70ea4ac,2160,2160,cache_256/dataT/healthy/healthy_1266.png,2160x2160,B,64,222,train,test,train,train,val,val,train,train,test,train,train,train,train,train,test
dataT/healthy/healthy_1267.jpg,0,0,dataT/healthy/healthy_1267.jpg,26cb8b2778d7c3763b0e610a1b118f9d,cae22f7b30123c9b,2160,2160,cache_256/dataT/healthy/healthy_1267.png,2160x2160,B,64,223,train,test,train,train,val,val,train,train,test,train,train,train,train,train,test
dataT/healthy/healthy_1268.jpg,0,0,dataT/healthy/healthy_1268.jpg,cbc5810ab563dfdf18444f616436a655,ede13937528a0dca,2160,2160,cache_256/dataT/healthy/healthy_1268.png,2160x2160,B,225,224,train,test,train,train,train,train,train,train,val,test,train,train,test,val,train
dataT/healthy/healthy_1269.jpg,0,0,dataT/healthy/healthy_1269.jpg,543a973c8b705c3c9edb5724b64af57c,cc83676560e1f11f,2160,2160,cache_256/dataT/healthy/healthy_1269.png,2160x2160,B,225,225,train,test,train,train,train,train,train,train,val,test,train,train,test,val,train
dataT/healthy/healthy_1270.jpg,0,0,dataT/healthy/healthy_1270.jpg,19532a70d3bee8081d4a78894c189725,a623956227e3e3c3,1080,1080,cache_256/dataT/healthy/healthy_1270.png,1080x1080,A,225,226,train,test,train,train,train,train,train,train,val,test,train,train,test,val,train
dataT/healthy/healthy_1271.jpg,0,0,dataT/healthy/healthy_1271.jpg,f7f2de59a220c36de0a213744c7d1234,9cb6247e565559c8,2160,2160,cache_256/dataT/healthy/healthy_1271.png,2160x2160,B,227,227,train,train,train,test,train,train,train,test,train,train,train,train,train,test,train
dataT/healthy/healthy_1272.jpg,0,0,dataT/healthy/healthy_1272.jpg,3d47f27101890d286e6fe7fcf41db532,9dbc7232c2b4cd4c,2160,2160,cache_256/dataT/healthy/healthy_1272.png,2160x2160,B,228,228,train,test,val,train,train,val,test,train,train,train,train,train,train,test,train
dataT/healthy/healthy_13.jpg,0,0,dataT/healthy/healthy_13.jpg,b182621c581109184a89f15adede9361,f2e50c347472721f,1080,1080,cache_256/dataT/healthy/healthy_13.png,1080x1080,A,238,229,train,val,train,test,val,test,train,train,train,train,train,val,test,train,train
dataT/healthy/healthy_14.jpg,0,0,dataT/healthy/healthy_14.jpg,840e78b6b9382b15be188e4b750b3600,ba78d861b662a31d,1080,1080,cache_256/dataT/healthy/healthy_14.png,1080x1080,A,238,230,train,val,train,test,val,test,train,train,train,train,train,val,test,train,train
dataT/healthy/healthy_1404.jpg,0,0,dataT/healthy/healthy_1404.jpg,7c0d5fdca7b416cab01290c8462517fa,97b91c07a3c869ea,1080,1080,cache_256/dataT/healthy/healthy_1404.png,1080x1080,A,232,231,train,train,test,train,train,train,val,test,train,train,train,val,test,train,val
dataT/healthy/healthy_1405.jpg,0,0,dataT/healthy/healthy_1405.jpg,7d8d5758a8cafd03ec43eb7041570c6e,d927e66676d98822,1080,1080,cache_256/dataT/healthy/healthy_1405.png,1080x1080,A,232,232,train,train,test,train,train,train,val,test,train,train,train,val,test,train,val
dataT/healthy/healthy_1406.jpg,0,0,dataT/healthy/healthy_1406.jpg,90eb4e67cae2451f28497614c450ac27,8c4c3137db6bcc89,1080,1080,cache_256/dataT/healthy/healthy_1406.png,1080x1080,A,233,233,test,train,train,train,train,train,test,train,train,train,train,train,train,val,test
dataT/healthy/healthy_1407.jpg,0,0,dataT/healthy/healthy_1407.jpg,7710086a51539c74f1d8b50c9db70f09,eb693c2a42b75f01,1080,1080,cache_256/dataT/healthy/healthy_1407.png,1080x1080,A,232,234,train,train,test,train,train,train,val,test,train,train,train,val,test,train,val
dataT/healthy/healthy_1408.jpg,0,0,dataT/healthy/healthy_1408.jpg,a7077bdecfe2b557f8ee67efd2b55fba,f8782e42c41d732f,1080,1080,cache_256/dataT/healthy/healthy_1408.png,1080x1080,A,232,235,train,train,test,train,train,train,val,test,train,train,train,val,test,train,val
dataT/healthy/healthy_1409.jpg,0,0,dataT/healthy/healthy_1409.jpg,a4a0e5c2941f57cf6b0d50655b90bb15,daea19126fbc9704,1080,1080,cache_256/dataT/healthy/healthy_1409.png,1080x1080,A,232,236,train,train,test,train,train,train,val,test,train,train,train,val,test,train,val
dataT/healthy/healthy_1410.jpg,0,0,dataT/healthy/healthy_1410.jpg,80668513fe1e2b599e893d47d7e03792,f8e8062f2b1b515e,1080,1080,cache_256/dataT/healthy/healthy_1410.png,1080x1080,A,232,237,train,train,test,train,train,train,val,test,train,train,train,val,test,train,val
dataT/healthy/healthy_1411.jpg,0,0,dataT/healthy/healthy_1411.jpg,b788f9483bb73eca6f79e80fafb7f6c7,ce99a46722e672b4,1080,1080,cache_256/dataT/healthy/healthy_1411.png,1080x1080,A,238,238,train,val,train,test,val,test,train,train,train,train,train,val,test,train,train
dataT/healthy/healthy_1412.jpg,0,0,dataT/healthy/healthy_1412.jpg,26875d3afaad383a3c5f817dab5a4327,c840a777b341f8cd,1080,1080,cache_256/dataT/healthy/healthy_1412.png,1080x1080,A,239,239,test,train,train,train,train,train,train,train,test,val,test,train,val,train,train
dataT/healthy/healthy_1413.jpg,0,0,dataT/healthy/healthy_1413.jpg,4a5d9e2d1b5ac978ce3f1a86b68b35b8,c8d91646d28dcbbc,1080,1080,cache_256/dataT/healthy/healthy_1413.png,1080x1080,A,238,240,train,val,train,test,val,test,train,train,train,train,train,val,test,train,train
dataT/healthy/healthy_1414.jpg,0,0,dataT/healthy/healthy_1414.jpg,acf6053506013bc74066743b5639c767,f66c19b7975248c8,1080,1080,cache_256/dataT/healthy/healthy_1414.png,1080x1080,A,241,241,train,train,train,train,test,train,test,train,train,train,train,train,train,test,train
dataT/healthy/healthy_1415.jpg,0,0,dataT/healthy/healthy_1415.jpg,c1f134839a5204e5a7824f0b5bf80c86,cc610237b589afae,1080,1080,cache_256/dataT/healthy/healthy_1415.png,1080x1080,A,238,242,train,val,train,test,val,test,train,train,train,train,train,val,test,train,train
dataT/healthy/healthy_1416.jpg,0,0,dataT/healthy/healthy_1416.jpg,d5b7d7e91e737b38d41cba87ab1aca36,b8ccc33329e305fc,1080,1080,cache_256/dataT/healthy/healthy_1416.png,1080x1080,A,972,243,train,val,train,val,test,train,train,train,train,test,test,train,train,train,train
dataT/healthy/healthy_1417.jpg,0,0,dataT/healthy/healthy_1417.jpg,3f187900561a4d4f2fc3318936819f73,9e1c1c7721e827b9,1080,1080,cache_256/dataT/healthy/healthy_1417.png,1080x1080,A,972,244,train,val,train,val,test,train,train,train,train,test,test,train,train,train,train
dataT/healthy/healthy_1418.jpg,0,0,dataT/healthy/healthy_1418.jpg,85f94413701570660856d249a60640f5,e51637e349c131d9,1080,1080,cache_256/dataT/healthy/healthy_1418.png,1080x1080,A,245,245,train,test,train,val,train,train,train,train,test,train,train,train,train,train,test
dataT/healthy/healthy_1419.jpg,0,0,dataT/healthy/healthy_1419.jpg,8d96237aedc42ce61a2337620edaa2a6,b07147e37389c64e,1080,1080,cache_256/dataT/healthy/healthy_1419.png,1080x1080,A,245,246,train,test,train,val,train,train,train,train,test,train,train,train,train,train,test
dataT/healthy/healthy_1420.jpg,0,0,dataT/healthy/healthy_1420.jpg,43e7e5ce6ae042a09d6b61cb718ae924,dcbe313332206bab,1080,1080,cache_256/dataT/healthy/healthy_1420.png,1080x1080,A,972,247,train,val,train,val,test,train,train,train,train,test,test,train,train,train,train
dataT/healthy/healthy_1421.jpg,0,0,dataT/healthy/healthy_1421.jpg,5ff9399f26f443594b883b2aa5a4bec2,cdb43d85f31886c3,1080,1080,cache_256/dataT/healthy/healthy_1421.png,1080x1080,A,248,248,train,train,train,train,test,train,train,test,train,train,val,train,test,train,train
dataT/healthy/healthy_1422.jpg,0,0,dataT/healthy/healthy_1422.jpg,2ff547949d6976ab3dda457a280521f0,98b10d6bfa5231b6,1080,1080,cache_256/dataT/healthy/healthy_1422.png,1080x1080,A,249,249,train,val,train,test,train,val,test,val,train,train,test,train,val,train,train
dataT/healthy/healthy_1423.jpg,0,0,dataT/healthy/healthy_1423.jpg,226fcb261c51c0dca7e444acbbbbd0c4,dd5a33a525a2cad8,1080,1080,cache_256/dataT/healthy/healthy_1423.png,1080x1080,A,250,250,train,train,val,test,train,val,test,train,train,train,train,train,train,val,test
dataT/healthy/healthy_1424.jpg,0,0,dataT/healthy/healthy_1424.jpg,7e454d994c8f3779c654f676e40fb7f4,dd1a334e9ad4b960,1080,1080,cache_256/dataT/healthy/healthy_1424.png,1080x1080,A,250,251,train,train,val,test,train,val,test,train,train,train,train,train,train,val,test
dataT/healthy/healthy_1425.jpg,0,0,dataT/healthy/healthy_1425.jpg,b16c8d232c7b93502f36f68ab23d82ba,dc9032723763eb92,1080,1080,cache_256/dataT/healthy/healthy_1425.png,1080x1080,A,252,252,test,train,train,train,train,test,train,train,train,train,train,train,train,train,test
dataT/healthy/healthy_1426.jpg,0,0,dataT/healthy/healthy_1426.jpg,1cf1c2247bd00d3cff473daf5b642a33,cc3cf063a44aef49,1080,1080,cache_256/dataT/healthy/healthy_1426.png,1080x1080,A,253,253,train,train,test,train,train,test,val,train,val,train,train,train,train,test,train
dataT/healthy/healthy_1427.jpg,0,0,dataT/healthy/healthy_1427.jpg,3dd9280b12f323e53291f152c65621de,c9401c1f35ab375b,1080,1080,cache_256/dataT/healthy/healthy_1427.png,1080x1080,A,254,254,train,test,val,train,train,train,train,test,train,train,val,train,train,train,test
dataT/healthy/healthy_1428.jpg,0,0,dataT/healthy/healthy_1428.jpg,9b9bfce1001ec7d31063453edc4b8b95,dc2f253613457794,1080,1080,cache_256/dataT/healthy/healthy_1428.png,1080x1080,A,254,255,train,test,val,train,train,train,train,test,train,train,val,train,train,train,test
dataT/healthy/healthy_1429.jpg,0,0,dataT/healthy/healthy_1429.jpg,601ee7517f318cd48534b2a0bbf71c97,ae0c4cf9f0336363,1080,1080,cache_256/dataT/healthy/healthy_1429.png,1080x1080,A,254,256,train,test,val,train,train,train,train,test,train,train,val,train,train,train,test
dataT/healthy/healthy_1430.jpg,0,0,dataT/healthy/healthy_1430.jpg,47cf864b2080d86bed05d12688634268,a6c65b6c297d033c,1080,1080,cache_256/dataT/healthy/healthy_1430.png,1080x1080,A,254,257,train,test,val,train,train,train,train,test,train,train,val,train,train,train,test
dataT/healthy/healthy_1431.jpg,0,0,dataT/healthy/healthy_1431.jpg,2b56778319db35578f2861962e09fb77,8f0eafa42c7c2732,1080,1080,cache_256/dataT/healthy/healthy_1431.png,1080x1080,A,254,258,train,test,val,train,train,train,train,test,train,train,val,train,train,train,test
dataT/healthy/healthy_1432.jpg,0,0,dataT/healthy/healthy_1432.jpg,cb7e61f75047bd0f9dec6f45fa9376d3,c934b613ab31732e,1080,1080,cache_256/dataT/healthy/healthy_1432.png,1080x1080,A,254,259,train,test,val,train,train,train,train,test,train,train,val,train,train,train,test
dataT/healthy/healthy_1433.jpg,0,0,dataT/healthy/healthy_1433.jpg,d30c781c7f46a0d662936e293168a8d7,cbe670e6e3c60d0c,1080,1080,cache_256/dataT/healthy/healthy_1433.png,1080x1080,A,260,260,train,train,train,train,test,train,train,test,train,train,train,val,test,train,train
dataT/healthy/healthy_1434.jpg,0,0,dataT/healthy/healthy_1434.jpg,19bcfd965ec1a8c07cac4eb8cf69e8d5,d3390e7bb0777102,1080,1080,cache_256/dataT/healthy/healthy_1434.png,1080x1080,A,254,261,train,test,val,train,train,train,train,test,train,train,val,train,train,train,test
dataT/healthy/healthy_1435.jpg,0,0,dataT/healthy/healthy_1435.jpg,fa34b34ff97b1db57f9b9b55b5c67333,d3698ce40a77e343,1080,1080,cache_256/dataT/healthy/healthy_1435.png,1080x1080,A,254,262,train,test,val,train,train,train,train,test,train,train,val,train,train,train,test
dataT/healthy/healthy_1436.jpg,0,0,dataT/healthy/healthy_1436.jpg,38ac61bbab8c1b34e94e8b1d679ce67d,c8c7333ef033c287,1080,1080,cache_256/dataT/healthy/healthy_1436.png,1080x1080,A,263,263,train,val,test,train,val,val,train,train,test,val,train,train,val,test,train
dataT/healthy/healthy_1437.jpg,0,0,dataT/healthy/healthy_1437.jpg,82860abb61d1c0a2a135d937eca9d939,8a4d7126eacea599,1080,1080,cache_256/dataT/healthy/healthy_1437.png,1080x1080,A,264,264,test,train,train,train,train,train,train,test,train,train,test,train,train,val,val
dataT/healthy/healthy_1438.jpg,0,0,dataT/healthy/healthy_1438.jpg,70971092d9bc6828c011ebb6513c8a0e,84a55c66ab2be927,1080,1080,cache_256/dataT/healthy/healthy_1438.png,1080x1080,A,254,265,train,test,val,train,train,train,train,test,train,train,val,train,train,train,test
dataT/healthy/healthy_1439.jpg,0,0,dataT/healthy/healthy_1439.jpg,589d6ffff1be301b28602dea8a5d21bf,a4b688f471a0b65f,1080,1080,cache_256/dataT/healthy/healthy_1439.png,1080x1080,A,254,266,train,test,val,train,train,train,train,test,train,train,val,train,train,train,test
dataT/healthy/healthy_1440.jpg,0,0,dataT/healthy/healthy_1440.jpg,d0f7657b4b7fe53748bb0474ed4dd792,cdecec24123b837a,1080,1080,cache_256/dataT/healthy/healthy_1440.png,1080x1080,A,254,267,train,test,val,train,train,train,train,test,train,train,val,train,train,train,test
dataT/healthy/healthy_1441.jpg,0,0,dataT/healthy/healthy_1441.jpg,8621a6e34861e5f37b44e353011d11ec,99243a67b67cc453,1080,1080,cache_256/dataT/healthy/healthy_1441.png,1080x1080,A,254,268,train,test,val,train,train,train,train,test,train,train,val,train,train,train,test
dataT/healthy/healthy_1442.jpg,0,0,dataT/healthy/healthy_1442.jpg,9092103ba51fc7493c17f63b35c8a19d,9b664ba4a5398756,1080,1080,cache_256/dataT/healthy/healthy_1442.png,1080x1080,A,254,269,train,test,val,train,train,train,train,test,train,train,val,train,train,train,test
dataT/healthy/healthy_1443.jpg,0,0,dataT/healthy/healthy_1443.jpg,6357ec7e6b85c6dd17f553a1d82dd18b,9b6c146fe54a0a5b,1080,1080,cache_256/dataT/healthy/healthy_1443.png,1080x1080,A,254,270,train,test,val,train,train,train,train,test,train,train,val,train,train,train,test
dataT/healthy/healthy_1445.jpg,0,0,dataT/healthy/healthy_1445.jpg,66420319fd54d4f3ec61715e37db64b6,8c1eb170b73ae227,1080,1080,cache_256/dataT/healthy/healthy_1445.png,1080x1080,A,254,271,train,test,val,train,train,train,train,test,train,train,val,train,train,train,test
dataT/healthy/healthy_1446.jpg,0,0,dataT/healthy/healthy_1446.jpg,31f3c55bba63930b5be7b2cedf63e6c1,93f99d4638865ad2,1080,1080,cache_256/dataT/healthy/healthy_1446.png,1080x1080,A,254,272,train,test,val,train,train,train,train,test,train,train,val,train,train,train,test
dataT/healthy/healthy_1447.jpg,0,0,dataT/healthy/healthy_1447.jpg,e664f142104bde894bef86083202d992,a4855b538d9d1e3c,1080,1080,cache_256/dataT/healthy/healthy_1447.png,1080x1080,A,273,273,train,test,train,train,train,val,test,train,train,train,train,train,train,train,test
dataT/healthy/healthy_1448.jpg,0,0,dataT/healthy/healthy_1448.jpg,6dbb0a385c32820c9f331155a1a8a6fd,c8d9992271e535e3,1080,1080,cache_256/dataT/healthy/healthy_1448.png,1080x1080,A,254,274,train,test,val,train,train,train,train,test,train,train,val,train,train,train,test
dataT/healthy/healthy_1449.jpg,0,0,dataT/healthy/healthy_1449.jpg,b105b04aed8bcd09b04c7567b9591c0b,98a81f75c26d0fb4,1080,1080,cache_256/dataT/healthy/healthy_1449.png,1080x1080,A,972,275,train,val,train,val,test,train,train,train,train,test,test,train,train,train,train
dataT/healthy/healthy_1450.jpg,0,0,dataT/healthy/healthy_1450.jpg,5fb87b2cd4868aef6e0f8fe13969da14,db85656be435d910,1080,1080,cache_256/dataT/healthy/healthy_1450.png,1080x1080,A,972,276,train,val,train,val,test,train,train,train,train,test,test,train,train,train,train
dataT/healthy/healthy_1451.jpg,0,0,dataT/healthy/healthy_1451.jpg,c268ddc2b8faba57977a5497463a6c46,c94d363790c8ccbe,1080,1080,cache_256/dataT/healthy/healthy_1451.png,1080x1080,A,277,277,val,train,train,val,test,train,train,train,test,train,train,train,test,train,train
dataT/healthy/healthy_1452.jpg,0,0,dataT/healthy/healthy_1452.jpg,2e7da1cc3292649eedf8a9cd205abcbf,9bd930e11e5cd329,1080,1080,cache_256/dataT/healthy/healthy_1452.png,1080x1080,A,972,278,train,val,train,val,test,train,train,train,train,test,test,train,train,train,train
dataT/healthy/healthy_1453.jpg,0,0,dataT/healthy/healthy_1453.jpg,c734559c68352b6b1e42bdde883737ee,ee30d9625554a92f,1080,1080,cache_256/dataT/healthy/healthy_1453.png,1080x1080,A,279,279,train,train,test,train,train,train,train,train,test,train,train,test,train,val,train
dataT/healthy/healthy_1454.jpg,0,0,dataT/healthy/healthy_1454.jpg,fc2af7a0af9060ad0497283d914bd8a2,b3119b7290f1d2ab,1080,1080,cache_256/dataT/healthy/healthy_1454.png,1080x1080,A,280,280,train,train,val,train,test,val,test,train,train,val,train,train,train,test,train
dataT/healthy/healthy_1455.jpg,0,0,dataT/healthy/healthy_1455.jpg,a7bfd068a2c9e524f78addfaff789b1b,d0f359d3a126cb8c,1080,1080,cache_256/dataT/healthy/healthy_1455.png,1080x1080,A,281,281,train,test,train,train,train,train,train,train,test,train,train,val,train,train,test
dataT/healthy/healthy_1456.jpg,0,0,dataT/healthy/healthy_1456.jpg,4d04ffdda74796bf37ec0449b95d8e1b,d648c9b6c94b6dc8,1080,1080,cache_256/dataT/healthy/healthy_1456.png,1080x1080,A,282,282,train,train,train,test,val,train,val,train,test,train,train,train,train,train,test
dataT/healthy/healthy_1457.jpg,0,0,dataT/healthy/healthy_1457.jpg,b396b2e9a4d259f107d61538553d64f3,b1bd8123edf8003f,1080,1080,cache_256/dataT/healthy/healthy_1457.png,1080x1080,A,283,283,train,train,train,train,test,test,train,train,train,train,test,train,train,train,train
dataT/healthy/healthy_1458.jpg,0,0,dataT/healthy/healthy_1458.jpg,218c09a53e19260558646ef98227c100,dacff5ec6a066060,1080,1080,cache_256/dataT/healthy/healthy_1458.png,1080x1080,A,281,284,train,test,train,train,train,train,train,train,test,train,train,val,train,train,test
dataT/healthy/healthy_1459.jpg,0,0,dataT/healthy/healthy_1459.jpg,3f0bc4f931b7260b563566b4cffa089d,a26ce86ea2d7d41a,1080,1080,cache_256/dataT/healthy/healthy_1459.png,1080x1080,A,285,285,train,train,train,test,train,train,train,test,train,train,train,train,test,train,train
dataT/healthy/healthy_1460.jpg,0,0,dataT/healthy/healthy_1460.jpg,1ecd657729661bc0bd675cb0e853aa39,c41733507b695f1c,1080,1080,cache_256/dataT/healthy/healthy_1460.png,1080x1080,A,286,286,test,train,train,val,train,train,test,train,val,train,train,val,train,test,train
dataT/healthy/healthy_1461.jpg,0,0,dataT/healthy/healthy_1461.jpg,47c4b1831af87497aab5f521c08389b0,e2cccd67288a72da,1080,1080,cache_256/dataT/healthy/healthy_1461.png,1080x1080,A,285,287,train,train,train,test,train,train,train,test,train,train,train,train,test,train,train
dataT/healthy/healthy_1462.jpg,0,0,dataT/healthy/healthy_1462.jpg,cb7109388f1c88cc2c5c79bc365c9a1a,8cadf5626b4f1858,1080,1080,cache_256/dataT/healthy/healthy_1462.png,1080x1080,A,288,288,train,test,val,train,train,test,train,train,train,train,train,train,train,train,test
dataT/healthy/healthy_1463.jpg,0,0,dataT/healthy/healthy_1463.jpg,554e536ea8074a4eb40bbf00cc142a47,cfbe8e46e1872832,1080,1080,cache_256/dataT/healthy/healthy_1463.png,1080x1080,A,285,289,train,train,train,test,train,train,train,test,train,train,train,train,test,train,train
dataT/healthy/healthy_1464.jpg,0,0,dataT/healthy/healthy_1464.jpg,082e87967ec14bb9fc2e1d81a4b84df3,c8991fb2973eb881,1080,1080,cache_256/dataT/healthy/healthy_1464.png,1080x1080,A,285,290,train,train,train,test,train,train,train,test,train,train,train,train,test,train,train
dataT/healthy/healthy_1465.jpg,0,0,dataT/healthy/healthy_1465.jpg,b13880c5e3536dcf4af9704daa15e7bf,d9d52407639ec38e,1080,1080,cache_256/dataT/healthy/healthy_1465.png,1080x1080,A,285,291,train,train,train,test,train,train,train,test,train,train,train,train,test,train,train
dataT/healthy/healthy_1466.jpg,0,0,dataT/healthy/healthy_1466.jpg,f6895a6fdfa06e2e09c7c5eddc28abd1,dbb1eb660d296416,1080,1080,cache_256/dataT/healthy/healthy_1466.png,1080x1080,A,307,292,train,train,train,test,train,train,train,train,test,train,train,train,val,train,test
dataT/healthy/healthy_1467.jpg,0,0,dataT/healthy/healthy_1467.jpg,540c9442a154bb776300754ac081aa25,c8eaa227c9f57911,1080,1080,cache_256/dataT/healthy/healthy_1467.png,1080x1080,A,285,293,train,train,train,test,train,train,train,test,train,train,train,train,test,train,train
dataT/healthy/healthy_1468.jpg,0,0,dataT/healthy/healthy_1468.jpg,84da162eeacbfca8660c3877aaedc547,e3ba0d5b2d229359,1080,1080,cache_256/dataT/healthy/healthy_1468.png,1080x1080,A,307,294,train,train,train,test,train,train,train,train,test,train,train,train,val,train,test
dataT/healthy/healthy_1469.jpg,0,0,dataT/healthy/healthy_1469.jpg,80ab53402e26729ba5b4a299069aba6a,8639d2361b56b84f,1080,1080,cache_256/dataT/healthy/healthy_1469.png,1080x1080,A,307,295,train,train,train,test,train,train,train,train,test,train,train,train,val,train,test
dataT/healthy/healthy_1470.jpg,0,0,dataT/healthy/healthy_1470.jpg,b9ddeb0e56c325705a2be1b4ac93d12b,d2489ce2f8e6c39c,1080,1080,cache_256/dataT/healthy/healthy_1470.png,1080x1080,A,296,296,train,test,train,train,train,train,train,test,train,train,train,train,test,train,train
dataT/healthy/healthy_1471.jpg,0,0,dataT/healthy/healthy_1471.jpg,7aecd1adadca7846d2dbb6c9ce0c73fc,d63bc825dd64287c,1080,1080,cache_256/dataT/healthy/healthy_1471.png,1080x1080,A,307,297,train,train,train,test,train,train,train,train,test,train,train,train,val,train,test
dataT/healthy/healthy_1472.jpg,0,0,dataT/healthy/healthy_1472.jpg,2856bc411e21abe65bc77d1c4d4ce344,9b3d017037b6a1ad,1080,1080,cache_256/dataT/healthy/healthy_1472.png,1080x1080,A,307,298,train,train,train,test,train,train,train,train,test,train,train,train,val,train,test
dataT/healthy/healthy_1473.jpg,0,0,dataT/healthy/healthy_1473.jpg,dba0c8a2efba3b91d23c7686c44a05bb,8f23f8b66912b44b,1080,1080,cache_256/dataT/healthy/healthy_1473.png,1080x1080,A,307,299,train,train,train,test,train,train,train,train,test,train,train,train,val,train,test
dataT/healthy/healthy_1474.jpg,0,0,dataT/healthy/healthy_1474.jpg,0d6dc2ce11254ce0c8f1f197a4b21241,97dab57429823a8d,1080,1080,cache_256/dataT/healthy/healthy_1474.png,1080x1080,A,307,300,train,train,train,test,train,train,train,train,test,train,train,train,val,train,test
dataT/healthy/healthy_1475.jpg,0,0,dataT/healthy/healthy_1475.jpg,d162a5df94f370f919f6c47b7d7f0d87,a266a93572b46735,1080,1080,cache_256/dataT/healthy/healthy_1475.png,1080x1080,A,307,301,train,train,train,test,train,train,train,train,test,train,train,train,val,train,test
dataT/healthy/healthy_1476.jpg,0,0,dataT/healthy/healthy_1476.jpg,413a75caebc7fb15dac47f8f951a8301,d9a6ea3656559382,1080,1080,cache_256/dataT/healthy/healthy_1476.png,1080x1080,A,307,302,train,train,train,test,train,train,train,train,test,train,train,train,val,train,test
dataT/healthy/healthy_1477.jpg,0,0,dataT/healthy/healthy_1477.jpg,fe9bf659634cdb0c5493fef2f7c83b81,c42f70e30be007fd,1080,1080,cache_256/dataT/healthy/healthy_1477.png,1080x1080,A,307,303,train,train,train,test,train,train,train,train,test,train,train,train,val,train,test
dataT/healthy/healthy_1478.jpg,0,0,dataT/healthy/healthy_1478.jpg,b6ad1bb708f311efb5b9e2e9d10c267e,c3e0ec0236f772b2,1080,1080,cache_256/dataT/healthy/healthy_1478.png,1080x1080,A,307,304,train,train,train,test,train,train,train,train,test,train,train,train,val,train,test
dataT/healthy/healthy_1479.jpg,0,0,dataT/healthy/healthy_1479.jpg,7ef2a3a448a6b1928375d5d01940dbbc,a66b4923b59256b9,1080,1080,cache_256/dataT/healthy/healthy_1479.png,1080x1080,A,307,305,train,train,train,test,train,train,train,train,test,train,train,train,val,train,test
dataT/healthy/healthy_1480.jpg,0,0,dataT/healthy/healthy_1480.jpg,24a9e27bbdb46e639874e1da795408e3,c3e6c6363275a18d,1080,1080,cache_256/dataT/healthy/healthy_1480.png,1080x1080,A,307,306,train,train,train,test,train,train,train,train,test,train,train,train,val,train,test
dataT/healthy/healthy_1481.jpg,0,0,dataT/healthy/healthy_1481.jpg,df32de58f0468c2cdbffd5061d050c1e,e50c1d76667666c4,1080,1080,cache_256/dataT/healthy/healthy_1481.png,1080x1080,A,307,307,train,train,train,test,train,train,train,train,test,train,train,train,val,train,test
dataT/healthy/healthy_1482.jpg,0,0,dataT/healthy/healthy_1482.jpg,538c951d8cb40c6f1839c246cdfcfe5d,dce6131d0a752db2,1080,1080,cache_256/dataT/healthy/healthy_1482.png,1080x1080,A,307,308,train,train,train,test,train,train,train,train,test,train,train,train,val,train,test
dataT/healthy/healthy_1483.jpg,0,0,dataT/healthy/healthy_1483.jpg,8b7c64a3d3ca97bd74b27f5efe1f5c48,8ecee6e9ac345292,1080,1080,cache_256/dataT/healthy/healthy_1483.png,1080x1080,A,307,309,train,train,train,test,train,train,train,train,test,train,train,train,val,train,test
dataT/healthy/healthy_1484.jpg,0,0,dataT/healthy/healthy_1484.jpg,581ac61e5166c23581e63dcfc7300580,8d5b1c39f342a66c,1080,1080,cache_256/dataT/healthy/healthy_1484.png,1080x1080,A,307,310,train,train,train,test,train,train,train,train,test,train,train,train,val,train,test
dataT/healthy/healthy_1485.jpg,0,0,dataT/healthy/healthy_1485.jpg,c3d8b51438f0ad548ab5f092fb164f8c,b2c95834e1e6b3aa,1080,1080,cache_256/dataT/healthy/healthy_1485.png,1080x1080,A,307,311,train,train,train,test,train,train,train,train,test,train,train,train,val,train,test
dataT/healthy/healthy_1486.jpg,0,0,dataT/healthy/healthy_1486.jpg,8594dd30fd3079105404a3ba54be8ebf,8ac4c527b53732b3,1080,1080,cache_256/dataT/healthy/healthy_1486.png,1080x1080,A,307,312,train,train,train,test,train,train,train,train,test,train,train,train,val,train,test
dataT/healthy/healthy_1487.jpg,0,0,dataT/healthy/healthy_1487.jpg,0123b5878f824476745fa08158c27367,9675e96e430a7293,1080,1080,cache_256/dataT/healthy/healthy_1487.png,1080x1080,A,307,313,train,train,train,test,train,train,train,train,test,train,train,train,val,train,test
dataT/healthy/healthy_1488.jpg,0,0,dataT/healthy/healthy_1488.jpg,9f8639ddadbeb5da68b17ff170483861,a6f350bb215c62f8,1080,1080,cache_256/dataT/healthy/healthy_1488.png,1080x1080,A,314,314,train,test,train,train,train,val,train,val,test,train,test,train,train,train,train
dataT/healthy/healthy_1489.jpg,0,0,dataT/healthy/healthy_1489.jpg,271155b33a75568ceb7149fed7f4d0ba,9b2748ae264d6f32,1080,1080,cache_256/dataT/healthy/healthy_1489.png,1080x1080,A,307,315,train,train,train,test,train,train,train,train,test,train,train,train,val,train,test
dataT/healthy/healthy_1490.jpg,0,0,dataT/healthy/healthy_1490.jpg,03b58dc16f157969a96cb8502429fc93,fd9fcb2236415d80,1080,1080,cache_256/dataT/healthy/healthy_1490.png,1080x1080,A,307,316,train,train,train,test,train,train,train,train,test,train,train,train,val,train,test
dataT/healthy/healthy_1491.jpg,0,0,dataT/healthy/healthy_1491.jpg,40c17b01506a63b74585f5cd928b04c9,de6d057375c70cc0,1080,1080,cache_256/dataT/healthy/healthy_1491.png,1080x1080,A,307,317,train,train,train,test,train,train,train,train,test,train,train,train,val,train,test
dataT/healthy/healthy_1492.jpg,0,0,dataT/healthy/healthy_1492.jpg,be4dd97bd21b0a836b7acc00078786a2,911999af79f8a0a3,1080,1080,cache_256/dataT/healthy/healthy_1492.png,1080x1080,A,318,318,train,train,train,train,test,train,train,train,train,test,train,train,train,test,train
dataT/healthy/healthy_1493.jpg,0,0,dataT/healthy/healthy_1493.jpg,db606e32ed9c14e5ebd78b364dca2304,86b8dc63dd6a9429,1080,1080,cache_256/dataT/healthy/healthy_1493.png,1080x1080,A,319,319,train,test,train,train,train,train,train,train,test,train,train,train,train,test,train
dataT/healthy/healthy_1494.jpg,0,0,dataT/healthy/healthy_1494.jpg,76974d87a5f7cc9f0794414ac763c541,b6cba04bed041ef4,1080,1080,cache_256/dataT/healthy/healthy_1494.png,1080x1080,A,320,320,train,train,train,train,test,train,test,train,train,train,train,val,test,val,train
dataT/healthy/healthy_1495.jpg,0,0,dataT/healthy/healthy_1495.jpg,44a3a7e8eeca32b0a7738eeb9493bd56,d3b9689024f1b2f6,1080,1080,cache_256/dataT/healthy/healthy_1495.png,1080x1080,A,318,321,train,train,train,train,test,train,train,train,train,test,train,train,train,test,train
dataT/healthy/healthy_1496.jpg,0,0,dataT/healthy/healthy_1496.jpg,2e847f3be19b8a98b38f0e4b9fa9ec48,de414868c7f70cda,1080,1080,cache_256/dataT/healthy/healthy_1496.png,1080x1080,A,322,322,train,train,train,test,val,train,train,test,val,train,train,train,train,test,train
dataT/healthy/healthy_1497.jpg,0,0,dataT/healthy/healthy_1497.jpg,9ac1eaf372b5964482ff62d7fc7b6175,d9f40d1a652476b6,1080,1080,cache_256/dataT/healthy/healthy_1497.png,1080x1080,A,323,323,train,train,train,train,test,train,test,train,train,train,train,train,train,train,test
dataT/healthy/healthy_1498.jpg,0,0,dataT/healthy/healthy_1498.jpg,70a380d993a6410627633c86d07a7e3c,ccd0365fdb0d0d25,1080,1080,cache_256/dataT/healthy/healthy_1498.png,1080x1080,A,324,324,train,test,val,train,train,train,val,train,test,train,train,train,test,train,val
dataT/healthy/healthy_1499.jpg,0,0,dataT/healthy/healthy_1499.jpg,ce8889672fe7889bc6adf397851c5b53,d66c09d1336b2937,1080,1080,cache_256/dataT/healthy/healthy_1499.png,1080x1080,A,323,325,train,train,train,train,test,train,test,train,train,train,train,train,train,train,test
dataT/healthy/healthy_15.jpg,0,0,dataT/healthy/healthy_15.jpg,2dc7484ac0df4b109a85b256de0c9cd5,c366c806ee2f3e23,1080,1080,cache_256/dataT/healthy/healthy_15.png,1080x1080,A,238,326,train,val,train,test,val,test,train,train,train,train,train,val,test,train,train
dataT/healthy/healthy_1500.jpg,0,0,dataT/healthy/healthy_1500.jpg,ea94ff0e700a5fc7d3d8bc05bf168b9d,ce219c76037f706c,1080,1080,cache_256/dataT/healthy/healthy_1500.png,1080x1080,A,307,327,train,train,train,test,train,train,train,train,test,train,train,train,val,train,test
dataT/healthy/healthy_1501.jpg,0,0,dataT/healthy/healthy_1501.jpg,db26889db4520ebf423494a62cd6b7d5,da8931b107d7067b,1080,1080,cache_256/dataT/healthy/healthy_1501.png,1080x1080,A,328,328,train,val,train,test,train,train,train,test,train,train,test,train,train,val,train
dataT/healthy/healthy_1502.jpg,0,0,dataT/healthy/healthy_1502.jpg,cd2c0940eb8be8b270ba1caa0e0a9e39,b41578e63143eb8e,1080,1080,cache_256/dataT/healthy/healthy_1502.png,1080x1080,A,307,329,train,train,train,test,train,train,train,train,test,train,train,train,val,train,test
dataT/healthy/healthy_1503.jpg,0,0,dataT/healthy/healthy_1503.jpg,d835b28d27166f152f415d906fe61d1d,9991c666666c66dc,1080,1080,cache_256/dataT/healthy/healthy_1503.png,1080x1080,A,330,330,val,train,train,test,train,val,test,train,train,train,train,train,val,train,test
dataT/healthy/healthy_1504.jpg,0,0,dataT/healthy/healthy_1504.jpg,31c2c6438359b8f32a20ad2ad1288c46,d306ce0a8cc2f5ed,1080,1080,cache_256/dataT/healthy/healthy_1504.png,1080x1080,A,307,331,train,train,train,test,train,train,train,train,test,train,train,train,val,train,test
dataT/healthy/healthy_1505.jpg,0,0,dataT/healthy/healthy_1505.jpg,fe16dff5b22e81e7557ee1b2edabaf3f,93b98d3eb43662a1,1080,1080,cache_256/dataT/healthy/healthy_1505.png,1080x1080,A,340,332,train,train,train,train,test,train,train,test,train,train,train,train,test,train,train
dataT/healthy/healthy_1506.jpg,0,0,dataT/healthy/healthy_1506.jpg,1b4619bdb6661b084d74173198aa302b,d1326c6f641f6661,1080,1080,cache_256/dataT/healthy/healthy_1506.png,1080x1080,A,340,333,train,train,train,train,test,train,train,test,train,train,train,train,test,train,train
dataT/healthy/healthy_1507.jpg,0,0,dataT/healthy/healthy_1507.jpg,5751648ede76d042b24474aeab1b5afa,81928cbe0eaf653d,1080,1080,cache_256/dataT/healthy/healthy_1507.png,1080x1080,A,340,334,train,train,train,train,test,train,train,test,train,train,train,train,test,train,train
dataT/healthy/healthy_1508.jpg,0,0,dataT/healthy/healthy_1508.jpg,80ce728ef8c8517a619a5980f2f87513,a947e93330276747,1080,1080,cache_256/dataT/healthy/healthy_1508.png,1080x1080,A,340,335,train,train,train,train,test,train,train,test,train,train,train,train,test,train,train
dataT/healthy/healthy_1509.jpg,0,0,dataT/healthy/healthy_1509.jpg,42f83886597f85d07a501beb09a99573,b3db6d262365870a,1080,1080,cache_256/dataT/healthy/healthy_1509.png,1080x1080,A,340,336,train,train,train,train,test,train,train,test,train,train,train,train,test,train,train
dataT/healthy/healthy_1510.jpg,0,0,dataT/healthy/healthy_1510.jpg,ce9d514bcac5b20dd1040af014233955,8d9cac6406f6a769,1080,1080,cache_256/dataT/healthy/healthy_1510.png,1080x1080,A,340,337,train,train,train,train,test,train,train,test,train,train,train,train,test,train,train
dataT/healthy/healthy_1511.jpg,0,0,dataT/healthy/healthy_1511.jpg,3e2331cf0e314e9374ed37cb5355c1c8,c6c60c6a2b2d3bb5,1080,1080,cache_256/dataT/healthy/healthy_1511.png,1080x1080,A,340,338,train,train,train,train,test,train,train,test,train,train,train,train,test,train,train
dataT/healthy/healthy_1512.jpg,0,0,dataT/healthy/healthy_1512.jpg,288d8da0f1aa16d6d17ad89d696773dc,cecc1d46832fd583,1080,1080,cache_256/dataT/healthy/healthy_1512.png,1080x1080,A,340,339,train,train,train,train,test,train,train,test,train,train,train,train,test,train,train
dataT/healthy/healthy_1513.jpg,0,0,dataT/healthy/healthy_1513.jpg,1d20c88a002b58457ab3f989fc682ac5,acad7d3571742126,1080,1080,cache_256/dataT/healthy/healthy_1513.png,1080x1080,A,340,340,train,train,train,train,test,train,train,test,train,train,train,train,test,train,train
dataT/healthy/healthy_1514.jpg,0,0,dataT/healthy/healthy_1514.jpg,41329668d6ccd8dc55b6aaea9205c253,dc0a22f15de56d25,1080,1080,cache_256/dataT/healthy/healthy_1514.png,1080x1080,A,340,341,train,train,train,train,test,train,train,test,train,train,train,train,test,train,train
dataT/healthy/healthy_1515.jpg,0,0,dataT/healthy/healthy_1515.jpg,1caffa4880b4d05cf5594b27098aff56,cec8746726361f83,1080,1080,cache_256/dataT/healthy/healthy_1515.png,1080x1080,A,340,342,train,train,train,train,test,train,train,test,train,train,train,train,test,train,train
dataT/healthy/healthy_1516.jpg,0,0,dataT/healthy/healthy_1516.jpg,6f5282cd8fa3f8b4cdd70efb541b452d,db8a20e77e3c3033,1080,1080,cache_256/dataT/healthy/healthy_1516.png,1080x1080,A,340,343,train,train,train,train,test,train,train,test,train,train,train,train,test,train,train
dataT/healthy/healthy_1517.jpg,0,0,dataT/healthy/healthy_1517.jpg,0623c60c8ccf66f43abb167948c3db3d,d1fb3e60f4e061c2,1080,1080,cache_256/dataT/healthy/healthy_1517.png,1080x1080,A,340,344,train,train,train,train,test,train,train,test,train,train,train,train,test,train,train
dataT/healthy/healthy_1518.jpg,0,0,dataT/healthy/healthy_1518.jpg,75455cb91f1625f2b160f56909a49f6d,8e5c493770ab57a8,1080,1080,cache_256/dataT/healthy/healthy_1518.png,1080x1080,A,345,345,test,train,train,train,train,train,train,test,train,val,test,train,val,train,train
dataT/healthy/healthy_1519.jpg,0,0,dataT/healthy/healthy_1519.jpg,7d70236fe66ea84fba8a2f81c640926c,8c4ed87b311e235d,1080,1080,cache_256/dataT/healthy/healthy_1519.png,1080x1080,A,345,346,test,train,train,train,train,train,train,test,train,val,test,train,val,train,train
dataT/healthy/healthy_1520.jpg,0,0,dataT/healthy/healthy_1520.jpg,57636055ba142c4eba8a8366a0034f8a,9e9871944bb4b36a,1080,1080,cache_256/dataT/healthy/healthy_1520.png,1080x1080,A,340,347,train,train,train,train,test,train,train,test,train,train,train,train,test,train,train
dataT/healthy/healthy_1521.jpg,0,0,dataT/healthy/healthy_1521.jpg,9c33e11ff04f7a8b516e5072af2f2552,cb5b35e1d284c999,1080,1080,cache_256/dataT/healthy/healthy_1521.png,1080x1080,A,348,348,train,val,test,train,val,train,val,test,train,train,train,test,train,train,train
dataT/healthy/healthy_1522.jpg,0,0,dataT/healthy/healthy_1522.jpg,71e69207e17f6d82f3557ff91bd3e95f,c5d4067fa126de98,1080,1080,cache_256/dataT/healthy/healthy_1522.png,1080x1080,A,349,349,train,test,train,train,train,test,train,val,val,train,train,train,train,test,train
dataT/healthy/healthy_1523.jpg,0,0,dataT/healthy/healthy_1523.jpg,784e4b1e6b9701cb2a522899442bd359,dece5a724b25a0e4,1080,1080,cache_256/dataT/healthy/healthy_1523.png,1080x1080,A,359,350,train,train,val,test,train,val,train,test,val,train,train,train,test,train,train
dataT/healthy/healthy_1524.jpg,0,0,dataT/healthy/healthy_1524.jpg,7cf1853d98b2eca784a02deea5a3bd1a,e64ad4f01ebe8c0d,1080,1080,cache_256/dataT/healthy/healthy_1524.png,1080x1080,A,359,351,train,train,val,test,train,val,train,test,val,train,train,train,test,train,train
dataT/healthy/healthy_1525.jpg,0,0,dataT/healthy/healthy_1525.jpg,f94109f374b1e202d05df54d723df4c1,9b19686062e7deac,1080,1080,cache_256/dataT/healthy/healthy_1525.png,1080x1080,A,359,352,train,train,val,test,train,val,train,test,val,train,train,train,test,train,train
dataT/healthy/healthy_1526.jpg,0,0,dataT/healthy/healthy_1526.jpg,a0093e7c137be946e613fdd4d07680f3,9e1cc33a25f572c2,1080,1080,cache_256/dataT/healthy/healthy_1526.png,1080x1080,A,359,353,train,train,val,test,train,val,train,test,val,train,train,train,test,train,train
dataT/healthy/healthy_1527.jpg,0,0,dataT/healthy/healthy_1527.jpg,f0aadefb8263e644415b692d485481e3,d5461a69781f313e,1080,1080,cache_256/dataT/healthy/healthy_1527.png,1080x1080,A,355,354,train,test,train,train,train,train,val,train,test,train,train,train,train,test,train
dataT/healthy/healthy_1528.jpg,0,0,dataT/healthy/healthy_1528.jpg,6537452ded45d701e70db9a9c97ea771,93704c2367e2a63f,1080,1080,cache_256/dataT/healthy/healthy_1528.png,1080x1080,A,355,355,train,test,train,train,train,train,val,train,test,train,train,train,train,test,train
dataT/healthy/healthy_1529.jpg,0,0,dataT/healthy/healthy_1529.jpg,d0ffe33fbf4c8a256f951e6230851892,cc86243192fbf9e1,1080,1080,cache_256/dataT/healthy/healthy_1529.png,1080x1080,A,355,356,train,test,train,train,train,train,val,train,test,train,train,train,train,test,train
dataT/healthy/healthy_1530.jpg,0,0,dataT/healthy/healthy_1530.jpg,91a16b2f3b389ff29a9a93ab90f66c93,a64d69b23685b5a9,1080,1080,cache_256/dataT/healthy/healthy_1530.png,1080x1080,A,355,357,train,test,train,train,train,train,val,train,test,train,train,train,train,test,train
dataT/healthy/healthy_1531.jpg,0,0,dataT/healthy/healthy_1531.jpg,ae7a398c321ef5dffe4d207484250b66,f660692ebc1173b2,1080,1080,cache_256/dataT/healthy/healthy_1531.png,1080x1080,A,355,358,train,test,train,train,train,train,val,train,test,train,train,train,train,test,train
dataT/healthy/healthy_1532.jpg,0,0,dataT/healthy/healthy_1532.jpg,119b54088bcd401d81f4bbe379a9eea5,ab1af322f65cc438,1080,1080,cache_256/dataT/healthy/healthy_1532.png,1080x1080,A,359,359,train,train,val,test,train,val,train,test,val,train,train,train,test,train,train
dataT/healthy/healthy_1533.jpg,0,0,dataT/healthy/healthy_1533.jpg,954221b5680b7b8f3ffbeeb7691dc2a4,9964cecac68655b9,1080,1080,cache_256/dataT/healthy/healthy_1533.png,1080x1080,A,360,360,train,train,train,train,test,train,test,train,train,train,train,val,train,test,train
dataT/healthy/healthy_1534.jpg,0,0,dataT/healthy/healthy_1534.jpg,cb3a669c096509fe016c2f677aa00300,d644d17697a4e961,1080,1080,cache_256/dataT/healthy/healthy_1534.png,1080x1080,A,359,361,train,train,val,test,train,val,train,test,val,train,train,train,test,train,train
dataT/healthy/healthy_1535.jpg,0,0,dataT/healthy/healthy_1535.jpg,f87b9f7c4bf12f78615a7fd01d959846,8fe60863d6a7a10f,1080,1080,cache_256/dataT/healthy/healthy_1535.png,1080x1080,A,359,362,train,train,val,test,train,val,train,test,val,train,train,train,test,train,train
dataT/healthy/healthy_1536.jpg,0,0,dataT/healthy/healthy_1536.jpg,8c84cdacc2147bb93b23ffd62c23dfbc,b8bd80a6978a39cb,1080,1080,cache_256/dataT/healthy/healthy_1536.png,1080x1080,A,371,363,train,test,train,train,train,train,train,train,test,train,val,train,train,test,train
dataT/healthy/healthy_1537.jpg,0,0,dataT/healthy/healthy_1537.jpg,427dd73eb671ddb2cc6f010413ea83de,8cb7b5993a210b6b,1080,1080,cache_256/dataT/healthy/healthy_1537.png,1080x1080,A,359,364,train,train,val,test,train,val,train,test,val,train,train,train,test,train,train
dataT/healthy/healthy_1538.jpg,0,0,dataT/healthy/healthy_1538.jpg,62bf9ed24c7f14d9276c68ef5435b08e,8bb9a2b5e86da11a,1080,1080,cache_256/dataT/healthy/healthy_1538.png,1080x1080,A,371,365,train,test,train,train,train,train,train,train,test,train,val,train,train,test,train
dataT/healthy/healthy_1539.jpg,0,0,dataT/healthy/healthy_1539.jpg,7176f14eee58d46bcfe1e26ce9e50980,dc0e09b2f2b60f36,1080,1080,cache_256/dataT/healthy/healthy_1539.png,1080x1080,A,366,366,test,train,train,val,train,train,train,test,train,train,train,train,train,train,test
dataT/healthy/healthy_1540.jpg,0,0,dataT/healthy/healthy_1540.jpg,c6375b57ce89ddaf7a06d2cdd616958d,c2e85079bd332da3,1080,1080,cache_256/dataT/healthy/healthy_1540.png,1080x1080,A,371,367,train,test,train,train,train,train,train,train,test,train,val,train,train,test,train
dataT/healthy/healthy_1541.jpg,0,0,dataT/healthy/healthy_1541.jpg,2c4bed3f6c5407a5dc49c6033743f59f,bcb3f3616e44624a,1080,1080,cache_256/dataT/healthy/healthy_1541.png,1080x1080,A,371,368,train,test,train,train,train,train,train,train,test,train,val,train,train,test,train
dataT/healthy/healthy_1542.jpg,0,0,dataT/healthy/healthy_1542.jpg,eecade1837ed74a9be48e445c09ddad8,ecfe3df2a051a218,1080,1080,cache_256/dataT/healthy/healthy_1542.png,1080x1080,A,371,369,train,test,train,train,train,train,train,train,test,train,val,train,train,test,train
dataT/healthy/healthy_1543.jpg,0,0,dataT/healthy/healthy_1543.jpg,8ade02c31e6c997d14c0675bd992a35e,d3eaed3606711239,1080,1080,cache_256/dataT/healthy/healthy_1543.png,1080x1080,A,371,370,train,test,train,train,train,train,train,train,test,train,val,train,train,test,train
dataT/healthy/healthy_1544.jpg,0,0,dataT/healthy/healthy_1544.jpg,b85d815d8e18dde8b58faddaa024bef1,ede6a0f2531d15a1,1080,1080,cache_256/dataT/healthy/healthy_1544.png,1080x1080,A,371,371,train,test,train,train,train,train,train,train,test,train,val,train,train,test,train
dataT/healthy/healthy_1545.jpg,0,0,dataT/healthy/healthy_1545.jpg,71d277efe5754bb59ea3faa98bde20af,ea0a1c25f5736333,1080,1080,cache_256/dataT/healthy/healthy_1545.png,1080x1080,A,371,372,train,test,train,train,train,train,train,train,test,train,val,train,train,test,train
dataT/healthy/healthy_1546.jpg,0,0,dataT/healthy/healthy_1546.jpg,ae5eb17c04ae66ef8c7f9f732fedbe40,8da66d607229d3d3,1080,1080,cache_256/dataT/healthy/healthy_1546.png,1080x1080,A,371,373,train,test,train,train,train,train,train,train,test,train,val,train,train,test,train
dataT/healthy/healthy_1547.jpg,0,0,dataT/healthy/healthy_1547.jpg,8e71554649ff903c4c211f184191941e,eaeab373510d3d40,1080,1080,cache_256/dataT/healthy/healthy_1547.png,1080x1080,A,374,374,train,train,train,train,test,test,train,train,train,train,train,train,train,train,test
dataT/healthy/healthy_1548.jpg,0,0,dataT/healthy/healthy_1548.jpg,b105c870f7a62ffe9934e5866e41159d,e269a9a7170237b3,1080,1080,cache_256/dataT/healthy/healthy_1548.png,1080x1080,A,371,375,train,test,train,train,train,train,train,train,test,train,val,train,train,test,train
dataT/healthy/healthy_1549.jpg,0,0,dataT/healthy/healthy_1549.jpg,2b9661ece7e499cb002e34a0ee4cc96d,cacd993c1d8292f6,1080,1080,cache_256/dataT/healthy/healthy_1549.png,1080x1080,A,371,376,train,test,train,train,train,train,train,train,test,train,val,train,train,test,train
dataT/healthy/healthy_1550.jpg,0,0,dataT/healthy/healthy_1550.jpg,da5ab99bef5df69c99b1b0e1dde5ec26,edc49373725204ed,1080,1080,cache_256/dataT/healthy/healthy_1550.png,1080x1080,A,380,377,train,train,val,test,val,train,test,train,train,train,train,test,train,val,train
dataT/healthy/healthy_1551.jpg,0,0,dataT/healthy/healthy_1551.jpg,9dd34f1dd46cc63bac2f57b5c818cb2b,c9ce06326ca4a7bb,1080,1080,cache_256/dataT/healthy/healthy_1551.png,1080x1080,A,380,378,train,train,val,test,val,train,test,train,train,train,train,test,train,val,train
dataT/healthy/healthy_1552.jpg,0,0,dataT/healthy/healthy_1552.jpg,cc2c6b593bcd502f0747a5608eea9f0e,dcf13139a8ed12ca,1080,1080,cache_256/dataT/healthy/healthy_1552.png,1080x1080,A,380,379,train,train,val,test,val,train,test,train,train,train,train,test,train,val,train
dataT/healthy/healthy_1553.jpg,0,0,dataT/healthy/healthy_1553.jpg,1d24c52d3b128c4709ed0b960d937c3b,efb058774b465458,1080,1080,cache_256/dataT/healthy/healthy_1553.png,1080x1080,A,380,380,train,train,val,test,val,train,test,train,train,train,train,test,train,val,train
dataT/healthy/healthy_1554.jpg,0,0,dataT/healthy/healthy_1554.jpg,82d4fa7382e55753f5087460898ec915,f24d1f6200b3be72,1080,1080,cache_256/dataT/healthy/healthy_1554.png,1080x1080,A,380,381,train,train,val,test,val,train,test,train,train,train,train,test,train,val,train
dataT/healthy/healthy_1555.jpg,0,0,dataT/healthy/healthy_1555.jpg,c8ed3194b5144b7734beb5a4b714a951,df5ab01cc4232d6b,1080,1080,cache_256/dataT/healthy/healthy_1555.png,1080x1080,A,382,382,train,train,train,train,test,train,train,train,test,train,train,train,val,test,train
dataT/healthy/healthy_1556.jpg,0,0,dataT/healthy/healthy_1556.jpg,8fbc45dbff497d084b6d51d207d2fd4b,8aaa356c63621ef9,1080,1080,cache_256/dataT/healthy/healthy_1556.png,1080x1080,A,383,383,train,val,train,test,train,train,train,test,train,train,train,test,train,train,train
dataT/healthy/healthy_1557.jpg,0,0,dataT/healthy/healthy_1557.jpg,45d9947ab8ffec942f94a2daf5de57f9,9b29246cb676931d,1080,1080,cache_256/dataT/healthy/healthy_1557.png,1080x1080,A,388,384,val,test,train,train,train,train,val,train,test,train,train,train,test,train,train
dataT/healthy/healthy_1558.jpg,0,0,dataT/healthy/healthy_1558.jpg,772f8ee5105561365572a6471338e7b0,eb9f543562e1c306,1080,1080,cache_256/dataT/healthy/healthy_1558.png,1080x1080,A,388,385,val,test,train,train,train,train,val,train,test,train,train,train,test,train,train
dataT/healthy/healthy_1559.jpg,0,0,dataT/healthy/healthy_1559.jpg,2948a382c57725e7ae545b0135916faf,b78e4d6b64aa904b,1080,1080,cache_256/dataT/healthy/healthy_1559.png,1080x1080,A,388,386,val,test,train,train,train,train,val,train,test,train,train,train,test,train,train
dataT/healthy/healthy_1560.jpg,0,0,dataT/healthy/healthy_1560.jpg,f6350ef8f4189b8dfb6fef697385627d,9ec96576669d181a,1080,1080,cache_256/dataT/healthy/healthy_1560.png,1080x1080,A,388,387,val,test,train,train,train,train,val,train,test,train,train,train,test,train,train
dataT/healthy/healthy_1561.jpg,0,0,dataT/healthy/healthy_1561.jpg,9452f69ebf94503f4ad360667d8b1f6e,b3bddc849c4a1cac,1080,1080,cache_256/dataT/healthy/healthy_1561.png,1080x1080,A,388,388,val,test,train,train,train,train,val,train,test,train,train,train,test,train,train
dataT/healthy/healthy_1562.jpg,0,0,dataT/healthy/healthy_1562.jpg,9fa71a3e2c87f72d33dd4bdc4d687490,92bddc644d68872e,1080,1080,cache_256/dataT/healthy/healthy_1562.png,1080x1080,A,388,389,val,test,train,train,train,train,val,train,test,train,train,train,test,train,train
dataT/healthy/healthy_1563.jpg,0,0,dataT/healthy/healthy_1563.jpg,23307679d5fea84e46cf5d6b33f8a762,f790bd701867e960,1080,1080,cache_256/dataT/healthy/healthy_1563.png,1080x1080,A,388,390,val,test,train,train,train,train,val,train,test,train,train,train,test,train,train
dataT/healthy/healthy_1564.jpg,0,0,dataT/healthy/healthy_1564.jpg,84c7fdf5f65ff504bd619962ca582ccc,ca3755255c306d7a,1080,1080,cache_256/dataT/healthy/healthy_1564.png,1080x1080,A,388,391,val,test,train,train,train,train,val,train,test,train,train,train,test,train,train
dataT/healthy/healthy_1565.jpg,0,0,dataT/healthy/healthy_1565.jpg,14ecd0af3269375648fecf5ab8558a3f,f6604ca7b4a2f38a,1080,1080,cache_256/dataT/healthy/healthy_1565.png,1080x1080,A,388,392,val,test,train,train,train,train,val,train,test,train,train,train,test,train,train
dataT/healthy/healthy_1566.jpg,0,0,dataT/healthy/healthy_1566.jpg,854f0190a3f16f1452441e7c508204b8,8bf1465b465627ac,1080,1080,cache_256/dataT/healthy/healthy_1566.png,1080x1080,A,388,393,val,test,train,train,train,train,val,train,test,train,train,train,test,train,train
dataT/healthy/healthy_1567.jpg,0,0,dataT/healthy/healthy_1567.jpg,a6c49227513cbd8bf1bcdcf5eaef0bc6,ff1218f66bec0740,1080,1080,cache_256/dataT/healthy/healthy_1567.png,1080x1080,A,388,394,val,test,train,train,train,train,val,train,test,train,train,train,test,train,train
dataT/healthy/healthy_1568.jpg,0,0,dataT/healthy/healthy_1568.jpg,624519b182dce005c09f02b3b1078fc2,b9b88c074ac8fa3d,1080,1080,cache_256/dataT/healthy/healthy_1568.png,1080x1080,A,388,395,val,test,train,train,train,train,val,train,test,train,train,train,test,train,train
dataT/healthy/healthy_1569.jpg,0,0,dataT/healthy/healthy_1569.jpg,4708c8a1963f5dc42e97281abc312174,cc811232ed7f522f,1080,1080,cache_256/dataT/healthy/healthy_1569.png,1080x1080,A,396,396,train,train,train,test,train,train,test,train,train,train,train,train,test,train,train
dataT/healthy/healthy_1570.jpg,0,0,dataT/healthy/healthy_1570.jpg,2e2103ae0556278eb3ac5dfba0788b98,e61c9871134b5eea,1080,1080,cache_256/dataT/healthy/healthy_1570.png,1080x1080,A,397,397,train,train,train,train,test,val,train,test,train,train,test,train,train,train,train
dataT/healthy/healthy_1571.jpg,0,0,dataT/healthy/healthy_1571.jpg,f41fbe835f5275aaa1f7c23795915347,f36e4d7078142f16,1080,1080,cache_256/dataT/healthy/healthy_1571.png,1080x1080,A,398,398,train,train,train,train,test,train,train,val,train,test,train,train,train,test,train
dataT/healthy/healthy_1572.jpg,0,0,dataT/healthy/healthy_1572.jpg,d96e6164101c7ba264da56e22b85ae82,cc4f3b303337f0e0,1080,1080,cache_256/dataT/healthy/healthy_1572.png,1080x1080,A,254,399,train,test,val,train,train,train,train,test,train,train,val,train,train,train,test
dataT/healthy/healthy_1573.jpg,0,0,dataT/healthy/healthy_1573.jpg,ab9f37d66b597a72ff31637d74629f42,d12cd93a706567e4,1080,1080,cache_256/dataT/healthy/healthy_1573.png,1080x1080,A,323,400,train,train,train,train,test,train,test,train,train,train,train,train,train,train,test
dataT/healthy/healthy_1574.jpg,0,0,dataT/healthy/healthy_1574.jpg,7beb4e41c096b5a3d69a5959a9495b97,dbed2663649898e1,1080,1080,cache_256/dataT/healthy/healthy_1574.png,1080x1080,A,388,401,val,test,train,train,train,train,val,train,test,train,train,train,test,train,train
dataT/healthy/healthy_1575.jpg,0,0,dataT/healthy/healthy_1575.jpg,b962a45c433cf4ccf90e17bb2e9c6f62,ccf81a663706133f,1080,1080,cache_256/dataT/healthy/healthy_1575.png,1080x1080,A,402,402,train,test,train,train,train,train,train,train,val,test,train,train,train,test,train
dataT/healthy/healthy_1576.jpg,0,0,dataT/healthy/healthy_1576.jpg,c47558134c27582bbdf62b88c21d56d3,f8f8b43496a6a82e,1080,1080,cache_256/dataT/healthy/healthy_1576.png,1080x1080,A,402,403,train,test,train,train,train,train,train,train,val,test,train,train,train,test,train
dataT/healthy/healthy_1577.jpg,0,0,dataT/healthy/healthy_1577.jpg,fbc329cc8308292a552b96d1175ba9b8,96da397525167474,1080,1080,cache_256/dataT/healthy/healthy_1577.png,1080x1080,A,404,404,test,train,train,train,train,train,test,train,train,train,train,train,val,val,test
dataT/healthy/healthy_1578.jpg,0,0,dataT/healthy/healthy_1578.jpg,555728891cc6e2b6b68288fdef1a4324,cedd1c0c3c3263e3,1080,1080,cache_256/dataT/healthy/healthy_1578.png,1080x1080,A,404,405,test,train,train,train,train,train,test,train,train,train,train,train,val,val,test
dataT/healthy/healthy_1579.jpg,0,0,dataT/healthy/healthy_1579.jpg,9ce81d998fe281f82676057ba78d5c63,9b6d65e26499087b,1080,1080,cache_256/dataT/healthy/healthy_1579.png,1080x1080,A,972,406,train,val,train,val,test,train,train,train,train,test,test,train,train,train,train
dataT/healthy/healthy_1580.jpg,0,0,dataT/healthy/healthy_1580.jpg,4ccdaf81b4879a30ad4cb9cbcae43064,cd063a7252f49dcc,1080,1080,cache_256/dataT/healthy/healthy_1580.png,1080x1080,A,972,407,train,val,train,val,test,train,train,train,train,test,test,train,train,train,train
dataT/healthy/healthy_1581.jpg,0,0,dataT/healthy/healthy_1581.jpg,64b6e509a16bd83207752d3f1d2efb2d,e9ed9373248c1c5a,1080,1080,cache_256/dataT/healthy/healthy_1581.png,1080x1080,A,972,408,train,val,train,val,test,train,train,train,train,test,test,train,train,train,train
dataT/healthy/healthy_1582.jpg,0,0,dataT/healthy/healthy_1582.jpg,89641c64f20a8ac680ff636973109925,e96a3cf7930441f2,1080,1080,cache_256/dataT/healthy/healthy_1582.png,1080x1080,A,972,409,train,val,train,val,test,train,train,train,train,test,test,train,train,train,train
dataT/healthy/healthy_16.jpg,0,0,dataT/healthy/healthy_16.jpg,520ba493faa0d8da73e20e83507f228b,96fbd970e0a1c343,1080,1080,cache_256/dataT/healthy/healthy_16.png,1080x1080,A,238,410,train,val,train,test,val,test,train,train,train,train,train,val,test,train,train
dataT/healthy/healthy_1631.jpg,0,0,dataT/healthy/healthy_1631.jpg,332062b31cdbef6b1f4500eeb80426d7,99a4725b14dbfa14,1080,1080,cache_256/dataT/healthy/healthy_1631.png,1080x1080,A,411,411,train,test,train,train,train,train,train,train,test,train,train,train,test,train,val
dataT/healthy/healthy_1632.jpg,0,0,dataT/healthy/healthy_1632.jpg,56561761df76ec325099978022cea8a7,cdd330001ecfba76,1080,1080,cache_256/dataT/healthy/healthy_1632.png,1080x1080,A,412,412,train,train,train,test,train,train,test,train,train,train,train,train,test,val,train
dataT/healthy/healthy_1633.jpg,0,0,dataT/healthy/healthy_1633.jpg,dd44e17aaef3fa9072ecb4468003b83a,ddd831666c85983b,1080,1080,cache_256/dataT/healthy/healthy_1633.png,1080x1080,A,421,413,val,train,train,val,test,train,train,test,train,train,val,train,train,train,test
dataT/healthy/healthy_1634.jpg,0,0,dataT/healthy/healthy_1634.jpg,9e1fa3eefa17cc399ae31e311cb0b80c,fe3241635d44a8bd,1080,1080,cache_256/dataT/healthy/healthy_1634.png,1080x1080,A,421,414,val,train,train,val,test,train,train,test,train,train,val,train,train,train,test
dataT/healthy/healthy_1635.jpg,0,0,dataT/healthy/healthy_1635.jpg,aba010a06f20805ec9150c2321e356ac,c5739c181b955b87,1080,1080,cache_256/dataT/healthy/healthy_1635.png,1080x1080,A,421,415,val,train,train,val,test,train,train,test,train,train,val,train,train,train,test
dataT/healthy/healthy_1636.jpg,0,0,dataT/healthy/healthy_1636.jpg,69b98c9312786d527665c2b28fb79705,d62d086374f2fd88,1080,1080,cache_256/dataT/healthy/healthy_1636.png,1080x1080,A,421,416,val,train,train,val,test,train,train,test,train,train,val,train,train,train,test
dataT/healthy/healthy_1637.jpg,0,0,dataT/healthy/healthy_1637.jpg,df5a299af641d53ded22ee7419388acc,f35ec9e50662c8c5,1080,1080,cache_256/dataT/healthy/healthy_1637.png,1080x1080,A,421,417,val,train,train,val,test,train,train,test,train,train,val,train,train,train,test
dataT/healthy/healthy_1638.jpg,0,0,dataT/healthy/healthy_1638.jpg,57b77d7b41d228a091b5d43c534c6d09,963adc436ee40ee4,1080,1080,cache_256/dataT/healthy/healthy_1638.png,1080x1080,A,421,418,val,train,train,val,test,train,train,test,train,train,val,train,train,train,test
dataT/healthy/healthy_1639.jpg,0,0,dataT/healthy/healthy_1639.jpg,4faa6fa7f4bb5276bef2d1bfbb5c8eaf,dcd298b25aff2901,1080,1080,cache_256/dataT/healthy/healthy_1639.png,1080x1080,A,419,419,test,train,train,train,val,train,train,train,train,test,train,val,train,test,train
dataT/healthy/healthy_1640.jpg,0,0,dataT/healthy/healthy_1640.jpg,9df54c0b490950d6a134e579f8730fac,999f96320dd8e50e,1080,1080,cache_256/dataT/healthy/healthy_1640.png,1080x1080,A,420,420,train,train,val,test,train,test,val,train,train,train,train,train,train,train,test
dataT/healthy/healthy_1641.jpg,0,0,dataT/healthy/healthy_1641.jpg,4dff53a7565e645c8ddab7a7da491938,e539dab099ab8199,1080,1080,cache_256/dataT/healthy/healthy_1641.png,1080x1080,A,421,421,val,train,train,val,test,train,train,test,train,train,val,train,train,train,test
dataT/healthy/healthy_1642.jpg,0,0,dataT/healthy/healthy_1642.jpg,6fbf8d2d6dd9c50f9a84008a0a940c1e,dcac3422cd9a3f07,1080,1080,cache_256/dataT/healthy/healthy_1642.png,1080x1080,A,420,422,train,train,val,test,train,test,val,train,train,train,train,train,train,train,test
dataT/healthy/healthy_1643.jpg,0,0,dataT/healthy/healthy_1643.jpg,6b1f328dac9dc32a3d63567302cdb2d5,d4c7242626426fef,1080,1080,cache_256/dataT/healthy/healthy_1643.png,1080x1080,A,420,423,train,train,val,test,train,test,val,train,train,train,train,train,train,train,test
dataT/healthy/healthy_1644.jpg,0,0,dataT/healthy/healthy_1644.jpg,c106edd1fed4b469cc0dba443c0b77f8,9cb1d722caa61b96,1080,1080,cache_256/dataT/healthy/healthy_1644.png,1080x1080,A,420,424,train,train,val,test,train,test,val,train,train,train,train,train,train,train,test
dataT/healthy/healthy_1645.jpg,0,0,dataT/healthy/healthy_1645.jpg,6c8f146d0c3c82db982fee3043883f62,88f973670d0c1cdd,1080,1080,cache_256/dataT/healthy/healthy_1645.png,1080x1080,A,421,425,val,train,train,val,test,train,train,test,train,train,val,train,train,train,test
dataT/healthy/healthy_1646.jpg,0,0,dataT/healthy/healthy_1646.jpg,b5a5af81db4ef496681cfea20388714c,8e61b53315d1d74a,1080,1080,cache_256/dataT/healthy/healthy_1646.png,1080x1080,A,426,426,train,train,train,test,train,train,val,train,test,train,train,train,test,val,train
dataT/healthy/healthy_1647.jpg,0,0,dataT/healthy/healthy_1647.jpg,8c022b9e0d2a1fd0beab94f11f97a86d,b613993f1d8f3091,1080,1080,cache_256/dataT/healthy/healthy_1647.png,1080x1080,A,420,427,train,train,val,test,train,test,val,train,train,train,train,train,train,train,test
dataT/healthy/healthy_1648.jpg,0,0,dataT/healthy/healthy_1648.jpg,e922707bdcb2870a44a869cdec1728e9,ce1c98e6731af2c8,1080,1080,cache_256/dataT/healthy/healthy_1648.png,1080x1080,A,421,428,val,train,train,val,test,train,train,test,train,train,val,train,train,train,test
dataT/healthy/healthy_1649.jpg,0,0,dataT/healthy/healthy_1649.jpg,863af25064236b360562f918ab77bff4,ad4878f63363a3a8,1080,1080,cache_256/dataT/healthy/healthy_1649.png,1080x1080,A,421,429,val,train,train,val,test,train,train,test,train,train,val,train,train,train,test
dataT/healthy/healthy_1650.jpg,0,0,dataT/healthy/healthy_1650.jpg,3fad01e9ad5341c5f9cdf46ffb30d6cd,a4a39c3df3393950,1080,1080,cache_256/dataT/healthy/healthy_1650.png,1080x1080,A,421,430,val,train,train,val,test,train,train,test,train,train,val,train,train,train,test
dataT/healthy/healthy_1651.jpg,0,0,dataT/healthy/healthy_1651.jpg,2353bb02b53789f402fc64dca534e0c1,9b935953a8bb8b90,1080,1080,cache_256/dataT/healthy/healthy_1651.png,1080x1080,A,421,431,val,train,train,val,test,train,train,test,train,train,val,train,train,train,test
dataT/healthy/healthy_1652.jpg,0,0,dataT/healthy/healthy_1652.jpg,e228abf76ae96adb21bb2ab828108c24,c5e41cc3a741d0bf,1080,1080,cache_256/dataT/healthy/healthy_1652.png,1080x1080,A,421,432,val,train,train,val,test,train,train,test,train,train,val,train,train,train,test
dataT/healthy/healthy_1653.jpg,0,0,dataT/healthy/healthy_1653.jpg,097766168b2a4a4d55b84e665a617d57,fdf20d11a5a0d785,1080,1080,cache_256/dataT/healthy/healthy_1653.png,1080x1080,A,421,433,val,train,train,val,test,train,train,test,train,train,val,train,train,train,test
dataT/healthy/healthy_1654.jpg,0,0,dataT/healthy/healthy_1654.jpg,848335a3e1e5eb4d40338a6a10f5a1e2,826f99a1371b52b9,1080,1080,cache_256/dataT/healthy/healthy_1654.png,1080x1080,A,421,434,val,train,train,val,test,train,train,test,train,train,val,train,train,train,test
dataT/healthy/healthy_1655.jpg,0,0,dataT/healthy/healthy_1655.jpg,e3a88c07d05f9a4ff770fea6ecb03dfa,c4f01d7d6d090f47,1080,1080,cache_256/dataT/healthy/healthy_1655.png,1080x1080,A,421,435,val,train,train,val,test,train,train,test,train,train,val,train,train,train,test
dataT/healthy/healthy_1656.jpg,0,0,dataT/healthy/healthy_1656.jpg,1931ee1880761cc7ef12e0809e863094,de91c17f602333a3,1080,1080,cache_256/dataT/healthy/healthy_1656.png,1080x1080,A,421,436,val,train,train,val,test,train,train,test,train,train,val,train,train,train,test
dataT/healthy/healthy_1657.jpg,0,0,dataT/healthy/healthy_1657.jpg,ff020a8c11df85575da82d564ff22183,c4dc6e6c3c9b1865,1080,1080,cache_256/dataT/healthy/healthy_1657.png,1080x1080,A,421,437,val,train,train,val,test,train,train,test,train,train,val,train,train,train,test
dataT/healthy/healthy_1658.jpg,0,0,dataT/healthy/healthy_1658.jpg,598077106419e349b4562c056810b824,ca1c49e3bc9e9899,1080,1080,cache_256/dataT/healthy/healthy_1658.png,1080x1080,A,421,438,val,train,train,val,test,train,train,test,train,train,val,train,train,train,test
dataT/healthy/healthy_1659.jpg,0,0,dataT/healthy/healthy_1659.jpg,3749d0256804a165b7297a7a25186795,f4dd3b2504e01ade,1080,1080,cache_256/dataT/healthy/healthy_1659.png,1080x1080,A,421,439,val,train,train,val,test,train,train,test,train,train,val,train,train,train,test
dataT/healthy/healthy_1660.jpg,0,0,dataT/healthy/healthy_1660.jpg,5859603975c3177673b9ae68306bc100,e9da1cb2700cbace,1080,1080,cache_256/dataT/healthy/healthy_1660.png,1080x1080,A,421,440,val,train,train,val,test,train,train,test,train,train,val,train,train,train,test
dataT/healthy/healthy_1661.jpg,0,0,dataT/healthy/healthy_1661.jpg,90204a34bf8a18c0fbe59ceb64cfa4f5,9abb595cb4fc4806,1080,1080,cache_256/dataT/healthy/healthy_1661.png,1080x1080,A,421,441,val,train,train,val,test,train,train,test,train,train,val,train,train,train,test
dataT/healthy/healthy_1662.jpg,0,0,dataT/healthy/healthy_1662.jpg,9096f709d0fc9775e2dd984733680bea,922de924a4737771,1080,1080,cache_256/dataT/healthy/healthy_1662.png,1080x1080,A,421,442,val,train,train,val,test,train,train,test,train,train,val,train,train,train,test
dataT/healthy/healthy_1663.jpg,0,0,dataT/healthy/healthy_1663.jpg,f6d6c6a4d391c8d494a8dbb7def5a0d0,a48b9c39713472e7,1080,1080,cache_256/dataT/healthy/healthy_1663.png,1080x1080,A,421,430,val,train,train,val,test,train,train,test,train,train,val,train,train,train,test
dataT/healthy/healthy_1664.jpg,0,0,dataT/healthy/healthy_1664.jpg,166401705bfc557ceb1c3f5bbb231930,f631b9b2e08d95a8,1080,1080,cache_256/dataT/healthy/healthy_1664.png,1080x1080,A,421,444,val,train,train,val,test,train,train,test,train,train,val,train,train,train,test
dataT/healthy/healthy_1665.jpg,0,0,dataT/healthy/healthy_1665.jpg,8f4dd146960f82d3eb757767213f0680,c9cdf93050762a3e,1080,1080,cache_256/dataT/healthy/healthy_1665.png,1080x1080,A,421,445,val,train,train,val,test,train,train,test,train,train,val,train,train,train,test
dataT/healthy/healthy_1666.jpg,0,0,dataT/healthy/healthy_1666.jpg,92c96584d2d79cf1af81829087d38033,cdf39c961f08580f,1080,1080,cache_256/dataT/healthy/healthy_1666.png,1080x1080,A,421,446,val,train,train,val,test,train,train,test,train,train,val,train,train,train,test
dataT/healthy/healthy_1667.jpg,0,0,dataT/healthy/healthy_1667.jpg,03e536b8ebcc3a32429913d2444e4c12,f3f40e7d2927a0e0,1080,1080,cache_256/dataT/healthy/healthy_1667.png,1080x1080,A,421,447,val,train,train,val,test,train,train,test,train,train,val,train,train,train,test
dataT/healthy/healthy_1668.jpg,0,0,dataT/healthy/healthy_1668.jpg,b3f9414d95c3765248e6b868ecd88d1a,b35995001eba5b7c,1080,1080,cache_256/dataT/healthy/healthy_1668.png,1080x1080,A,448,448,train,test,train,train,train,train,train,test,val,train,val,train,test,train,train
dataT/healthy/healthy_1669.jpg,0,0,dataT/healthy/healthy_1669.jpg,f9b5d6b1ac3d699527904d095de01eb5,bf9bc92651167c42,1080,1080,cache_256/dataT/healthy/healthy_1669.png,1080x1080,A,448,449,train,test,train,train,train,train,train,test,val,train,val,train,test,train,train
dataT/healthy/healthy_1670.jpg,0,0,dataT/healthy/healthy_1670.jpg,3782a9563e9707002410e07f3501c20e,b40d01323ff36ae6,1080,1080,cache_256/dataT/healthy/healthy_1670.png,1080x1080,A,448,450,train,test,train,train,train,train,train,test,val,train,val,train,test,train,train
dataT/healthy/healthy_1671.jpg,0,0,dataT/healthy/healthy_1671.jpg,b8d477ead1d35226de0fde38871c8008,ddf12689e0ee6606,1080,1080,cache_256/dataT/healthy/healthy_1671.png,1080x1080,A,448,451,train,test,train,train,train,train,train,test,val,train,val,train,test,train,train
dataT/healthy/healthy_1672.jpg,0,0,dataT/healthy/healthy_1672.jpg,89a791ade1c5f946ec9b41b41b1f0b32,b23ec96b2d75041e,1080,1080,cache_256/dataT/healthy/healthy_1672.png,1080x1080,A,448,452,train,test,train,train,train,train,train,test,val,train,val,train,test,train,train
dataT/healthy/healthy_1673.jpg,0,0,dataT/healthy/healthy_1673.jpg,ca48f88ca217b2c1278d6bc2c48a08e4,c9cc006f7f15c35a,1080,1080,cache_256/dataT/healthy/healthy_1673.png,1080x1080,A,453,453,train,test,train,train,train,val,test,train,train,train,train,train,train,test,train
dataT/healthy/healthy_1674.jpg,0,0,dataT/healthy/healthy_1674.jpg,701234db47483259636fc6ac6cb385e3,df2149f3721b5650,1080,1080,cache_256/dataT/healthy/healthy_1674.png,1080x1080,A,448,454,train,test,train,train,train,train,train,test,val,train,val,train,test,train,train
dataT/healthy/healthy_1675.jpg,0,0,dataT/healthy/healthy_1675.jpg,75933a8d4b505fa0be3fff69e7edb844,ce8304f3f6135e58,1080,1080,cache_256/dataT/healthy/healthy_1675.png,1080x1080,A,453,455,train,test,train,train,train,val,test,train,train,train,train,train,train,test,train
dataT/healthy/healthy_1676.jpg,0,0,dataT/healthy/healthy_1676.jpg,e0c65b6c4fd6442582e8dd0061c0b9b0,9d62e929a632fa1a,1080,1080,cache_256/dataT/healthy/healthy_1676.png,1080x1080,A,448,456,train,test,train,train,train,train,train,test,val,train,val,train,test,train,train
dataT/healthy/healthy_1677.jpg,0,0,dataT/healthy/healthy_1677.jpg,20e2ea4c4188b4b9cc5f3966b9932807,a490b8f2f2e360e7,1080,1080,cache_256/dataT/healthy/healthy_1677.png,1080x1080,A,448,457,train,test,train,train,train,train,train,test,val,train,val,train,test,train,train
dataT/healthy/healthy_1678.jpg,0,0,dataT/healthy/healthy_1678.jpg,2f0ac369f92f26ca744ca9083a43b205,8e6d714316e6d748,1080,1080,cache_256/dataT/healthy/healthy_1678.png,1080x1080,A,448,458,train,test,train,train,train,train,train,test,val,train,val,train,test,train,train
dataT/healthy/healthy_1679.jpg,0,0,dataT/healthy/healthy_1679.jpg,a6030855e60a2fba213419422c839e70,92354d6af4274b6a,1080,1080,cache_256/dataT/healthy/healthy_1679.png,1080x1080,A,448,459,train,test,train,train,train,train,train,test,val,train,val,train,test,train,train
dataT/healthy/healthy_17.jpg,0,0,dataT/healthy/healthy_17.jpg,997f4c2d783b6192682c587f287a15af,a69c8c656a6f44ec,1080,1080,cache_256/dataT/healthy/healthy_17.png,1080x1080,A,238,460,train,val,train,test,val,test,train,train,train,train,train,val,test,train,train
dataT/healthy/healthy_18.jpg,0,0,dataT/healthy/healthy_18.jpg,18e24557aa23f7c07927ce6b9abb22fd,f697383e35320617,1080,1080,cache_256/dataT/healthy/healthy_18.png,1080x1080,A,238,461,train,val,train,test,val,test,train,train,train,train,train,val,test,train,train
dataT/healthy/healthy_19.jpg,0,0,dataT/healthy/healthy_19.jpg,903ba83a7337347cd9f48e1a0272a1f8,a7bb582234615f78,1080,1080,cache_256/dataT/healthy/healthy_19.png,1080x1080,A,238,462,train,val,train,test,val,test,train,train,train,train,train,val,test,train,train
dataT/healthy/healthy_197.jpg,0,0,dataT/healthy/healthy_197.jpg,4cdca233d1f76000cd243c745e532f32,988c6764dc93db61,1080,1080,cache_256/dataT/healthy/healthy_197.png,1080x1080,A,238,463,train,val,train,test,val,test,train,train,train,train,train,val,test,train,train
dataT/healthy/healthy_198.jpg,0,0,dataT/healthy/healthy_198.jpg,2edb67ec5ba4a4e7344ae272cfe0168c,d982e3661e34b9b8,1080,1080,cache_256/dataT/healthy/healthy_198.png,1080x1080,A,464,464,train,train,val,train,test,train,train,train,test,train,train,test,train,train,train
dataT/healthy/healthy_199.jpg,0,0,dataT/healthy/healthy_199.jpg,f8aafa483451365de62ee169aebda403,ce8cb832718edac5,1080,1080,cache_256/dataT/healthy/healthy_199.png,1080x1080,A,238,465,train,val,train,test,val,test,train,train,train,train,train,val,test,train,train
dataT/healthy/healthy_2.jpg,0,0,dataT/healthy/healthy_2.jpg,d03dd2a907979014a10edcbb9adc1fc4,9cb8937361ce3247,1080,1080,cache_256/dataT/healthy/healthy_2.png,1080x1080,A,466,466,train,test,train,train,train,train,train,train,train,test,train,train,test,train,train
dataT/healthy/healthy_20.jpg,0,0,dataT/healthy/healthy_20.jpg,8005e5e561c5ce9657d647dbeed60f1e,f348caefcd8b2403,1080,1080,cache_256/dataT/healthy/healthy_20.png,1080x1080,A,238,467,train,val,train,test,val,test,train,train,train,train,train,val,test,train,train
dataT/healthy/healthy_200.jpg,0,0,dataT/healthy/healthy_200.jpg,29a38720689c3acca6de159cd0660646,9b48366259a6bf94,1080,1080,cache_256/dataT/healthy/healthy_200.png,1080x1080,A,468,468,test,train,train,train,train,train,train,train,train,test,train,train,val,train,test
dataT/healthy/healthy_201.jpg,0,0,dataT/healthy/healthy_201.jpg,a36780d023490a94acd9b80245761692,d6cc8d0b019db2bb,1080,1080,cache_256/dataT/healthy/healthy_201.png,1080x1080,A,238,469,train,val,train,test,val,test,train,train,train,train,train,val,test,train,train
dataT/healthy/healthy_202.jpg,0,0,dataT/healthy/healthy_202.jpg,08c5ace3cd399544c9da915d0d90a8c6,8bd863136b898fa5,1080,1080,cache_256/dataT/healthy/healthy_202.png,1080x1080,A,470,470,train,val,val,test,train,test,train,train,train,train,train,train,train,test,train
dataT/healthy/healthy_203.jpg,0,0,dataT/healthy/healthy_203.jpg,ee9ef219feff852083c1bec0a763090b,b673dbe3e1072604,1080,1080,cache_256/dataT/healthy/healthy_203.png,1080x1080,A,238,471,train,val,train,test,val,test,train,train,train,train,train,val,test,train,train
dataT/healthy/healthy_204.jpg,0,0,dataT/healthy/healthy_204.jpg,417fdaf1cd47992fcc52c5066c5283da,895a7976a44da5b2,1080,1080,cache_256/dataT/healthy/healthy_204.png,1080x1080,A,238,472,train,val,train,test,val,test,train,train,train,train,train,val,test,train,train
dataT/healthy/healthy_205.jpg,0,0,dataT/healthy/healthy_205.jpg,5b86eb9f57829f6ea4c95f9343551387,9da7323437694b15,1080,1080,cache_256/dataT/healthy/healthy_205.png,1080x1080,A,238,473,train,val,train,test,val,test,train,train,train,train,train,val,test,train,train
dataT/healthy/healthy_2052.jpg,0,0,dataT/healthy/healthy_2052.jpg,dc5d95332d5a4eb4e2f66306f9c07264,a99c27321f69e9c1,1080,1080,cache_256/dataT/healthy/healthy_2052.png,1080x1080,A,475,474,train,train,train,train,test,train,train,train,train,test,test,train,train,val,train
dataT/healthy/healthy_2053.jpg,0,0,dataT/healthy/healthy_2053.jpg,cba40a8ea46ed2a07d5fe9a564f9dc74,9c192377e6d036aa,1080,1080,cache_256/dataT/healthy/healthy_2053.png,1080x1080,A,475,475,train,train,train,train,test,train,train,train,train,test,test,train,train,val,train
dataT/healthy/healthy_2054.jpg,0,0,dataT/healthy/healthy_2054.jpg,e306759af7691edf01cbe448048a1512,cadbd03539c0c3e3,1080,1080,cache_256/dataT/healthy/healthy_2054.png,1080x1080,A,475,476,train,train,train,train,test,train,train,train,train,test,test,train,train,val,train
dataT/healthy/healthy_2055.jpg,0,0,dataT/healthy/healthy_2055.jpg,136d4f72cb490a913052381af031226f,9f89703e32727b03,1080,1080,cache_256/dataT/healthy/healthy_2055.png,1080x1080,A,475,477,train,train,train,train,test,train,train,train,train,test,test,train,train,val,train
dataT/healthy/healthy_2056.jpg,0,0,dataT/healthy/healthy_2056.jpg,e1df56bc84374a114ebeec79413133f4,f8f0e566063eec50,1080,1080,cache_256/dataT/healthy/healthy_2056.png,1080x1080,A,475,478,train,train,train,train,test,train,train,train,train,test,test,train,train,val,train
dataT/healthy/healthy_2057.jpg,0,0,dataT/healthy/healthy_2057.jpg,8dd9a9298971337f791432a1699ca7b8,98cd65767396cc90,1080,1080,cache_256/dataT/healthy/healthy_2057.png,1080x1080,A,475,479,train,train,train,train,test,train,train,train,train,test,test,train,train,val,train
dataT/healthy/healthy_2058.jpg,0,0,dataT/healthy/healthy_2058.jpg,61c287e299981fcaa201d98a09b29021,e0bcf1e2da010ef9,1080,1080,cache_256/dataT/healthy/healthy_2058.png,1080x1080,A,475,480,train,train,train,train,test,train,train,train,train,test,test,train,train,val,train
dataT/healthy/healthy_2059.jpg,0,0,dataT/healthy/healthy_2059.jpg,b109faf051bc8977418ba3022760dc94,999f4670676dd444,1080,1080,cache_256/dataT/healthy/healthy_2059.png,1080x1080,A,475,481,train,train,train,train,test,train,train,train,train,test,test,train,train,val,train
dataT/healthy/healthy_206.jpg,0,0,dataT/healthy/healthy_206.jpg,7478d23bd0e8b4203c418d8cb8a606ee,919d4c703ef730d2,1080,1080,cache_256/dataT/healthy/healthy_206.png,1080x1080,A,238,482,train,val,train,test,val,test,train,train,train,train,train,val,test,train,train
dataT/healthy/healthy_2060.jpg,0,0,dataT/healthy/healthy_2060.jpg,9de53940a656221933484a313ce930ab,8dda797872242f25,1080,1080,cache_256/dataT/healthy/healthy_2060.png,1080x1080,A,475,483,train,train,train,train,test,train,train,train,train,test,test,train,train,val,train
dataT/healthy/healthy_2061.jpg,0,0,dataT/healthy/healthy_2061.jpg,f7c847e35fc911731e6a99f90e84d651,fdc9582b69242774,1080,1080,cache_256/dataT/healthy/healthy_2061.png,1080x1080,A,484,484,train,train,train,test,val,val,train,train,val,test,train,train,train,train,test
dataT/healthy/healthy_2062.jpg,0,0,dataT/healthy/healthy_2062.jpg,81b6de49b8ebf284f8b1b0ca5ec2aba1,f8b9e13255d59505,1080,1080,cache_256/dataT/healthy/healthy_2062.png,1080x1080,A,485,485,train,train,train,val,test,train,train,train,test,train,train,train,test,train,train
dataT/healthy/healthy_2063.jpg,0,0,dataT/healthy/healthy_2063.jpg,1277238ae1796d454ef4ead9083a657c,9a1bda6207fa2d58,1080,1080,cache_256/dataT/healthy/healthy_2063.png,1080x1080,A,486,486,train,train,train,train,test,train,test,train,train,train,val,train,val,test,train
dataT/healthy/healthy_2064.jpg,0,0,dataT/healthy/healthy_2064.jpg,7f8b792fed33ce94a871f68837992aab,d61a5afae9e1090d,1080,1080,cache_256/dataT/healthy/healthy_2064.png,1080x1080,A,487,487,train,train,train,train,test,train,train,test,train,val,train,val,train,val,test
dataT/healthy/healthy_2065.jpg,0,0,dataT/healthy/healthy_2065.jpg,848b5369ddc21a9eb1e2e6d47175ab01,ec49993cc31a791b,1080,1080,cache_256/dataT/healthy/healthy_2065.png,1080x1080,A,388,488,val,test,train,train,train,train,val,train,test,train,train,train,test,train,train
dataT/healthy/healthy_2066.jpg,0,0,dataT/healthy/healthy_2066.jpg,d19304f0247f0218459a2020a164711d,bb110ba5766d2671,1080,1080,cache_256/dataT/healthy/healthy_2066.png,1080x1080,A,489,489,train,test,train,train,train,val,train,train,train,test,train,test,train,train,train
dataT/healthy/healthy_2067.jpg,0,0,dataT/healthy/healthy_2067.jpg,7c93f4f8edd7026e7608d64a6cf609f3,e20e5c4565dae3e1,1080,1080,cache_256/dataT/healthy/healthy_2067.png,1080x1080,A,388,490,val,test,train,train,train,train,val,train,test,train,train,train,test,train,train
dataT/healthy/healthy_2068.jpg,0,0,dataT/healthy/healthy_2068.jpg,746032a5d49f70dfd672f76a560925ba,ac62d874590327bf,1080,1080,cache_256/dataT/healthy/healthy_2068.png,1080x1080,A,388,491,val,test,train,train,train,train,val,train,test,train,train,train,test,train,train
dataT/healthy/healthy_2069.jpg,0,0,dataT/healthy/healthy_2069.jpg,61bd1c817bbae469dc4aca03110f052a,e7daad72a070a12b,1080,1080,cache_256/dataT/healthy/healthy_2069.png,1080x1080,A,388,492,val,test,train,train,train,train,val,train,test,train,train,train,test,train,train
dataT/healthy/healthy_207.jpg,0,0,dataT/healthy/healthy_207.jpg,dce638883a476f52c248a59d2d0ac913,99b4b3173e42accc,1080,1080,cache_256/dataT/healthy/healthy_207.png,1080x1080,A,238,493,train,val,train,test,val,test,train,train,train,train,train,val,test,train,train
dataT/healthy/healthy_2070.jpg,0,0,dataT/healthy/healthy_2070.jpg,7829f64596bd174e15bc301b9a9e5df5,8e5af064a1764ae7,1080,1080,cache_256/dataT/healthy/healthy_2070.png,1080x1080,A,388,494,val,test,train,train,train,train,val,train,test,train,train,train,test,train,train
dataT/healthy/healthy_2071.jpg,0,0,dataT/healthy/healthy_2071.jpg,f22b1612fda5d91bc02428063e51ef49,9fbdc8a7b0912338,1080,1080,cache_256/dataT/healthy/healthy_2071.png,1080x1080,A,388,495,val,test,train,train,train,train,val,train,test,train,train,train,test,train,train
dataT/healthy/healthy_2072.jpg,0,0,dataT/healthy/healthy_2072.jpg,2293469ea81bd257897bb8246d91828d,dbe69376c8d4c809,1080,1080,cache_256/dataT/healthy/healthy_2072.png,1080x1080,A,388,496,val,test,train,train,train,train,val,train,test,train,train,train,test,train,train
dataT/healthy/healthy_2073.jpg,0,0,dataT/healthy/healthy_2073.jpg,b53f89260e699a47ca4e15bf28e75e4f,c6e4b5624e8998bd,1080,1080,cache_256/dataT/healthy/healthy_2073.png,1080x1080,A,388,497,val,test,train,train,train,train,val,train,test,train,train,train,test,train,train
dataT/healthy/healthy_2074.jpg,0,0,dataT/healthy/healthy_2074.jpg,cd550a149c46000fa814ba5c1dbac05e,e6d249303da33f38,1080,1080,cache_256/dataT/healthy/healthy_2074.png,1080x1080,A,388,498,val,test,train,train,train,train,val,train,test,train,train,train,test,train,train
dataT/healthy/healthy_2075.jpg,0,0,dataT/healthy/healthy_2075.jpg,ad5f75ca1bf984957a2d7cd54d7c946c,fab8b137d1c080bb,1080,1080,cache_256/dataT/healthy/healthy_2075.png,1080x1080,A,388,499,val,test,train,train,train,train,val,train,test,train,train,train,test,train,train
dataT/healthy/healthy_2076.jpg,0,0,dataT/healthy/healthy_2076.jpg,592b3f44fca89102f4fe9a6d972cd8ff,e3a1d863357033d9,1080,1080,cache_256/dataT/healthy/healthy_2076.png,1080x1080,A,475,500,train,train,train,train,test,train,train,train,train,test,test,train,train,val,train
dataT/healthy/healthy_2077.jpg,0,0,dataT/healthy/healthy_2077.jpg,edbe5d08bd1f8cbf33f4636b2f4ed282,a9982437765663ec,1080,1080,cache_256/dataT/healthy/healthy_2077.png,1080x1080,A,475,501,train,train,train,train,test,train,train,train,train,test,test,train,train,val,train
dataT/healthy/healthy_2078.jpg,0,0,dataT/healthy/healthy_2078.jpg,c3b64ed20389c802c43f9f28b7036762,f8f00c7f547e8a42,1080,1080,cache_256/dataT/healthy/healthy_2078.png,1080x1080,A,388,502,val,test,train,train,train,train,val,train,test,train,train,train,test,train,train
dataT/healthy/healthy_2079.jpg,0,0,dataT/healthy/healthy_2079.jpg,d3a4b8b4dee053ae5dd6337944786328,ec994926c3ee8da8,1080,1080,cache_256/dataT/healthy/healthy_2079.png,1080x1080,A,388,503,val,test,train,train,train,train,val,train,test,train,train,train,test,train,train
dataT/healthy/healthy_208.jpg,0,0,dataT/healthy/healthy_208.jpg,631dcffeedf9c79fb1c3cbb30254b6d6,b24c4c7e5d350c79,1080,1080,cache_256/dataT/healthy/healthy_208.png,1080x1080,A,238,504,train,val,train,test,val,test,train,train,train,train,train,val,test,train,train
dataT/healthy/healthy_2080.jpg,0,0,dataT/healthy/healthy_2080.jpg,5d7789ad84bb6f7506490f2c1eb6aab0,a21d9c3253c3d9bc,1080,1080,cache_256/dataT/healthy/healthy_2080.png,1080x1080,A,388,505,val,test,train,train,train,train,val,train,test,train,train,train,test,train,train
dataT/healthy/healthy_2081.jpg,0,0,dataT/healthy/healthy_2081.jpg,e29f71b54ebd241e3067fffb01593ccb,cac981e2fd9e0dc1,1080,1080,cache_256/dataT/healthy/healthy_2081.png,1080x1080,A,388,506,val,test,train,train,train,train,val,train,test,train,train,train,test,train,train
dataT/healthy/healthy_2082.jpg,0,0,dataT/healthy/healthy_2082.jpg,8d98be887279518150b6c2e09af61d7f,b2d8d9a53cae620e,1080,1080,cache_256/dataT/healthy/healthy_2082.png,1080x1080,A,388,507,val,test,train,train,train,train,val,train,test,train,train,train,test,train,train
dataT/healthy/healthy_2083.jpg,0,0,dataT/healthy/healthy_2083.jpg,91bd224be1d3810812878f038be95aa8,8119c127dad7dc5a,1080,1080,cache_256/dataT/healthy/healthy_2083.png,1080x1080,A,388,508,val,test,train,train,train,train,val,train,test,train,train,train,test,train,train
dataT/healthy/healthy_2084.jpg,0,0,dataT/healthy/healthy_2084.jpg,19657a7c23564b3e5067e54cad86aeba,ccab63277e44945c,1080,1080,cache_256/dataT/healthy/healthy_2084.png,1080x1080,A,388,509,val,test,train,train,train,train,val,train,test,train,train,train,test,train,train
dataT/healthy/healthy_2085.jpg,0,0,dataT/healthy/healthy_2085.jpg,509787a707e41a6df6cef86f34882f0a,b38fc7288d11b479,1080,1080,cache_256/dataT/healthy/healthy_2085.png,1080x1080,A,388,510,val,test,train,train,train,train,val,train,test,train,train,train,test,train,train
dataT/healthy/healthy_2086.jpg,0,0,dataT/healthy/healthy_2086.jpg,355befd19ad7c7a541dc81437c259bb3,a8cc0f2747732753,1080,1080,cache_256/dataT/healthy/healthy_2086.png,1080x1080,A,388,511,val,test,train,train,train,train,val,train,test,train,train,train,test,train,train
dataT/healthy/healthy_2087.jpg,0,0,dataT/healthy/healthy_2087.jpg,d50f669b98ff3ee2216c4a4126ec0d5d,9b1dc8b3387163b4,1080,1080,cache_256/dataT/healthy/healthy_2087.png,1080x1080,A,388,512,val,test,train,train,train,train,val,train,test,train,train,train,test,train,train
dataT/healthy/healthy_2088.jpg,0,0,dataT/healthy/healthy_2088.jpg,6dce614973ea17eef7ee591911ea1a89,f2d98cf05962f868,1080,1080,cache_256/dataT/healthy/healthy_2088.png,1080x1080,A,388,513,val,test,train,train,train,train,val,train,test,train,train,train,test,train,train
dataT/healthy/healthy_2089.jpg,0,0,dataT/healthy/healthy_2089.jpg,25dd6aa46f41f84d186b9205fe6ca58c,d80d2626ff504b9b,1080,1080,cache_256/dataT/healthy/healthy_2089.png,1080x1080,A,388,514,val,test,train,train,train,train,val,train,test,train,train,train,test,train,train
dataT/healthy/healthy_209.jpg,0,0,dataT/healthy/healthy_209.jpg,541466d84646f5084e3afde63fae7c59,e2d723185e1a94fc,1080,1080,cache_256/dataT/healthy/healthy_209.png,1080x1080,A,238,515,train,val,train,test,val,test,train,train,train,train,train,val,test,train,train
dataT/healthy/healthy_2090.jpg,0,0,dataT/healthy/healthy_2090.jpg,223ffea29287b14d9c8618bd964c2066,e9cc847693f38b0a,1080,1080,cache_256/dataT/healthy/healthy_2090.png,1080x1080,A,388,516,val,test,train,train,train,train,val,train,test,train,train,train,test,train,train
dataT/healthy/healthy_2091.jpg,0,0,dataT/healthy/healthy_2091.jpg,a538720e0d330e53d2054dd545275376,9e88d95a59b1a789,1080,1080,cache_256/dataT/healthy/healthy_2091.png,1080x1080,A,388,517,val,test,train,train,train,train,val,train,test,train,train,train,test,train,train
dataT/healthy/healthy_2092.jpg,0,0,dataT/healthy/healthy_2092.jpg,c5a2d112f7ebd5a0539259c692755d62,9e8c91264dd76955,1080,1080,cache_256/dataT/healthy/healthy_2092.png,1080x1080,A,388,518,val,test,train,train,train,train,val,train,test,train,train,train,test,train,train
dataT/healthy/healthy_2093.jpg,0,0,dataT/healthy/healthy_2093.jpg,36e1187fb36d503d23ee25792241bc57,efccfd2532530311,1080,1080,cache_256/dataT/healthy/healthy_2093.png,1080x1080,A,388,519,val,test,train,train,train,train,val,train,test,train,train,train,test,train,train
dataT/healthy/healthy_2094.jpg,0,0,dataT/healthy/healthy_2094.jpg,321d386d54e39924befb8f9860f611cb,860e9363bcd46aad,1080,1080,cache_256/dataT/healthy/healthy_2094.png,1080x1080,A,388,520,val,test,train,train,train,train,val,train,test,train,train,train,test,train,train
dataT/healthy/healthy_2095.jpg,0,0,dataT/healthy/healthy_2095.jpg,cbd7046c58a05a311812d083ac9524c6,b09d26269ff083f4,1080,1080,cache_256/dataT/healthy/healthy_2095.png,1080x1080,A,388,521,val,test,train,train,train,train,val,train,test,train,train,train,test,train,train
dataT/healthy/healthy_2096.jpg,0,0,dataT/healthy/healthy_2096.jpg,9c977308ae66c8181b5e9db34c961711,cc982373a7c81dd9,1080,1080,cache_256/dataT/healthy/healthy_2096.png,1080x1080,A,388,522,val,test,train,train,train,train,val,train,test,train,train,train,test,train,train
dataT/healthy/healthy_2097.jpg,0,0,dataT/healthy/healthy_2097.jpg,745571ebe49ed37d760f0da3f3320258,a7055d731391963b,1080,1080,cache_256/dataT/healthy/healthy_2097.png,1080x1080,A,523,523,train,train,val,test,train,train,train,train,test,train,test,train,train,train,val
dataT/healthy/healthy_2098.jpg,0,0,dataT/healthy/healthy_2098.jpg,8e168fd5957ca50c13633dee406e6877,ceedd172174c828b,1080,1080,cache_256/dataT/healthy/healthy_2098.png,1080x1080,A,388,524,val,test,train,train,train,train,val,train,test,train,train,train,test,train,train
dataT/healthy/healthy_2099.jpg,0,0,dataT/healthy/healthy_2099.jpg,6b466b8900c90ddfdad147646f7dfa01,daed6665c8413d13,1080,1080,cache_256/dataT/healthy/healthy_2099.png,1080x1080,A,525,525,train,train,train,train,test,train,test,train,train,train,train,train,test,train,train
dataT/healthy/healthy_21.jpg,0,0,dataT/healthy/healthy_21.jpg,b460f94052dafc54270c76c7de6f3318,fcac06061ed14b9f,1080,1080,cache_256/dataT/healthy/healthy_21.png,1080x1080,A,238,526,train,val,train,test,val,test,train,train,train,train,train,val,test,train,train
dataT/healthy/healthy_210.jpg,0,0,dataT/healthy/healthy_210.jpg,02344aefef27d427ea2cd93cbb82e9cb,cedc1de229472725,1080,1080,cache_256/dataT/healthy/healthy_210.png,1080x1080,A,238,527,train,val,train,test,val,test,train,train,train,train,train,val,test,train,train
dataT/healthy/healthy_2100.jpg,0,0,dataT/healthy/healthy_2100.jpg,7064caf7be09280f491b167a1db3b8ce,dc981366b3cad88e,1080,1080,cache_256/dataT/healthy/healthy_2100.png,1080x1080,A,388,528,val,test,train,train,train,train,val,train,test,train,train,train,test,train,train
dataT/healthy/healthy_2101.jpg,0,0,dataT/healthy/healthy_2101.jpg,acf04f5990ed0b91202db3ba084688b6,c74ccc4979a3a3a6,1080,1080,cache_256/dataT/healthy/healthy_2101.png,1080x1080,A,388,529,val,test,train,train,train,train,val,train,test,train,train,train,test,train,train
dataT/healthy/healthy_2102.jpg,0,0,dataT/healthy/healthy_2102.jpg,d9ce98ce3dbdcaf2cc7e8397110f465c,c2c4c87c1c2e9f1f,1080,1080,cache_256/dataT/healthy/healthy_2102.png,1080x1080,A,388,530,val,test,train,train,train,train,val,train,test,train,train,train,test,train,train
dataT/healthy/healthy_2103.jpg,0,0,dataT/healthy/healthy_2103.jpg,2efceb58ea617350143d2cc00bbac6be,e9fce42623053fc8,1080,1080,cache_256/dataT/healthy/healthy_2103.png,1080x1080,A,388,531,val,test,train,train,train,train,val,train,test,train,train,train,test,train,train
dataT/healthy/healthy_2104.jpg,0,0,dataT/healthy/healthy_2104.jpg,434be7a56a2067ec4126a7cd7f817f5e,9b589c22417667d7,1080,1080,cache_256/dataT/healthy/healthy_2104.png,1080x1080,A,533,532,train,test,train,train,train,train,val,train,train,test,train,train,train,test,train
dataT/healthy/healthy_2105.jpg,0,0,dataT/healthy/healthy_2105.jpg,7381e046d9977f2060d3ff9d2c1baa2c,bf4edcb6130223c5,1080,1080,cache_256/dataT/healthy/healthy_2105.png,1080x1080,A,533,533,train,test,train,train,train,train,val,train,train,test,train,train,train,test,train
dataT/healthy/healthy_2106.jpg,0,0,dataT/healthy/healthy_2106.jpg,13146e4cde1762e870a7a67f420ed2b7,be28893054d7799b,1080,1080,cache_256/dataT/healthy/healthy_2106.png,1080x1080,A,533,534,train,test,train,train,train,train,val,train,train,test,train,train,train,test,train
dataT/healthy/healthy_2107.jpg,0,0,dataT/healthy/healthy_2107.jpg,32670064aa66544a3a74c79588d0340f,d33c8e03bcbd29c1,1080,1080,cache_256/dataT/healthy/healthy_2107.png,1080x1080,A,533,535,train,test,train,train,train,train,val,train,train,test,train,train,train,test,train
dataT/healthy/healthy_2108.jpg,0,0,dataT/healthy/healthy_2108.jpg,2bbe335633b3fbcd7fb58ce14b7abff1,a6b8dde07103a337,1080,1080,cache_256/dataT/healthy/healthy_2108.png,1080x1080,A,536,536,val,train,train,train,test,test,train,train,train,train,train,train,test,train,train
dataT/healthy/healthy_2109.jpg,0,0,dataT/healthy/healthy_2109.jpg,0a8e72ab67b3905cac08d92fd720133c,cecc3133078b99ce,1080,1080,cache_256/dataT/healthy/healthy_2109.png,1080x1080,A,537,537,train,val,train,test,val,train,val,val,test,train,train,train,train,test,val
dataT/healthy/healthy_211.jpg,0,0,dataT/healthy/healthy_211.jpg,2e9f1f44936c38be0324de0e2d33759c,db1a69e416bec01b,1080,1080,cache_256/dataT/healthy/healthy_211.png,1080x1080,A,238,538,train,val,train,test,val,test,train,train,train,train,train,val,test,train,train
dataT/healthy/healthy_2110.jpg,0,0,dataT/healthy/healthy_2110.jpg,9a7428a28e206ff413096d1201ef2d60,939316363c727e94,1080,1080,cache_256/dataT/healthy/healthy_2110.png,1080x1080,A,539,539,train,train,train,val,test,train,test,train,train,train,train,train,train,train,test
dataT/healthy/healthy_2111.jpg,0,0,dataT/healthy/healthy_2111.jpg,db61e60df27f2d8763ec2fe0bae33e55,cdc8ca22fafaf201,1080,1080,cache_256/dataT/healthy/healthy_2111.png,1080x1080,A,537,540,train,val,train,test,val,train,val,val,test,train,train,train,train,test,val
dataT/healthy/healthy_2112.jpg,0,0,dataT/healthy/healthy_2112.jpg,9b48c0bb04bcb14cabce2d2427d4f9e4,9f38d8217b02b64f,1080,1080,cache_256/dataT/healthy/healthy_2112.png,1080x1080,A,537,541,train,val,train,test,val,train,val,val,test,train,train,train,train,test,val
dataT/healthy/healthy_2113.jpg,0,0,dataT/healthy/healthy_2113.jpg,63124d221ed3639274fc819c301a545c,8e191df0a80da7be,1080,1080,cache_256/dataT/healthy/healthy_2113.png,1080x1080,A,542,542,train,train,train,test,train,test,train,train,train,train,train,test,train,val,train
dataT/healthy/healthy_2114.jpg,0,0,dataT/healthy/healthy_2114.jpg,08ea9bb554ab61c8ee04bd5777f6e27a,eccc0d7ac3139ad1,1080,1080,cache_256/dataT/healthy/healthy_2114.png,1080x1080,A,537,543,train,val,train,test,val,train,val,val,test,train,train,train,train,test,val
dataT/healthy/healthy_2115.jpg,0,0,dataT/healthy/healthy_2115.jpg,8f70491774fea22b071dde36a4dc1ca8,ec9c543943f1d88d,1080,1080,cache_256/dataT/healthy/healthy_2115.png,1080x1080,A,537,544,train,val,train,test,val,train,val,val,test,train,train,train,train,test,val
dataT/healthy/healthy_2116.jpg,0,0,dataT/healthy/healthy_2116.jpg,0ab18edf0035d86df08579c1526e4968,c36dc5a6e30ff280,1080,1080,cache_256/dataT/healthy/healthy_2116.png,1080x1080,A,537,545,train,val,train,test,val,train,val,val,test,train,train,train,train,test,val
dataT/healthy/healthy_2117.jpg,0,0,dataT/healthy/healthy_2117.jpg,e5b9ca15f7b5fac7dc725c3b9b6295da,a4c9c836b63665ae,1080,1080,cache_256/dataT/healthy/healthy_2117.png,1080x1080,A,537,546,train,val,train,test,val,train,val,val,test,train,train,train,train,test,val
dataT/healthy/healthy_2118.jpg,0,0,dataT/healthy/healthy_2118.jpg,c31be453b490b46b2cbe3f5b2a00b048,9468999b521bfc5c,1080,1080,cache_256/dataT/healthy/healthy_2118.png,1080x1080,A,537,547,train,val,train,test,val,train,val,val,test,train,train,train,train,test,val
dataT/healthy/healthy_2119.jpg,0,0,dataT/healthy/healthy_2119.jpg,9c4a79d81e86c5bcca0ef4ef5bcf8ef7,c8ccb23333071fdc,1080,1080,cache_256/dataT/healthy/healthy_2119.png,1080x1080,A,537,537,train,val,train,test,val,train,val,val,test,train,train,train,train,test,val
dataT/healthy/healthy_212.jpg,0,0,dataT/healthy/healthy_212.jpg,586fcbf0627ef26407f16db76f527590,9f5c5da13c9332a8,1080,1080,cache_256/dataT/healthy/healthy_212.png,1080x1080,A,238,549,train,val,train,test,val,test,train,train,train,train,train,val,test,train,train
dataT/healthy/healthy_2120.jpg,0,0,dataT/healthy/healthy_2120.jpg,ba02140ea1bca88f5de71300346d7789,cd9b4ca7f3042273,1080,1080,cache_256/dataT/healthy/healthy_2120.png,1080x1080,A,550,550,val,test,train,train,train,train,train,test,val,train,train,train,test,val,train
dataT/healthy/healthy_2121.jpg,0,0,dataT/healthy/healthy_2121.jpg,819b8c78081999d8398426c6bea9be18,a6c58b0b087e3f36,1080,1080,cache_256/dataT/healthy/healthy_2121.png,1080x1080,A,537,551,train,val,train,test,val,train,val,val,test,train,train,train,train,test,val
dataT/healthy/healthy_2122.jpg,0,0,dataT/healthy/healthy_2122.jpg,a619e40ce342033b197bf2b29d023c66,9c1e7aa270b5f258,1080,1080,cache_256/dataT/healthy/healthy_2122.png,1080x1080,A,238,552,train,val,train,test,val,test,train,train,train,train,train,val,test,train,train
dataT/healthy/healthy_2123.jpg,0,0,dataT/healthy/healthy_2123.jpg,9077e884065d8ba503424dec7eb13345,e1de94663aa57223,1080,1080,cache_256/dataT/healthy/healthy_2123.png,1080x1080,A,550,553,val,test,train,train,train,train,train,test,val,train,train,train,test,val,train
dataT/healthy/healthy_2124.jpg,0,0,dataT/healthy/healthy_2124.jpg,bc3ce68da356cb1f5c158ce4eb8e8e09,a60b9e78f9f1112a,1080,1080,cache_256/dataT/healthy/healthy_2124.png,1080x1080,A,537,554,train,val,train,test,val,train,val,val,test,train,train,train,train,test,val
dataT/healthy/healthy_2125.jpg,0,0,dataT/healthy/healthy_2125.jpg,eb063a539c63e367f04baae291ca8936,e79b1c34e864b2b4,1080,1080,cache_256/dataT/healthy/healthy_2125.png,1080x1080,A,537,555,train,val,train,test,val,train,val,val,test,train,train,train,train,test,val
dataT/healthy/healthy_2126.jpg,0,0,dataT/healthy/healthy_2126.jpg,ef3bc4f36f495781d98bf19212b6c08c,f2a38f034c4f7a54,1080,1080,cache_256/dataT/healthy/healthy_2126.png,1080x1080,A,542,556,train,train,train,test,train,test,train,train,train,train,train,test,train,val,train
dataT/healthy/healthy_2127.jpg,0,0,dataT/healthy/healthy_2127.jpg,d42b52eb9c6a1f83bd3d82df139c807d,eecad63680eaf0c4,1080,1080,cache_256/dataT/healthy/healthy_2127.png,1080x1080,A,537,557,train,val,train,test,val,train,val,val,test,train,train,train,train,test,val
dataT/healthy/healthy_2128.jpg,0,0,dataT/healthy/healthy_2128.jpg,d2cc7cde78306e0dabf3c6a4e5c2fc69,d6e99770a143e865,1080,1080,cache_256/dataT/healthy/healthy_2128.png,1080x1080,A,537,558,train,val,train,test,val,train,val,val,test,train,train,train,train,test,val
dataT/healthy/healthy_2129.jpg,0,0,dataT/healthy/healthy_2129.jpg,5e7228f341e4e16821a763307436418d,f8b990723762a32e,1080,1080,cache_256/dataT/healthy/healthy_2129.png,1080x1080,A,537,559,train,val,train,test,val,train,val,val,test,train,train,train,train,test,val
dataT/healthy/healthy_213.jpg,0,0,dataT/healthy/healthy_213.jpg,98e04e20aab932277cd9e746400680a0,9dec73624a86d496,1080,1080,cache_256/dataT/healthy/healthy_213.png,1080x1080,A,238,560,train,val,train,test,val,test,train,train,train,train,train,val,test,train,train
dataT/healthy/healthy_2130.jpg,0,0,dataT/healthy/healthy_2130.jpg,5b0c38fbbbef19524a73135e4b811efa,b94e96674ba6cc03,1080,1080,cache_256/dataT/healthy/healthy_2130.png,1080x1080,A,537,561,train,val,train,test,val,train,val,val,test,train,train,train,train,test,val
dataT/healthy/healthy_2131.jpg,0,0,dataT/healthy/healthy_2131.jpg,7c25ad9af7bf8fa51a8a36033c13e1e0,9dc9c3f25207d2c3,1080,1080,cache_256/dataT/healthy/healthy_2131.png,1080x1080,A,537,562,train,val,train,test,val,train,val,val,test,train,train,train,train,test,val
dataT/healthy/healthy_2132.jpg,0,0,dataT/healthy/healthy_2132.jpg,3dd5421e2cddce725447f24f014536da,b9272d7a268cd8b8,1080,1080,cache_256/dataT/healthy/healthy_2132.png,1080x1080,A,537,563,train,val,train,test,val,train,val,val,test,train,train,train,train,test,val
dataT/healthy/healthy_2133.jpg,0,0,dataT/healthy/healthy_2133.jpg,31651ed9ef3ee492d272c347b6ef6463,8f8cbc13e1bf0326,1080,1080,cache_256/dataT/healthy/healthy_2133.png,1080x1080,A,564,564,test,train,train,train,train,train,train,train,test,train,test,train,train,train,train
dataT/healthy/healthy_2134.jpg,0,0,dataT/healthy/healthy_2134.jpg,c8a4859eccd1cadea4c72914ebec76a6,9dc17732760e0cf8,1080,1080,cache_256/dataT/healthy/healthy_2134.png,1080x1080,A,537,565,train,val,train,test,val,train,val,val,test,train,train,train,train,test,val
dataT/healthy/healthy_2135.jpg,0,0,dataT/healthy/healthy_2135.jpg,ec75bf204b89c0f3dba210bcf05cf180,db98edc902d9583a,1080,1080,cache_256/dataT/healthy/healthy_2135.png,1080x1080,A,537,566,train,val,train,test,val,train,val,val,test,train,train,train,train,test,val
dataT/healthy/healthy_2136.jpg,0,0,dataT/healthy/healthy_2136.jpg,a74e394df37ed8dfed0019d70486f0aa,a1b8d9e2cd62287d,1080,1080,cache_256/dataT/healthy/healthy_2136.png,1080x1080,A,1454,567,val,train,train,train,test,train,train,train,train,test,train,val,train,test,train
dataT/healthy/healthy_2137.jpg,0,0,dataT/healthy/healthy_2137.jpg,3848e7880a67d0ce86cfa190d1ebceff,b09edb684e71c82b,1080,1080,cache_256/dataT/healthy/healthy_2137.png,1080x1080,A,1454,568,val,train,train,train,test,train,train,train,train,test,train,val,train,test,train
dataT/healthy/healthy_2138.jpg,0,0,dataT/healthy/healthy_2138.jpg,3964920af3275ba98b17847e0331165b,ef1e0c603c623c77,1080,1080,cache_256/dataT/healthy/healthy_2138.png,1080x1080,A,1454,569,val,train,train,train,test,train,train,train,train,test,train,val,train,test,train
dataT/healthy/healthy_2139.jpg,0,0,dataT/healthy/healthy_2139.jpg,ca80f7cd201168e090a68c1a2137f356,f29f8d2cadea140a,1080,1080,cache_256/dataT/healthy/healthy_2139.png,1080x1080,A,1328,570,val,test,train,train,val,train,train,val,test,train,train,train,val,train,test
dataT/healthy/healthy_214.jpg,0,0,dataT/healthy/healthy_214.jpg,4fcea8ddab6cce55d5ae76d259561e9b,8dc0193b3b717333,1080,1080,cache_256/dataT/healthy/healthy_214.png,1080x1080,A,571,571,train,test,train,train,train,val,train,test,train,train,val,train,train,test,train
dataT/healthy/healthy_2140.jpg,0,0,dataT/healthy/healthy_2140.jpg,6e1effa84245ba0e6f6dcf617f1be74c,eb8d14e0e79636b0,1080,1080,cache_256/dataT/healthy/healthy_2140.png,1080x1080,A,572,572,train,train,train,test,train,train,train,train,test,train,train,train,train,train,test
dataT/healthy/healthy_2141.jpg,0,0,dataT/healthy/healthy_2141.jpg,833b69258c44b9f2ca3d519e47343cf8,de92b16b29323996,1080,1080,cache_256/dataT/healthy/healthy_2141.png,1080x1080,A,1454,573,val,train,train,train,test,train,train,train,train,test,train,val,train,test,train
dataT/healthy/healthy_2142.jpg,0,0,dataT/healthy/healthy_2142.jpg,fe92e311310145c02c60d81c4718c56b,c687cb70ab8b9ac1,1080,1080,cache_256/dataT/healthy/healthy_2142.png,1080x1080,A,1454,574,val,train,train,train,test,train,train,train,train,test,train,val,train,test,train
dataT/healthy/healthy_2143.jpg,0,0,dataT/healthy/healthy_2143.jpg,d5d7ba44fca38dc626699f22d8e03049,e1b91ea89c549d35,1080,1080,cache_256/dataT/healthy/healthy_2143.png,1080x1080,A,1454,575,val,train,train,train,test,train,train,train,train,test,train,val,train,test,train
dataT/healthy/healthy_2144.jpg,0,0,dataT/healthy/healthy_2144.jpg,9a8843118774d4dbcdde6418d7b65d53,d0023f317e6a6e4d,1080,1080,cache_256/dataT/healthy/healthy_2144.png,1080x1080,A,576,576,train,test,train,train,val,train,test,train,train,train,train,train,test,train,train
dataT/healthy/healthy_2145.jpg,0,0,dataT/healthy/healthy_2145.jpg,6712a09672d73da734e233da37cc367a,e3590e7f7062a127,1080,1080,cache_256/dataT/healthy/healthy_2145.png,1080x1080,A,1454,577,val,train,train,train,test,train,train,train,train,test,train,val,train,test,train
dataT/healthy/healthy_2146.jpg,0,0,dataT/healthy/healthy_2146.jpg,c4afc323f9e4ffa524e3134051b10681,9a8df125632de570,1080,1080,cache_256/dataT/healthy/healthy_2146.png,1080x1080,A,1454,578,val,train,train,train,test,train,train,train,train,test,train,val,train,test,train
dataT/healthy/healthy_2147.jpg,0,0,dataT/healthy/healthy_2147.jpg,83f24f9034211b2cddd6ed2931a37f8e,ecf839274322c3e3,1080,1080,cache_256/dataT/healthy/healthy_2147.png,1080x1080,A,1454,579,val,train,train,train,test,train,train,train,train,test,train,val,train,test,train
dataT/healthy/healthy_2148.jpg,0,0,dataT/healthy/healthy_2148.jpg,762609d74996452c8c0c58a12b002833,b6c9b3625172f81a,1080,1080,cache_256/dataT/healthy/healthy_2148.png,1080x1080,A,1454,580,val,train,train,train,test,train,train,train,train,test,train,val,train,test,train
dataT/healthy/healthy_2149.jpg,0,0,dataT/healthy/healthy_2149.jpg,e67df11a9cf7e75a80db087f5b04dae8,e948f6f129367d01,1080,1080,cache_256/dataT/healthy/healthy_2149.png,1080x1080,A,1454,581,val,train,train,train,test,train,train,train,train,test,train,val,train,test,train
dataT/healthy/healthy_215.jpg,0,0,dataT/healthy/healthy_215.jpg,b0474dd7db84de43908ac940ac215919,9e5f63b004c94f8d,1080,1080,cache_256/dataT/healthy/healthy_215.png,1080x1080,A,475,582,train,train,train,train,test,train,train,train,train,test,test,train,train,val,train
dataT/healthy/healthy_2150.jpg,0,0,dataT/healthy/healthy_2150.jpg,873fe91948312658c7e26900f351dc19,c44e1fb5f0aa0b35,1080,1080,cache_256/dataT/healthy/healthy_2150.png,1080x1080,A,1454,583,val,train,train,train,test,train,train,train,train,test,train,val,train,test,train
dataT/healthy/healthy_2151.jpg,0,0,dataT/healthy/healthy_2151.jpg,75e58446a38fd4df0f743f006f99e315,a84f21735b5a5e52,1080,1080,cache_256/dataT/healthy/healthy_2151.png,1080x1080,A,1454,584,val,train,train,train,test,train,train,train,train,test,train,val,train,test,train
dataT/healthy/healthy_2152.jpg,0,0,dataT/healthy/healthy_2152.jpg,ccc57f3878e9cf0dbd3b822b58125e4f,bc90f33383d34cca,1080,1080,cache_256/dataT/healthy/healthy_2152.png,1080x1080,A,1454,585,val,train,train,train,test,train,train,train,train,test,train,val,train,test,train
dataT/healthy/healthy_2153.jpg,0,0,dataT/healthy/healthy_2153.jpg,c3a6fe48e20c7ac7fde17def46f107db,e10c0b2775f09a9f,1080,1080,cache_256/dataT/healthy/healthy_2153.png,1080x1080,A,1454,586,val,train,train,train,test,train,train,train,train,test,train,val,train,test,train
dataT/healthy/healthy_2154.jpg,0,0,dataT/healthy/healthy_2154.jpg,090a650ee95c2728f0c6339ccd0385c1,98990537d2e5c1dd,1080,1080,cache_256/dataT/healthy/healthy_2154.png,1080x1080,A,1454,587,val,train,train,train,test,train,train,train,train,test,train,val,train,test,train
dataT/healthy/healthy_2155.jpg,0,0,dataT/healthy/healthy_2155.jpg,c6c66d54056d48f29b91138238492d5f,a36b3c7e4acd0a8c,1080,1080,cache_256/dataT/healthy/healthy_2155.png,1080x1080,A,576,588,train,test,train,train,val,train,test,train,train,train,train,train,test,train,train
dataT/healthy/healthy_2156.jpg,0,0,dataT/healthy/healthy_2156.jpg,c365bc825458b47bf7de51c1f320de7f,919db0303062dff7,1080,1080,cache_256/dataT/healthy/healthy_2156.png,1080x1080,A,1454,589,val,train,train,train,test,train,train,train,train,test,train,val,train,test,train
dataT/healthy/healthy_2157.jpg,0,0,dataT/healthy/healthy_2157.jpg,fcf323c399024dfb74c3df31a08333cb,99d5e027164bd9c9,1080,1080,cache_256/dataT/healthy/healthy_2157.png,1080x1080,A,1454,590,val,train,train,train,test,train,train,train,train,test,train,val,train,test,train
dataT/healthy/healthy_2158.jpg,0,0,dataT/healthy/healthy_2158.jpg,e4efa702348a48e0071b745b634d0919,a4f15a6bede8cc40,1080,1080,cache_256/dataT/healthy/healthy_2158.png,1080x1080,A,1454,591,val,train,train,train,test,train,train,train,train,test,train,val,train,test,train
dataT/healthy/healthy_216.jpg,0,0,dataT/healthy/healthy_216.jpg,2ee03f68e190521b1b5e34074a2cc03f,cccf3418e211de8f,1080,1080,cache_256/dataT/healthy/healthy_216.png,1080x1080,A,475,592,train,train,train,train,test,train,train,train,train,test,test,train,train,val,train
dataT/healthy/healthy_217.jpg,0,0,dataT/healthy/healthy_217.jpg,80a70bd9f686f83882a4afb40b9df45a,cbcf65262f317222,1080,1080,cache_256/dataT/healthy/healthy_217.png,1080x1080,A,475,593,train,train,train,train,test,train,train,train,train,test,test,train,train,val,train
dataT/healthy/healthy_218.jpg,0,0,dataT/healthy/healthy_218.jpg,c0ff652757858f204781252dca3f8d5a,f0e7a52697130b6a,1080,1080,cache_256/dataT/healthy/healthy_218.png,1080x1080,A,238,594,train,val,train,test,val,test,train,train,train,train,train,val,test,train,train
dataT/healthy/healthy_219.jpg,0,0,dataT/healthy/healthy_219.jpg,4c4771a415e306e7733f1cbd71b85aae,eeec303423374aa7,1080,1080,cache_256/dataT/healthy/healthy_219.png,1080x1080,A,475,595,train,train,train,train,test,train,train,train,train,test,test,train,train,val,train
dataT/healthy/healthy_22.jpg,0,0,dataT/healthy/healthy_22.jpg,5f754f6d0a4d931b0f66d637df77447b,f35a406f4dc5c8d8,1080,1080,cache_256/dataT/healthy/healthy_22.png,1080x1080,A,238,596,train,val,train,test,val,test,train,train,train,train,train,val,test,train,train
dataT/healthy/healthy_220.jpg,0,0,dataT/healthy/healthy_220.jpg,d4e6da6199514bb034310d31ba003403,8e8d707f63676406,1080,1080,cache_256/dataT/healthy/healthy_220.png,1080x1080,A,475,597,train,train,train,train,test,train,train,train,train,test,test,train,train,val,train
dataT/healthy/healthy_221.jpg,0,0,dataT/healthy/healthy_221.jpg,a475466445489232488b8caad34504cb,c6f991239227a66d,1080,1080,cache_256/dataT/healthy/healthy_221.png,1080x1080,A,238,598,train,val,train,test,val,test,train,train,train,train,train,val,test,train,train
dataT/healthy/healthy_222.jpg,0,0,dataT/healthy/healthy_222.jpg,6095d10216e491c8378e3b97399afaca,c8f1233eecccc8e8,1080,1080,cache_256/dataT/healthy/healthy_222.png,1080x1080,A,238,599,train,val,train,test,val,test,train,train,train,train,train,val,test,train,train
dataT/healthy/healthy_223.jpg,0,0,dataT/healthy/healthy_223.jpg,390ab5c46c1e8b4892e538347b8e3887,8dc8e8344b37e2b3,1080,1080,cache_256/dataT/healthy/healthy_223.png,1080x1080,A,475,600,train,train,train,train,test,train,train,train,train,test,test,train,train,val,train
dataT/healthy/healthy_224.jpg,0,0,dataT/healthy/healthy_224.jpg,3a89f0301c194c4cfe45e2efd33061db,d8db5be0a516e056,1080,1080,cache_256/dataT/healthy/healthy_224.png,1080x1080,A,475,601,train,train,train,train,test,train,train,train,train,test,test,train,train,val,train
dataT/healthy/healthy_225.jpg,0,0,dataT/healthy/healthy_225.jpg,cc3aa699271e6f6dce13f0e303c866aa,936b9d7462d2929a,1080,1080,cache_256/dataT/healthy/healthy_225.png,1080x1080,A,238,602,train,val,train,test,val,test,train,train,train,train,train,val,test,train,train
dataT/healthy/healthy_226.jpg,0,0,dataT/healthy/healthy_226.jpg,1134315fecb9c19cd355408c73a62642,c16a6d2325b7b38a,1080,1080,cache_256/dataT/healthy/healthy_226.png,1080x1080,A,238,603,train,val,train,test,val,test,train,train,train,train,train,val,test,train,train
dataT/healthy/healthy_227.jpg,0,0,dataT/healthy/healthy_227.jpg,f654b0fbaa91e351036452f9ef07ef31,9f9845463a2e67e1,1080,1080,cache_256/dataT/healthy/healthy_227.png,1080x1080,A,475,604,train,train,train,train,test,train,train,train,train,test,test,train,train,val,train
dataT/healthy/healthy_2279.jpg,0,0,dataT/healthy/healthy_2279.jpg,41503f51e226ca1993b79e32e8eb3c62,e32668f1c5c6c656,1080,1080,cache_256/dataT/healthy/healthy_2279.png,1080x1080,A,605,605,train,train,train,train,test,train,train,train,test,train,train,val,val,test,train
dataT/healthy/healthy_228.jpg,0,0,dataT/healthy/healthy_228.jpg,cd09df952a9664fdce6de758370e4a73,cbb971375c05981e,1080,1080,cache_256/dataT/healthy/healthy_228.png,1080x1080,A,238,606,train,val,train,test,val,test,train,train,train,train,train,val,test,train,train
dataT/healthy/healthy_2280.jpg,0,0,dataT/healthy/healthy_2280.jpg,f6435d9afc317b515d57e6e393807b52,bb984978b24b7351,1080,1080,cache_256/dataT/healthy/healthy_2280.png,1080x1080,A,605,607,train,train,train,train,test,train,train,train,test,train,train,val,val,test,train
dataT/healthy/healthy_2281.jpg,0,0,dataT/healthy/healthy_2281.jpg,740a60e989f026b33051f260b379d079,96872c303e7e426f,1080,1080,cache_256/dataT/healthy/healthy_2281.png,1080x1080,A,605,608,train,train,train,train,test,train,train,train,test,train,train,val,val,test,train
dataT/healthy/healthy_2282.jpg,0,0,dataT/healthy/healthy_2282.jpg,7cd7c2679016d3dbbb82d5d1297202f1,966d4c92e4f85956,1080,1080,cache_256/dataT/healthy/healthy_2282.png,1080x1080,A,537,609,train,val,train,test,val,train,val,val,test,train,train,train,train,test,val
dataT/healthy/healthy_2283.jpg,0,0,dataT/healthy/healthy_2283.jpg,733701187a81ac41ca7ee40aa053ae3e,952d49c33794d663,1080,1080,cache_256/dataT/healthy/healthy_2283.png,1080x1080,A,610,610,train,test,val,train,train,train,test,train,train,train,test,train,train,train,train
dataT/healthy/healthy_2284.jpg,0,0,dataT/healthy/healthy_2284.jpg,ceb6feb445c848a73a0ea112acc83afe,9c4999fe50b53f40,1080,1080,cache_256/dataT/healthy/healthy_2284.png,1080x1080,A,537,611,train,val,train,test,val,train,val,val,test,train,train,train,train,test,val
dataT/healthy/healthy_2285.jpg,0,0,dataT/healthy/healthy_2285.jpg,56d915fade05cbe54810394b3ff2b990,b6999964a0bc5a8f,1080,1080,cache_256/dataT/healthy/healthy_2285.png,1080x1080,A,537,612,train,val,train,test,val,train,val,val,test,train,train,train,train,test,val
dataT/healthy/healthy_2286.jpg,0,0,dataT/healthy/healthy_2286.jpg,f5fdf40bb92e0e94adf39b1c50887fc3,bff1c3e624e4a0c8,1080,1080,cache_256/dataT/healthy/healthy_2286.png,1080x1080,A,537,613,train,val,train,test,val,train,val,val,test,train,train,train,train,test,val
dataT/healthy/healthy_2287.jpg,0,0,dataT/healthy/healthy_2287.jpg,d8ef11706107626dd8a7ef8b6102845f,eaed8827a762c2e2,1080,1080,cache_256/dataT/healthy/healthy_2287.png,1080x1080,A,537,614,train,val,train,test,val,train,val,val,test,train,train,train,train,test,val
dataT/healthy/healthy_2288.jpg,0,0,dataT/healthy/healthy_2288.jpg,08218aa9e3f63cbf7a4ad879c49544bd,ce7a9ce687640339,1080,1080,cache_256/dataT/healthy/healthy_2288.png,1080x1080,A,537,615,train,val,train,test,val,train,val,val,test,train,train,train,train,test,val
dataT/healthy/healthy_2289.jpg,0,0,dataT/healthy/healthy_2289.jpg,1e66e9a2fd27994611f1ea9bebc75832,838dde7c1f790c03,1080,1080,cache_256/dataT/healthy/healthy_2289.png,1080x1080,A,537,616,train,val,train,test,val,train,val,val,test,train,train,train,train,test,val
dataT/healthy/healthy_229.jpg,0,0,dataT/healthy/healthy_229.jpg,765b0b255a7881fb793c415c70d01dfe,99fd724fca0c1265,1080,1080,cache_256/dataT/healthy/healthy_229.png,1080x1080,A,238,617,train,val,train,test,val,test,train,train,train,train,train,val,test,train,train
dataT/healthy/healthy_2290.jpg,0,0,dataT/healthy/healthy_2290.jpg,ff8c248e62131c65a46fdea15b6f13b1,986cf39896a9e34a,1080,1080,cache_256/dataT/healthy/healthy_2290.png,1080x1080,A,537,618,train,val,train,test,val,train,val,val,test,train,train,train,train,test,val
dataT/healthy/healthy_23.jpg,0,0,dataT/healthy/healthy_23.jpg,df5f910a3e0db02f94c0e754591e0700,c6ac9c1cf8fb2129,1080,1080,cache_256/dataT/healthy/healthy_23.png,1080x1080,A,238,619,train,val,train,test,val,test,train,train,train,train,train,val,test,train,train
dataT/healthy/healthy_230.jpg,0,0,dataT/healthy/healthy_230.jpg,90cc50d5f0406f402377814f612b29b5,eae3f43272519349,1080,1080,cache_256/dataT/healthy/healthy_230.png,1080x1080,A,238,620,train,val,train,test,val,test,train,train,train,train,train,val,test,train,train
dataT/healthy/healthy_231.jpg,0,0,dataT/healthy/healthy_231.jpg,a817741d5987ab5f02d4b5a4ce45bf80,e8b9d868a97e5ac0,1080,1080,cache_256/dataT/healthy/healthy_231.png,1080x1080,A,238,621,train,val,train,test,val,test,train,train,train,train,train,val,test,train,train
dataT/healthy/healthy_232.jpg,0,0,dataT/healthy/healthy_232.jpg,ad4c304220d056d6a3e296ea8e3762f8,cecbd0336d86495a,1080,1080,cache_256/dataT/healthy/healthy_232.png,1080x1080,A,238,622,train,val,train,test,val,test,train,train,train,train,train,val,test,train,train
dataT/healthy/healthy_233.jpg,0,0,dataT/healthy/healthy_233.jpg,d12907b10c13c405162fd2fb8ba1f906,cce2210297b64fd7,1080,1080,cache_256/dataT/healthy/healthy_233.png,1080x1080,A,238,623,train,val,train,test,val,test,train,train,train,train,train,val,test,train,train
dataT/healthy/healthy_234.jpg,0,0,dataT/healthy/healthy_234.jpg,72feda5b504ab6fcf6f651ef2cbe86f9,91f27a09dc58be07,1080,1080,cache_256/dataT/healthy/healthy_234.png,1080x1080,A,238,624,train,val,train,test,val,test,train,train,train,train,train,val,test,train,train
dataT/healthy/healthy_235.jpg,0,0,dataT/healthy/healthy_235.jpg,820a0d0b3daddff900041161fc7cb978,d4c5e477b63212a3,1080,1080,cache_256/dataT/healthy/healthy_235.png,1080x1080,A,625,625,train,train,test,train,train,train,val,test,train,train,train,train,train,val,test
dataT/healthy/healthy_236.jpg,0,0,dataT/healthy/healthy_236.jpg,401818912a17972eddcf0cf4de2956b9,edce1622f0138b8f,1080,1080,cache_256/dataT/healthy/healthy_236.png,1080x1080,A,626,626,train,train,train,test,train,train,train,test,train,train,train,train,test,train,train
dataT/healthy/healthy_237.jpg,0,0,dataT/healthy/healthy_237.jpg,b4a00a4f94af6a2b43c1e9854319843c,fc9c7c2733020b1f,1080,1080,cache_256/dataT/healthy/healthy_237.png,1080x1080,A,627,627,test,train,train,train,train,train,train,train,test,train,train,train,train,test,train
dataT/healthy/healthy_238.jpg,0,0,dataT/healthy/healthy_238.jpg,de7e0ae29e5575a8c4b54adbfd841998,ccd234297b785e52,1080,1080,cache_256/dataT/healthy/healthy_238.png,1080x1080,A,626,628,train,train,train,test,train,train,train,test,train,train,train,train,test,train,train
dataT/healthy/healthy_239.jpg,0,0,dataT/healthy/healthy_239.jpg,555450dfa05d90b1ec16290dd2a07c5f,c38dadec60da5c98,1080,1080,cache_256/dataT/healthy/healthy_239.png,1080x1080,A,238,629,train,val,train,test,val,test,train,train,train,train,train,val,test,train,train
dataT/healthy/healthy_24.jpg,0,0,dataT/healthy/healthy_24.jpg,72a72a4df40d2d6728161f11f9f881fd,a26d25a57a38f951,1080,1080,cache_256/dataT/healthy/healthy_24.png,1080x1080,A,238,630,train,val,train,test,val,test,train,train,train,train,train,val,test,train,train
dataT/healthy/healthy_240.jpg,0,0,dataT/healthy/healthy_240.jpg,ce2ed265041438d94b6825d465167d92,f7eacc606ca16895,1080,1080,cache_256/dataT/healthy/healthy_240.png,1080x1080,A,238,631,train,val,train,test,val,test,train,train,train,train,train,val,test,train,train
dataT/healthy/healthy_241.jpg,0,0,dataT/healthy/healthy_241.jpg,1518d1b930bf0777f9d7de5db0c35ad3,d1cc6eb4f61241d9,1080,1080,cache_256/dataT/healthy/healthy_241.png,1080x1080,A,238,632,train,val,train,test,val,test,train,train,train,train,train,val,test,train,train
dataT/healthy/healthy_242.jpg,0,0,dataT/healthy/healthy_242.jpg,0ca15ac2fa347aff6ebce3af2464aedc,a5c1e2a794abc42f,1080,1080,cache_256/dataT/healthy/healthy_242.png,1080x1080,A,238,633,train,val,train,test,val,test,train,train,train,train,train,val,test,train,train
dataT/healthy/healthy_243.jpg,0,0,dataT/healthy/healthy_243.jpg,b2e8017ed7156601c2dcac5463b459f0,f2311b3e38434ef4,1080,1080,cache_256/dataT/healthy/healthy_243.png,1080x1080,A,238,634,train,val,train,test,val,test,train,train,train,train,train,val,test,train,train
dataT/healthy/healthy_244.jpg,0,0,dataT/healthy/healthy_244.jpg,66ea9ecd955192d0ac5a6cadfe9a260c,8a596d74ca0e9d9c,1080,1080,cache_256/dataT/healthy/healthy_244.png,1080x1080,A,238,635,train,val,train,test,val,test,train,train,train,train,train,val,test,train,train
dataT/healthy/healthy_245.jpg,0,0,dataT/healthy/healthy_245.jpg,9b709e9955b57554f3391ffea053c1f4,85947e2bb5ca839c,1080,1080,cache_256/dataT/healthy/healthy_245.png,1080x1080,A,238,636,train,val,train,test,val,test,train,train,train,train,train,val,test,train,train
dataT/healthy/healthy_246.jpg,0,0,dataT/healthy/healthy_246.jpg,b975fa95e00c28aaa242a6f317d1ea2d,f01c81f3066b0dfd,1080,1080,cache_256/dataT/healthy/healthy_246.png,1080x1080,A,238,637,train,val,train,test,val,test,train,train,train,train,train,val,test,train,train
dataT/healthy/healthy_247.jpg,0,0,dataT/healthy/healthy_247.jpg,32f2b15da9a314ba0c04cddeea166faa,d212087347aff754,1080,1080,cache_256/dataT/healthy/healthy_247.png,1080x1080,A,238,638,train,val,train,test,val,test,train,train,train,train,train,val,test,train,train
dataT/healthy/healthy_248.jpg,0,0,dataT/healthy/healthy_248.jpg,bff2e9c5fe221adcc419300cf53f2848,c83a24339399fcc7,1080,1080,cache_256/dataT/healthy/healthy_248.png,1080x1080,A,639,639,val,train,val,test,train,train,train,train,train,test,train,test,train,train,train
dataT/healthy/healthy_249.jpg,0,0,dataT/healthy/healthy_249.jpg,26b7faffc25fd72687b47149db66f8d2,c071bf34f01cac1f,1080,1080,cache_256/dataT/healthy/healthy_249.png,1080x1080,A,238,640,train,val,train,test,val,test,train,train,train,train,train,val,test,train,train
dataT/healthy/healthy_2495.jpg,0,0,dataT/healthy/healthy_2495.jpg,88b3ef3107c7b09041a506fdeb13a85d,cad5352217e13f1c,1080,1080,cache_256/dataT/healthy/healthy_2495.png,1080x1080,A,641,641,train,train,train,train,test,train,test,train,train,val,train,train,test,train,train
dataT/healthy/healthy_2496.jpg,0,0,dataT/healthy/healthy_2496.jpg,92db12f5c77a27d13e0ced8ee68f809e,e1e94aaaa53515da,1080,1080,cache_256/dataT/healthy/healthy_2496.png,1080x1080,A,642,642,train,val,train,test,train,test,train,train,train,train,test,train,train,train,train
dataT/healthy/healthy_2497.jpg,0,0,dataT/healthy/healthy_2497.jpg,74f1ec0f7c84ad5f91d6555ff320eccb,e6319942419ebdea,1080,1080,cache_256/dataT/healthy/healthy_2497.png,1080x1080,A,238,643,train,val,train,test,val,test,train,train,train,train,train,val,test,train,train
dataT/healthy/healthy_2498.jpg,0,0,dataT/healthy/healthy_2498.jpg,94a9a4372bfb23cad19f9c741711bbb6,cfccc874f4221637,1080,1080,cache_256/dataT/healthy/healthy_2498.png,1080x1080,A,238,644,train,val,train,test,val,test,train,train,train,train,train,val,test,train,train
dataT/healthy/healthy_2499.jpg,0,0,dataT/healthy/healthy_2499.jpg,5c280b18b73960d253730360690b0cb4,e7540c2d5d5d0d0f,1080,1080,cache_256/dataT/healthy/healthy_2499.png,1080x1080,A,238,645,train,val,train,test,val,test,train,train,train,train,train,val,test,train,train
dataT/healthy/healthy_25.jpg,0,0,dataT/healthy/healthy_25.jpg,6cdbdcf4734a45466196d1742c9312dd,a73368781d2c2f4e,1080,1080,cache_256/dataT/healthy/healthy_25.png,1080x1080,A,238,646,train,val,train,test,val,test,train,train,train,train,train,val,test,train,train
dataT/healthy/healthy_250.jpg,0,0,dataT/healthy/healthy_250.jpg,617d027db2f070376be3d259b2190b5a,899833279bb7c94c,1080,1080,cache_256/dataT/healthy/healthy_250.png,1080x1080,A,238,647,train,val,train,test,val,test,train,train,train,train,train,val,test,train,train
dataT/healthy/healthy_2500.jpg,0,0,dataT/healthy/healthy_2500.jpg,058b2c33bfd575ebe4df101894749e9f,aca93574223697da,1080,1080,cache_256/dataT/healthy/healthy_2500.png,1080x1080,A,238,648,train,val,train,test,val,test,train,train,train,train,train,val,test,train,train
dataT/healthy/healthy_2501.jpg,0,0,dataT/healthy/healthy_2501.jpg,b7a8975c6fb7d70bf006f186368a168c,e9ad63e38318d8c9,1080,1080,cache_256/dataT/healthy/healthy_2501.png,1080x1080,A,649,649,train,train,train,train,test,train,test,train,train,train,train,test,val,val,train
dataT/healthy/healthy_2502.jpg,0,0,dataT/healthy/healthy_2502.jpg,5f7a742dd1b3e91b8704e4f47645d2df,afba63b3bad81204,1080,1080,cache_256/dataT/healthy/healthy_2502.png,1080x1080,A,238,650,train,val,train,test,val,test,train,train,train,train,train,val,test,train,train
dataT/healthy/healthy_2503.jpg,0,0,dataT/healthy/healthy_2503.jpg,3c81cf757362b7bd525ea3e2f1e0766a,f797183b91fd004a,1080,1080,cache_256/dataT/healthy/healthy_2503.png,1080x1080,A,238,651,train,val,train,test,val,test,train,train,train,train,train,val,test,train,train
dataT/healthy/healthy_2504.jpg,0,0,dataT/healthy/healthy_2504.jpg,ed6f0b9dd6be5fc58c9a88745275087e,fe91913a8a11d763,1080,1080,cache_256/dataT/healthy/healthy_2504.png,1080x1080,A,238,652,train,val,train,test,val,test,train,train,train,train,train,val,test,train,train
dataT/healthy/healthy_2505.jpg,0,0,dataT/healthy/healthy_2505.jpg,f37c5aa7850f40dc0a7a0f83844fdc93,e25dae316b13dcc0,1080,1080,cache_256/dataT/healthy/healthy_2505.png,1080x1080,A,238,653,train,val,train,test,val,test,train,train,train,train,train,val,test,train,train
dataT/healthy/healthy_2506.jpg,0,0,dataT/healthy/healthy_2506.jpg,f349a983f6d0cfedb90539723c74af74,a9cc6ae62332d1b3,1080,1080,cache_256/dataT/healthy/healthy_2506.png,1080x1080,A,238,654,train,val,train,test,val,test,train,train,train,train,train,val,test,train,train
dataT/healthy/healthy_2507.jpg,0,0,dataT/healthy/healthy_2507.jpg,2abdc15ecdd723850f43e963dcf1dea7,834ca5235b7636ea,1080,1080,cache_256/dataT/healthy/healthy_2507.png,1080x1080,A,238,655,train,val,train,test,val,test,train,train,train,train,train,val,test,train,train
dataT/healthy/healthy_2508.jpg,0,0,dataT/healthy/healthy_2508.jpg,57b044dea8be514c2179cc8ea011fce1,9e8c1850575b7733,1080,1080,cache_256/dataT/healthy/healthy_2508.png,1080x1080,A,656,656,train,test,train,train,train,train,train,test,train,train,test,train,train,val,train
dataT/healthy/healthy_2509.jpg,0,0,dataT/healthy/healthy_2509.jpg,d1259307722ec4bea16e96bad349f5ae,b4c94ba526636f32,1080,1080,cache_256/dataT/healthy/healthy_2509.png,1080x1080,A,238,657,train,val,train,test,val,test,train,train,train,train,train,val,test,train,train
dataT/healthy/healthy_251.jpg,0,0,dataT/healthy/healthy_251.jpg,95781f12ff9daccf48a8d4d09d66ec25,e1c91e2677333631,1080,1080,cache_256/dataT/healthy/healthy_251.png,1080x1080,A,238,658,train,val,train,test,val,test,train,train,train,train,train,val,test,train,train
dataT/healthy/healthy_2510.jpg,0,0,dataT/healthy/healthy_2510.jpg,fd488c42a632490eae670070a5494f70,b24f0744ecfdbc10,1080,1080,cache_256/dataT/healthy/healthy_2510.png,1080x1080,A,238,659,train,val,train,test,val,test,train,train,train,train,train,val,test,train,train
dataT/healthy/healthy_2511.jpg,0,0,dataT/healthy/healthy_2511.jpg,f48790729ab095feffd5620cde5129e6,98d89177f2334b45,1080,1080,cache_256/dataT/healthy/healthy_2511.png,1080x1080,A,238,660,train,val,train,test,val,test,train,train,train,train,train,val,test,train,train
dataT/healthy/healthy_2512.jpg,0,0,dataT/healthy/healthy_2512.jpg,ed206130169b0c06129ec983961d87aa,d109e632f895c2ed,1080,1080,cache_256/dataT/healthy/healthy_2512.png,1080x1080,A,661,661,train,train,test,val,val,val,train,test,val,train,train,train,train,test,train
dataT/healthy/healthy_2513.jpg,0,0,dataT/healthy/healthy_2513.jpg,2023a5c5ba83191ae306b0e954552268,c5d4947262624b7f,1080,1080,cache_256/dataT/healthy/healthy_2513.png,1080x1080,A,238,662,train,val,train,test,val,test,train,train,train,train,train,val,test,train,train
dataT/healthy/healthy_2514.jpg,0,0,dataT/healthy/healthy_2514.jpg,bb1e61392ca44e43c4df604631dea1f9,eee5b4f1c143ca88,1080,1080,cache_256/dataT/healthy/healthy_2514.png,1080x1080,A,238,663,train,val,train,test,val,test,train,train,train,train,train,val,test,train,train
dataT/healthy/healthy_2515.jpg,0,0,dataT/healthy/healthy_2515.jpg,bedbb23aae1d261a28365850139b4799,c4acb43ca0b62fe6,1080,1080,cache_256/dataT/healthy/healthy_2515.png,1080x1080,A,238,664,train,val,train,test,val,test,train,train,train,train,train,val,test,train,train
dataT/healthy/healthy_2516.jpg,0,0,dataT/healthy/healthy_2516.jpg,158a684f226920abd1550afa99ede3a5,b699d8e55d266384,1080,1080,cache_256/dataT/healthy/healthy_2516.png,1080x1080,A,238,665,train,val,train,test,val,test,train,train,train,train,train,val,test,train,train
dataT/healthy/healthy_2517.jpg,0,0,dataT/healthy/healthy_2517.jpg,30e6059bb5659e3feb709eea41391a9f,cd08b2745269ded6,1080,1080,cache_256/dataT/healthy/healthy_2517.png,1080x1080,A,238,666,train,val,train,test,val,test,train,train,train,train,train,val,test,train,train
dataT/healthy/healthy_2518.jpg,0,0,dataT/healthy/healthy_2518.jpg,3cbf0aade4cc5ed0d388dc5c7e2141ce,8d5cd727a18e7c41,1080,1080,cache_256/dataT/healthy/healthy_2518.png,1080x1080,A,238,667,train,val,train,test,val,test,train,train,train,train,train,val,test,train,train
dataT/healthy/healthy_2519.jpg,0,0,dataT/healthy/healthy_2519.jpg,def0c207e1efb8e7fa486f6dab3636ab,e44ccb61c517b497,1080,1080,cache_256/dataT/healthy/healthy_2519.png,1080x1080,A,238,668,train,val,train,test,val,test,train,train,train,train,train,val,test,train,train
dataT/healthy/healthy_252.jpg,0,0,dataT/healthy/healthy_252.jpg,f5377161dbf331d6dc65e6a9a0c54b73,b199f12ba790a5b4,1080,1080,cache_256/dataT/healthy/healthy_252.png,1080x1080,A,669,669,train,train,train,train,test,test,train,train,train,train,train,train,train,train,test
dataT/healthy/healthy_253.jpg,0,0,dataT/healthy/healthy_253.jpg,cf7df03e42158638386e0152510aa6cb,eb668c5222cef1a6,1080,1080,cache_256/dataT/healthy/healthy_253.png,1080x1080,A,670,670,train,train,test,train,train,train,train,train,test,train,train,train,train,train,test
dataT/healthy/healthy_254.jpg,0,0,dataT/healthy/healthy_254.jpg,424bc0cbbb059bdcf7498b8f5ee54538,9f8d682baa159595,1080,1080,cache_256/dataT/healthy/healthy_254.png,1080x1080,A,238,671,train,val,train,test,val,test,train,train,train,train,train,val,test,train,train
dataT/healthy/healthy_255.jpg,0,0,dataT/healthy/healthy_255.jpg,5330d92d9515a8e6749078f005b8a76c,db9d8dcbc10ba286,1080,1080,cache_256/dataT/healthy/healthy_255.png,1080x1080,A,238,672,train,val,train,test,val,test,train,train,train,train,train,val,test,train,train
dataT/healthy/healthy_2556.jpg,0,0,dataT/healthy/healthy_2556.jpg,ce3b1a4c7a7473a861a5602c4e11a536,cbc03131b31f99f8,1080,1080,cache_256/dataT/healthy/healthy_2556.png,1080x1080,A,238,673,train,val,train,test,val,test,train,train,train,train,train,val,test,train,train
dataT/healthy/healthy_2557.jpg,0,0,dataT/healthy/healthy_2557.jpg,39bcd880521460d003bef59fe6123971,84c064623e3fff0b,1080,1080,cache_256/dataT/healthy/healthy_2557.png,1080x1080,A,674,674,train,train,train,test,train,train,test,val,val,train,train,train,test,train,train
dataT/healthy/healthy_2558.jpg,0,0,dataT/healthy/healthy_2558.jpg,fa1f12e5af8859e7d239abe957291ab0,dcc1e3e226466a3b,1080,1080,cache_256/dataT/healthy/healthy_2558.png,1080x1080,A,238,675,train,val,train,test,val,test,train,train,train,train,train,val,test,train,train
dataT/healthy/healthy_2559.jpg,0,0,dataT/healthy/healthy_2559.jpg,43d0328b6f8dc4e381978810ad2de0b0,8db73546cacc98d8,1080,1080,cache_256/dataT/healthy/healthy_2559.png,1080x1080,A,238,676,train,val,train,test,val,test,train,train,train,train,train,val,test,train,train
dataT/healthy/healthy_256.jpg,0,0,dataT/healthy/healthy_256.jpg,3c5eeadc30ff5edd16e6bb91271db528,da8b0cb7e561a3a1,1080,1080,cache_256/dataT/healthy/healthy_256.png,1080x1080,A,238,677,train,val,train,test,val,test,train,train,train,train,train,val,test,train,train
dataT/healthy/healthy_2560.jpg,0,0,dataT/healthy/healthy_2560.jpg,e9d88a866408b85d76d0e57983231f8e,984e8f60bb9571d4,1080,1080,cache_256/dataT/healthy/healthy_2560.png,1080x1080,A,238,678,train,val,train,test,val,test,train,train,train,train,train,val,test,train,train
dataT/healthy/healthy_2561.jpg,0,0,dataT/healthy/healthy_2561.jpg,1eddf83a32845e3f21bedad124b3ec40,dbca6d0504b7f223,1080,1080,cache_256/dataT/healthy/healthy_2561.png,1080x1080,A,238,679,train,val,train,test,val,test,train,train,train,train,train,val,test,train,train
dataT/healthy/healthy_2562.jpg,0,0,dataT/healthy/healthy_2562.jpg,fd5a7d4c9eda4ad05119c2f190e94cf5,d84d3763a723c61a,1080,1080,cache_256/dataT/healthy/healthy_2562.png,1080x1080,A,238,680,train,val,train,test,val,test,train,train,train,train,train,val,test,train,train
dataT/healthy/healthy_2563.jpg,0,0,dataT/healthy/healthy_2563.jpg,e1fcfbb9cecf5a2c1b54bc798927186f,be1671264376355c,1080,1080,cache_256/dataT/healthy/healthy_2563.png,1080x1080,A,238,681,train,val,train,test,val,test,train,train,train,train,train,val,test,train,train
dataT/healthy/healthy_2564.jpg,0,0,dataT/healthy/healthy_2564.jpg,73f469f0bc437fb254c349cec10e730f,c358dc762c27456d,1080,1080,cache_256/dataT/healthy/healthy_2564.png,1080x1080,A,238,682,train,val,train,test,val,test,train,train,train,train,train,val,test,train,train
dataT/healthy/healthy_2565.jpg,0,0,dataT/healthy/healthy_2565.jpg,a5d912dcbe1532afb5da115f70ec7658,df0f916700e6c83d,1080,1080,cache_256/dataT/healthy/healthy_2565.png,1080x1080,A,238,683,train,val,train,test,val,test,train,train,train,train,train,val,test,train,train
dataT/healthy/healthy_2566.jpg,0,0,dataT/healthy/healthy_2566.jpg,7f23ef1fe280c39faad16a5bdf6e9b8e,c6ec31339b83496e,1080,1080,cache_256/dataT/healthy/healthy_2566.png,1080x1080,A,238,684,train,val,train,test,val,test,train,train,train,train,train,val,test,train,train
dataT/healthy/healthy_2567.jpg,0,0,dataT/healthy/healthy_2567.jpg,5c54484fa89282eca5e93b5a14146b74,ec8d27f0f1f24303,1080,1080,cache_256/dataT/healthy/healthy_2567.png,1080x1080,A,238,685,train,val,train,test,val,test,train,train,train,train,train,val,test,train,train
dataT/healthy/healthy_2568.jpg,0,0,dataT/healthy/healthy_2568.jpg,81fd0885b88444ed6d05dfef3c4c52a9,d2bdbc30a8371517,1080,1080,cache_256/dataT/healthy/healthy_2568.png,1080x1080,A,238,686,train,val,train,test,val,test,train,train,train,train,train,val,test,train,train
dataT/healthy/healthy_2569.jpg,0,0,dataT/healthy/healthy_2569.jpg,a0aac5dad46b0ecf0728659fc55cf326,db0c7a74133ad195,1080,1080,cache_256/dataT/healthy/healthy_2569.png,1080x1080,A,238,687,train,val,train,test,val,test,train,train,train,train,train,val,test,train,train
dataT/healthy/healthy_257.jpg,0,0,dataT/healthy/healthy_257.jpg,d7a77d36c5c40026fd765be849148c1d,c7b260e56dae5894,1080,1080,cache_256/dataT/healthy/healthy_257.png,1080x1080,A,238,688,train,val,train,test,val,test,train,train,train,train,train,val,test,train,train
dataT/healthy/healthy_2570.jpg,0,0,dataT/healthy/healthy_2570.jpg,2ca1ff77215d1508b678665386397a42,caed8c3e1a272927,1080,1080,cache_256/dataT/healthy/healthy_2570.png,1080x1080,A,238,689,train,val,train,test,val,test,train,train,train,train,train,val,test,train,train
dataT/healthy/healthy_2571.jpg,0,0,dataT/healthy/healthy_2571.jpg,d01bfc78c6a56d0f643d19eba2d5a9e2,e1b30fe6329ab129,1080,1080,cache_256/dataT/healthy/healthy_2571.png,1080x1080,A,238,690,train,val,train,test,val,test,train,train,train,train,train,val,test,train,train
dataT/healthy/healthy_2572.jpg,0,0,dataT/healthy/healthy_2572.jpg,8f250f915ffb2aca1a260ff8d2907165,991d6ae39ccbc988,1080,1080,cache_256/dataT/healthy/healthy_2572.png,1080x1080,A,238,691,train,val,train,test,val,test,train,train,train,train,train,val,test,train,train
dataT/healthy/healthy_2573.jpg,0,0,dataT/healthy/healthy_2573.jpg,ee4fdf94cc3296bf5834ff09045a6fc7,d8a8e87a323f12a7,1080,1080,cache_256/dataT/healthy/healthy_2573.png,1080x1080,A,238,692,train,val,train,test,val,test,train,train,train,train,train,val,test,train,train
dataT/healthy/healthy_2574.jpg,0,0,dataT/healthy/healthy_2574.jpg,8a280dfb4a7c4c63ba3f965b6b10a435,d44831a743dfbcd0,1080,1080,cache_256/dataT/healthy/healthy_2574.png,1080x1080,A,238,693,train,val,train,test,val,test,train,train,train,train,train,val,test,train,train
dataT/healthy/healthy_2575.jpg,0,0,dataT/healthy/healthy_2575.jpg,29a21698f6c73fa861d96b249675a4b3,c4ecb16772254dc9,1080,1080,cache_256/dataT/healthy/healthy_2575.png,1080x1080,A,238,694,train,val,train,test,val,test,train,train,train,train,train,val,test,train,train
dataT/healthy/healthy_2576.jpg,0,0,dataT/healthy/healthy_2576.jpg,09f8b92999b4e42863e04fbeb7b4bfcf,cba89870f0f3f303,1080,1080,cache_256/dataT/healthy/healthy_2576.png,1080x1080,A,238,695,train,val,train,test,val,test,train,train,train,train,train,val,test,train,train
dataT/healthy/healthy_2577.jpg,0,0,dataT/healthy/healthy_2577.jpg,8815b873028d814b7c0da524bc7e1f0d,86163b2359748dee,1080,1080,cache_256/dataT/healthy/healthy_2577.png,1080x1080,A,238,696,train,val,train,test,val,test,train,train,train,train,train,val,test,train,train
dataT/healthy/healthy_2578.jpg,0,0,dataT/healthy/healthy_2578.jpg,7cfcdf22d5ac830ec243944460515814,95186b2ee525fd18,1080,1080,cache_256/dataT/healthy/healthy_2578.png,1080x1080,A,238,697,train,val,train,test,val,test,train,train,train,train,train,val,test,train,train
dataT/healthy/healthy_2579.jpg,0,0,dataT/healthy/healthy_2579.jpg,6e128730b8431bc732a5e82c8e86d148,c3e72d2f2c62e415,1080,1080,cache_256/dataT/healthy/healthy_2579.png,1080x1080,A,238,698,train,val,train,test,val,test,train,train,train,train,train,val,test,train,train
dataT/healthy/healthy_258.jpg,0,0,dataT/healthy/healthy_258.jpg,899181850eccd9f630f49aa560525d3d,dbd71d226049c3d3,1080,1080,cache_256/dataT/healthy/healthy_258.png,1080x1080,A,238,699,train,val,train,test,val,test,train,train,train,train,train,val,test,train,train
dataT/healthy/healthy_2580.jpg,0,0,dataT/healthy/healthy_2580.jpg,cf7ade56df154d4a90c7998f19749d40,a4c0f8274fc5cc9d,1080,1080,cache_256/dataT/healthy/healthy_2580.png,1080x1080,A,238,700,train,val,train,test,val,test,train,train,train,train,train,val,test,train,train
dataT/healthy/healthy_2581.jpg,0,0,dataT/healthy/healthy_2581.jpg,11f8060c1bc4a5ce980fe9f3272b75c7,ca2f0c29d3f183c7,1080,1080,cache_256/dataT/healthy/healthy_2581.png,1080x1080,A,238,701,train,val,train,test,val,test,train,train,train,train,train,val,test,train,train
dataT/healthy/healthy_2582.jpg,0,0,dataT/healthy/healthy_2582.jpg,36cf299a5a03f4f77c4ecbffc2d69550,e6e39753091321dd,1080,1080,cache_256/dataT/healthy/healthy_2582.png,1080x1080,A,238,702,train,val,train,test,val,test,train,train,train,train,train,val,test,train,train
dataT/healthy/healthy_2583.jpg,0,0,dataT/healthy/healthy_2583.jpg,1e9566e5f8aef2fb3deef9450202c492,8e3cb24333cd279c,1080,1080,cache_256/dataT/healthy/healthy_2583.png,1080x1080,A,238,703,train,val,train,test,val,test,train,train,train,train,train,val,test,train,train
dataT/healthy/healthy_2584.jpg,0,0,dataT/healthy/healthy_2584.jpg,9dcbc8d5e2eb584f6c428d901db71abe,9cf3170e57c620b3,1080,1080,cache_256/dataT/healthy/healthy_2584.png,1080x1080,A,238,704,train,val,train,test,val,test,train,train,train,train,train,val,test,train,train
dataT/healthy/healthy_2585.jpg,0,0,dataT/healthy/healthy_2585.jpg,9feb57a85139ca6486493564216a68d4,e9cb6230720e97bc,1080,1080,cache_256/dataT/healthy/healthy_2585.png,1080x1080,A,238,705,train,val,train,test,val,test,train,train,train,train,train,val,test,train,train
dataT/healthy/healthy_2586.jpg,0,0,dataT/healthy/healthy_2586.jpg,45cc183d6a04b076cc22b646a43a33ef,9a5e6126b29e9a99,1080,1080,cache_256/dataT/healthy/healthy_2586.png,1080x1080,A,238,706,train,val,train,test,val,test,train,train,train,train,train,val,test,train,train
dataT/healthy/healthy_2587.jpg,0,0,dataT/healthy/healthy_2587.jpg,919cf56640790207a04549ce636e296d,ecb30c71f9ea1e02,1080,1080,cache_256/dataT/healthy/healthy_2587.png,1080x1080,A,238,707,train,val,train,test,val,test,train,train,train,train,train,val,test,train,train
dataT/healthy/healthy_2588.jpg,0,0,dataT/healthy/healthy_2588.jpg,189b6665419faaafbadef064058ded60,8c8d3e7f50ea4a86,1080,1080,cache_256/dataT/healthy/healthy_2588.png,1080x1080,A,238,708,train,val,train,test,val,test,train,train,train,train,train,val,test,train,train
dataT/healthy/healthy_2589.jpg,0,0,dataT/healthy/healthy_2589.jpg,eb6827f454196cf7511c9c5c9eaed59a,a3e99d6114360e7e,1080,1080,cache_256/dataT/healthy/healthy_2589.png,1080x1080,A,238,709,train,val,train,test,val,test,train,train,train,train,train,val,test,train,train
dataT/healthy/healthy_259.jpg,0,0,dataT/healthy/healthy_259.jpg,5bb40d37e5687e9b74184c176baf0dfc,c641cae6e9e0cd2d,1080,1080,cache_256/dataT/healthy/healthy_259.png,1080x1080,A,238,710,train,val,train,test,val,test,train,train,train,train,train,val,test,train,train
dataT/healthy/healthy_2590.jpg,0,0,dataT/healthy/healthy_2590.jpg,b820c21df01c2c3bf7a67c44b47173fa,86e3f8ac8b945917,1080,1080,cache_256/dataT/healthy/healthy_2590.png,1080x1080,A,238,711,train,val,train,test,val,test,train,train,train,train,train,val,test,train,train
dataT/healthy/healthy_2591.jpg,0,0,dataT/healthy/healthy_2591.jpg,411625158a09451df254f8eb167a469f,c24b1d3778e2f107,1080,1080,cache_256/dataT/healthy/healthy_2591.png,1080x1080,A,238,712,train,val,train,test,val,test,train,train,train,train,train,val,test,train,train
dataT/healthy/healthy_2592.jpg,0,0,dataT/healthy/healthy_2592.jpg,a64148cf35062c9744e3024bf142a1b5,f71e7827bc6d4900,1080,1080,cache_256/dataT/healthy/healthy_2592.png,1080x1080,A,238,713,train,val,train,test,val,test,train,train,train,train,train,val,test,train,train
dataT/healthy/healthy_2593.jpg,0,0,dataT/healthy/healthy_2593.jpg,fb6cf90fc5df8ed28bd95d9b3bcfe2e9,86e370a5abaf103d,1080,1080,cache_256/dataT/healthy/healthy_2593.png,1080x1080,A,238,711,train,val,train,test,val,test,train,train,train,train,train,val,test,train,train
dataT/healthy/healthy_2594.jpg,0,0,dataT/healthy/healthy_2594.jpg,4b2822968f2f7a6872d91f95634e879d,caea6c377061b856,1080,1080,cache_256/dataT/healthy/healthy_2594.png,1080x1080,A,238,715,train,val,train,test,val,test,train,train,train,train,train,val,test,train,train
dataT/healthy/healthy_2595.jpg,0,0,dataT/healthy/healthy_2595.jpg,3fb9b7d1b33b12988b251897c1a1cf34,ca67c8a63292db33,1080,1080,cache_256/dataT/healthy/healthy_2595.png,1080x1080,A,238,716,train,val,train,test,val,test,train,train,train,train,train,val,test,train,train
dataT/healthy/healthy_2596.jpg,0,0,dataT/healthy/healthy_2596.jpg,19b826c3d9dd412931f2feca32a9758c,ad50df4aaa245667,1080,1080,cache_256/dataT/healthy/healthy_2596.png,1080x1080,A,238,717,train,val,train,test,val,test,train,train,train,train,train,val,test,train,train
dataT/healthy/healthy_2597.jpg,0,0,dataT/healthy/healthy_2597.jpg,db1c7f49dd05fe90df8dca642bfbf1bb,f050426dbcb6d6d2,1080,1080,cache_256/dataT/healthy/healthy_2597.png,1080x1080,A,718,718,train,train,test,train,val,train,train,train,test,train,train,train,train,test,val
dataT/healthy/healthy_2598.jpg,0,0,dataT/healthy/healthy_2598.jpg,226205f078920c875eaf65d5b5c2d155,8ca973b5859dda03,1080,1080,cache_256/dataT/healthy/healthy_2598.png,1080x1080,A,238,719,train,val,train,test,val,test,train,train,train,train,train,val,test,train,train
dataT/healthy/healthy_2599.jpg,0,0,dataT/healthy/healthy_2599.jpg,c1665116ac61371985a3e428500901df,cc65180ef17e07f8,1080,1080,cache_256/dataT/healthy/healthy_2599.png,1080x1080,A,720,720,test,train,train,train,train,train,train,test,train,train,train,train,test,train,train
dataT/healthy/healthy_26.jpg,0,0,dataT/healthy/healthy_26.jpg,b6e99ec3ba08a698c43175975389d4db,a287c0a75e79299d,1080,1080,cache_256/dataT/healthy/healthy_26.png,1080x1080,A,238,721,train,val,train,test,val,test,train,train,train,train,train,val,test,train,train
dataT/healthy/healthy_260.jpg,0,0,dataT/healthy/healthy_260.jpg,155f61b0e4cc4a3c7c220a9448b03a13,c8d53078fdbd580a,1080,1080,cache_256/dataT/healthy/healthy_260.png,1080x1080,A,238,722,train,val,train,test,val,test,train,train,train,train,train,val,test,train,train
dataT/healthy/healthy_2600.jpg,0,0,dataT/healthy/healthy_2600.jpg,77d3e90d3af06413a66c17ca5fb84e12,b248ab680d7fa4d6,1080,1080,cache_256/dataT/healthy/healthy_2600.png,1080x1080,A,238,723,train,val,train,test,val,test,train,train,train,train,train,val,test,train,train
dataT/healthy/healthy_2601.jpg,0,0,dataT/healthy/healthy_2601.jpg,91eb0417cde3483fa24584ca44e1bb40,f2151dc6782c6d69,1080,1080,cache_256/dataT/healthy/healthy_2601.png,1080x1080,A,238,724,train,val,train,test,val,test,train,train,train,train,train,val,test,train,train
dataT/healthy/healthy_2602.jpg,0,0,dataT/healthy/healthy_2602.jpg,143e0fdf8b0d1c5484790c98b9d063d6,dee49575f022b20d,1080,1080,cache_256/dataT/healthy/healthy_2602.png,1080x1080,A,238,725,train,val,train,test,val,test,train,train,train,train,train,val,test,train,train
dataT/healthy/healthy_2603.jpg,0,0,dataT/healthy/healthy_2603.jpg,08335778216fede4c1bb698b1aa68945,a1189ff1b02753a7,1080,1080,cache_256/dataT/healthy/healthy_2603.png,1080x1080,A,238,726,train,val,train,test,val,test,train,train,train,train,train,val,test,train,train
dataT/healthy/healthy_2604.jpg,0,0,dataT/healthy/healthy_2604.jpg,37cd5d133a31e8eb6b8dbb8dff56532f,f6ff48148e1cc50d,1080,1080,cache_256/dataT/healthy/healthy_2604.png,1080x1080,A,238,727,train,val,train,test,val,test,train,train,train,train,train,val,test,train,train
dataT/healthy/healthy_2605.jpg,0,0,dataT/healthy/healthy_2605.jpg,32884979cc6d762865ca45071f843e7f,c83b98e013e13ff4,1080,1080,cache_256/dataT/healthy/healthy_2605.png,1080x1080,A,238,728,train,val,train,test,val,test,train,train,train,train,train,val,test,train,train
dataT/healthy/healthy_2606.jpg,0,0,dataT/healthy/healthy_2606.jpg,e33ec0aff90d0c79710d147201c039a9,fb09852fc4a495e5,1080,1080,cache_256/dataT/healthy/healthy_2606.png,1080x1080,A,238,729,train,val,train,test,val,test,train,train,train,train,train,val,test,train,train
dataT/healthy/healthy_2607.jpg,0,0,dataT/healthy/healthy_2607.jpg,c4daaa761b325aef3f6e7b8586be8358,a2951ca7ad27b626,1080,1080,cache_256/dataT/healthy/healthy_2607.png,1080x1080,A,238,730,train,val,train,test,val,test,train,train,train,train,train,val,test,train,train
dataT/healthy/healthy_2608.jpg,0,0,dataT/healthy/healthy_2608.jpg,c498a21f0cfbb52fdf27d2623d60a9f5,f2b2484f546c674b,1080,1080,cache_256/dataT/healthy/healthy_2608.png,1080x1080,A,238,731,train,val,train,test,val,test,train,train,train,train,train,val,test,train,train
dataT/healthy/healthy_2609.jpg,0,0,dataT/healthy/healthy_2609.jpg,3e7dadcc4775332fff934d7498e0c894,c70f06b43ac3d16b,1080,1080,cache_256/dataT/healthy/healthy_2609.png,1080x1080,A,732,732,train,test,train,train,train,train,train,train,train,test,val,train,train,test,train
dataT/healthy/healthy_261.jpg,0,0,dataT/healthy/healthy_261.jpg,c0308afe6780386b48118e15f527bd4c,c6b8407bb0b0bfb8,1080,1080,cache_256/dataT/healthy/healthy_261.png,1080x1080,A,238,733,train,val,train,test,val,test,train,train,train,train,train,val,test,train,train
dataT/healthy/healthy_2610.jpg,0,0,dataT/healthy/healthy_2610.jpg,92ecb16b22fea7454d8e104bb5494513,f64c0d64fa369233,1080,1080,cache_256/dataT/healthy/healthy_2610.png,1080x1080,A,238,734,train,val,train,test,val,test,train,train,train,train,train,val,test,train,train
dataT/healthy/healthy_2611.jpg,0,0,dataT/healthy/healthy_2611.jpg,7eef6fa6aa97314baf8e69950316abf5,f12dc9bb11913a39,1080,1080,cache_256/dataT/healthy/healthy_2611.png,1080x1080,A,238,735,train,val,train,test,val,test,train,train,train,train,train,val,test,train,train
dataT/healthy/healthy_2612.jpg,0,0,dataT/healthy/healthy_2612.jpg,242c6be54a80a79616619a2500078220,ccb4383eb2f0b0b3,1080,1080,cache_256/dataT/healthy/healthy_2612.png,1080x1080,A,238,736,train,val,train,test,val,test,train,train,train,train,train,val,test,train,train
dataT/healthy/healthy_2613.jpg,0,0,dataT/healthy/healthy_2613.jpg,314636ee7a237729b23986636536150a,e41918377b6163ea,1080,1080,cache_256/dataT/healthy/healthy_2613.png,1080x1080,A,238,737,train,val,train,test,val,test,train,train,train,train,train,val,test,train,train
dataT/healthy/healthy_2614.jpg,0,0,dataT/healthy/healthy_2614.jpg,2500fbf13f5dadf7cfca96ad89e7dd7c,c94d3f367643270c,1080,1080,cache_256/dataT/healthy/healthy_2614.png,1080x1080,A,238,738,train,val,train,test,val,test,train,train,train,train,train,val,test,train,train
dataT/healthy/healthy_2615.jpg,0,0,dataT/healthy/healthy_2615.jpg,625d82918ba964c78351ba5ae6e2fa52,c55949c53debb023,1080,1080,cache_256/dataT/healthy/healthy_2615.png,1080x1080,A,238,739,train,val,train,test,val,test,train,train,train,train,train,val,test,train,train
dataT/healthy/healthy_2616.jpg,0,0,dataT/healthy/healthy_2616.jpg,750d99edda538ff6d92a67f2cf862c1b,e10cdf6b79a4e1a0,1080,1080,cache_256/dataT/healthy/healthy_2616.png,1080x1080,A,238,740,train,val,train,test,val,test,train,train,train,train,train,val,test,train,train
dataT/healthy/healthy_2617.jpg,0,0,dataT/healthy/healthy_2617.jpg,d8fc94ca79f6e45dbfcf66b5e85cd4a0,bcce506317233675,1080,1080,cache_256/dataT/healthy/healthy_2617.png,1080x1080,A,238,741,train,val,train,test,val,test,train,train,train,train,train,val,test,train,train
dataT/healthy/healthy_2618.jpg,0,0,dataT/healthy/healthy_2618.jpg,de47b2d6eed6aa265aea60e1b0bf8b99,e25f9dfaf8c92080,1080,1080,cache_256/dataT/healthy/healthy_2618.png,1080x1080,A,238,742,train,val,train,test,val,test,train,train,train,train,train,val,test,train,train
dataT/healthy/healthy_2619.jpg,0,0,dataT/healthy/healthy_2619.jpg,99d5f55b6f4432231e1e63de8c2c1d75,b45a5f39e9555c80,1080,1080,cache_256/dataT/healthy/healthy_2619.png,1080x1080,A,238,743,train,val,train,test,val,test,train,train,train,train,train,val,test,train,train
dataT/healthy/healthy_262.jpg,0,0,dataT/healthy/healthy_262.jpg,257f66135d1b624abdd54d5783d42caf,93e90d243e3a393b,1080,1080,cache_256/dataT/healthy/healthy_262.png,1080x1080,A,238,744,train,val,train,test,val,test,train,train,train,train,train,val,test,train,train
dataT/healthy/healthy_2620.jpg,0,0,dataT/healthy/healthy_2620.jpg,112c255aaeae3b4db5a78a026bf34a84,c19a8c1b1c79fa1d,1080,1080,cache_256/dataT/healthy/healthy_2620.png,1080x1080,A,238,745,train,val,train,test,val,test,train,train,train,train,train,val,test,train,train
dataT/healthy/healthy_2621.jpg,0,0,dataT/healthy/healthy_2621.jpg,d97cc500e27a84b4f42f3f3efca185b9,a78d5877eae38380,1080,1080,cache_256/dataT/healthy/healthy_2621.png,1080x1080,A,238,746,train,val,train,test,val,test,train,train,train,train,train,val,test,train,train
dataT/healthy/healthy_2622.jpg,0,0,dataT/healthy/healthy_2622.jpg,a193a989a67ab683c960904599f58164,cccb6820323f535f,1080,1080,cache_256/dataT/healthy/healthy_2622.png,1080x1080,A,238,747,train,val,train,test,val,test,train,train,train,train,train,val,test,train,train
dataT/healthy/healthy_2623.jpg,0,0,dataT/healthy/healthy_2623.jpg,511f82b0a21b00d3c3b2303325f8aeb4,fe7f0902b391169c,1080,1080,cache_256/dataT/healthy/healthy_2623.png,1080x1080,A,238,748,train,val,train,test,val,test,train,train,train,train,train,val,test,train,train
dataT/healthy/healthy_2624.jpg,0,0,dataT/healthy/healthy_2624.jpg,dfc81507e07ccac9191c8984745cf1b8,8e1e5730e2339ee8,1080,1080,cache_256/dataT/healthy/healthy_2624.png,1080x1080,A,238,749,train,val,train,test,val,test,train,train,train,train,train,val,test,train,train
dataT/healthy/healthy_2625.jpg,0,0,dataT/healthy/healthy_2625.jpg,8ba72ae6869f7733bdd18fcb0958e81b,d8444e669325dbae,1080,1080,cache_256/dataT/healthy/healthy_2625.png,1080x1080,A,238,750,train,val,train,test,val,test,train,train,train,train,train,val,test,train,train
dataT/healthy/healthy_2626.jpg,0,0,dataT/healthy/healthy_2626.jpg,b20a31bf91833ce29df0b2ac8ddf4fc7,a1571956b6faa50a,1080,1080,cache_256/dataT/healthy/healthy_2626.png,1080x1080,A,751,751,train,train,train,test,train,train,train,test,train,train,train,val,train,test,train
dataT/healthy/healthy_2627.jpg,0,0,dataT/healthy/healthy_2627.jpg,b778494b466c2e1dc47abdf4af1ca082,b3c9c1d0f4eca86a,1080,1080,cache_256/dataT/healthy/healthy_2627.png,1080x1080,A,238,752,train,val,train,test,val,test,train,train,train,train,train,val,test,train,train
dataT/healthy/healthy_2628.jpg,0,0,dataT/healthy/healthy_2628.jpg,feb19891d89f3ad329e0ed9e49cce894,f4209b2cf2bd5a43,1080,1080,cache_256/dataT/healthy/healthy_2628.png,1080x1080,A,238,753,train,val,train,test,val,test,train,train,train,train,train,val,test,train,train
dataT/healthy/healthy_2629.jpg,0,0,dataT/healthy/healthy_2629.jpg,23e1b629c0b3cc7704fd8f3d736f9639,d2d84f15a10b1f1f,1080,1080,cache_256/dataT/healthy/healthy_2629.png,1080x1080,A,238,754,train,val,train,test,val,test,train,train,train,train,train,val,test,train,train
dataT/healthy/healthy_263.jpg,0,0,dataT/healthy/healthy_263.jpg,22c390ddd8ce9804f3f80097dee74273,dc9cb1686666a553,1080,1080,cache_256/dataT/healthy/healthy_263.png,1080x1080,A,238,755,train,val,train,test,val,test,train,train,train,train,train,val,test,train,train
dataT/healthy/healthy_2630.jpg,0,0,dataT/healthy/healthy_2630.jpg,0cebc8c46af608e49f0042c46056ed35,a6a81f7687b6c185,1080,1080,cache_256/dataT/healthy/healthy_2630.png,1080x1080,A,238,756,train,val,train,test,val,test,train,train,train,train,train,val,test,train,train
dataT/healthy/healthy_2631.jpg,0,0,dataT/healthy/healthy_2631.jpg,2f3798baf7f724fe9c5b0de65b354f89,f558d8656fe6500a,1080,1080,cache_256/dataT/healthy/healthy_2631.png,1080x1080,A,238,757,train,val,train,test,val,test,train,train,train,train,train,val,test,train,train
dataT/healthy/healthy_2632.jpg,0,0,dataT/healthy/healthy_2632.jpg,b66a97bede5e8df0ffa8a3084be31780,cac6cd74485a7d1c,1080,1080,cache_256/dataT/healthy/healthy_2632.png,1080x1080,A,238,758,train,val,train,test,val,test,train,train,train,train,train,val,test,train,train
dataT/healthy/healthy_2633.jpg,0,0,dataT/healthy/healthy_2633.jpg,b926618f3b28c3cde44f052a1bea45b9,ccc4d9a2b13632f3,1080,1080,cache_256/dataT/healthy/healthy_2633.png,1080x1080,A,759,759,test,train,val,train,train,val,val,val,train,test,train,train,train,train,test
dataT/healthy/healthy_2634.jpg,0,0,dataT/healthy/healthy_2634.jpg,002a6e873480320905bc7f60af6e5b9c,c3433c60f76e032f,1080,1080,cache_256/dataT/healthy/healthy_2634.png,1080x1080,A,238,760,train,val,train,test,val,test,train,train,train,train,train,val,test,train,train
dataT/healthy/healthy_2635.jpg,0,0,dataT/healthy/healthy_2635.jpg,6070c8463e89831d776e3697503ff89a,b4dd1c63e0b4e5b0,1080,1080,cache_256/dataT/healthy/healthy_2635.png,1080x1080,A,238,761,train,val,train,test,val,test,train,train,train,train,train,val,test,train,train
dataT/healthy/healthy_2636.jpg,0,0,dataT/healthy/healthy_2636.jpg,7c71932ad6dbbae62a51eb61fe0fc39b,f936bc834ac06aea,1080,1080,cache_256/dataT/healthy/healthy_2636.png,1080x1080,A,238,762,train,val,train,test,val,test,train,train,train,train,train,val,test,train,train
dataT/healthy/healthy_2637.jpg,0,0,dataT/healthy/healthy_2637.jpg,f731714c52024e39852cd407df05bb76,bcb4506117dea4bc,1080,1080,cache_256/dataT/healthy/healthy_2637.png,1080x1080,A,238,763,train,val,train,test,val,test,train,train,train,train,train,val,test,train,train
dataT/healthy/healthy_2638.jpg,0,0,dataT/healthy/healthy_2638.jpg,c19da272aefc6448420263fc8d17f7ad,95f2b8637b0f2582,1080,1080,cache_256/dataT/healthy/healthy_2638.png,1080x1080,A,238,764,train,val,train,test,val,test,train,train,train,train,train,val,test,train,train
dataT/healthy/healthy_2639.jpg,0,0,dataT/healthy/healthy_2639.jpg,4c2f81f532e21b3b4a355f5c0ffb4d20,e8aad4383d708bae,1080,1080,cache_256/dataT/healthy/healthy_2639.png,1080x1080,A,238,765,train,val,train,test,val,test,train,train,train,train,train,val,test,train,train
dataT/healthy/healthy_264.jpg,0,0,dataT/healthy/healthy_264.jpg,a0c4a3c14ce5c517b53790ba29d99edc,a2a89c331077be7c,1080,1080,cache_256/dataT/healthy/healthy_264.png,1080x1080,A,238,766,train,val,train,test,val,test,train,train,train,train,train,val,test,train,train
dataT/healthy/healthy_2640.jpg,0,0,dataT/healthy/healthy_2640.jpg,81cc4be2d3c1d0bab7a95e8e1c74eb5e,efcf781151301f23,1080,1080,cache_256/dataT/healthy/healthy_2640.png,1080x1080,A,238,767,train,val,train,test,val,test,train,train,train,train,train,val,test,train,train
dataT/healthy/healthy_2641.jpg,0,0,dataT/healthy/healthy_2641.jpg,03c5bc6a3fa25f54dc4ea2c74248cd8c,ddfc70b17270830d,1080,1080,cache_256/dataT/healthy/healthy_2641.png,1080x1080,A,238,768,train,val,train,test,val,test,train,train,train,train,train,val,test,train,train
dataT/healthy/healthy_2642.jpg,0,0,dataT/healthy/healthy_2642.jpg,6194cabc7f76bd318cc832a178c417eb,9ccc6a6b2df4d206,1080,1080,cache_256/dataT/healthy/healthy_2642.png,1080x1080,A,238,769,train,val,train,test,val,test,train,train,train,train,train,val,test,train,train
dataT/healthy/healthy_2643.jpg,0,0,dataT/healthy/healthy_2643.jpg,ae6a5adddf5ea819a13cfbe7620bccbe,97b98df1f1c103c1,1080,1080,cache_256/dataT/healthy/healthy_2643.png,1080x1080,A,238,770,train,val,train,test,val,test,train,train,train,train,train,val,test,train,train
dataT/healthy/healthy_2644.jpg,0,0,dataT/healthy/healthy_2644.jpg,a03f425eee21ef66d961ec307213d0ed,b5351a30a5bda65a,1080,1080,cache_256/dataT/healthy/healthy_2644.png,1080x1080,A,238,771,train,val,train,test,val,test,train,train,train,train,train,val,test,train,train
dataT/healthy/healthy_2645.jpg,0,0,dataT/healthy/healthy_2645.jpg,bdcc69f362c437b5909946c5fd4bc29a,831ff9602f4527c5,1080,1080,cache_256/dataT/healthy/healthy_2645.png,1080x1080,A,238,772,train,val,train,test,val,test,train,train,train,train,train,val,test,train,train
dataT/healthy/healthy_2646.jpg,0,0,dataT/healthy/healthy_2646.jpg,db022618e2d841c22ea1cf4bd8e940c6,8cb16133cdea9ca5,1080,1080,cache_256/dataT/healthy/healthy_2646.png,1080x1080,A,238,773,train,val,train,test,val,test,train,train,train,train,train,val,test,train,train
dataT/healthy/healthy_2647.jpg,0,0,dataT/healthy/healthy_2647.jpg,5a3a9bd93df544eaff0fbddf2902f029,8cbc786fb56a8cc0,1080,1080,cache_256/dataT/healthy/healthy_2647.png,1080x1080,A,238,774,train,val,train,test,val,test,train,train,train,train,train,val,test,train,train
dataT/healthy/healthy_2648.jpg,0,0,dataT/healthy/healthy_2648.jpg,c1933e4faa63bba5d681f4572d982afb,f2411db2f1c243de,1080,1080,cache_256/dataT/healthy/healthy_2648.png,1080x1080,A,238,775,train,val,train,test,val,test,train,train,train,train,train,val,test,train,train
dataT/healthy/healthy_2649.jpg,0,0,dataT/healthy/healthy_2649.jpg,82e973579733c2bb9960e20786792eb2,def32c3a3825e0f0,1080,1080,cache_256/dataT/healthy/healthy_2649.png,1080x1080,A,238,776,train,val,train,test,val,test,train,train,train,train,train,val,test,train,train
dataT/healthy/healthy_265.jpg,0,0,dataT/healthy/healthy_265.jpg,d3ff095b74b8f5ee0e039b86a55c268a,cadcd42fad2aa849,1080,1080,cache_256/dataT/healthy/healthy_265.png,1080x1080,A,238,777,train,val,train,test,val,test,train,train,train,train,train,val,test,train,train
dataT/healthy/healthy_2650.jpg,0,0,dataT/healthy/healthy_2650.jpg,611e72d830e74fdc7df8932eaa94e2ad,ad15742f292ab517,1080,1080,cache_256/dataT/healthy/healthy_2650.png,1080x1080,A,238,778,train,val,train,test,val,test,train,train,train,train,train,val,test,train,train
dataT/healthy/healthy_2651.jpg,0,0,dataT/healthy/healthy_2651.jpg,99709f93ee23a04cfd52128dbd5aa176,8e4c5cf6f0e103ab,1080,1080,cache_256/dataT/healthy/healthy_2651.png,1080x1080,A,779,779,train,train,train,train,test,train,train,train,train,test,train,val,val,train,test
dataT/healthy/healthy_266.jpg,0,0,dataT/healthy/healthy_266.jpg,a7fca1bc4bcdfc0c29387c42533c0cd2,de06435d69ed30d2,1080,1080,cache_256/dataT/healthy/healthy_266.png,1080x1080,A,238,780,train,val,train,test,val,test,train,train,train,train,train,val,test,train,train
dataT/healthy/healthy_267.jpg,0,0,dataT/healthy/healthy_267.jpg,8d3a85866b44c47417f27297c3c2ec96,81a163e7e58cdd0d,1080,1080,cache_256/dataT/healthy/healthy_267.png,1080x1080,A,781,781,train,test,train,train,train,train,test,train,train,train,train,train,train,test,train
dataT/healthy/healthy_268.jpg,0,0,dataT/healthy/healthy_268.jpg,6e5a2f094a92276c6095aeea8ed85aae,cfa948605cb4e86f,1080,1080,cache_256/dataT/healthy/healthy_268.png,1080x1080,A,238,782,train,val,train,test,val,test,train,train,train,train,train,val,test,train,train
dataT/healthy/healthy_269.jpg,0,0,dataT/healthy/healthy_269.jpg,d13f7d38d63a83da6202deec98dff30d,e85c1cf4d4ea8457,1080,1080,cache_256/dataT/healthy/healthy_269.png,1080x1080,A,238,783,train,val,train,test,val,test,train,train,train,train,train,val,test,train,train
dataT/healthy/healthy_27.jpg,0,0,dataT/healthy/healthy_27.jpg,6e67c3aed02db8aa5262ada8952de0b2,d7f3296222762b0d,1080,1080,cache_256/dataT/healthy/healthy_27.png,1080x1080,A,238,784,train,val,train,test,val,test,train,train,train,train,train,val,test,train,train
dataT/healthy/healthy_270.jpg,0,0,dataT/healthy/healthy_270.jpg,3a90bf00b57ec0b3428c07159bbe1fe9,9cd84622d387d1bb,1080,1080,cache_256/dataT/healthy/healthy_270.png,1080x1080,A,627,785,test,train,train,train,train,train,train,train,test,train,train,train,train,test,train
dataT/healthy/healthy_271.jpg,0,0,dataT/healthy/healthy_271.jpg,49f000ce3526f5ebd8abd6b6e271ab3a,edbb3c3622099d58,1080,1080,cache_256/dataT/healthy/healthy_271.png,1080x1080,A,238,786,train,val,train,test,val,test,train,train,train,train,train,val,test,train,train
dataT/healthy/healthy_272.jpg,0,0,dataT/healthy/healthy_272.jpg,9035cf945491eb39a53c086cfaedb3d2,ad8687363d4358cd,1080,1080,cache_256/dataT/healthy/healthy_272.png,1080x1080,A,238,787,train,val,train,test,val,test,train,train,train,train,train,val,test,train,train
dataT/healthy/healthy_273.jpg,0,0,dataT/healthy/healthy_273.jpg,611c644fab5c85b8a7fab8759fc16601,d663796931029d9e,1080,1080,cache_256/dataT/healthy/healthy_273.png,1080x1080,A,238,788,train,val,train,test,val,test,train,train,train,train,train,val,test,train,train
dataT/healthy/healthy_274.jpg,0,0,dataT/healthy/healthy_274.jpg,23954d62656cf1d5fed48f787d8028ff,b313d5f35de0e840,1080,1080,cache_256/dataT/healthy/healthy_274.png,1080x1080,A,238,789,train,val,train,test,val,test,train,train,train,train,train,val,test,train,train
dataT/healthy/healthy_2748.jpg,0,0,dataT/healthy/healthy_2748.jpg,dc7a39dd4602e0a25afb241146eccaab,f0c2d82b4d6978ec,1080,1080,cache_256/dataT/healthy/healthy_2748.png,1080x1080,A,254,790,train,test,val,train,train,train,train,test,train,train,val,train,train,train,test
dataT/healthy/healthy_2749.jpg,0,0,dataT/healthy/healthy_2749.jpg,6434279fff950de8e22e3005b7daf040,eb4d5e7613e0e0c1,1080,1080,cache_256/dataT/healthy/healthy_2749.png,1080x1080,A,791,791,train,train,test,train,train,train,train,train,test,train,train,train,test,train,train
dataT/healthy/healthy_275.jpg,0,0,dataT/healthy/healthy_275.jpg,58fda0e5e32db2da9cad7eeda74759d8,d20d9c484d47676f,1080,1080,cache_256/dataT/healthy/healthy_275.png,1080x1080,A,238,792,train,val,train,test,val,test,train,train,train,train,train,val,test,train,train
dataT/healthy/healthy_2750.jpg,0,0,dataT/healthy/healthy_2750.jpg,aa055e88e926a78412132844894a6b99,926a4de5ae2e9a1c,1080,1080,cache_256/dataT/healthy/healthy_2750.png,1080x1080,A,793,793,train,train,test,train,val,test,train,train,val,train,train,test,train,train,train
dataT/healthy/healthy_2751.jpg,0,0,dataT/healthy/healthy_2751.jpg,40e3dfb057da33d18def153a679d87aa,a25ce6762c169e8e,1080,1080,cache_256/dataT/healthy/healthy_2751.png,1080x1080,A,254,794,train,test,val,train,train,train,train,test,train,train,val,train,train,train,test
dataT/healthy/healthy_2752.jpg,0,0,dataT/healthy/healthy_2752.jpg,b55b95b22e10fd350a377d59ed123a2b,e24c9c13813fce7c,1080,1080,cache_256/dataT/healthy/healthy_2752.png,1080x1080,A,254,795,train,test,val,train,train,train,train,test,train,train,val,train,train,train,test
dataT/healthy/healthy_2753.jpg,0,0,dataT/healthy/healthy_2753.jpg,4f8446246f672e776614dc5bf775c0c4,f6594c6d1c283bd2,1080,1080,cache_256/dataT/healthy/healthy_2753.png,1080x1080,A,254,796,train,test,val,train,train,train,train,test,train,train,val,train,train,train,test
dataT/healthy/healthy_2754.jpg,0,0,dataT/healthy/healthy_2754.jpg,d3deb5e91cd370b90b37cedd1166b697,a6484c24f97b7b19,1080,1080,cache_256/dataT/healthy/healthy_2754.png,1080x1080,A,254,797,train,test,val,train,train,train,train,test,train,train,val,train,train,train,test
dataT/healthy/healthy_2755.jpg,0,0,dataT/healthy/healthy_2755.jpg,64e7247025630bed99359d209b89bd1a,cc4739303735f0e3,1080,1080,cache_256/dataT/healthy/healthy_2755.png,1080x1080,A,254,399,train,test,val,train,train,train,train,test,train,train,val,train,train,train,test
dataT/healthy/healthy_2756.jpg,0,0,dataT/healthy/healthy_2756.jpg,2a419f10180f6374fd88b58ed2e9d3ba,eeeff13736809410,1080,1080,cache_256/dataT/healthy/healthy_2756.png,1080x1080,A,254,799,train,test,val,train,train,train,train,test,train,train,val,train,train,train,test
dataT/healthy/healthy_2757.jpg,0,0,dataT/healthy/healthy_2757.jpg,559cb7e65f892ec780f837602a431485,8658c07d49ee7da2,1080,1080,cache_256/dataT/healthy/healthy_2757.png,1080x1080,A,254,800,train,test,val,train,train,train,train,test,train,train,val,train,train,train,test
dataT/healthy/healthy_2758.jpg,0,0,dataT/healthy/healthy_2758.jpg,63bc6d5a097ba60ac90efd4f8c531e62,975a9b55140615fd,1080,1080,cache_256/dataT/healthy/healthy_2758.png,1080x1080,A,254,801,train,test,val,train,train,train,train,test,train,train,val,train,train,train,test
dataT/healthy/healthy_2759.jpg,0,0,dataT/healthy/healthy_2759.jpg,6af64026ee64c0785f8dcab5fb53bd0b,eea7b927412a4b46,1080,1080,cache_256/dataT/healthy/healthy_2759.png,1080x1080,A,254,802,train,test,val,train,train,train,train,test,train,train,val,train,train,train,test
dataT/healthy/healthy_276.jpg,0,0,dataT/healthy/healthy_276.jpg,906b768d80b9996295d06697bfbd6f6d,9cc65933f0d1978c,1080,1080,cache_256/dataT/healthy/healthy_276.png,1080x1080,A,238,803,train,val,train,test,val,test,train,train,train,train,train,val,test,train,train
dataT/healthy/healthy_2760.jpg,0,0,dataT/healthy/healthy_2760.jpg,0baf13538e48a48153fcd9ac419fef84,d0f72c08102f7f73,1080,1080,cache_256/dataT/healthy/healthy_2760.png,1080x1080,A,804,804,train,val,train,test,train,train,train,train,test,train,train,train,train,test,train
dataT/healthy/healthy_2761.jpg,0,0,dataT/healthy/healthy_2761.jpg,4fcbea729e2719fb67766c06490c67b0,8d775922b46a69a5,1080,1080,cache_256/dataT/healthy/healthy_2761.png,1080x1080,A,254,805,train,test,val,train,train,train,train,test,train,train,val,train,train,train,test
dataT/healthy/healthy_2762.jpg,0,0,dataT/healthy/healthy_2762.jpg,ec57ed439a8036cd864c2377877bab2e,dee683323c5569a8,1080,1080,cache_256/dataT/healthy/healthy_2762.png,1080x1080,A,254,806,train,test,val,train,train,train,train,test,train,train,val,train,train,train,test
dataT/healthy/healthy_2763.jpg,0,0,dataT/healthy/healthy_2763.jpg,ec536f1f38173a99ceb0829bb433c9da,9f488c64f6a235b5,1080,1080,cache_256/dataT/healthy/healthy_2763.png,1080x1080,A,807,807,train,train,train,train,test,train,test,train,train,train,train,test,train,train,train
dataT/healthy/healthy_2764.jpg,0,0,dataT/healthy/healthy_2764.jpg,cabf73b03bed52a05a310df4944622be,96903baf8916dae2,1080,1080,cache_256/dataT/healthy/healthy_2764.png,1080x1080,A,254,808,train,test,val,train,train,train,train,test,train,train,val,train,train,train,test
dataT/healthy/healthy_2765.jpg,0,0,dataT/healthy/healthy_2765.jpg,5c1aec160ea88a658640ca26c1df2f63,8fa774f40616aec8,1080,1080,cache_256/dataT/healthy/healthy_2765.png,1080x1080,A,809,809,test,train,train,train,val,train,train,train,test,train,train,train,train,val,test
dataT/healthy/healthy_2766.jpg,0,0,dataT/healthy/healthy_2766.jpg,284e911ea6e89dc2c4154f330413792a,b3e7dcda220ce264,1080,1080,cache_256/dataT/healthy/healthy_2766.png,1080x1080,A,810,810,train,test,train,train,train,train,train,test,train,train,train,train,train,train,test
dataT/healthy/healthy_2767.jpg,0,0,dataT/healthy/healthy_2767.jpg,50eaa0530f5351c3f29fdbc8f29132a6,b393f3416d762483,1080,1080,cache_256/dataT/healthy/healthy_2767.png,1080x1080,A,254,811,train,test,val,train,train,train,train,test,train,train,val,train,train,train,test
dataT/healthy/healthy_2768.jpg,0,0,dataT/healthy/healthy_2768.jpg,8f374513b2b28d14ecbc1ad18b9392ed,e2df1f270426e436,1080,1080,cache_256/dataT/healthy/healthy_2768.png,1080x1080,A,812,812,train,train,test,train,train,train,val,train,train,test,train,train,test,train,train
dataT/healthy/healthy_2769.jpg,0,0,dataT/healthy/healthy_2769.jpg,e43948ba8e71059e5b4b3cf935a6be15,d08df8519331ff0a,1080,1080,cache_256/dataT/healthy/healthy_2769.png,1080x1080,A,254,813,train,test,val,train,train,train,train,test,train,train,val,train,train,train,test
dataT/healthy/healthy_277.jpg,0,0,dataT/healthy/healthy_277.jpg,51c9e4254aaf8d2471dda21855a99690,f210c9f3b341e31d,1080,1080,cache_256/dataT/healthy/healthy_277.png,1080x1080,A,238,814,train,val,train,test,val,test,train,train,train,train,train,val,test,train,train
dataT/healthy/healthy_2770.jpg,0,0,dataT/healthy/healthy_2770.jpg,ab04f159335ccd39ff0c900e08202d56,8da53136dfc4c70c,1080,1080,cache_256/dataT/healthy/healthy_2770.png,1080x1080,A,254,815,train,test,val,train,train,train,train,test,train,train,val,train,train,train,test
dataT/healthy/healthy_2771.jpg,0,0,dataT/healthy/healthy_2771.jpg,da6a42e68c98aab77d1ed4032b91b6e8,fead1572bc9e8082,1080,1080,cache_256/dataT/healthy/healthy_2771.png,1080x1080,A,254,816,train,test,val,train,train,train,train,test,train,train,val,train,train,train,test
dataT/healthy/healthy_2772.jpg,0,0,dataT/healthy/healthy_2772.jpg,608cd6fb4f2a3ebe2da41949aece2369,951b7c332e0ed0cd,1080,1080,cache_256/dataT/healthy/healthy_2772.png,1080x1080,A,254,817,train,test,val,train,train,train,train,test,train,train,val,train,train,train,test
dataT/healthy/healthy_2773.jpg,0,0,dataT/healthy/healthy_2773.jpg,b12a0626f4b4ee963d872380d9f46aa8,9d8c6c625e562ea5,1080,1080,cache_256/dataT/healthy/healthy_2773.png,1080x1080,A,254,818,train,test,val,train,train,train,train,test,train,train,val,train,train,train,test
dataT/healthy/healthy_2774.jpg,0,0,dataT/healthy/healthy_2774.jpg,b714cb39937fee53156c9f395222f405,b6b519a4329b8ada,1080,1080,cache_256/dataT/healthy/healthy_2774.png,1080x1080,A,254,819,train,test,val,train,train,train,train,test,train,train,val,train,train,train,test
dataT/healthy/healthy_2775.jpg,0,0,dataT/healthy/healthy_2775.jpg,ad2f3772293e43d3ffd04a0a8fb7f0af,b71e08487fbc02db,1080,1080,cache_256/dataT/healthy/healthy_2775.png,1080x1080,A,254,820,train,test,val,train,train,train,train,test,train,train,val,train,train,train,test
dataT/healthy/healthy_2776.jpg,0,0,dataT/healthy/healthy_2776.jpg,d8d599fe95f97b939a250ce09f47064e,d8dea06227e1674d,1080,1080,cache_256/dataT/healthy/healthy_2776.png,1080x1080,A,254,821,train,test,val,train,train,train,train,test,train,train,val,train,train,train,test
dataT/healthy/healthy_2777.jpg,0,0,dataT/healthy/healthy_2777.jpg,1cafe34bdef0eaa516f5900c3f8cbfc5,e60cf8a15bf240af,1080,1080,cache_256/dataT/healthy/healthy_2777.png,1080x1080,A,254,822,train,test,val,train,train,train,train,test,train,train,val,train,train,train,test
dataT/healthy/healthy_2778.jpg,0,0,dataT/healthy/healthy_2778.jpg,388b9bf303eae689df37dc0cb906933f,ecc0637a2197ea87,1080,1080,cache_256/dataT/healthy/healthy_2778.png,1080x1080,A,254,823,train,test,val,train,train,train,train,test,train,train,val,train,train,train,test
dataT/healthy/healthy_2779.jpg,0,0,dataT/healthy/healthy_2779.jpg,d1ac4d336774775e4d702239f65d0ac4,dee0b76285329cb2,1080,1080,cache_256/dataT/healthy/healthy_2779.png,1080x1080,A,254,824,train,test,val,train,train,train,train,test,train,train,val,train,train,train,test
dataT/healthy/healthy_278.jpg,0,0,dataT/healthy/healthy_278.jpg,b62c1c85d60acb7bffe14ee11ffd6175,d6389d510d1e3be8,1080,1080,cache_256/dataT/healthy/healthy_278.png,1080x1080,A,238,825,train,val,train,test,val,test,train,train,train,train,train,val,test,train,train
dataT/healthy/healthy_2780.jpg,0,0,dataT/healthy/healthy_2780.jpg,1dec9526a485de3b97d3675a84934a26,96510723a4e7e747,1080,1080,cache_256/dataT/healthy/healthy_2780.png,1080x1080,A,254,826,train,test,val,train,train,train,train,test,train,train,val,train,train,train,test
dataT/healthy/healthy_2781.jpg,0,0,dataT/healthy/healthy_2781.jpg,14b9103464d29cda443425e0d9898aa2,9293d4572c1366dd,1080,1080,cache_256/dataT/healthy/healthy_2781.png,1080x1080,A,254,827,train,test,val,train,train,train,train,test,train,train,val,train,train,train,test
dataT/healthy/healthy_2782.jpg,0,0,dataT/healthy/healthy_2782.jpg,12e3a93affb304cf7e2e769c7d822f33,fea38d4244d572b8,1080,1080,cache_256/dataT/healthy/healthy_2782.png,1080x1080,A,254,828,train,test,val,train,train,train,train,test,train,train,val,train,train,train,test
dataT/healthy/healthy_2783.jpg,0,0,dataT/healthy/healthy_2783.jpg,4dc5a36d0455dfd8d33b37069e9c89ef,e8f4b0e7a6a2a3c1,1080,1080,cache_256/dataT/healthy/healthy_2783.png,1080x1080,A,254,829,train,test,val,train,train,train,train,test,train,train,val,train,train,train,test
dataT/healthy/healthy_2784.jpg,0,0,dataT/healthy/healthy_2784.jpg,7ef026af0e2a02f5dc469d2ccd6c91ef,a7e5b8b2e2430d9a,1080,1080,cache_256/dataT/healthy/healthy_2784.png,1080x1080,A,254,830,train,test,val,train,train,train,train,test,train,train,val,train,train,train,test
dataT/healthy/healthy_2785.jpg,0,0,dataT/healthy/healthy_2785.jpg,c4bec6bd01e9c189925b122b34a7eac7,cffca8ab29b12522,1080,1080,cache_256/dataT/healthy/healthy_2785.png,1080x1080,A,254,831,train,test,val,train,train,train,train,test,train,train,val,train,train,train,test
dataT/healthy/healthy_2786.jpg,0,0,dataT/healthy/healthy_2786.jpg,e594e41f6fd757152fc6fdc20afd2a22,e5ac0c49dcf4d5c4,1080,1080,cache_256/dataT/healthy/healthy_2786.png,1080x1080,A,254,832,train,test,val,train,train,train,train,test,train,train,val,train,train,train,test
dataT/healthy/healthy_2787.jpg,0,0,dataT/healthy/healthy_2787.jpg,a6ca821b99794a518204548961b64c3f,92a74ce3ad96525a,1080,1080,cache_256/dataT/healthy/healthy_2787.png,1080x1080,A,833,833,test,train,train,train,train,test,train,val,train,val,test,train,train,train,train
dataT/healthy/healthy_2788.jpg,0,0,dataT/healthy/healthy_2788.jpg,aacc352bda2fd75879fc769a412fe0a6,db4f25b1b43e9b00,1080,1080,cache_256/dataT/healthy/healthy_2788.png,1080x1080,A,834,834,val,train,train,test,train,train,test,train,train,train,train,test,train,train,train
dataT/healthy/healthy_2789.jpg,0,0,dataT/healthy/healthy_2789.jpg,0a31d56d89fe92b1bb4d0395c4d94e27,96e58cf0f5b422f0,1080,1080,cache_256/dataT/healthy/healthy_2789.png,1080x1080,A,835,835,train,val,val,train,test,train,train,test,train,train,val,train,test,train,train
dataT/healthy/healthy_279.jpg,0,0,dataT/healthy/healthy_279.jpg,a448d8fe4b8f9e262d4415b4a8afda86,df4b21e0e73620f1,1080,1080,cache_256/dataT/healthy/healthy_279.png,1080x1080,A,238,836,train,val,train,test,val,test,train,train,train,train,train,val,test,train,train
dataT/healthy/healthy_2790.jpg,0,0,dataT/healthy/healthy_2790.jpg,3c15f6204c222cf11aed69337dbd0810,9d2512c077478fe5,1080,1080,cache_256/dataT/healthy/healthy_2790.png,1080x1080,A,833,837,test,train,train,train,train,test,train,val,train,val,test,train,train,train,train
dataT/healthy/healthy_2791.jpg,0,0,dataT/healthy/healthy_2791.jpg,43028d4f216ebd05b30974b736cb42d2,9ab7fd50508ca5c5,1080,1080,cache_256/dataT/healthy/healthy_2791.png,1080x1080,A,838,838,train,train,train,test,train,train,train,train,train,test,train,val,train,test,train
dataT/healthy/healthy_2792.jpg,0,0,dataT/healthy/healthy_2792.jpg,bf77ac86b6d5a7cee9bded008b229cb6,ea27ade29105fb06,1080,1080,cache_256/dataT/healthy/healthy_2792.png,1080x1080,A,838,839,train,train,train,test,train,train,train,train,train,test,train,val,train,test,train
dataT/healthy/healthy_2793.jpg,0,0,dataT/healthy/healthy_2793.jpg,e9f46ab9ff52faf9ff39cbf842b1017b,8668cf76f0063fc4,1080,1080,cache_256/dataT/healthy/healthy_2793.png,1080x1080,A,840,840,train,train,test,train,train,val,train,train,test,train,train,val,val,train,test
dataT/healthy/healthy_2794.jpg,0,0,dataT/healthy/healthy_2794.jpg,94a2352553c88b50f6936456df35577a,b2c96536349179ab,1080,1080,cache_256/dataT/healthy/healthy_2794.png,1080x1080,A,841,841,test,train,train,val,val,train,train,train,val,test,train,train,test,val,train
dataT/healthy/healthy_2795.jpg,0,0,dataT/healthy/healthy_2795.jpg,1c12f1c6e2339496cee0d75c483fe45e,a7f1bd370b8cc80a,1080,1080,cache_256/dataT/healthy/healthy_2795.png,1080x1080,A,842,842,test,train,train,train,train,test,train,train,train,train,train,test,train,train,train
dataT/healthy/healthy_2796.jpg,0,0,dataT/healthy/healthy_2796.jpg,a6f5e7dd4177cca68414e25481ef7468,a3b75f521c88a95c,1080,1080,cache_256/dataT/healthy/healthy_2796.png,1080x1080,A,843,843,val,train,test,train,val,val,val,test,train,train,train,test,val,train,val
dataT/healthy/healthy_2797.jpg,0,0,dataT/healthy/healthy_2797.jpg,5c3ae5b74d0e706d4556a93dd920e640,91bc999d39d1a691,1080,1080,cache_256/dataT/healthy/healthy_2797.png,1080x1080,A,841,844,test,train,train,val,val,train,train,train,val,test,train,train,test,val,train
dataT/healthy/healthy_2798.jpg,0,0,dataT/healthy/healthy_2798.jpg,e85ba56259643dcda38791fc35415124,8dc327d722666927,1080,1080,cache_256/dataT/healthy/healthy_2798.png,1080x1080,A,841,845,test,train,train,val,val,train,train,train,val,test,train,train,test,val,train
dataT/healthy/healthy_2799.jpg,0,0,dataT/healthy/healthy_2799.jpg,ecf2cf9d0e4ab64225452057b6f126ef,932d96f74bc11896,1080,1080,cache_256/dataT/healthy/healthy_2799.png,1080x1080,A,846,846,test,train,train,train,train,train,test,train,train,train,val,train,train,train,test
dataT/healthy/healthy_28.jpg,0,0,dataT/healthy/healthy_28.jpg,5256da35c289fccafe23b04bb5f87445,a7e349070f3a28f3,1080,1080,cache_256/dataT/healthy/healthy_28.png,1080x1080,A,238,847,train,val,train,test,val,test,train,train,train,train,train,val,test,train,train
dataT/healthy/healthy_280.jpg,0,0,dataT/healthy/healthy_280.jpg,a841abce757f2fca55b97ab2be8b51c5,cdf376d2d8780624,1080,1080,cache_256/dataT/healthy/healthy_280.png,1080x1080,A,848,848,train,test,train,train,train,train,test,train,train,train,train,train,test,train,train
dataT/healthy/healthy_2800.jpg,0,0,dataT/healthy/healthy_2800.jpg,b07be3efe083a50244cb029a4f55d929,ceda336760ec2e0c,1080,1080,cache_256/dataT/healthy/healthy_2800.png,1080x1080,A,849,849,train,test,train,train,train,val,train,test,train,train,val,train,test,train,train
dataT/healthy/healthy_2801.jpg,0,0,dataT/healthy/healthy_2801.jpg,ba2db5d783dcd8d03391e6c9e534297e,9666c96680565bcf,1080,1080,cache_256/dataT/healthy/healthy_2801.png,1080x1080,A,846,850,test,train,train,train,train,train,test,train,train,train,val,train,train,train,test
dataT/healthy/healthy_2802.jpg,0,0,dataT/healthy/healthy_2802.jpg,ddbd5979be03cabbd28d5f27b14cfa38,a3b1993b3923a5d2,1080,1080,cache_256/dataT/healthy/healthy_2802.png,1080x1080,A,851,851,train,val,train,test,train,train,train,train,test,train,train,train,train,val,test
dataT/healthy/healthy_2803.jpg,0,0,dataT/healthy/healthy_2803.jpg,b66394dd2ed913e460615f8831bbd07d,e2b18b7985b5a730,1080,1080,cache_256/dataT/healthy/healthy_2803.png,1080x1080,A,851,852,train,val,train,test,train,train,train,train,test,train,train,train,train,val,test
dataT/healthy/healthy_2804.jpg,0,0,dataT/healthy/healthy_2804.jpg,dce55998ffb93feb2b2f3f31ceb64b79,ca145cf84df82b95,1080,1080,cache_256/dataT/healthy/healthy_2804.png,1080x1080,A,851,853,train,val,train,test,train,train,train,train,test,train,train,train,train,val,test
dataT/healthy/healthy_2805.jpg,0,0,dataT/healthy/healthy_2805.jpg,c5ab9eaf653dcf539061151ce2def006,a5b98987ae00177f,1080,1080,cache_256/dataT/healthy/healthy_2805.png,1080x1080,A,851,854,train,val,train,test,train,train,train,train,test,train,train,train,train,val,test
dataT/healthy/healthy_2806.jpg,0,0,dataT/healthy/healthy_2806.jpg,528c79c311ce1875939b0ab36d60fe06,b98d3c1c51e96b51,1080,1080,cache_256/dataT/healthy/healthy_2806.png,1080x1080,A,851,855,train,val,train,test,train,train,train,train,test,train,train,train,train,val,test
dataT/healthy/healthy_2807.jpg,0,0,dataT/healthy/healthy_2807.jpg,81e3be664a4658dd4ddcc2554fab9c8b,e984fca723b006bd,1080,1080,cache_256/dataT/healthy/healthy_2807.png,1080x1080,A,856,856,train,train,val,train,test,train,train,train,test,train,train,train,train,test,train
dataT/healthy/healthy_2808.jpg,0,0,dataT/healthy/healthy_2808.jpg,3a2b1af83a4f31145d76c948d2b9b147,dc3fb0374b068f90,1080,1080,cache_256/dataT/healthy/healthy_2808.png,1080x1080,A,857,857,train,train,test,train,val,train,train,train,train,test,train,test,train,train,train
dataT/healthy/healthy_2809.jpg,0,0,dataT/healthy/healthy_2809.jpg,67f36a84c44b5d235d77a64e4807c9b4,cfc180081dfdf0f9,1080,1080,cache_256/dataT/healthy/healthy_2809.png,1080x1080,A,856,858,train,train,val,train,test,train,train,train,test,train,train,train,train,test,train
dataT/healthy/healthy_281.jpg,0,0,dataT/healthy/healthy_281.jpg,6070a1461bc28665289959cdcdd37bc4,9c9a0e3177636a66,1080,1080,cache_256/dataT/healthy/healthy_281.png,1080x1080,A,238,859,train,val,train,test,val,test,train,train,train,train,train,val,test,train,train
dataT/healthy/healthy_2810.jpg,0,0,dataT/healthy/healthy_2810.jpg,bc7a3fa9bc75fb485b34a74b8a2b1032,889dbcb1b6d7d014,1080,1080,cache_256/dataT/healthy/healthy_2810.png,1080x1080,A,856,860,train,train,val,train,test,train,train,train,test,train,train,train,train,test,train
dataT/healthy/healthy_2811.jpg,0,0,dataT/healthy/healthy_2811.jpg,5c1e34e538f02234b33554efc24b2f2f,9b8edb26076153e2,1080,1080,cache_256/dataT/healthy/healthy_2811.png,1080x1080,A,851,861,train,val,train,test,train,train,train,train,test,train,train,train,train,val,test
dataT/healthy/healthy_2812.jpg,0,0,dataT/healthy/healthy_2812.jpg,b48da73bd7a5fdd83bf33410b52becb3,ef64eca3395a010f,1080,1080,cache_256/dataT/healthy/healthy_2812.png,1080x1080,A,851,862,train,val,train,test,train,train,train,train,test,train,train,train,train,val,test
dataT/healthy/healthy_2813.jpg,0,0,dataT/healthy/healthy_2813.jpg,b79e85a5b697eb1f9c8d83bad3dadd5d,b4a1dc2379076676,1080,1080,cache_256/dataT/healthy/healthy_2813.png,1080x1080,A,851,863,train,val,train,test,train,train,train,train,test,train,train,train,train,val,test
dataT/healthy/healthy_2814.jpg,0,0,dataT/healthy/healthy_2814.jpg,f0e331ad1cb861ade5c4fe6df1ede6b9,ff900c6d7d0f0385,1080,1080,cache_256/dataT/healthy/healthy_2814.png,1080x1080,A,851,864,train,val,train,test,train,train,train,train,test,train,train,train,train,val,test
dataT/healthy/healthy_2815.jpg,0,0,dataT/healthy/healthy_2815.jpg,ee10572cf47e8784a66060baac969347,c9cb8d7864f27183,1080,1080,cache_256/dataT/healthy/healthy_2815.png,1080x1080,A,851,865,train,val,train,test,train,train,train,train,test,train,train,train,train,val,test
dataT/healthy/healthy_2816.jpg,0,0,dataT/healthy/healthy_2816.jpg,b54860aa917387ebc79c6e2d2f5b58e8,c4bd9821c1633fe5,1080,1080,cache_256/dataT/healthy/healthy_2816.png,1080x1080,A,851,866,train,val,train,test,train,train,train,train,test,train,train,train,train,val,test
dataT/healthy/healthy_2817.jpg,0,0,dataT/healthy/healthy_2817.jpg,644253576d79ca5a0966cbaac567bd48,e498dc94f1230777,1080,1080,cache_256/dataT/healthy/healthy_2817.png,1080x1080,A,851,867,train,val,train,test,train,train,train,train,test,train,train,train,train,val,test
dataT/healthy/healthy_2818.jpg,0,0,dataT/healthy/healthy_2818.jpg,f27ac8b4678ae8fd5c2aae1d178bb513,c7b30d0da0c73d3c,1080,1080,cache_256/dataT/healthy/healthy_2818.png,1080x1080,A,851,868,train,val,train,test,train,train,train,train,test,train,train,train,train,val,test
dataT/healthy/healthy_282.jpg,0,0,dataT/healthy/healthy_282.jpg,841a64ec848d28b0bbdd0dba3d2b1e27,ca901f3f7f9492c0,1080,1080,cache_256/dataT/healthy/healthy_282.png,1080x1080,A,869,869,train,test,train,train,train,train,test,train,val,train,train,train,train,train,test
dataT/healthy/healthy_283.jpg,0,0,dataT/healthy/healthy_283.jpg,ec371e3e57c6b2b1a0ec38a1463427ca,ebed8432f542988b,1080,1080,cache_256/dataT/healthy/healthy_283.png,1080x1080,A,870,870,train,val,test,val,train,train,train,test,train,train,train,train,train,test,train
dataT/healthy/healthy_284.jpg,0,0,dataT/healthy/healthy_284.jpg,606f56ed5f86a5a652de7ab8315ee538,e6a6d4724b39b119,1080,1080,cache_256/dataT/healthy/healthy_284.png,1080x1080,A,870,871,train,val,test,val,train,train,train,test,train,train,train,train,train,test,train
dataT/healthy/healthy_285.jpg,0,0,dataT/healthy/healthy_285.jpg,042d432674e44fc07408ca1e2a48cd3a,b19dd87d4e80a4ec,1080,1080,cache_256/dataT/healthy/healthy_285.png,1080x1080,A,870,872,train,val,test,val,train,train,train,test,train,train,train,train,train,test,train
dataT/healthy/healthy_286.jpg,0,0,dataT/healthy/healthy_286.jpg,5bdec1aab39f066342daef950520d85c,e765ecb514d0531a,1080,1080,cache_256/dataT/healthy/healthy_286.png,1080x1080,A,870,873,train,val,test,val,train,train,train,test,train,train,train,train,train,test,train
dataT/healthy/healthy_287.jpg,0,0,dataT/healthy/healthy_287.jpg,ed5bf5a7cbc3f811709497db1f8e38e1,f9f618d0a5e4cd48,1080,1080,cache_256/dataT/healthy/healthy_287.png,1080x1080,A,870,874,train,val,test,val,train,train,train,test,train,train,train,train,train,test,train
dataT/healthy/healthy_288.jpg,0,0,dataT/healthy/healthy_288.jpg,986586de1b845b3cd11e244139747d99,dbe21c3cb030b537,1080,1080,cache_256/dataT/healthy/healthy_288.png,1080x1080,A,875,875,train,train,train,test,train,train,train,train,test,train,test,val,train,train,train
dataT/healthy/healthy_289.jpg,0,0,dataT/healthy/healthy_289.jpg,a0c7b2cb9d3dba2a95a359afb5818c1f,c6e9a937323a591a,1080,1080,cache_256/dataT/healthy/healthy_289.png,1080x1080,A,876,876,train,train,train,train,test,val,val,train,train,test,train,val,test,train,train
dataT/healthy/healthy_29.jpg,0,0,dataT/healthy/healthy_29.jpg,3b0999896160b24fb65e3b2d6ad49a09,c64266b2f0b4559f,1080,1080,cache_256/dataT/healthy/healthy_29.png,1080x1080,A,238,877,train,val,train,test,val,test,train,train,train,train,train,val,test,train,train
dataT/healthy/healthy_290.jpg,0,0,dataT/healthy/healthy_290.jpg,aa7f3c349c0b22ddf51b81d0d9c86740,c3ebccb6a8e081ae,1080,1080,cache_256/dataT/healthy/healthy_290.png,1080x1080,A,876,878,train,train,train,train,test,val,val,train,train,test,train,val,test,train,train
dataT/healthy/healthy_291.jpg,0,0,dataT/healthy/healthy_291.jpg,db76fa0fbff91af9e8d4c7a2d8c4a323,878e1967d45c1fd0,1080,1080,cache_256/dataT/healthy/healthy_291.png,1080x1080,A,876,879,train,train,train,train,test,val,val,train,train,test,train,val,test,train,train
dataT/healthy/healthy_3.jpg,0,0,dataT/healthy/healthy_3.jpg,0526104111abba282e6ad64d89f944a4,855a7a362757ac68,1080,1080,cache_256/dataT/healthy/healthy_3.png,1080x1080,A,238,880,train,val,train,test,val,test,train,train,train,train,train,val,test,train,train
dataT/healthy/healthy_30.jpg,0,0,dataT/healthy/healthy_30.jpg,3459192390e90643cf75655226f596f3,864f69abeb60b415,1080,1080,cache_256/dataT/healthy/healthy_30.png,1080x1080,A,238,881,train,val,train,test,val,test,train,train,train,train,train,val,test,train,train
dataT/healthy/healthy_3083.jpg,0,0,dataT/healthy/healthy_3083.jpg,64bf825f2ce5adc8b877de26a23af7b2,d93c66728a321de9,1080,1080,cache_256/dataT/healthy/healthy_3083.png,1080x1080,A,882,882,train,train,train,test,train,train,test,train,train,val,test,train,train,train,train
dataT/healthy/healthy_3084.jpg,0,0,dataT/healthy/healthy_3084.jpg,8456295219a28dd46dd676e430eb26b0,99a29defb26ce180,1080,1080,cache_256/dataT/healthy/healthy_3084.png,1080x1080,A,886,883,val,train,train,train,test,train,test,train,train,train,test,train,train,train,train
dataT/healthy/healthy_3085.jpg,0,0,dataT/healthy/healthy_3085.jpg,764205d24cd3f6c729904c82aa6d7b7e,b9ec2e25920b0fce,1080,1080,cache_256/dataT/healthy/healthy_3085.png,1080x1080,A,884,884,train,train,train,val,test,test,train,train,train,train,train,train,val,train,test
dataT/healthy/healthy_3086.jpg,0,0,dataT/healthy/healthy_3086.jpg,591fe609b06923df8d5c0d7621d6c756,b1938f741c5c1e2e,1080,1080,cache_256/dataT/healthy/healthy_3086.png,1080x1080,A,886,885,val,train,train,train,test,train,test,train,train,train,test,train,train,train,train
dataT/healthy/healthy_3087.jpg,0,0,dataT/healthy/healthy_3087.jpg,56e780ec7d896fc2d1fd057cd3a3e343,cfa2bc33b0f3e404,1080,1080,cache_256/dataT/healthy/healthy_3087.png,1080x1080,A,886,886,val,train,train,train,test,train,test,train,train,train,test,train,train,train,train
dataT/healthy/healthy_3088.jpg,0,0,dataT/healthy/healthy_3088.jpg,f41257ce2d6647e7f7d6dac641f04343,93bba246b6426ada,1080,1080,cache_256/dataT/healthy/healthy_3088.png,1080x1080,A,886,887,val,train,train,train,test,train,test,train,train,train,test,train,train,train,train
dataT/healthy/healthy_3089.jpg,0,0,dataT/healthy/healthy_3089.jpg,b46188b5c64e4747bc8058d95fc6ef50,87bc9c3629f269e0,1080,1080,cache_256/dataT/healthy/healthy_3089.png,1080x1080,A,886,888,val,train,train,train,test,train,test,train,train,train,test,train,train,train,train
dataT/healthy/healthy_3090.jpg,0,0,dataT/healthy/healthy_3090.jpg,a3abb094e23b7fa900cec00862f7ceb8,f3cf4c626424ac67,1080,1080,cache_256/dataT/healthy/healthy_3090.png,1080x1080,A,886,889,val,train,train,train,test,train,test,train,train,train,test,train,train,train,train
dataT/healthy/healthy_3091.jpg,0,0,dataT/healthy/healthy_3091.jpg,8ec270b72c690f0323ffa9ca9f931453,861bb1230de0e9fe,1080,1080,cache_256/dataT/healthy/healthy_3091.png,1080x1080,A,891,890,test,train,train,train,train,train,test,train,train,train,val,test,train,train,train
dataT/healthy/healthy_3092.jpg,0,0,dataT/healthy/healthy_3092.jpg,8a0ba0f32c0149b4bbca2143f16e39a5,cb571f7a708045cd,1080,1080,cache_256/dataT/healthy/healthy_3092.png,1080x1080,A,891,891,test,train,train,train,train,train,test,train,train,train,val,test,train,train,train
dataT/healthy/healthy_3093.jpg,0,0,dataT/healthy/healthy_3093.jpg,92b9adc144c67bbed70b9150aafdc9e9,eb66d04d33981f38,1080,1080,cache_256/dataT/healthy/healthy_3093.png,1080x1080,A,891,892,test,train,train,train,train,train,test,train,train,train,val,test,train,train,train
dataT/healthy/healthy_3094.jpg,0,0,dataT/healthy/healthy_3094.jpg,42324498921ac02edb15e1b646f769e9,e6e5ca4b4b4c8d29,1080,1080,cache_256/dataT/healthy/healthy_3094.png,1080x1080,A,893,893,train,test,val,train,train,train,train,test,train,train,train,train,test,train,train
dataT/healthy/healthy_3095.jpg,0,0,dataT/healthy/healthy_3095.jpg,89339b5d7c217de0f3a809a45db73a34,de8ce7361339921a,1080,1080,cache_256/dataT/healthy/healthy_3095.png,1080x1080,A,238,894,train,val,train,test,val,test,train,train,train,train,train,val,test,train,train
dataT/healthy/healthy_3096.jpg,0,0,dataT/healthy/healthy_3096.jpg,9d743f5143c3acd67fe779147fdb9abf,fe1db1a101f03bb2,1080,1080,cache_256/dataT/healthy/healthy_3096.png,1080x1080,A,238,895,train,val,train,test,val,test,train,train,train,train,train,val,test,train,train
dataT/healthy/healthy_3097.jpg,0,0,dataT/healthy/healthy_3097.jpg,a5a242c14cda0be7bcf9e62b0c093174,cecabb0505d478f8,1080,1080,cache_256/dataT/healthy/healthy_3097.png,1080x1080,A,238,896,train,val,train,test,val,test,train,train,train,train,train,val,test,train,train
dataT/healthy/healthy_3098.jpg,0,0,dataT/healthy/healthy_3098.jpg,ec14c62e6a628ef6181898b19a2c00a0,ecec395116f53609,1080,1080,cache_256/dataT/healthy/healthy_3098.png,1080x1080,A,238,897,train,val,train,test,val,test,train,train,train,train,train,val,test,train,train
dataT/healthy/healthy_3099.jpg,0,0,dataT/healthy/healthy_3099.jpg,0b6273b8ebf2b8c88927fbb3c56c6f8f,f7b10c37140f6e2a,1080,1080,cache_256/dataT/healthy/healthy_3099.png,1080x1080,A,238,898,train,val,train,test,val,test,train,train,train,train,train,val,test,train,train
dataT/healthy/healthy_31.jpg,0,0,dataT/healthy/healthy_31.jpg,6a714fe8647cd354ecbfb64537eda30f,b51153241d7ef4e4,1080,1080,cache_256/dataT/healthy/healthy_31.png,1080x1080,A,238,899,train,val,train,test,val,test,train,train,train,train,train,val,test,train,train
dataT/healthy/healthy_3100.jpg,0,0,dataT/healthy/healthy_3100.jpg,8daabf57cb8395e9499e2634f18d58a6,dfd8243d3734031e,1080,1080,cache_256/dataT/healthy/healthy_3100.png,1080x1080,A,900,900,train,train,test,train,train,train,train,val,test,train,train,train,train,test,val
dataT/healthy/healthy_3101.jpg,0,0,dataT/healthy/healthy_3101.jpg,f9796c2f5d897f401bb07e0a8dfab0db,c0312463b7d9dfc8,1080,1080,cache_256/dataT/healthy/healthy_3101.png,1080x1080,A,238,901,train,val,train,test,val,test,train,train,train,train,train,val,test,train,train
dataT/healthy/healthy_3102.jpg,0,0,dataT/healthy/healthy_3102.jpg,592c4e36c20ccb1d7a6f6c64d201df15,bbb9f8e18128416f,1080,1080,cache_256/dataT/healthy/healthy_3102.png,1080x1080,A,238,902,train,val,train,test,val,test,train,train,train,train,train,val,test,train,train
dataT/healthy/healthy_3103.jpg,0,0,dataT/healthy/healthy_3103.jpg,90a0e477b69ea238ba4d69e356fd5fb1,daa76c6064b84fd8,1080,1080,cache_256/dataT/healthy/healthy_3103.png,1080x1080,A,238,903,train,val,train,test,val,test,train,train,train,train,train,val,test,train,train
dataT/healthy/healthy_3104.jpg,0,0,dataT/healthy/healthy_3104.jpg,32e79b4eeb75f95c6ecc220a89f594be,96311b2aa77c6a4e,1080,1080,cache_256/dataT/healthy/healthy_3104.png,1080x1080,A,238,904,train,val,train,test,val,test,train,train,train,train,train,val,test,train,train
dataT/healthy/healthy_3105.jpg,0,0,dataT/healthy/healthy_3105.jpg,077873c8832e3f1b70e839592f6cfa28,d972ada0f4023ceb,1080,1080,cache_256/dataT/healthy/healthy_3105.png,1080x1080,A,238,905,train,val,train,test,val,test,train,train,train,train,train,val,test,train,train
dataT/healthy/healthy_3106.jpg,0,0,dataT/healthy/healthy_3106.jpg,effa716bcd89bb77eeda8e3ffe44e67b,f64e4d0fa4d149b1,1080,1080,cache_256/dataT/healthy/healthy_3106.png,1080x1080,A,238,906,train,val,train,test,val,test,train,train,train,train,train,val,test,train,train
dataT/healthy/healthy_3107.jpg,0,0,dataT/healthy/healthy_3107.jpg,5f4f0f9e79216bd6211cd1010d8799ea,c3cd9d9b90526aaa,1080,1080,cache_256/dataT/healthy/healthy_3107.png,1080x1080,A,238,907,train,val,train,test,val,test,train,train,train,train,train,val,test,train,train
dataT/healthy/healthy_3108.jpg,0,0,dataT/healthy/healthy_3108.jpg,1710dcd91d121dbaf3660c1f25f939ca,de0cddb5492822f6,1080,1080,cache_256/dataT/healthy/healthy_3108.png,1080x1080,A,238,908,train,val,train,test,val,test,train,train,train,train,train,val,test,train,train
dataT/healthy/healthy_3109.jpg,0,0,dataT/healthy/healthy_3109.jpg,b5a7b30cedc6c99a12ff53c5faed20b2,f4985bb61d0425d7,1080,1080,cache_256/dataT/healthy/healthy_3109.png,1080x1080,A,238,909,train,val,train,test,val,test,train,train,train,train,train,val,test,train,train
dataT/healthy/healthy_3110.jpg,0,0,dataT/healthy/healthy_3110.jpg,d667ea5ab1820c4138ec5d1dfb8b10ac,e7cc5fa3307a30a2,1080,1080,cache_256/dataT/healthy/healthy_3110.png,1080x1080,A,238,910,train,val,train,test,val,test,train,train,train,train,train,val,test,train,train
dataT/healthy/healthy_3111.jpg,0,0,dataT/healthy/healthy_3111.jpg,fad235fd1a0f6ea0fdec8c475f5a121f,d8addbe04187e742,1080,1080,cache_256/dataT/healthy/healthy_3111.png,1080x1080,A,238,911,train,val,train,test,val,test,train,train,train,train,train,val,test,train,train
dataT/healthy/healthy_3112.jpg,0,0,dataT/healthy/healthy_3112.jpg,395787b6ff9b491c8f9341c7587f655c,e43b992a59767185,1080,1080,cache_256/dataT/healthy/healthy_3112.png,1080x1080,A,238,912,train,val,train,test,val,test,train,train,train,train,train,val,test,train,train
dataT/healthy/healthy_3113.jpg,0,0,dataT/healthy/healthy_3113.jpg,5acbe00442b3ba97fd977a820020fa50,9ddde00b67978485,1080,1080,cache_256/dataT/healthy/healthy_3113.png,1080x1080,A,238,913,train,val,train,test,val,test,train,train,train,train,train,val,test,train,train
dataT/healthy/healthy_3114.jpg,0,0,dataT/healthy/healthy_3114.jpg,17774012afe49ac0f694b04ee9e210bb,bf78802659f2538d,1080,1080,cache_256/dataT/healthy/healthy_3114.png,1080x1080,A,914,914,train,test,val,train,val,train,val,train,train,test,test,train,train,train,train
dataT/healthy/healthy_3115.jpg,0,0,dataT/healthy/healthy_3115.jpg,b7eb37fa20c62daefb72bbb9f9e08234,9b43a4426ee2475f,1080,1080,cache_256/dataT/healthy/healthy_3115.png,1080x1080,A,238,915,train,val,train,test,val,test,train,train,train,train,train,val,test,train,train
dataT/healthy/healthy_3116.jpg,0,0,dataT/healthy/healthy_3116.jpg,40302eabc0eca9b6c2cf079d5b269f7f,834dc84f4ddf582c,1080,1080,cache_256/dataT/healthy/healthy_3116.png,1080x1080,A,238,916,train,val,train,test,val,test,train,train,train,train,train,val,test,train,train
dataT/healthy/healthy_3117.jpg,0,0,dataT/healthy/healthy_3117.jpg,8360f1c97306419d9a6f01f852cfbd1b,cf7c14233301faf8,1080,1080,cache_256/dataT/healthy/healthy_3117.png,1080x1080,A,917,917,train,train,train,test,train,val,train,test,train,val,test,train,val,train,train
dataT/healthy/healthy_3118.jpg,0,0,dataT/healthy/healthy_3118.jpg,bc181679d58806f3a7b0025151decd5a,cb8865d7765a9494,1080,1080,cache_256/dataT/healthy/healthy_3118.png,1080x1080,A,238,918,train,val,train,test,val,test,train,train,train,train,train,val,test,train,train
dataT/healthy/healthy_3119.jpg,0,0,dataT/healthy/healthy_3119.jpg,79fdd9bc6ea6c70d0801c9949b3af8a0,8cd31cf840e0767f,1080,1080,cache_256/dataT/healthy/healthy_3119.png,1080x1080,A,238,919,train,val,train,test,val,test,train,train,train,train,train,val,test,train,train
dataT/healthy/healthy_3120.jpg,0,0,dataT/healthy/healthy_3120.jpg,37cb78eb984b0c17b56fdf21d987f72b,df4d8cf8d0b66242,1080,1080,cache_256/dataT/healthy/healthy_3120.png,1080x1080,A,238,920,train,val,train,test,val,test,train,train,train,train,train,val,test,train,train
dataT/healthy/healthy_3121.jpg,0,0,dataT/healthy/healthy_3121.jpg,4ec05652d9178cb24beb54791c925bac,d9f49432107a3aeb,1080,1080,cache_256/dataT/healthy/healthy_3121.png,1080x1080,A,921,921,train,train,train,test,val,train,train,train,test,train,train,train,train,train,test
dataT/healthy/healthy_3122.jpg,0,0,dataT/healthy/healthy_3122.jpg,f4c5c6eead36af7667395a7bed2d8cbe,b5e11f28a62ce666,1080,1080,cache_256/dataT/healthy/healthy_3122.png,1080x1080,A,238,922,train,val,train,test,val,test,train,train,train,train,train,val,test,train,train
dataT/healthy/healthy_3123.jpg,0,0,dataT/healthy/healthy_3123.jpg,8b5e625d2c51188af9a8a1c435960020,fdfc1412123a2b57,1080,1080,cache_256/dataT/healthy/healthy_3123.png,1080x1080,A,238,923,train,val,train,test,val,test,train,train,train,train,train,val,test,train,train
dataT/healthy/healthy_3124.jpg,0,0,dataT/healthy/healthy_3124.jpg,816a8801d94498e1e4940ac730d01e75,9c1a89a05a2e77b7,1080,1080,cache_256/dataT/healthy/healthy_3124.png,1080x1080,A,238,924,train,val,train,test,val,test,train,train,train,train,train,val,test,train,train
dataT/healthy/healthy_3125.jpg,0,0,dataT/healthy/healthy_3125.jpg,14f051d83f0ffdef70aa3e57a0a0edfb,c4c89134f2b6cdc7,1080,1080,cache_256/dataT/healthy/healthy_3125.png,1080x1080,A,238,925,train,val,train,test,val,test,train,train,train,train,train,val,test,train,train
dataT/healthy/healthy_3126.jpg,0,0,dataT/healthy/healthy_3126.jpg,c55da2fedab8a2e19a722e9432e26d69,b3f00bd1e43836e9,1080,1080,cache_256/dataT/healthy/healthy_3126.png,1080x1080,A,238,926,train,val,train,test,val,test,train,train,train,train,train,val,test,train,train
dataT/healthy/healthy_3127.jpg,0,0,dataT/healthy/healthy_3127.jpg,6af946a2eeba525486791ce759d1723a,cece217d061116df,1080,1080,cache_256/dataT/healthy/healthy_3127.png,1080x1080,A,238,927,train,val,train,test,val,test,train,train,train,train,train,val,test,train,train
dataT/healthy/healthy_3128.jpg,0,0,dataT/healthy/healthy_3128.jpg,c29d82f99d3d9e2585d4e5731928e35e,c6f64958635d7107,1080,1080,cache_256/dataT/healthy/healthy_3128.png,1080x1080,A,928,928,train,test,val,train,train,test,train,train,train,train,train,test,train,val,train
dataT/healthy/healthy_3129.jpg,0,0,dataT/healthy/healthy_3129.jpg,e1c3ed339a4697e948a9ba46fb098260,c07248a745bff0bc,1080,1080,cache_256/dataT/healthy/healthy_3129.png,1080x1080,A,929,929,train,train,test,val,val,train,test,train,val,train,train,train,val,train,test
dataT/healthy/healthy_3130.jpg,0,0,dataT/healthy/healthy_3130.jpg,e17fbd66c8d7b67deba061497f2729ab,bcdc7a32370f2641,1080,1080,cache_256/dataT/healthy/healthy_3130.png,1080x1080,A,238,930,train,val,train,test,val,test,train,train,train,train,train,val,test,train,train
dataT/healthy/healthy_3131.jpg,0,0,dataT/healthy/healthy_3131.jpg,110272e31122dd90addcf15f81bfe8e2,dcbbb3662e946406,1080,1080,cache_256/dataT/healthy/healthy_3131.png,1080x1080,A,238,931,train,val,train,test,val,test,train,train,train,train,train,val,test,train,train
dataT/healthy/healthy_3132.jpg,0,0,dataT/healthy/healthy_3132.jpg,8d057f29699f8dd4f5a1b619df8a45c9,fb6629a57636120b,1080,1080,cache_256/dataT/healthy/healthy_3132.png,1080x1080,A,238,932,train,val,train,test,val,test,train,train,train,train,train,val,test,train,train
dataT/healthy/healthy_3133.jpg,0,0,dataT/healthy/healthy_3133.jpg,d5a2a8829b6518307fb7ea7709354ad3,ced064a1b1eaf296,1080,1080,cache_256/dataT/healthy/healthy_3133.png,1080x1080,A,238,933,train,val,train,test,val,test,train,train,train,train,train,val,test,train,train
dataT/healthy/healthy_3134.jpg,0,0,dataT/healthy/healthy_3134.jpg,fcacb6b06630e35ea820071f500be8a7,d6062b3672d2eb19,1080,1080,cache_256/dataT/healthy/healthy_3134.png,1080x1080,A,238,934,train,val,train,test,val,test,train,train,train,train,train,val,test,train,train
dataT/healthy/healthy_3135.jpg,0,0,dataT/healthy/healthy_3135.jpg,fb6d709c125f30eb9d8bc9bc7a74fbd0,e6e7bc16bb1c6110,1080,1080,cache_256/dataT/healthy/healthy_3135.png,1080x1080,A,238,935,train,val,train,test,val,test,train,train,train,train,train,val,test,train,train
dataT/healthy/healthy_3136.jpg,0,0,dataT/healthy/healthy_3136.jpg,42c1cd3ba148928a3c39d44d9f6fbcdd,da1dd831f1a217f0,1080,1080,cache_256/dataT/healthy/healthy_3136.png,1080x1080,A,238,936,train,val,train,test,val,test,train,train,train,train,train,val,test,train,train
dataT/healthy/healthy_3137.jpg,0,0,dataT/healthy/healthy_3137.jpg,1659bd004468cdd704d652c72163afa1,bc981976b1e66923,1080,1080,cache_256/dataT/healthy/healthy_3137.png,1080x1080,A,238,937,train,val,train,test,val,test,train,train,train,train,train,val,test,train,train
dataT/healthy/healthy_3138.jpg,0,0,dataT/healthy/healthy_3138.jpg,a469e567ba4ea7b91d7acd540776110b,cc9f33723636a4a4,1080,1080,cache_256/dataT/healthy/healthy_3138.png,1080x1080,A,938,938,train,test,train,train,train,train,train,test,train,train,train,val,train,train,test
dataT/healthy/healthy_3139.jpg,0,0,dataT/healthy/healthy_3139.jpg,6d4df5bdc18dcf10466f46369c9b01da,e68e9d595999220f,1080,1080,cache_256/dataT/healthy/healthy_3139.png,1080x1080,A,238,939,train,val,train,test,val,test,train,train,train,train,train,val,test,train,train
dataT/healthy/healthy_3140.jpg,0,0,dataT/healthy/healthy_3140.jpg,f7cc63ab64f7b098e1bc589ee291d369,afba892d0da73416,1080,1080,cache_256/dataT/healthy/healthy_3140.png,1080x1080,A,232,940,train,train,test,train,train,train,val,test,train,train,train,val,test,train,val
dataT/healthy/healthy_3141.jpg,0,0,dataT/healthy/healthy_3141.jpg,f0287d2e9176aa07324a5e73fed56044,96dc8d78682b7e22,1080,1080,cache_256/dataT/healthy/healthy_3141.png,1080x1080,A,232,941,train,train,test,train,train,train,val,test,train,train,train,val,test,train,val
dataT/healthy/healthy_3142.jpg,0,0,dataT/healthy/healthy_3142.jpg,7f8afeaf0a0e3fe245ea2bb1c3749e30,d64acdf54de56140,1080,1080,cache_256/dataT/healthy/healthy_3142.png,1080x1080,A,232,942,train,train,test,train,train,train,val,test,train,train,train,val,test,train,val
dataT/healthy/healthy_3143.jpg,0,0,dataT/healthy/healthy_3143.jpg,1a0022dca1bfe5ed446b5936ebc8e7d8,c21a1d7f3ca9f340,1080,1080,cache_256/dataT/healthy/healthy_3143.png,1080x1080,A,232,943,train,train,test,train,train,train,val,test,train,train,train,val,test,train,val
dataT/healthy/healthy_3144.jpg,0,0,dataT/healthy/healthy_3144.jpg,d6f12a3223270c0668eb308678171af8,93948b0b4419fef3,1080,1080,cache_256/dataT/healthy/healthy_3144.png,1080x1080,A,232,944,train,train,test,train,train,train,val,test,train,train,train,val,test,train,val
dataT/healthy/healthy_3145.jpg,0,0,dataT/healthy/healthy_3145.jpg,82a32dac7e441a89216fd91372cfa87a,ee5c5d311a32270f,1080,1080,cache_256/dataT/healthy/healthy_3145.png,1080x1080,A,232,945,train,train,test,train,train,train,val,test,train,train,train,val,test,train,val
dataT/healthy/healthy_3146.jpg,0,0,dataT/healthy/healthy_3146.jpg,619a362a06c450f3891d1f089fce9df4,e43c1c17d785a5b1,1080,1080,cache_256/dataT/healthy/healthy_3146.png,1080x1080,A,232,946,train,train,test,train,train,train,val,test,train,train,train,val,test,train,val
dataT/healthy/healthy_3147.jpg,0,0,dataT/healthy/healthy_3147.jpg,1b60af1f82a0b8da223da9e3571eaf40,f4a9b1369a599cc2,1080,1080,cache_256/dataT/healthy/healthy_3147.png,1080x1080,A,232,947,train,train,test,train,train,train,val,test,train,train,train,val,test,train,val
dataT/healthy/healthy_3148.jpg,0,0,dataT/healthy/healthy_3148.jpg,bb609b36fd333dfa9f8ad3900d391fe5,ce697a36b3111d98,1080,1080,cache_256/dataT/healthy/healthy_3148.png,1080x1080,A,232,948,train,train,test,train,train,train,val,test,train,train,train,val,test,train,val
dataT/healthy/healthy_3149.jpg,0,0,dataT/healthy/healthy_3149.jpg,09a3b2481117e03151b4023018f5bfd6,a7a09b1b6a0d2e67,1080,1080,cache_256/dataT/healthy/healthy_3149.png,1080x1080,A,232,949,train,train,test,train,train,train,val,test,train,train,train,val,test,train,val
dataT/healthy/healthy_3150.jpg,0,0,dataT/healthy/healthy_3150.jpg,61af08d0a959e98e2675509cbc0ef002,f332790a9495d353,1080,1080,cache_256/dataT/healthy/healthy_3150.png,1080x1080,A,950,950,train,val,train,test,train,train,val,test,train,train,val,train,test,val,train
dataT/healthy/healthy_3151.jpg,0,0,dataT/healthy/healthy_3151.jpg,831c208a70637c13a3b062799ac4261d,9c1705637fea5215,1080,1080,cache_256/dataT/healthy/healthy_3151.png,1080x1080,A,232,951,train,train,test,train,train,train,val,test,train,train,train,val,test,train,val
dataT/healthy/healthy_3152.jpg,0,0,dataT/healthy/healthy_3152.jpg,7adfe0f2edb4edae472de141bb5073ab,894dccb27f5229a9,1080,1080,cache_256/dataT/healthy/healthy_3152.png,1080x1080,A,232,952,train,train,test,train,train,train,val,test,train,train,train,val,test,train,val
dataT/healthy/healthy_3153.jpg,0,0,dataT/healthy/healthy_3153.jpg,f0422c0267a4935eb286bdb928bc53d3,b0088b2b8f72ad3f,1080,1080,cache_256/dataT/healthy/healthy_3153.png,1080x1080,A,232,953,train,train,test,train,train,train,val,test,train,train,train,val,test,train,val
dataT/healthy/healthy_3154.jpg,0,0,dataT/healthy/healthy_3154.jpg,f236d829c5878255482972680b1a5b8a,e30c49e07c5c5e97,1080,1080,cache_256/dataT/healthy/healthy_3154.png,1080x1080,A,954,954,train,train,train,train,test,train,train,test,train,val,train,train,train,test,train
dataT/healthy/healthy_3155.jpg,0,0,dataT/healthy/healthy_3155.jpg,aecf27e9255e003ca907f0b1b7cfd288,c8cbe3a2875ef8a0,1080,1080,cache_256/dataT/healthy/healthy_3155.png,1080x1080,A,232,955,train,train,test,train,train,train,val,test,train,train,train,val,test,train,val
dataT/healthy/healthy_3156.jpg,0,0,dataT/healthy/healthy_3156.jpg,7892326b8f3ac8ced9a53316ce7730ad,f74f0fa094729a29,1080,1080,cache_256/dataT/healthy/healthy_3156.png,1080x1080,A,956,956,train,train,train,test,train,train,train,train,train,test,train,train,test,train,train
dataT/healthy/healthy_3157.jpg,0,0,dataT/healthy/healthy_3157.jpg,fa7afdf5150f1be6d1705cab3a33b866,b31d4db54c160f56,1080,1080,cache_256/dataT/healthy/healthy_3157.png,1080x1080,A,957,957,train,test,val,val,train,train,test,train,train,val,train,test,train,train,train
dataT/healthy/healthy_3158.jpg,0,0,dataT/healthy/healthy_3158.jpg,4589d0dc073a031c56df414f96a32c9d,bf98483733726266,1080,1080,cache_256/dataT/healthy/healthy_3158.png,1080x1080,A,232,958,train,train,test,train,train,train,val,test,train,train,train,val,test,train,val
dataT/healthy/healthy_3159.jpg,0,0,dataT/healthy/healthy_3159.jpg,8b0e306b6c0a37e81721bbbe6089c1b5,92889b7f1f3c3930,1080,1080,cache_256/dataT/healthy/healthy_3159.png,1080x1080,A,232,959,train,train,test,train,train,train,val,test,train,train,train,val,test,train,val
dataT/healthy/healthy_3160.jpg,0,0,dataT/healthy/healthy_3160.jpg,a627bced0b86a09ed91606ce66c8884b,c6eedc3cb40d9249,1080,1080,cache_256/dataT/healthy/healthy_3160.png,1080x1080,A,232,960,train,train,test,train,train,train,val,test,train,train,train,val,test,train,val
dataT/healthy/healthy_3161.jpg,0,0,dataT/healthy/healthy_3161.jpg,653033317e187a0f93756591341e569d,cec690b2b10e7a7a,1080,1080,cache_256/dataT/healthy/healthy_3161.png,1080x1080,A,232,961,train,train,test,train,train,train,val,test,train,train,train,val,test,train,val
dataT/healthy/healthy_3162.jpg,0,0,dataT/healthy/healthy_3162.jpg,33ca52e0eb4d54d326d7f129d5d9e254,e849bcf6c3e4e184,1080,1080,cache_256/dataT/healthy/healthy_3162.png,1080x1080,A,232,962,train,train,test,train,train,train,val,test,train,train,train,val,test,train,val
dataT/healthy/healthy_3163.jpg,0,0,dataT/healthy/healthy_3163.jpg,9aac0210b79327e5baf0aa66100a7164,f1d9cf614ca560ac,1080,1080,cache_256/dataT/healthy/healthy_3163.png,1080x1080,A,232,963,train,train,test,train,train,train,val,test,train,train,train,val,test,train,val
dataT/healthy/healthy_3164.jpg,0,0,dataT/healthy/healthy_3164.jpg,72683e377321af72f68a48f33a691e2f,fa692d2e0752b711,1080,1080,cache_256/dataT/healthy/healthy_3164.png,1080x1080,A,232,964,train,train,test,train,train,train,val,test,train,train,train,val,test,train,val
dataT/healthy/healthy_3165.jpg,0,0,dataT/healthy/healthy_3165.jpg,cfbfc7fce762c51f35b844001377d681,939699e7113352b3,1080,1080,cache_256/dataT/healthy/healthy_3165.png,1080x1080,A,232,965,train,train,test,train,train,train,val,test,train,train,train,val,test,train,val
dataT/healthy/healthy_3166.jpg,0,0,dataT/healthy/healthy_3166.jpg,5951fa1b110821a27efb1dffb8772d73,8633193ef2f07607,1080,1080,cache_256/dataT/healthy/healthy_3166.png,1080x1080,A,232,966,train,train,test,train,train,train,val,test,train,train,train,val,test,train,val
dataT/healthy/healthy_32.jpg,0,0,dataT/healthy/healthy_32.jpg,1fbee58bb342c0f4e8e32f35e5dd8d8d,f3d9cc6ae9262c24,1080,1080,cache_256/dataT/healthy/healthy_32.png,1080x1080,A,238,967,train,val,train,test,val,test,train,train,train,train,train,val,test,train,train
dataT/healthy/healthy_33.jpg,0,0,dataT/healthy/healthy_33.jpg,b2b5a5612a2b853381b81fcb9882352d,b760393c761b8e98,1080,1080,cache_256/dataT/healthy/healthy_33.png,1080x1080,A,238,968,train,val,train,test,val,test,train,train,train,train,train,val,test,train,train
dataT/healthy/healthy_3311.jpg,0,0,dataT/healthy/healthy_3311.jpg,6936fd5fecc207cbfd152c03dcbf72b6,a2dc5f39182f1db0,1080,1080,cache_256/dataT/healthy/healthy_3311.png,1080x1080,A,969,969,train,train,test,train,train,train,train,test,val,train,train,train,train,test,train
dataT/healthy/healthy_3312.jpg,0,0,dataT/healthy/healthy_3312.jpg,b97d1b458342ee7b24aaffc5a61cb238,cdccad7383c181da,1080,1080,cache_256/dataT/healthy/healthy_3312.png,1080x1080,A,970,970,train,train,train,test,val,train,val,train,test,train,train,train,train,test,val
dataT/healthy/healthy_3313.jpg,0,0,dataT/healthy/healthy_3313.jpg,2041e44d242b07fbd3cdb3a3b00d00d6,a5494ea7a796127a,1080,1080,cache_256/dataT/healthy/healthy_3313.png,1080x1080,A,969,971,train,train,test,train,train,train,train,test,val,train,train,train,train,test,train
dataT/healthy/healthy_3314.jpg,0,0,dataT/healthy/healthy_3314.jpg,7dfd433447747c124a8211cb6025b5e4,a671597e6024c6cf,1080,1080,cache_256/dataT/healthy/healthy_3314.png,1080x1080,A,972,972,train,val,train,val,test,train,train,train,train,test,test,train,train,train,train
dataT/healthy/healthy_3315.jpg,0,0,dataT/healthy/healthy_3315.jpg,2046b07d92da0c3c6062e04d15469171,f30ccc61b23379d1,1080,1080,cache_256/dataT/healthy/healthy_3315.png,1080x1080,A,972,973,train,val,train,val,test,train,train,train,train,test,test,train,train,train,train
dataT/healthy/healthy_3316.jpg,0,0,dataT/healthy/healthy_3316.jpg,798cbf12b85661aae314cb9b587adac1,877f4ce0664f6161,1080,1080,cache_256/dataT/healthy/healthy_3316.png,1080x1080,A,972,974,train,val,train,val,test,train,train,train,train,test,test,train,train,train,train
dataT/healthy/healthy_3317.jpg,0,0,dataT/healthy/healthy_3317.jpg,1f778225691871c58e2b2fcfd1831572,e6e68c89b1d9a199,1080,1080,cache_256/dataT/healthy/healthy_3317.png,1080x1080,A,975,975,train,train,test,train,train,test,train,train,train,train,train,train,train,train,test
dataT/healthy/healthy_3318.jpg,0,0,dataT/healthy/healthy_3318.jpg,f9303055a2e7839d12514603829629d7,d8b43733d683c8aa,1080,1080,cache_256/dataT/healthy/healthy_3318.png,1080x1080,A,972,976,train,val,train,val,test,train,train,train,train,test,test,train,train,train,train
dataT/healthy/healthy_3319.jpg,0,0,dataT/healthy/healthy_3319.jpg,510e514e12c8a064d20e586e175150a8,dbacb9f5e26e2080,1080,1080,cache_256/dataT/healthy/healthy_3319.png,1080x1080,A,972,977,train,val,train,val,test,train,train,train,train,test,test,train,train,train,train
dataT/healthy/healthy_3320.jpg,0,0,dataT/healthy/healthy_3320.jpg,2ec28ccda6a17aa9736f913dfd063f52,c1c0ccae97747587,1080,1080,cache_256/dataT/healthy/healthy_3320.png,1080x1080,A,972,978,train,val,train,val,test,train,train,train,train,test,test,train,train,train,train
dataT/healthy/healthy_3321.jpg,0,0,dataT/healthy/healthy_3321.jpg,ba9331c605d22705a4f9591b3861527b,d2fe82f2bc774801,1080,1080,cache_256/dataT/healthy/healthy_3321.png,1080x1080,A,972,979,train,val,train,val,test,train,train,train,train,test,test,train,train,train,train
dataT/healthy/healthy_3322.jpg,0,0,dataT/healthy/healthy_3322.jpg,ea54726721c291492bb16bc066b38b2b,d0632cf7239ea338,1080,1080,cache_256/dataT/healthy/healthy_3322.png,1080x1080,A,972,980,train,val,train,val,test,train,train,train,train,test,test,train,train,train,train
dataT/healthy/healthy_3323.jpg,0,0,dataT/healthy/healthy_3323.jpg,1c13320ddfed6e725d57176bbfe81393,eb21ccf2a4d576a0,1080,1080,cache_256/dataT/healthy/healthy_3323.png,1080x1080,A,972,981,train,val,train,val,test,train,train,train,train,test,test,train,train,train,train
dataT/healthy/healthy_3324.jpg,0,0,dataT/healthy/healthy_3324.jpg,359ad1fe39775f89777f7133294eeb6a,8ece602eb55a6729,1080,1080,cache_256/dataT/healthy/healthy_3324.png,1080x1080,A,233,982,test,train,train,train,train,train,test,train,train,train,train,train,train,val,test
dataT/healthy/healthy_3325.jpg,0,0,dataT/healthy/healthy_3325.jpg,848d1976acaaa453309d9e78284999f8,9f9c1e212ca711fc,1080,1080,cache_256/dataT/healthy/healthy_3325.png,1080x1080,A,972,983,train,val,train,val,test,train,train,train,train,test,test,train,train,train,train
dataT/healthy/healthy_3326.jpg,0,0,dataT/healthy/healthy_3326.jpg,82c5d4e875961e0feeb5517904d2d2e9,c3c086a74ed7388f,1080,1080,cache_256/dataT/healthy/healthy_3326.png,1080x1080,A,972,984,train,val,train,val,test,train,train,train,train,test,test,train,train,train,train
dataT/healthy/healthy_3327.jpg,0,0,dataT/healthy/healthy_3327.jpg,090109564df5d94c98ea5a6820951e2d,99d9ecf4624d5223,1080,1080,cache_256/dataT/healthy/healthy_3327.png,1080x1080,A,972,985,train,val,train,val,test,train,train,train,train,test,test,train,train,train,train
dataT/healthy/healthy_3328.jpg,0,0,dataT/healthy/healthy_3328.jpg,75555090d31689556483270c11fae57b,fe3886669ed6c40c,1080,1080,cache_256/dataT/healthy/healthy_3328.png,1080x1080,A,972,986,train,val,train,val,test,train,train,train,train,test,test,train,train,train,train
dataT/healthy/healthy_3329.jpg,0,0,dataT/healthy/healthy_3329.jpg,2adf101150af4239e394b21daa785c78,8ecc534bee2446d6,1080,1080,cache_256/dataT/healthy/healthy_3329.png,1080x1080,A,972,987,train,val,train,val,test,train,train,train,train,test,test,train,train,train,train
dataT/healthy/healthy_3330.jpg,0,0,dataT/healthy/healthy_3330.jpg,1b1fbc9fa96bec0303322cf0ead1734f,8d4fcf762083571a,1080,1080,cache_256/dataT/healthy/healthy_3330.png,1080x1080,A,972,988,train,val,train,val,test,train,train,train,train,test,test,train,train,train,train
dataT/healthy/healthy_3331.jpg,0,0,dataT/healthy/healthy_3331.jpg,8fa0aea3614a9bc71665ba3f161c35b5,dbc12627a7875343,1080,1080,cache_256/dataT/healthy/healthy_3331.png,1080x1080,A,972,989,train,val,train,val,test,train,train,train,train,test,test,train,train,train,train
dataT/healthy/healthy_3332.jpg,0,0,dataT/healthy/healthy_3332.jpg,01cd6af8815b97417994be3e26f57eaa,d6e6c0c9271b3e13,1080,1080,cache_256/dataT/healthy/healthy_3332.png,1080x1080,A,972,990,train,val,train,val,test,train,train,train,train,test,test,train,train,train,train
dataT/healthy/healthy_3333.jpg,0,0,dataT/healthy/healthy_3333.jpg,7e5a78e285f09866af3364ecf109f7cf,f72659e834bd8492,1080,1080,cache_256/dataT/healthy/healthy_3333.png,1080x1080,A,972,991,train,val,train,val,test,train,train,train,train,test,test,train,train,train,train
dataT/healthy/healthy_3334.jpg,0,0,dataT/healthy/healthy_3334.jpg,cd4d5ef100023e6259c323b90250a23e,b3300f1b96a16afa,1080,1080,cache_256/dataT/healthy/healthy_3334.png,1080x1080,A,992,992,test,val,train,train,train,val,train,train,test,train,train,test,train,train,train
dataT/healthy/healthy_3335.jpg,0,0,dataT/healthy/healthy_3335.jpg,18a05ca219645a28b979a2f47ea26c7d,86ee98a27b192ab9,1080,1080,cache_256/dataT/healthy/healthy_3335.png,1080x1080,A,972,993,train,val,train,val,test,train,train,train,train,test,test,train,train,train,train
dataT/healthy/healthy_3336.jpg,0,0,dataT/healthy/healthy_3336.jpg,58c92ec63439bbea4d287f24b0e442b9,c7c8cda73a1c718a,1080,1080,cache_256/dataT/healthy/healthy_3336.png,1080x1080,A,972,994,train,val,train,val,test,train,train,train,train,test,test,train,train,train,train
dataT/healthy/healthy_3337.jpg,0,0,dataT/healthy/healthy_3337.jpg,b2ebb6bdb28c61ae9fdc7d8a6bfd853e,c891e962de9fd510,1080,1080,cache_256/dataT/healthy/healthy_3337.png,1080x1080,A,307,995,train,train,train,test,train,train,train,train,test,train,train,train,val,train,test
dataT/healthy/healthy_3338.jpg,0,0,dataT/healthy/healthy_3338.jpg,bbb4b18111faabeab886868d3fe912cf,c629b5364be4689d,1080,1080,cache_256/dataT/healthy/healthy_3338.png,1080x1080,A,307,996,train,train,train,test,train,train,train,train,test,train,train,train,val,train,test
dataT/healthy/healthy_3339.jpg,0,0,dataT/healthy/healthy_3339.jpg,1a2a4b607b826ecaa2a0cf01a5b5ec0d,b997c8fc42696b14,1080,1080,cache_256/dataT/healthy/healthy_3339.png,1080x1080,A,318,997,train,train,train,train,test,train,train,train,train,test,train,train,train,test,train
dataT/healthy/healthy_3340.jpg,0,0,dataT/healthy/healthy_3340.jpg,b0b546138e9ea2339b9b24da7a9fbb55,b331184aa9be6796,1080,1080,cache_256/dataT/healthy/healthy_3340.png,1080x1080,A,998,998,val,train,test,train,train,val,test,train,train,train,train,train,test,train,train
dataT/healthy/healthy_3341.jpg,0,0,dataT/healthy/healthy_3341.jpg,26fb5d75ba9d0ae57a7f512e61afb205,92c9ac2062f7f6c6,1080,1080,cache_256/dataT/healthy/healthy_3341.png,1080x1080,A,999,999,test,train,train,train,train,train,train,test,val,train,train,train,test,train,train
dataT/healthy/healthy_3342.jpg,0,0,dataT/healthy/healthy_3342.jpg,22d2ae358005f852ff1d90745e011236,9f9c9dac486b8073,1080,1080,cache_256/dataT/healthy/healthy_3342.png,1080x1080,A,998,1000,val,train,test,train,train,val,test,train,train,train,train,train,test,train,train
dataT/healthy/healthy_3343.jpg,0,0,dataT/healthy/healthy_3343.jpg,f7ae30052b301f61b05696acb611a77a,9998fe739d0394c2,1080,1080,cache_256/dataT/healthy/healthy_3343.png,1080x1080,A,1001,1001,train,train,val,train,test,train,test,train,train,train,train,train,val,test,train
dataT/healthy/healthy_3344.jpg,0,0,dataT/healthy/healthy_3344.jpg,350f4512c6a7d6f913c2a6edb8183fd3,965ccc2a48efa569,1080,1080,cache_256/dataT/healthy/healthy_3344.png,1080x1080,A,998,1002,val,train,test,train,train,val,test,train,train,train,train,train,test,train,train
dataT/healthy/healthy_34.jpg,0,0,dataT/healthy/healthy_34.jpg,76c59e3c3a0a525be283c9dbf279641f,9eaf636323a5a642,1080,1080,cache_256/dataT/healthy/healthy_34.png,1080x1080,A,238,1003,train,val,train,test,val,test,train,train,train,train,train,val,test,train,train
dataT/healthy/healthy_35.jpg,0,0,dataT/healthy/healthy_35.jpg,859fee1821d562356ad4ce57ff08f0fe,d8ed127a52dac28b,1080,1080,cache_256/dataT/healthy/healthy_35.png,1080x1080,A,238,1004,train,val,train,test,val,test,train,train,train,train,train,val,test,train,train
dataT/healthy/healthy_36.jpg,0,0,dataT/healthy/healthy_36.jpg,364240ae697d5ee2479fba6c11cc4a4e,d8b92e154f55e2c8,1080,1080,cache_256/dataT/healthy/healthy_36.png,1080x1080,A,238,1005,train,val,train,test,val,test,train,train,train,train,train,val,test,train,train
dataT/healthy/healthy_37.jpg,0,0,dataT/healthy/healthy_37.jpg,fae089a71dbbae780d43ccd20e6cd638,d44c2ce575724397,1080,1080,cache_256/dataT/healthy/healthy_37.png,1080x1080,A,1006,1006,val,train,val,train,test,test,train,train,train,train,train,train,train,train,test
dataT/healthy/healthy_38.jpg,0,0,dataT/healthy/healthy_38.jpg,c39b18174bdfe873b11f0ac10f9ea90a,86dc59637716909e,1080,1080,cache_256/dataT/healthy/healthy_38.png,1080x1080,A,238,1007,train,val,train,test,val,test,train,train,train,train,train,val,test,train,train
dataT/healthy/healthy_39.jpg,0,0,dataT/healthy/healthy_39.jpg,f571eccfc9fb76690bdce3f33218db85,cbac1c763c83515b,1080,1080,cache_256/dataT/healthy/healthy_39.png,1080x1080,A,238,1008,train,val,train,test,val,test,train,train,train,train,train,val,test,train,train
dataT/healthy/healthy_4.jpg,0,0,dataT/healthy/healthy_4.jpg,855c77388a47f85b339b7958054fd3d9,e6f31d3505013c3f,1080,1080,cache_256/dataT/healthy/healthy_4.png,1080x1080,A,238,1009,train,val,train,test,val,test,train,train,train,train,train,val,test,train,train
dataT/healthy/healthy_40.jpg,0,0,dataT/healthy/healthy_40.jpg,4d734e6338f732eb72ca115ee1bef1b2,b435f0a3472fa60e,1080,1080,cache_256/dataT/healthy/healthy_40.png,1080x1080,A,238,1010,train,val,train,test,val,test,train,train,train,train,train,val,test,train,train
dataT/healthy/healthy_41.jpg,0,0,dataT/healthy/healthy_41.jpg,7abd8232f1c09fb3befca4e730fe92b9,ee9c98b33112734b,1080,1080,cache_256/dataT/healthy/healthy_41.png,1080x1080,A,238,1011,train,val,train,test,val,test,train,train,train,train,train,val,test,train,train
dataT/healthy/healthy_411.jpg,0,0,dataT/healthy/healthy_411.jpg,49589292994b648be3796cb58e675bf7,c22c507e1d8ebe6c,2160,2160,cache_256/dataT/healthy/healthy_411.png,2160x2160,B,1012,1012,train,test,train,train,train,train,test,train,val,train,train,train,train,train,test
dataT/healthy/healthy_412.jpg,0,0,dataT/healthy/healthy_412.jpg,c5a48409c528a917e02dd5805cbb10f6,8aa49f6662cb528f,2160,2160,cache_256/dataT/healthy/healthy_412.png,2160x2160,B,1013,1013,train,train,test,train,val,train,val,test,train,train,test,train,train,val,train
dataT/healthy/healthy_413.jpg,0,0,dataT/healthy/healthy_413.jpg,3019a7f4cefc55e501cf036a0aa542a3,d86d0ce63f4389a9,2160,2160,cache_256/dataT/healthy/healthy_413.png,2160x2160,B,1012,1014,train,test,train,train,train,train,test,train,val,train,train,train,train,train,test
dataT/healthy/healthy_414.jpg,0,0,dataT/healthy/healthy_414.jpg,433e5e75c5f4633fa8dafb54327d4f1f,d84a6ce4e6478f89,1080,1080,cache_256/dataT/healthy/healthy_414.png,1080x1080,A,1015,1015,train,train,train,train,test,train,train,val,test,train,val,test,train,train,train
dataT/healthy/healthy_415.jpg,0,0,dataT/healthy/healthy_415.jpg,947db846cd3d3feb6ba0ad4bbccaf420,a679da7e41250d4b,2160,2160,cache_256/dataT/healthy/healthy_415.png,2160x2160,B,1016,1016,train,train,train,test,train,train,train,train,val,test,train,val,test,val,train
dataT/healthy/healthy_416.jpg,0,0,dataT/healthy/healthy_416.jpg,377a38bb3b4d6e7af34658ef8a5d69f0,e6219c2f335a525b,2160,2160,cache_256/dataT/healthy/healthy_416.png,2160x2160,B,1016,1017,train,train,train,test,train,train,train,train,val,test,train,val,test,val,train
dataT/healthy/healthy_417.jpg,0,0,dataT/healthy/healthy_417.jpg,cce87b2838fca4bd1154821bd271bd69,cce40956fbb0a317,2160,2160,cache_256/dataT/healthy/healthy_417.png,2160x2160,B,1016,1018,train,train,train,test,train,train,train,train,val,test,train,val,test,val,train
dataT/healthy/healthy_418.jpg,0,0,dataT/healthy/healthy_418.jpg,fa83f12ed4221c6957b1cff62493b2c4,b2b2852ffd422a55,2160,2160,cache_256/dataT/healthy/healthy_418.png,2160x2160,B,1016,1019,train,train,train,test,train,train,train,train,val,test,train,val,test,val,train
dataT/healthy/healthy_419.jpg,0,0,dataT/healthy/healthy_419.jpg,ecbb96f60af73f35840fb96385be85be,dc0371a6b75d40ec,2160,2160,cache_256/dataT/healthy/healthy_419.png,2160x2160,B,1016,1020,train,train,train,test,train,train,train,train,val,test,train,val,test,val,train
dataT/healthy/healthy_42.jpg,0,0,dataT/healthy/healthy_42.jpg,63f6cf0f06bc3f1cfc9f01602cef7a7f,c9e974a53c0aba3c,1080,1080,cache_256/dataT/healthy/healthy_42.png,1080x1080,A,238,1021,train,val,train,test,val,test,train,train,train,train,train,val,test,train,train
dataT/healthy/healthy_420.jpg,0,0,dataT/healthy/healthy_420.jpg,6406dee6183fd62b8f403c45f115d94c,e6d04d293ab5f0e1,2160,2160,cache_256/dataT/healthy/healthy_420.png,2160x2160,B,1016,1022,train,train,train,test,train,train,train,train,val,test,train,val,test,val,train
dataT/healthy/healthy_421.jpg,0,0,dataT/healthy/healthy_421.jpg,90a61376e0c217d2d223381af9b672ae,a6358db4d11c49cf,2160,2160,cache_256/dataT/healthy/healthy_421.png,2160x2160,B,1016,1023,train,train,train,test,train,train,train,train,val,test,train,val,test,val,train
dataT/healthy/healthy_422.jpg,0,0,dataT/healthy/healthy_422.jpg,4dfcedd0bf2b12f9d8f21fef9dac653a,946349f1e107fc65,2160,2160,cache_256/dataT/healthy/healthy_422.png,2160x2160,B,1016,1024,train,train,train,test,train,train,train,train,val,test,train,val,test,val,train
dataT/healthy/healthy_423.jpg,0,0,dataT/healthy/healthy_423.jpg,8ccf09b916c4bb1f27ccfa88e783c5cb,8ba7b3584cc9c6a9,2160,2160,cache_256/dataT/healthy/healthy_423.png,2160x2160,B,1025,1025,test,train,val,train,train,train,test,train,train,train,val,train,val,test,train
dataT/healthy/healthy_424.jpg,0,0,dataT/healthy/healthy_424.jpg,9c9ce7b4e771b20f50575616112d8b07,99a72c6a4e17e649,2160,2160,cache_256/dataT/healthy/healthy_424.png,2160x2160,B,1026,1026,train,val,train,test,train,val,train,test,train,train,train,train,train,train,test
dataT/healthy/healthy_425.jpg,0,0,dataT/healthy/healthy_425.jpg,48ebe17b8f3938f8b19f38ff966a88c4,c8cc3266b6e35ca6,1080,1080,cache_256/dataT/healthy/healthy_425.png,1080x1080,A,1027,1027,train,test,train,train,train,train,train,train,test,train,train,train,train,train,test
dataT/healthy/healthy_426.jpg,0,0,dataT/healthy/healthy_426.jpg,ec3c516a493dee7d23ac41b174b58150,c93c08b35579b257,2160,2160,cache_256/dataT/healthy/healthy_426.png,2160x2160,B,1028,1028,train,train,test,train,train,train,train,train,train,test,train,test,train,train,train
dataT/healthy/healthy_427.jpg,0,0,dataT/healthy/healthy_427.jpg,feae7484f3e709d0b2860c512bef7c75,8cf36a4bcc58545b,2160,2160,cache_256/dataT/healthy/healthy_427.png,2160x2160,B,1026,1029,train,val,train,test,train,val,train,test,train,train,train,train,train,train,test
dataT/healthy/healthy_428.jpg,0,0,dataT/healthy/healthy_428.jpg,d03e13e076d47b42bb3cfabeec8beab0,9b4134bc815baaf9,2160,2160,cache_256/dataT/healthy/healthy_428.png,2160x2160,B,1026,1030,train,val,train,test,train,val,train,test,train,train,train,train,train,train,test
dataT/healthy/healthy_429.jpg,0,0,dataT/healthy/healthy_429.jpg,8fb569a787094bae57bcf56b5bf229a7,8dc4726366c3d5d4,2160,2160,cache_256/dataT/healthy/healthy_429.png,2160x2160,B,1026,1031,train,val,train,test,train,val,train,test,train,train,train,train,train,train,test
dataT/healthy/healthy_43.jpg,0,0,dataT/healthy/healthy_43.jpg,2f5b5ef9bffd7f5ba2fa4a1ad6498cc7,ce5f3968a702b496,1080,1080,cache_256/dataT/healthy/healthy_43.png,1080x1080,A,238,1032,train,val,train,test,val,test,train,train,train,train,train,val,test,train,train
dataT/healthy/healthy_430.jpg,0,0,dataT/healthy/healthy_430.jpg,d62b4eb51ded24209c64bfd819e047f7,d31cc7a940d7ac1d,2160,2160,cache_256/dataT/healthy/healthy_430.png,2160x2160,B,1033,1033,train,train,train,test,train,train,val,train,train,test,test,train,train,train,train
dataT/healthy/healthy_431.jpg,0,0,dataT/healthy/healthy_431.jpg,c6bef02ac98aaef2e83244f27d8a60a3,f206383e7f70e161,2160,2160,cache_256/dataT/healthy/healthy_431.png,2160x2160,B,64,1034,train,test,train,train,val,val,train,train,test,train,train,train,train,train,test
dataT/healthy/healthy_432.jpg,0,0,dataT/healthy/healthy_432.jpg,c0e7a66b4dbc98d02b689df392d3026e,995cf219f483fca0,2160,2160,cache_256/dataT/healthy/healthy_432.png,2160x2160,B,64,1035,train,test,train,train,val,val,train,train,test,train,train,train,train,train,test
dataT/healthy/healthy_433.jpg,0,0,dataT/healthy/healthy_433.jpg,dc046061ff5e7dbf70b917b6f8c5a20b,c73ad88a7c1097d9,2160,2160,cache_256/dataT/healthy/healthy_433.png,2160x2160,B,64,1036,train,test,train,train,val,val,train,train,test,train,train,train,train,train,test
dataT/healthy/healthy_434.jpg,0,0,dataT/healthy/healthy_434.jpg,f3b636ef39b2041c5458ab8dea02b09b,c0bec2f6f3f8e040,2160,2160,cache_256/dataT/healthy/healthy_434.png,2160x2160,B,64,1037,train,test,train,train,val,val,train,train,test,train,train,train,train,train,test
dataT/healthy/healthy_435.jpg,0,0,dataT/healthy/healthy_435.jpg,49e92dfe40b02886356d521ee4605192,9a057961758edec4,2160,2160,cache_256/dataT/healthy/healthy_435.png,2160x2160,B,64,1038,train,test,train,train,val,val,train,train,test,train,train,train,train,train,test
dataT/healthy/healthy_436.jpg,0,0,dataT/healthy/healthy_436.jpg,37ad2253c3790cb17563a795afc44d31,99d9652157267372,1080,1080,cache_256/dataT/healthy/healthy_436.png,1080x1080,A,1039,1039,train,train,test,train,val,train,train,train,test,train,train,train,test,train,train
dataT/healthy/healthy_437.jpg,0,0,dataT/healthy/healthy_437.jpg,ac9c347f5078d117f9aa5b14951f8c53,dc9722b00fc0d7e5,2160,2160,cache_256/dataT/healthy/healthy_437.png,2160x2160,B,64,1040,train,test,train,train,val,val,train,train,test,train,train,train,train,train,test
dataT/healthy/healthy_438.jpg,0,0,dataT/healthy/healthy_438.jpg,7613b02a0260fdd86ac5756a3790c131,cf23067334ea9ccc,2160,2160,cache_256/dataT/healthy/healthy_438.png,2160x2160,B,64,1041,train,test,train,train,val,val,train,train,test,train,train,train,train,train,test
dataT/healthy/healthy_439.jpg,0,0,dataT/healthy/healthy_439.jpg,993ccd7e8e8d6c4eb89c4e7742a96dfc,cb3466217759a3d8,2160,2160,cache_256/dataT/healthy/healthy_439.png,2160x2160,B,64,1042,train,test,train,train,val,val,train,train,test,train,train,train,train,train,test
dataT/healthy/healthy_44.jpg,0,0,dataT/healthy/healthy_44.jpg,1308ed442686928f243e605d04cb63d7,a3ed29257574323a,1080,1080,cache_256/dataT/healthy/healthy_44.png,1080x1080,A,238,1043,train,val,train,test,val,test,train,train,train,train,train,val,test,train,train
dataT/healthy/healthy_440.jpg,0,0,dataT/healthy/healthy_440.jpg,1ddea6f5d04e0a01fd0c483f204900ba,f6f6a1540b79291c,2160,2160,cache_256/dataT/healthy/healthy_440.png,2160x2160,B,64,1044,train,test,train,train,val,val,train,train,test,train,train,train,train,train,test
dataT/healthy/healthy_441.jpg,0,0,dataT/healthy/healthy_441.jpg,ba8e70c1e57ef06266e9629533401536,85eeae436fca448c,2160,2160,cache_256/dataT/healthy/healthy_441.png,2160x2160,B,64,1045,train,test,train,train,val,val,train,train,test,train,train,train,train,train,test
dataT/healthy/healthy_442.jpg,0,0,dataT/healthy/healthy_442.jpg,4da832528ee4305eef012bd78a745780,cecc1da1e09dd1c9,2160,2160,cache_256/dataT/healthy/healthy_442.png,2160x2160,B,64,1046,train,test,train,train,val,val,train,train,test,train,train,train,train,train,test
dataT/healthy/healthy_443.jpg,0,0,dataT/healthy/healthy_443.jpg,1caba4b851e130d7533d312a305beb77,ee1f98f01d9168a9,2160,2160,cache_256/dataT/healthy/healthy_443.png,2160x2160,B,64,1047,train,test,train,train,val,val,train,train,test,train,train,train,train,train,test
dataT/healthy/healthy_444.jpg,0,0,dataT/healthy/healthy_444.jpg,7980afd7eb0dcb8bdb056f8bc5c9aa6a,92ddc807996c566e,2160,2160,cache_256/dataT/healthy/healthy_444.png,2160x2160,B,64,1048,train,test,train,train,val,val,train,train,test,train,train,train,train,train,test
dataT/healthy/healthy_445.jpg,0,0,dataT/healthy/healthy_445.jpg,c712e758076ea8c26cdabe584d4e4858,ad21d94e39939395,2160,2160,cache_256/dataT/healthy/healthy_445.png,2160x2160,B,64,1049,train,test,train,train,val,val,train,train,test,train,train,train,train,train,test
dataT/healthy/healthy_446.jpg,0,0,dataT/healthy/healthy_446.jpg,84a9cdf5875055c6f39cff66106e0c31,f029b1722db62f4c,2160,2160,cache_256/dataT/healthy/healthy_446.png,2160x2160,B,64,1050,train,test,train,train,val,val,train,train,test,train,train,train,train,train,test
dataT/healthy/healthy_447.jpg,0,0,dataT/healthy/healthy_447.jpg,8cee615c9ca8b91e7e185733fddb53cb,c70f2d3350616f6a,1080,1080,cache_256/dataT/healthy/healthy_447.png,1080x1080,A,1051,1051,train,test,train,val,train,train,test,train,train,train,train,train,train,test,train
dataT/healthy/healthy_448.jpg,0,0,dataT/healthy/healthy_448.jpg,09deb05c3a9862952b26c23f62194d0f,da6c643f3d983191,1080,1080,cache_256/dataT/healthy/healthy_448.png,1080x1080,A,1051,1052,train,test,train,val,train,train,test,train,train,train,train,train,train,test,train
dataT/healthy/healthy_449.jpg,0,0,dataT/healthy/healthy_449.jpg,b2169f808c9af6014cdd3a4f9ba7e58a,e31fcefc062f0950,2160,2160,cache_256/dataT/healthy/healthy_449.png,2160x2160,B,64,1053,train,test,train,train,val,val,train,train,test,train,train,train,train,train,test
dataT/healthy/healthy_45.jpg,0,0,dataT/healthy/healthy_45.jpg,edcf92b4a78dcb126f954a7b86805e62,9ff2231c465861f6,1080,1080,cache_256/dataT/healthy/healthy_45.png,1080x1080,A,238,1054,train,val,train,test,val,test,train,train,train,train,train,val,test,train,train
dataT/healthy/healthy_450.jpg,0,0,dataT/healthy/healthy_450.jpg,329017692d352a289c7622aaa8380419,862c9cb6b4e23769,2160,2160,cache_256/dataT/healthy/healthy_450.png,2160x2160,B,1051,1055,train,test,train,val,train,train,test,train,train,train,train,train,train,test,train
dataT/healthy/healthy_451.jpg,0,0,dataT/healthy/healthy_451.jpg,c3f402c6c13332b6b37466554e004ff4,d9e64de7f6583080,2160,2160,cache_256/dataT/healthy/healthy_451.png,2160x2160,B,1056,1056,train,train,test,train,train,train,train,train,train,test,train,train,train,test,val
dataT/healthy/healthy_452.jpg,0,0,dataT/healthy/healthy_452.jpg,356063a0e663a45f79231bdc2474154a,92535c8b2d1d5b36,2160,2160,cache_256/dataT/healthy/healthy_452.png,2160x2160,B,1057,1057,test,train,train,train,train,test,train,train,val,train,train,train,val,train,test
dataT/healthy/healthy_453.jpg,0,0,dataT/healthy/healthy_453.jpg,0f627935f623d736a6ab5a0c3ab6771c,8cb731286f75cc07,2160,2160,cache_256/dataT/healthy/healthy_453.png,2160x2160,B,1058,1058,val,train,train,test,train,train,val,test,train,train,train,test,train,train,train
dataT/healthy/healthy_454.jpg,0,0,dataT/healthy/healthy_454.jpg,0f3f9d1560df21d166f81f311f3f9ac4,ccf63e1fd30001ed,2160,2160,cache_256/dataT/healthy/healthy_454.png,2160x2160,B,1058,1059,val,train,train,test,train,train,val,test,train,train,train,test,train,train,train
dataT/healthy/healthy_455.jpg,0,0,dataT/healthy/healthy_455.jpg,d315e5f4203419d49182e98107a8416b,ea8e701e83f1d0ab,2160,2160,cache_256/dataT/healthy/healthy_455.png,2160x2160,B,1058,1060,val,train,train,test,train,train,val,test,train,train,train,test,train,train,train
dataT/healthy/healthy_456.jpg,0,0,dataT/healthy/healthy_456.jpg,c20befe659d77c161ae2981527c8c708,bebc169307a8a91e,2160,2160,cache_256/dataT/healthy/healthy_456.png,2160x2160,B,1058,1061,val,train,train,test,train,train,val,test,train,train,train,test,train,train,train
dataT/healthy/healthy_457.jpg,0,0,dataT/healthy/healthy_457.jpg,c41a851f33556c3ec7a376a5f9cc8049,fc9b59e122a52b92,2160,2160,cache_256/dataT/healthy/healthy_457.png,2160x2160,B,1062,1062,train,val,train,train,test,test,train,train,train,train,train,train,train,test,train
dataT/healthy/healthy_458.jpg,0,0,dataT/healthy/healthy_458.jpg,5dfbb98d9f47a7791c8c0bf741d77d6b,c639636df818da1a,2160,2160,cache_256/dataT/healthy/healthy_458.png,2160x2160,B,1063,1063,train,train,train,train,test,train,test,train,train,val,train,train,test,train,train
dataT/healthy/healthy_459.jpg,0,0,dataT/healthy/healthy_459.jpg,e9a526ab3526824b60b67e3115ed02e0,a7494a2230f676db,1080,1080,cache_256/dataT/healthy/healthy_459.png,1080x1080,A,1064,1064,train,train,val,train,test,train,train,test,val,train,val,train,val,val,test
dataT/healthy/healthy_46.jpg,0,0,dataT/healthy/healthy_46.jpg,21928281aedb05dbc6627c6b63e4a408,9ff001b9a1f5d494,1080,1080,cache_256/dataT/healthy/healthy_46.png,1080x1080,A,238,1065,train,val,train,test,val,test,train,train,train,train,train,val,test,train,train
dataT/healthy/healthy_460.jpg,0,0,dataT/healthy/healthy_460.jpg,53bc2dc0ee7d9c02c805981cd7fe3ea4,df0eb96218c5e549,2160,2160,cache_256/dataT/healthy/healthy_460.png,2160x2160,B,1062,1066,train,val,train,train,test,test,train,train,train,train,train,train,train,test,train
dataT/healthy/healthy_461.jpg,0,0,dataT/healthy/healthy_461.jpg,17c3d259a9c489187ed6f2d0128f523f,db710cb7f45aa1c0,2160,2160,cache_256/dataT/healthy/healthy_461.png,2160x2160,B,1062,1067,train,val,train,train,test,test,train,train,train,train,train,train,train,test,train
dataT/healthy/healthy_462.jpg,0,0,dataT/healthy/healthy_462.jpg,9d8c5ad6f6aa319c2602b56965fb90f8,88b463e6beb9b884,2160,2160,cache_256/dataT/healthy/healthy_462.png,2160x2160,B,1062,1068,train,val,train,train,test,test,train,train,train,train,train,train,train,test,train
dataT/healthy/healthy_463.jpg,0,0,dataT/healthy/healthy_463.jpg,8de7c98b9235cc526c10253f14a05f15,f315c8624977af60,2160,2160,cache_256/dataT/healthy/healthy_463.png,2160x2160,B,1062,1069,train,val,train,train,test,test,train,train,train,train,train,train,train,test,train
dataT/healthy/healthy_464.jpg,0,0,dataT/healthy/healthy_464.jpg,d54579b8a2de35392165c7524c3f9cf8,a46bcb56a790e499,2160,2160,cache_256/dataT/healthy/healthy_464.png,2160x2160,B,1062,1070,train,val,train,train,test,test,train,train,train,train,train,train,train,test,train
dataT/healthy/healthy_465.jpg,0,0,dataT/healthy/healthy_465.jpg,7d949f1da00df9324855335c35c62bdf,fc861960e0a4ed6f,2160,2160,cache_256/dataT/healthy/healthy_465.png,2160x2160,B,1062,1071,train,val,train,train,test,test,train,train,train,train,train,train,train,test,train
dataT/healthy/healthy_466.jpg,0,0,dataT/healthy/healthy_466.jpg,cc34a5afee31b3c1de55ec406e3125a9,a30f95b358b278c3,2160,2160,cache_256/dataT/healthy/healthy_466.png,2160x2160,B,1062,1072,train,val,train,train,test,test,train,train,train,train,train,train,train,test,train
dataT/healthy/healthy_467.jpg,0,0,dataT/healthy/healthy_467.jpg,1fce5d7c545a296072cf699548a7ee5d,f0bf91603aa76370,2160,2160,cache_256/dataT/healthy/healthy_467.png,2160x2160,B,1073,1073,train,train,test,train,train,train,train,train,test,train,test,train,train,train,val
dataT/healthy/healthy_468.jpg,0,0,dataT/healthy/healthy_468.jpg,015d1943fc2dc1978ec86d6b0fef90b3,cc4ca67207bba9e2,2160,2160,cache_256/dataT/healthy/healthy_468.png,2160x2160,B,1062,1074,train,val,train,train,test,test,train,train,train,train,train,train,train,test,train
dataT/healthy/healthy_469.jpg,0,0,dataT/healthy/healthy_469.jpg,ce95298ec44997f3b0f2eadb45faa2c8,d9c8b462b3931d8d,2160,2160,cache_256/dataT/healthy/healthy_469.png,2160x2160,B,1075,1075,train,test,train,train,val,val,train,train,train,test,train,train,train,train,test
dataT/healthy/healthy_47.jpg,0,0,dataT/healthy/healthy_47.jpg,abca8191d4a42fa6c005d14811db82ab,98390d71371e76b8,1080,1080,cache_256/dataT/healthy/healthy_47.png,1080x1080,A,238,1076,train,val,train,test,val,test,train,train,train,train,train,val,test,train,train
dataT/healthy/healthy_470.jpg,0,0,dataT/healthy/healthy_470.jpg,2774bad1d5fa59752c25c96f7f865f50,df2fef6620951218,1080,1080,cache_256/dataT/healthy/healthy_470.png,1080x1080,A,1077,1077,train,train,test,train,train,train,test,train,train,train,train,test,train,train,train
dataT/healthy/healthy_48.jpg,0,0,dataT/healthy/healthy_48.jpg,6d273367e91c43d7c8d2d4d0a9ee8010,b77cfc2278437290,1080,1080,cache_256/dataT/healthy/healthy_48.png,1080x1080,A,238,1078,train,val,train,test,val,test,train,train,train,train,train,val,test,train,train
dataT/healthy/healthy_49.jpg,0,0,dataT/healthy/healthy_49.jpg,36a5f8d3af95e957c7da4eadd15b4c72,999901634ccede5b,1080,1080,cache_256/dataT/healthy/healthy_49.png,1080x1080,A,466,1079,train,test,train,train,train,train,train,train,train,test,train,train,test,train,train
dataT/healthy/healthy_5.jpg,0,0,dataT/healthy/healthy_5.jpg,bcf0ed171c37f316a5c551fde96fcd18,e61c7e29a344a9ae,1080,1080,cache_256/dataT/healthy/healthy_5.png,1080x1080,A,238,1080,train,val,train,test,val,test,train,train,train,train,train,val,test,train,train
dataT/healthy/healthy_50.jpg,0,0,dataT/healthy/healthy_50.jpg,757c67558fd6aea34814d79d788c63af,b0cfc1c266f045cf,1080,1080,cache_256/dataT/healthy/healthy_50.png,1080x1080,A,238,1081,train,val,train,test,val,test,train,train,train,train,train,val,test,train,train
dataT/healthy/healthy_51.jpg,0,0,dataT/healthy/healthy_51.jpg,11b173fe4205735def8b3d05d420bd9c,f36a0dbe2a89d20e,1080,1080,cache_256/dataT/healthy/healthy_51.png,1080x1080,A,238,1082,train,val,train,test,val,test,train,train,train,train,train,val,test,train,train
dataT/healthy/healthy_52.jpg,0,0,dataT/healthy/healthy_52.jpg,dfaddcfb28f851dfc8245e9c5b0c7de3,e54e9ff041ac6097,1080,1080,cache_256/dataT/healthy/healthy_52.png,1080x1080,A,1083,1083,train,val,train,test,train,train,train,train,test,train,test,train,train,train,train
dataT/healthy/healthy_53.jpg,0,0,dataT/healthy/healthy_53.jpg,e38c6465325e818ec792d08fb65af2e2,9198d8ae1e8e17b5,1080,1080,cache_256/dataT/healthy/healthy_53.png,1080x1080,A,238,1084,train,val,train,test,val,test,train,train,train,train,train,val,test,train,train
dataT/healthy/healthy_54.jpg,0,0,dataT/healthy/healthy_54.jpg,b9418bb3fabf44cdfa004ba5d4ed831c,cb6c5833235ae2bc,1080,1080,cache_256/dataT/healthy/healthy_54.png,1080x1080,A,238,1085,train,val,train,test,val,test,train,train,train,train,train,val,test,train,train
dataT/healthy/healthy_55.jpg,0,0,dataT/healthy/healthy_55.jpg,ea7676c49bfb1a9566fb97240e24ac92,b5e93c4d46222f96,1080,1080,cache_256/dataT/healthy/healthy_55.png,1080x1080,A,1086,1086,train,train,train,train,test,train,test,val,train,train,train,test,train,train,train
dataT/healthy/healthy_56.jpg,0,0,dataT/healthy/healthy_56.jpg,e2a8c8e11c27ea7c09465c47aa865abf,a03d3da0eeed484e,1080,1080,cache_256/dataT/healthy/healthy_56.png,1080x1080,A,238,1087,train,val,train,test,val,test,train,train,train,train,train,val,test,train,train
dataT/healthy/healthy_565.jpg,0,0,dataT/healthy/healthy_565.jpg,56aa45a1768905cd79235ff41999a289,c666cce40c1af2f9,2160,2160,cache_256/dataT/healthy/healthy_565.png,2160x2160,B,1108,1088,test,train,train,train,train,train,train,train,test,train,train,test,train,train,train
dataT/healthy/healthy_566.jpg,0,0,dataT/healthy/healthy_566.jpg,831edb5518f435f090bef71a6c067ec0,d9720c2243f1ee8f,2160,2160,cache_256/dataT/healthy/healthy_566.png,2160x2160,B,1108,1089,test,train,train,train,train,train,train,train,test,train,train,test,train,train,train
dataT/healthy/healthy_567.jpg,0,0,dataT/healthy/healthy_567.jpg,e015c833caed40e235ba220269444711,c1e3fc1e860379b4,2160,2160,cache_256/dataT/healthy/healthy_567.png,2160x2160,B,1108,1090,test,train,train,train,train,train,train,train,test,train,train,test,train,train,train
dataT/healthy/healthy_568.jpg,0,0,dataT/healthy/healthy_568.jpg,24efae45e6ddb19c0bc722b3beb60156,8764ef26eacd882c,2160,2160,cache_256/dataT/healthy/healthy_568.png,2160x2160,B,1108,1091,test,train,train,train,train,train,train,train,test,train,train,test,train,train,train
dataT/healthy/healthy_569.jpg,0,0,dataT/healthy/healthy_569.jpg,b04908f62130e01ca557daac34c3dcd3,d3e9041a7ee7e089,2160,2160,cache_256/dataT/healthy/healthy_569.png,2160x2160,B,1108,1092,test,train,train,train,train,train,train,train,test,train,train,test,train,train,train
dataT/healthy/healthy_57.jpg,0,0,dataT/healthy/healthy_57.jpg,ee6af2e342ccc356ece915944b723608,cbe22961373d3319,1080,1080,cache_256/dataT/healthy/healthy_57.png,1080x1080,A,1086,1093,train,train,train,train,test,train,test,val,train,train,train,test,train,train,train
dataT/healthy/healthy_570.jpg,0,0,dataT/healthy/healthy_570.jpg,2cc0f8eaedb8916aa4973ae2ff5610b8,bc89387079e027f5,1080,1080,cache_256/dataT/healthy/healthy_570.png,1080x1080,A,1108,1094,test,train,train,train,train,train,train,train,test,train,train,test,train,train,train
dataT/healthy/healthy_571.jpg,0,0,dataT/healthy/healthy_571.jpg,3a09f7e5eda2b28315634e03d5298f73,d7e9bc3433c4223c,2160,2160,cache_256/dataT/healthy/healthy_571.png,2160x2160,B,1108,1095,test,train,train,train,train,train,train,train,test,train,train,test,train,train,train
dataT/healthy/healthy_572.jpg,0,0,dataT/healthy/healthy_572.jpg,ea1ccb5a9b2be815eaf62f0fafb7ff1f,e8e43510483b4bff,2160,2160,cache_256/dataT/healthy/healthy_572.png,2160x2160,B,1108,1096,test,train,train,train,train,train,train,train,test,train,train,test,train,train,train
dataT/healthy/healthy_573.jpg,0,0,dataT/healthy/healthy_573.jpg,56ef2369427a7c633802e054971fafc7,964949b53e5e35c4,2160,2160,cache_256/dataT/healthy/healthy_573.png,2160x2160,B,1108,1097,test,train,train,train,train,train,train,train,test,train,train,test,train,train,train
dataT/healthy/healthy_574.jpg,0,0,dataT/healthy/healthy_574.jpg,960e7cfcaf48401a9747b716dbf67e46,89bbf021b32077e6,2160,2160,cache_256/dataT/healthy/healthy_574.png,2160x2160,B,1108,1098,test,train,train,train,train,train,train,train,test,train,train,test,train,train,train
dataT/healthy/healthy_575.jpg,0,0,dataT/healthy/healthy_575.jpg,e6cdcc2204022db2d7af1fb7a32fb48b,e68615fa03bbe0d1,2160,2160,cache_256/dataT/healthy/healthy_575.png,2160x2160,B,1108,1099,test,train,train,train,train,train,train,train,test,train,train,test,train,train,train
dataT/healthy/healthy_576.jpg,0,0,dataT/healthy/healthy_576.jpg,9605a8ee698024a391fe7e67d741e935,c2e4194b6655f66a,2160,2160,cache_256/dataT/healthy/healthy_576.png,2160x2160,B,1108,1100,test,train,train,train,train,train,train,train,test,train,train,test,train,train,train
dataT/healthy/healthy_577.jpg,0,0,dataT/healthy/healthy_577.jpg,a1ab591ba0a6af34e649e6272319d281,d4c61e237b0bcdc1,2160,2160,cache_256/dataT/healthy/healthy_577.png,2160x2160,B,1101,1101,val,train,train,train,test,train,test,val,train,train,test,train,train,val,train
dataT/healthy/healthy_578.jpg,0,0,dataT/healthy/healthy_578.jpg,d3e68040f7a62d43987abe25af13c7d1,ccc1763e3383a38b,2160,2160,cache_256/dataT/healthy/healthy_578.png,2160x2160,B,1103,1102,train,test,train,train,train,train,train,test,train,train,train,train,test,train,train
dataT/healthy/healthy_579.jpg,0,0,dataT/healthy/healthy_579.jpg,f88fc58c55f9f31ec1ea891d5b40a998,dc7e63379ccc0960,2160,2160,cache_256/dataT/healthy/healthy_579.png,2160x2160,B,1103,1103,train,test,train,train,train,train,train,test,train,train,train,train,test,train,train
dataT/healthy/healthy_58.jpg,0,0,dataT/healthy/healthy_58.jpg,69f0a01636d680eaa9ae8041a32787e5,8f3dca2325a966d2,1080,1080,cache_256/dataT/healthy/healthy_58.png,1080x1080,A,1086,1104,train,train,train,train,test,train,test,val,train,train,train,test,train,train,train
dataT/healthy/healthy_580.jpg,0,0,dataT/healthy/healthy_580.jpg,c7c3c29bd206f6ff37a8a2c0b86024e1,9ff92048766a3655,2160,2160,cache_256/dataT/healthy/healthy_580.png,2160x2160,B,1103,1105,train,test,train,train,train,train,train,test,train,train,train,train,test,train,train
dataT/healthy/healthy_581.jpg,0,0,dataT/healthy/healthy_581.jpg,d8d963ce3241478e0251e3e7cedae7df,b1196cf220e3f725,1080,1080,cache_256/dataT/healthy/healthy_581.png,1080x1080,A,1103,1106,train,test,train,train,train,train,train,test,train,train,train,train,test,train,train
dataT/healthy/healthy_582.jpg,0,0,dataT/healthy/healthy_582.jpg,5b2457125e03e18d8c7c9ab1c84a7401,ab32c823774f4e0e,2160,2160,cache_256/dataT/healthy/healthy_582.png,2160x2160,B,1108,1107,test,train,train,train,train,train,train,train,test,train,train,test,train,train,train
dataT/healthy/healthy_583.jpg,0,0,dataT/healthy/healthy_583.jpg,01267b0a5128c92d339a5d9b1f2690b9,8d42d1a3fbc75426,2160,2160,cache_256/dataT/healthy/healthy_583.png,2160x2160,B,1108,1108,test,train,train,train,train,train,train,train,test,train,train,test,train,train,train
dataT/healthy/healthy_584.jpg,0,0,dataT/healthy/healthy_584.jpg,bdd97f2784bea99a7c157bbe16865932,ee1e582052eb2f9a,2160,2160,cache_256/dataT/healthy/healthy_584.png,2160x2160,B,1108,1109,test,train,train,train,train,train,train,train,test,train,train,test,train,train,train
dataT/healthy/healthy_585.jpg,0,0,dataT/healthy/healthy_585.jpg,b80ed190d7157eaaa9de871ed62605c0,f117581f60fdb051,2160,2160,cache_256/dataT/healthy/healthy_585.png,2160x2160,B,1108,1110,test,train,train,train,train,train,train,train,test,train,train,test,train,train,train
dataT/healthy/healthy_586.jpg,0,0,dataT/healthy/healthy_586.jpg,ff6a287f62fdd28835f5adb8c92a62e3,db983d66308f1dc1,2160,2160,cache_256/dataT/healthy/healthy_586.png,2160x2160,B,1108,1111,test,train,train,train,train,train,train,train,test,train,train,test,train,train,train
dataT/healthy/healthy_587.jpg,0,0,dataT/healthy/healthy_587.jpg,8406923de8adf9f2d18e52f902cd8ee8,811b98f03bf7622e,2160,2160,cache_256/dataT/healthy/healthy_587.png,2160x2160,B,1108,1112,test,train,train,train,train,train,train,train,test,train,train,test,train,train,train
dataT/healthy/healthy_588.jpg,0,0,dataT/healthy/healthy_588.jpg,6b417666ef7eb21d22df3e8b3e8a5448,b3b43c633c13685b,2160,2160,cache_256/dataT/healthy/healthy_588.png,2160x2160,B,1113,1113,train,train,val,test,train,train,train,train,test,train,train,train,train,train,test
dataT/healthy/healthy_589.jpg,0,0,dataT/healthy/healthy_589.jpg,e87b1ca078bef6a5230ed03fe03e39fc,8c8db3363c2c63e3,2160,2160,cache_256/dataT/healthy/healthy_589.png,2160x2160,B,1108,1114,test,train,train,train,train,train,train,train,test,train,train,test,train,train,train
dataT/healthy/healthy_59.jpg,0,0,dataT/healthy/healthy_59.jpg,04da6f73f371e5b121a51d9704e4fe72,ce7c397279694e04,1080,1080,cache_256/dataT/healthy/healthy_59.png,1080x1080,A,238,1115,train,val,train,test,val,test,train,train,train,train,train,val,test,train,train
dataT/healthy/healthy_590.jpg,0,0,dataT/healthy/healthy_590.jpg,f4fc3475708e713197eca720c920e8bc,efd7c42312171a1e,2160,2160,cache_256/dataT/healthy/healthy_590.png,2160x2160,B,1108,1116,test,train,train,train,train,train,train,train,test,train,train,test,train,train,train
dataT/healthy/healthy_591.jpg,0,0,dataT/healthy/healthy_591.jpg,dee2f2e1cdc30a4ebf84609a710b35ee,9d35b54c6e46b251,2160,2160,cache_256/dataT/healthy/healthy_591.png,2160x2160,B,1108,1117,test,train,train,train,train,train,train,train,test,train,train,test,train,train,train
dataT/healthy/healthy_592.jpg,0,0,dataT/healthy/healthy_592.jpg,a56a8c345215e9d20e6f26bfa9ed1985,b9097f7b2441f80b,1080,1080,cache_256/dataT/healthy/healthy_592.png,1080x1080,A,1108,1118,test,train,train,train,train,train,train,train,test,train,train,test,train,train,train
dataT/healthy/healthy_593.jpg,0,0,dataT/healthy/healthy_593.jpg,21093ab0d5418d9c22a3c069c47daa6f,e6191a21bdb55752,2160,2160,cache_256/dataT/healthy/healthy_593.png,2160x2160,B,1119,1119,train,train,train,test,val,train,train,train,val,test,train,train,train,test,train
dataT/healthy/healthy_594.jpg,0,0,dataT/healthy/healthy_594.jpg,39a0fd695d39b5bdb3d58be5cf4ba481,f68f9867e1242978,2160,2160,cache_256/dataT/healthy/healthy_594.png,2160x2160,B,1119,1120,train,train,train,test,val,train,train,train,val,test,train,train,train,test,train
dataT/healthy/healthy_595.jpg,0,0,dataT/healthy/healthy_595.jpg,5b1f52551dd3a7c085706a7cd63bf575,d6f03827f1c4dc0d,2160,2160,cache_256/dataT/healthy/healthy_595.png,2160x2160,B,1121,1121,train,test,train,val,train,train,train,train,train,test,test,train,train,train,train
dataT/healthy/healthy_596.jpg,0,0,dataT/healthy/healthy_596.jpg,3af2f207116a254c749113125d83539a,da70b4f33503646d,2160,2160,cache_256/dataT/healthy/healthy_596.png,2160x2160,B,1122,1122,train,train,test,train,train,train,val,train,train,test,val,test,val,train,train
dataT/healthy/healthy_597.jpg,0,0,dataT/healthy/healthy_597.jpg,509f7ff860effea3754ebe10d0cf1cfa,b2ba79a4e432e631,2160,2160,cache_256/dataT/healthy/healthy_597.png,2160x2160,B,1123,1123,train,train,train,train,test,test,train,train,train,train,train,val,test,val,train
dataT/healthy/healthy_598.jpg,0,0,dataT/healthy/healthy_598.jpg,4bf37e685741664f66126abd7b10a577,e3230c3ff0f40367,2160,2160,cache_256/dataT/healthy/healthy_598.png,2160x2160,B,1119,1124,train,train,train,test,val,train,train,train,val,test,train,train,train,test,train
dataT/healthy/healthy_599.jpg,0,0,dataT/healthy/healthy_599.jpg,c501e74b876ac2c0a766ee7d22e4c896,cb0c1d2665e2e1e7,2160,2160,cache_256/dataT/healthy/healthy_599.png,2160x2160,B,1125,1125,train,train,train,train,test,train,test,train,train,train,train,train,train,test,train
dataT/healthy/healthy_6.jpg,0,0,dataT/healthy/healthy_6.jpg,2fb4cf9ba8472c490063ddbcf59e6216,cd392633a6445edc,1080,1080,cache_256/dataT/healthy/healthy_6.png,1080x1080,A,238,1126,train,val,train,test,val,test,train,train,train,train,train,val,test,train,train
dataT/healthy/healthy_60.jpg,0,0,dataT/healthy/healthy_60.jpg,6aee36ef32da146e40ee583f1adf36fa,c8cc3331741b5f8e,1080,1080,cache_256/dataT/healthy/healthy_60.png,1080x1080,A,1086,1127,train,train,train,train,test,train,test,val,train,train,train,test,train,train,train
dataT/healthy/healthy_600.jpg,0,0,dataT/healthy/healthy_600.jpg,9f4c47bb45c6e019536f5e2bf7099e6c,cecdc96e78837882,2160,2160,cache_256/dataT/healthy/healthy_600.png,2160x2160,B,1119,1128,train,train,train,test,val,train,train,train,val,test,train,train,train,test,train
dataT/healthy/healthy_601.jpg,0,0,dataT/healthy/healthy_601.jpg,edfab6e19547315e177598ceb17a1dc8,91bc65522da9ba59,2160,2160,cache_256/dataT/healthy/healthy_601.png,2160x2160,B,1159,1129,test,train,train,train,train,val,train,train,test,train,train,train,test,train,train
dataT/healthy/healthy_602.jpg,0,0,dataT/healthy/healthy_602.jpg,b9db5f341505947151219ae1200bed74,941a7bfd5083f5c0,2160,2160,cache_256/dataT/healthy/healthy_602.png,2160x2160,B,1130,1130,train,test,train,train,train,val,train,train,test,val,train,test,train,train,val
dataT/healthy/healthy_603.jpg,0,0,dataT/healthy/healthy_603.jpg,3161102b8c1ca74ed1d8b0ff38568976,9c996697239db0d1,1080,1080,cache_256/dataT/healthy/healthy_603.png,1080x1080,A,1131,1131,train,train,train,test,train,train,train,test,train,train,train,train,train,train,test
dataT/healthy/healthy_604.jpg,0,0,dataT/healthy/healthy_604.jpg,28ffd9a679b231a400f8433619f8620f,99f8f37232c438c6,2160,2160,cache_256/dataT/healthy/healthy_604.png,2160x2160,B,1159,1132,test,train,train,train,train,val,train,train,test,train,train,train,test,train,train
dataT/healthy/healthy_605.jpg,0,0,dataT/healthy/healthy_605.jpg,eb5325bcc90776a17b51556385966eac,8dc370ec66897276,2160,2160,cache_256/dataT/healthy/healthy_605.png,2160x2160,B,1159,1133,test,train,train,train,train,val,train,train,test,train,train,train,test,train,train
dataT/healthy/healthy_606.jpg,0,0,dataT/healthy/healthy_606.jpg,2ecaf91d6b37eb2b8d00b9ac16a74c55,d979612679e454e4,2160,2160,cache_256/dataT/healthy/healthy_606.png,2160x2160,B,1159,1134,test,train,train,train,train,val,train,train,test,train,train,train,test,train,train
dataT/healthy/healthy_607.jpg,0,0,dataT/healthy/healthy_607.jpg,16debc7fb26fcfadba0d288365008480,adcc995662a442ef,2160,2160,cache_256/dataT/healthy/healthy_607.png,2160x2160,B,1159,1135,test,train,train,train,train,val,train,train,test,train,train,train,test,train,train
dataT/healthy/healthy_608.jpg,0,0,dataT/healthy/healthy_608.jpg,c853b4ddd5795f305067898f2cc17df6,d4cbd4207ceb2746,2160,2160,cache_256/dataT/healthy/healthy_608.png,2160x2160,B,1159,1136,test,train,train,train,train,val,train,train,test,train,train,train,test,train,train
dataT/healthy/healthy_609.jpg,0,0,dataT/healthy/healthy_609.jpg,063120201e0ba46444682270a56cf207,dc589fc10fd9c0a3,2160,2160,cache_256/dataT/healthy/healthy_609.png,2160x2160,B,1159,1137,test,train,train,train,train,val,train,train,test,train,train,train,test,train,train
dataT/healthy/healthy_61.jpg,0,0,dataT/healthy/healthy_61.jpg,b75947ece4f25a65196d5c06bae5e85c,f78ac02424f5c7d3,1080,1080,cache_256/dataT/healthy/healthy_61.png,1080x1080,A,238,1138,train,val,train,test,val,test,train,train,train,train,train,val,test,train,train
dataT/healthy/healthy_610.jpg,0,0,dataT/healthy/healthy_610.jpg,b85c462d82025febc5c7a4cd159db00a,a04f68b6f282adda,2160,2160,cache_256/dataT/healthy/healthy_610.png,2160x2160,B,1159,1139,test,train,train,train,train,val,train,train,test,train,train,train,test,train,train
dataT/healthy/healthy_611.jpg,0,0,dataT/healthy/healthy_611.jpg,f012be7725730361643b0e208a1f8f83,fcda42b6a1d8d1b0,2160,2160,cache_256/dataT/healthy/healthy_611.png,2160x2160,B,1159,1140,test,train,train,train,train,val,train,train,test,train,train,train,test,train,train
dataT/healthy/healthy_612.jpg,0,0,dataT/healthy/healthy_612.jpg,2a400bec4eec466122392b1a5e58640b,8db135a6bb188e8b,2160,2160,cache_256/dataT/healthy/healthy_612.png,2160x2160,B,1159,1141,test,train,train,train,train,val,train,train,test,train,train,train,test,train,train
dataT/healthy/healthy_613.jpg,0,0,dataT/healthy/healthy_613.jpg,68909372ce2705c1d4ec62d3664a2754,902efdb4a32f444e,2160,2160,cache_256/dataT/healthy/healthy_613.png,2160x2160,B,1159,1142,test,train,train,train,train,val,train,train,test,train,train,train,test,train,train
dataT/healthy/healthy_614.jpg,0,0,dataT/healthy/healthy_614.jpg,d787643c53f2a1a2ec55dd6813a04cef,f60e4923b17b38b8,1080,1080,cache_256/dataT/healthy/healthy_614.png,1080x1080,A,1159,1143,test,train,train,train,train,val,train,train,test,train,train,train,test,train,train
dataT/healthy/healthy_615.jpg,0,0,dataT/healthy/healthy_615.jpg,9298e82c0c2d25eafc6dc487cdc85aa7,a03f8d975ba191e4,2160,2160,cache_256/dataT/healthy/healthy_615.png,2160x2160,B,1159,1144,test,train,train,train,train,val,train,train,test,train,train,train,test,train,train
dataT/healthy/healthy_616.jpg,0,0,dataT/healthy/healthy_616.jpg,c9fd37fa1f29a820b1d7f6cda8ea7307,d436d028e3691fe6,2160,2160,cache_256/dataT/healthy/healthy_616.png,2160x2160,B,1145,1145,train,train,test,train,train,train,test,train,val,train,train,test,train,train,train
dataT/healthy/healthy_617.jpg,0,0,dataT/healthy/healthy_617.jpg,510034e221589af484898941ec332b1e,d8e40d0dd2f4fc1a,2160,2160,cache_256/dataT/healthy/healthy_617.png,2160x2160,B,1159,1146,test,train,train,train,train,val,train,train,test,train,train,train,test,train,train
dataT/healthy/healthy_618.jpg,0,0,dataT/healthy/healthy_618.jpg,589ac062574bbde4eb022817656fdaea,cda461e3d2c8cd6c,2160,2160,cache_256/dataT/healthy/healthy_618.png,2160x2160,B,1159,1147,test,train,train,train,train,val,train,train,test,train,train,train,test,train,train
dataT/healthy/healthy_619.jpg,0,0,dataT/healthy/healthy_619.jpg,7d215cd0db2fac2272c5f81c9d894f7d,c32df4755075e107,2160,2160,cache_256/dataT/healthy/healthy_619.png,2160x2160,B,1148,1148,train,train,val,train,test,train,val,test,train,train,train,train,train,train,test
dataT/healthy/healthy_62.jpg,0,0,dataT/healthy/healthy_62.jpg,e1359f21d82b8dcced87edcd9addfed7,a4c2f0756c4f84de,1080,1080,cache_256/dataT/healthy/healthy_62.png,1080x1080,A,238,1149,train,val,train,test,val,test,train,train,train,train,train,val,test,train,train
dataT/healthy/healthy_620.jpg,0,0,dataT/healthy/healthy_620.jpg,47baa3b2a4180ca7a2d27cfe41cbb280,ccd173338dcc8ccc,2160,2160,cache_256/dataT/healthy/healthy_620.png,2160x2160,B,1159,1150,test,train,train,train,train,val,train,train,test,train,train,train,test,train,train
dataT/healthy/healthy_621.jpg,0,0,dataT/healthy/healthy_621.jpg,f4c2ba756425fbc7cb0edbc1241c1d59,96936c6474a49f5c,2160,2160,cache_256/dataT/healthy/healthy_621.png,2160x2160,B,1159,1151,test,train,train,train,train,val,train,train,test,train,train,train,test,train,train
dataT/healthy/healthy_622.jpg,0,0,dataT/healthy/healthy_622.jpg,2e847c2261354798443c243728ce5201,cdcc33337e0c1c9c,2160,2160,cache_256/dataT/healthy/healthy_622.png,2160x2160,B,1145,1152,train,train,test,train,train,train,test,train,val,train,train,test,train,train,train
dataT/healthy/healthy_623.jpg,0,0,dataT/healthy/healthy_623.jpg,9f8c4d75805fa3af9a273177074e8210,f942397b02951eba,2160,2160,cache_256/dataT/healthy/healthy_623.png,2160x2160,B,1159,1153,test,train,train,train,train,val,train,train,test,train,train,train,test,train,train
dataT/healthy/healthy_624.jpg,0,0,dataT/healthy/healthy_624.jpg,bf256d208ac2079e858ff24d8f3d9ce3,8c966f675c8dcc44,2160,2160,cache_256/dataT/healthy/healthy_624.png,2160x2160,B,1159,1154,test,train,train,train,train,val,train,train,test,train,train,train,test,train,train
dataT/healthy/healthy_625.jpg,0,0,dataT/healthy/healthy_625.jpg,a99650d2c87925c8086ff09e270a113d,f6688da130fa236b,1080,1080,cache_256/dataT/healthy/healthy_625.png,1080x1080,A,1159,1155,test,train,train,train,train,val,train,train,test,train,train,train,test,train,train
dataT/healthy/healthy_626.jpg,0,0,dataT/healthy/healthy_626.jpg,91e28884f4b066a933bafd0ee8e42ec2,c95a11e2374fe48d,2160,2160,cache_256/dataT/healthy/healthy_626.png,2160x2160,B,1159,1156,test,train,train,train,train,val,train,train,test,train,train,train,test,train,train
dataT/healthy/healthy_627.jpg,0,0,dataT/healthy/healthy_627.jpg,8563f925f47142728cd5156ae680c7f0,98bfa93272d8a649,2160,2160,cache_256/dataT/healthy/healthy_627.png,2160x2160,B,1159,1157,test,train,train,train,train,val,train,train,test,train,train,train,test,train,train
dataT/healthy/healthy_628.jpg,0,0,dataT/healthy/healthy_628.jpg,3505ce93818ae74810f214ce159f674b,992ef332e49c4578,2160,2160,cache_256/dataT/healthy/healthy_628.png,2160x2160,B,1159,1158,test,train,train,train,train,val,train,train,test,train,train,train,test,train,train
dataT/healthy/healthy_629.jpg,0,0,dataT/healthy/healthy_629.jpg,0f28c864cfebdbd08f3e3f84ed84885b,e75b0d39e6141719,2160,2160,cache_256/dataT/healthy/healthy_629.png,2160x2160,B,1159,1159,test,train,train,train,train,val,train,train,test,train,train,train,test,train,train
dataT/healthy/healthy_63.jpg,0,0,dataT/healthy/healthy_63.jpg,9d7d3176917b7b171d7f515ec560635a,ad84c4e3f92a54e6,1080,1080,cache_256/dataT/healthy/healthy_63.png,1080x1080,A,238,1160,train,val,train,test,val,test,train,train,train,train,train,val,test,train,train
dataT/healthy/healthy_630.jpg,0,0,dataT/healthy/healthy_630.jpg,1b695d2b30f047b68636311e56fc1b12,f287d0e03ff03e28,2160,2160,cache_256/dataT/healthy/healthy_630.png,2160x2160,B,1159,1161,test,train,train,train,train,val,train,train,test,train,train,train,test,train,train
dataT/healthy/healthy_631.jpg,0,0,dataT/healthy/healthy_631.jpg,0a2509723ca01306526b9753d1920738,f1b95b4873d0838d,2160,2160,cache_256/dataT/healthy/healthy_631.png,2160x2160,B,1159,1162,test,train,train,train,train,val,train,train,test,train,train,train,test,train,train
dataT/healthy/healthy_632.jpg,0,0,dataT/healthy/healthy_632.jpg,70850f5eba9163952f8e2a0f489a2f48,df6699732827302e,2160,2160,cache_256/dataT/healthy/healthy_632.png,2160x2160,B,1159,1163,test,train,train,train,train,val,train,train,test,train,train,train,test,train,train
dataT/healthy/healthy_633.jpg,0,0,dataT/healthy/healthy_633.jpg,006a5d8c27b4379dd2c6d1eaf25b92f4,9ce97573a6d9c024,2160,2160,cache_256/dataT/healthy/healthy_633.png,2160x2160,B,1164,1164,train,test,train,train,train,train,train,train,train,test,train,train,train,test,train
dataT/healthy/healthy_634.jpg,0,0,dataT/healthy/healthy_634.jpg,bf9f974fa443dec28b2c21c9ae22f9a2,c218bff0a1e70cec,2160,2160,cache_256/dataT/healthy/healthy_634.png,2160x2160,B,1159,1165,test,train,train,train,train,val,train,train,test,train,train,train,test,train,train
dataT/healthy/healthy_635.jpg,0,0,dataT/healthy/healthy_635.jpg,d53f031745c1872ed95af28debe53aac,905c5371bb839bc3,2160,2160,cache_256/dataT/healthy/healthy_635.png,2160x2160,B,1166,1166,train,train,test,train,val,test,train,train,train,train,train,train,val,test,train
dataT/healthy/healthy_636.jpg,0,0,dataT/healthy/healthy_636.jpg,bd6860ff6d7bc860633803705854af65,cc4b9a251376e7c2,1080,1080,cache_256/dataT/healthy/healthy_636.png,1080x1080,A,1167,1167,train,val,train,test,train,train,test,val,train,train,train,train,test,val,train
dataT/healthy/healthy_637.jpg,0,0,dataT/healthy/healthy_637.jpg,1091534683a4e40b26adc3f76ff615fe,c9eda93c56f1c604,2160,2160,cache_256/dataT/healthy/healthy_637.png,2160x2160,B,1168,1168,train,train,train,train,test,train,train,val,test,train,train,test,train,train,train
dataT/healthy/healthy_638.jpg,0,0,dataT/healthy/healthy_638.jpg,02cf4db1850e8a5c62551d700c74547d,8e4a9326cbdc163d,2160,2160,cache_256/dataT/healthy/healthy_638.png,2160x2160,B,1166,1169,train,train,test,train,val,test,train,train,train,train,train,train,val,test,train
dataT/healthy/healthy_639.jpg,0,0,dataT/healthy/healthy_639.jpg,45488cfceca18b23b1aed122e51d173b,d80ca66e33b9db30,2160,2160,cache_256/dataT/healthy/healthy_639.png,2160x2160,B,1166,1170,train,train,test,train,val,test,train,train,train,train,train,train,val,test,train
dataT/healthy/healthy_64.jpg,0,0,dataT/healthy/healthy_64.jpg,90d64c0eb2c476c7836ae16ddccc2aa7,dbe4e1772221b01f,1080,1080,cache_256/dataT/healthy/healthy_64.png,1080x1080,A,238,1171,train,val,train,test,val,test,train,train,train,train,train,val,test,train,train
dataT/healthy/healthy_640.jpg,0,0,dataT/healthy/healthy_640.jpg,723a2151b7fd172f59c4eb217a4b29c1,dddaa833532321cd,2160,2160,cache_256/dataT/healthy/healthy_640.png,2160x2160,B,1186,1172,train,test,train,train,train,train,train,train,train,test,train,train,train,test,train
dataT/healthy/healthy_641.jpg,0,0,dataT/healthy/healthy_641.jpg,3b1ef0fee7a60452c6ed3f4dffe46a2d,cd730c6f71848eca,2160,2160,cache_256/dataT/healthy/healthy_641.png,2160x2160,B,1186,1173,train,test,train,train,train,train,train,train,train,test,train,train,train,test,train
dataT/healthy/healthy_642.jpg,0,0,dataT/healthy/healthy_642.jpg,9c267021a6045e330d5ecc703d11e621,ddb224907798b29b,2160,2160,cache_256/dataT/healthy/healthy_642.png,2160x2160,B,1186,1174,train,test,train,train,train,train,train,train,train,test,train,train,train,test,train
dataT/healthy/healthy_643.jpg,0,0,dataT/healthy/healthy_643.jpg,07de4116d2086802548aec14d45fe3f2,d85b6126e5bc625a,2160,2160,cache_256/dataT/healthy/healthy_643.png,2160x2160,B,1186,1175,train,test,train,train,train,train,train,train,train,test,train,train,train,test,train
dataT/healthy/healthy_644.jpg,0,0,dataT/healthy/healthy_644.jpg,2ff761e0e82f28a2cd1b85a4be413a68,86b0c96725163fbc,2160,2160,cache_256/dataT/healthy/healthy_644.png,2160x2160,B,1186,1176,train,test,train,train,train,train,train,train,train,test,train,train,train,test,train
dataT/healthy/healthy_645.jpg,0,0,dataT/healthy/healthy_645.jpg,da122b61889913e5578947af30ea8b7c,e5861b3da5c59694,2160,2160,cache_256/dataT/healthy/healthy_645.png,2160x2160,B,1186,1177,train,test,train,train,train,train,train,train,train,test,train,train,train,test,train
dataT/healthy/healthy_646.jpg,0,0,dataT/healthy/healthy_646.jpg,73d3549b004fc3ddd234988d781bae7c,e28c1c27bb63f087,2160,2160,cache_256/dataT/healthy/healthy_646.png,2160x2160,B,1178,1178,val,train,train,test,train,test,train,train,train,train,train,val,train,test,train
dataT/healthy/healthy_647.jpg,0,0,dataT/healthy/healthy_647.jpg,f128d9601825d121813678b66fa927ae,930b8df6d6930535,1080,1080,cache_256/dataT/healthy/healthy_647.png,1080x1080,A,1179,1179,train,train,train,train,test,train,train,train,test,train,val,train,test,train,train
dataT/healthy/healthy_648.jpg,0,0,dataT/healthy/healthy_648.jpg,3a7fa731ce928faf31a3c1f2230c80b9,b0b8b5eab44f9648,2160,2160,cache_256/dataT/healthy/healthy_648.png,2160x2160,B,1186,1180,train,test,train,train,train,train,train,train,train,test,train,train,train,test,train
dataT/healthy/healthy_649.jpg,0,0,dataT/healthy/healthy_649.jpg,3e66d8050d950baec6ed098df7df866a,cc5fac36241a37e1,2160,2160,cache_256/dataT/healthy/healthy_649.png,2160x2160,B,1186,1181,train,test,train,train,train,train,train,train,train,test,train,train,train,test,train
dataT/healthy/healthy_65.jpg,0,0,dataT/healthy/healthy_65.jpg,af5ee9120613c03cf8031e2b8b3b20cd,88991f2f0f2f65a4,1080,1080,cache_256/dataT/healthy/healthy_65.png,1080x1080,A,238,1182,train,val,train,test,val,test,train,train,train,train,train,val,test,train,train
dataT/healthy/healthy_650.jpg,0,0,dataT/healthy/healthy_650.jpg,c99655f0cf05bad820c4ffc7e2ecc3f4,a0a59e47586977b2,2160,2160,cache_256/dataT/healthy/healthy_650.png,2160x2160,B,1183,1183,train,train,test,train,train,train,train,test,train,train,test,train,train,train,val
dataT/healthy/healthy_651.jpg,0,0,dataT/healthy/healthy_651.jpg,61ae1a32c58a3c42c372454f51386671,803f69c36d8dc45b,2160,2160,cache_256/dataT/healthy/healthy_651.png,2160x2160,B,1186,1184,train,test,train,train,train,train,train,train,train,test,train,train,train,test,train
dataT/healthy/healthy_652.jpg,0,0,dataT/healthy/healthy_652.jpg,eeffc49b94663a39acc63734c8642034,8fb9ed36426b02a9,2160,2160,cache_256/dataT/healthy/healthy_652.png,2160x2160,B,1186,1185,train,test,train,train,train,train,train,train,train,test,train,train,train,test,train
dataT/healthy/healthy_653.jpg,0,0,dataT/healthy/healthy_653.jpg,9855035a0e5078273fd9da01b0b82f37,e08c5ba6af58e2ca,2160,2160,cache_256/dataT/healthy/healthy_653.png,2160x2160,B,1186,1186,train,test,train,train,train,train,train,train,train,test,train,train,train,test,train
dataT/healthy/healthy_654.jpg,0,0,dataT/healthy/healthy_654.jpg,f050b4cf3ef7e818c96f4656966c230a,f5b02de05668ea56,2160,2160,cache_256/dataT/healthy/healthy_654.png,2160x2160,B,1186,1187,train,test,train,train,train,train,train,train,train,test,train,train,train,test,train
dataT/healthy/healthy_655.jpg,0,0,dataT/healthy/healthy_655.jpg,3f48a1663a262e7b6b0d5a4a97a3f52c,e6dceb0bd0a247e0,2160,2160,cache_256/dataT/healthy/healthy_655.png,2160x2160,B,1186,1188,train,test,train,train,train,train,train,train,train,test,train,train,train,test,train
dataT/healthy/healthy_656.jpg,0,0,dataT/healthy/healthy_656.jpg,64c72c417eda8542bbff229683fed2f5,db7a9132aa059e8b,2160,2160,cache_256/dataT/healthy/healthy_656.png,2160x2160,B,1186,1189,train,test,train,train,train,train,train,train,train,test,train,train,train,test,train
dataT/healthy/healthy_657.jpg,0,0,dataT/healthy/healthy_657.jpg,e621bc5ecbfa9d0e88bdbb386a662095,cfcf037235363c05,2160,2160,cache_256/dataT/healthy/healthy_657.png,2160x2160,B,1186,1190,train,test,train,train,train,train,train,train,train,test,train,train,train,test,train
dataT/healthy/healthy_658.jpg,0,0,dataT/healthy/healthy_658.jpg,6f13e64e9a08a3fbed7b4b26b1a56a64,8e94d9555ab532a9,1080,1080,cache_256/dataT/healthy/healthy_658.png,1080x1080,A,1186,1191,train,test,train,train,train,train,train,train,train,test,train,train,train,test,train
dataT/healthy/healthy_659.jpg,0,0,dataT/healthy/healthy_659.jpg,bb321ac322ef3fff2e294b0e9e49d133,c6e59f6c5d451942,2160,2160,cache_256/dataT/healthy/healthy_659.png,2160x2160,B,1186,1192,train,test,train,train,train,train,train,train,train,test,train,train,train,test,train
dataT/healthy/healthy_66.jpg,0,0,dataT/healthy/healthy_66.jpg,693c11589209b9aff4935dbf132b289c,8e0d38726ea6c5e6,1080,1080,cache_256/dataT/healthy/healthy_66.png,1080x1080,A,238,1193,train,val,train,test,val,test,train,train,train,train,train,val,test,train,train
dataT/healthy/healthy_660.jpg,0,0,dataT/healthy/healthy_660.jpg,9da9f9336c60384cabc52eb9bdf958f8,fd0f607007d332d6,2160,2160,cache_256/dataT/healthy/healthy_660.png,2160x2160,B,1186,1194,train,test,train,train,train,train,train,train,train,test,train,train,train,test,train
dataT/healthy/healthy_661.jpg,0,0,dataT/healthy/healthy_661.jpg,f6f74bf537722ac51e5b2865f2702cc8,d6480f16e93518ef,2160,2160,cache_256/dataT/healthy/healthy_661.png,2160x2160,B,1186,1195,train,test,train,train,train,train,train,train,train,test,train,train,train,test,train
dataT/healthy/healthy_662.jpg,0,0,dataT/healthy/healthy_662.jpg,333435790e28852df29dacbdc56f5af7,b3a2a4e74dad424b,2160,2160,cache_256/dataT/healthy/healthy_662.png,2160x2160,B,1186,1196,train,test,train,train,train,train,train,train,train,test,train,train,train,test,train
dataT/healthy/healthy_663.jpg,0,0,dataT/healthy/healthy_663.jpg,53cc4813a1af990670054cb08fb5aba9,e8cdd8b80f173e03,2160,2160,cache_256/dataT/healthy/healthy_663.png,2160x2160,B,1197,1197,train,train,test,val,train,val,test,train,train,train,train,train,train,train,test
dataT/healthy/healthy_664.jpg,0,0,dataT/healthy/healthy_664.jpg,80fdde495746c77da998d23d9555e66d,ec78473de771c00c,2160,2160,cache_256/dataT/healthy/healthy_664.png,2160x2160,B,238,1198,train,val,train,test,val,test,train,train,train,train,train,val,test,train,train
dataT/healthy/healthy_665.jpg,0,0,dataT/healthy/healthy_665.jpg,319bb3aa3222f1a9f2d98df59933bbf7,be5ca13701e21f0f,2160,2160,cache_256/dataT/healthy/healthy_665.png,2160x2160,B,1199,1199,train,train,test,train,train,train,test,train,train,train,test,train,train,val,train
dataT/healthy/healthy_666.jpg,0,0,dataT/healthy/healthy_666.jpg,e102d2559759c5ffb6d8468f16162835,e2556ce30fbe8a14,2160,2160,cache_256/dataT/healthy/healthy_666.png,2160x2160,B,238,1200,train,val,train,test,val,test,train,train,train,train,train,val,test,train,train
dataT/healthy/healthy_667.jpg,0,0,dataT/healthy/healthy_667.jpg,9719c2a4420db2c330b3c3ecd60bd94e,a8ace64f1bd2621b,2160,2160,cache_256/dataT/healthy/healthy_667.png,2160x2160,B,1201,1201,train,train,test,train,train,train,test,train,train,train,train,test,val,train,train
dataT/healthy/healthy_668.jpg,0,0,dataT/healthy/healthy_668.jpg,40e909bf02739b59bf47f9ddda63e591,b3f0716690d8d9f0,2160,2160,cache_256/dataT/healthy/healthy_668.png,2160x2160,B,1202,1202,test,train,train,train,val,train,val,train,test,train,train,train,test,train,train
dataT/healthy/healthy_669.jpg,0,0,dataT/healthy/healthy_669.jpg,8c49262cb01f9702a8a37abccde6fe3a,dc349037d73f0073,1080,1080,cache_256/dataT/healthy/healthy_669.png,1080x1080,A,238,1203,train,val,train,test,val,test,train,train,train,train,train,val,test,train,train
dataT/healthy/healthy_67.jpg,0,0,dataT/healthy/healthy_67.jpg,1e5a17668071ea33193cc57e6b1093da,9a687167b3a88ec9,1080,1080,cache_256/dataT/healthy/healthy_67.png,1080x1080,A,238,1204,train,val,train,test,val,test,train,train,train,train,train,val,test,train,train
dataT/healthy/healthy_670.jpg,0,0,dataT/healthy/healthy_670.jpg,fca3a922ce1c7f7b6c6e5f8a96e926eb,e3d391b0fd63804e,1080,1080,cache_256/dataT/healthy/healthy_670.png,1080x1080,A,1205,1205,train,test,val,train,train,test,train,train,val,train,train,train,train,test,train
dataT/healthy/healthy_671.jpg,0,0,dataT/healthy/healthy_671.jpg,11538781a9c244158195eb7b9d567d86,c1e83836e1aae6da,2160,2160,cache_256/dataT/healthy/healthy_671.png,2160x2160,B,238,1206,train,val,train,test,val,test,train,train,train,train,train,val,test,train,train
dataT/healthy/healthy_672.jpg,0,0,dataT/healthy/healthy_672.jpg,b36c2bec0197886766393ab08c9f96b0,c2af1ec79a9011fc,2160,2160,cache_256/dataT/healthy/healthy_672.png,2160x2160,B,238,1207,train,val,train,test,val,test,train,train,train,train,train,val,test,train,train
dataT/healthy/healthy_673.jpg,0,0,dataT/healthy/healthy_673.jpg,99b3439121fb3246076d7476f2234a41,c70599f5b50a5a8b,2160,2160,cache_256/dataT/healthy/healthy_673.png,2160x2160,B,238,1208,train,val,train,test,val,test,train,train,train,train,train,val,test,train,train
dataT/healthy/healthy_674.jpg,0,0,dataT/healthy/healthy_674.jpg,82691d7cf98c6237adf5724ac37d82c0,9f188953b3a3546d,2160,2160,cache_256/dataT/healthy/healthy_674.png,2160x2160,B,238,1209,train,val,train,test,val,test,train,train,train,train,train,val,test,train,train
dataT/healthy/healthy_675.jpg,0,0,dataT/healthy/healthy_675.jpg,e1aa44c08f58d5f387fbdfbd6f9192b0,d23cb85393399396,2160,2160,cache_256/dataT/healthy/healthy_675.png,2160x2160,B,238,1210,train,val,train,test,val,test,train,train,train,train,train,val,test,train,train
dataT/healthy/healthy_676.jpg,0,0,dataT/healthy/healthy_676.jpg,0780aee0749981be49a588ff05d76567,84ea1d63d4969735,2160,2160,cache_256/dataT/healthy/healthy_676.png,2160x2160,B,238,1211,train,val,train,test,val,test,train,train,train,train,train,val,test,train,train
dataT/healthy/healthy_677.jpg,0,0,dataT/healthy/healthy_677.jpg,255c7dea17cb5149eed67e85450d02b3,9c961bf3c2de1630,2160,2160,cache_256/dataT/healthy/healthy_677.png,2160x2160,B,238,1212,train,val,train,test,val,test,train,train,train,train,train,val,test,train,train
dataT/healthy/healthy_678.jpg,0,0,dataT/healthy/healthy_678.jpg,bacd4ad751cbf6e04cf99801f31ec110,996e6fe24e480d59,2160,2160,cache_256/dataT/healthy/healthy_678.png,2160x2160,B,238,1213,train,val,train,test,val,test,train,train,train,train,train,val,test,train,train
dataT/healthy/healthy_679.jpg,0,0,dataT/healthy/healthy_679.jpg,ad1c41c0fd17b1e9e348138abdec6792,c2e199ad91d24bcb,2160,2160,cache_256/dataT/healthy/healthy_679.png,2160x2160,B,238,1214,train,val,train,test,val,test,train,train,train,train,train,val,test,train,train
dataT/healthy/healthy_68.jpg,0,0,dataT/healthy/healthy_68.jpg,97305438a729de39a0ed5cb2f722d9f3,f7d398ba0f041be0,1080,1080,cache_256/dataT/healthy/healthy_68.png,1080x1080,A,238,1215,train,val,train,test,val,test,train,train,train,train,train,val,test,train,train
dataT/healthy/healthy_680.jpg,0,0,dataT/healthy/healthy_680.jpg,f5187ba6423d33f3b00cea2523a49e2c,99b2cb49c952da5a,2160,2160,cache_256/dataT/healthy/healthy_680.png,2160x2160,B,238,1216,train,val,train,test,val,test,train,train,train,train,train,val,test,train,train
dataT/healthy/healthy_681.jpg,0,0,dataT/healthy/healthy_681.jpg,43b4563e1ea2721193c7b72ebc3ab6e2,91988f3e2c2aba79,1080,1080,cache_256/dataT/healthy/healthy_681.png,1080x1080,A,1217,1217,train,train,train,test,train,train,train,test,train,val,test,train,train,train,train
dataT/healthy/healthy_682.jpg,0,0,dataT/healthy/healthy_682.jpg,5cfc2e97b1be8bc257e144a45541a281,c2c61d6e676d0b0b,2160,2160,cache_256/dataT/healthy/healthy_682.png,2160x2160,B,238,1218,train,val,train,test,val,test,train,train,train,train,train,val,test,train,train
dataT/healthy/healthy_683.jpg,0,0,dataT/healthy/healthy_683.jpg,e520c7b828963d9e10e40075dd46245c,9e44d2ac59d5a94d,2160,2160,cache_256/dataT/healthy/healthy_683.png,2160x2160,B,238,1219,train,val,train,test,val,test,train,train,train,train,train,val,test,train,train
dataT/healthy/healthy_684.jpg,0,0,dataT/healthy/healthy_684.jpg,92a7cac34e5834d87bc439822b1711ed,c9c0c05c7f0fecd1,2160,2160,cache_256/dataT/healthy/healthy_684.png,2160x2160,B,1220,1220,train,train,train,test,train,train,train,train,train,test,test,train,train,train,train
dataT/healthy/healthy_685.jpg,0,0,dataT/healthy/healthy_685.jpg,75337c941cb76525e46283a4aa65f33b,99d19290a39cbb75,2160,2160,cache_256/dataT/healthy/healthy_685.png,2160x2160,B,238,1221,train,val,train,test,val,test,train,train,train,train,train,val,test,train,train
dataT/healthy/healthy_686.jpg,0,0,dataT/healthy/healthy_686.jpg,15fb631c060df43a019b84bd28f27b53,99a61a95e70d646e,2160,2160,cache_256/dataT/healthy/healthy_686.png,2160x2160,B,1222,1222,test,train,val,train,train,train,train,train,train,test,train,val,train,test,train
dataT/healthy/healthy_687.jpg,0,0,dataT/healthy/healthy_687.jpg,1065d77c1a7214fdc1f24076984e111f,d3cef8f2b6e00c0c,2160,2160,cache_256/dataT/healthy/healthy_687.png,2160x2160,B,238,1223,train,val,train,test,val,test,train,train,train,train,train,val,test,train,train
dataT/healthy/healthy_688.jpg,0,0,dataT/healthy/healthy_688.jpg,bade2411d75e27941b6ac50087c69899,9be6253cb0cdc5c2,2160,2160,cache_256/dataT/healthy/healthy_688.png,2160x2160,B,238,1224,train,val,train,test,val,test,train,train,train,train,train,val,test,train,train
dataT/healthy/healthy_689.jpg,0,0,dataT/healthy/healthy_689.jpg,b6f5d6cf6ee1e0ed32f41fb565fd9dd4,debeb880fa9d0612,2160,2160,cache_256/dataT/healthy/healthy_689.png,2160x2160,B,1225,1225,train,train,train,train,test,train,test,train,val,train,train,test,train,train,val
dataT/healthy/healthy_69.jpg,0,0,dataT/healthy/healthy_69.jpg,58035ebd7103e9e293035373d7e7ece9,97318637b9b5294a,1080,1080,cache_256/dataT/healthy/healthy_69.png,1080x1080,A,1086,1226,train,train,train,train,test,train,test,val,train,train,train,test,train,train,train
dataT/healthy/healthy_690.jpg,0,0,dataT/healthy/healthy_690.jpg,2a5c0af92d6fed35131a107d731189bf,e7a31c78389515cd,2160,2160,cache_256/dataT/healthy/healthy_690.png,2160x2160,B,238,1227,train,val,train,test,val,test,train,train,train,train,train,val,test,train,train
dataT/healthy/healthy_691.jpg,0,0,dataT/healthy/healthy_691.jpg,68808772eff05cb830d9730d8eed9afc,8d21a8a73b1b2b76,2160,2160,cache_256/dataT/healthy/healthy_691.png,2160x2160,B,238,1228,train,val,train,test,val,test,train,train,train,train,train,val,test,train,train
dataT/healthy/healthy_692.jpg,0,0,dataT/healthy/healthy_692.jpg,7ca298f8ac826d52be2392678bd9ae59,989c2f7262616ccf,1080,1080,cache_256/dataT/healthy/healthy_692.png,1080x1080,A,1229,1229,val,val,train,train,test,val,train,train,test,train,train,train,train,train,test
dataT/healthy/healthy_693.jpg,0,0,dataT/healthy/healthy_693.jpg,f4b2ad1f602b95f9c56ad08376775a7d,e2069df29a2b7155,2160,2160,cache_256/dataT/healthy/healthy_693.png,2160x2160,B,238,1230,train,val,train,test,val,test,train,train,train,train,train,val,test,train,train
dataT/healthy/healthy_694.jpg,0,0,dataT/healthy/healthy_694.jpg,042ad51128fa449539330dad7289e7d7,cc0718b753ae87c6,2160,2160,cache_256/dataT/healthy/healthy_694.png,2160x2160,B,238,1231,train,val,train,test,val,test,train,train,train,train,train,val,test,train,train
dataT/healthy/healthy_695.jpg,0,0,dataT/healthy/healthy_695.jpg,a83130a236f51e4574ef911501702acf,b0bed85eac124f94,2160,2160,cache_256/dataT/healthy/healthy_695.png,2160x2160,B,238,1232,train,val,train,test,val,test,train,train,train,train,train,val,test,train,train
dataT/healthy/healthy_696.jpg,0,0,dataT/healthy/healthy_696.jpg,f492dd09c1436ff87e4408f80aa0d2b2,c8d02ec7d3ab62b8,2160,2160,cache_256/dataT/healthy/healthy_696.png,2160x2160,B,1233,1233,train,test,train,train,train,train,val,test,train,train,train,test,train,val,train
dataT/healthy/healthy_697.jpg,0,0,dataT/healthy/healthy_697.jpg,6289ce52a02ea0bca095eebadcd1fa2e,874e0eb4a8ab7786,2160,2160,cache_256/dataT/healthy/healthy_697.png,2160x2160,B,238,1234,train,val,train,test,val,test,train,train,train,train,train,val,test,train,train
dataT/healthy/healthy_7.jpg,0,0,dataT/healthy/healthy_7.jpg,606ba11c6e751e6cc058ad97ef2e76e2,f6a419090979f87b,1080,1080,cache_256/dataT/healthy/healthy_7.png,1080x1080,A,238,1235,train,val,train,test,val,test,train,train,train,train,train,val,test,train,train
dataT/healthy/healthy_70.jpg,0,0,dataT/healthy/healthy_70.jpg,3fee98c4f27ee3ae5019f495006f92f8,dc5cbc70b3b18187,1080,1080,cache_256/dataT/healthy/healthy_70.png,1080x1080,A,238,1236,train,val,train,test,val,test,train,train,train,train,train,val,test,train,train
dataT/healthy/healthy_71.jpg,0,0,dataT/healthy/healthy_71.jpg,8aab0fd613dbae14187b16ba36ea0fe3,9c99416ded714953,1080,1080,cache_256/dataT/healthy/healthy_71.png,1080x1080,A,1086,1237,train,train,train,train,test,train,test,val,train,train,train,test,train,train,train
dataT/healthy/healthy_72.jpg,0,0,dataT/healthy/healthy_72.jpg,52e2eeff38e18ba6dcee0684b526a9b9,ccc6733c33382f83,1080,1080,cache_256/dataT/healthy/healthy_72.png,1080x1080,A,1086,1238,train,train,train,train,test,train,test,val,train,train,train,test,train,train,train
dataT/healthy/healthy_73.jpg,0,0,dataT/healthy/healthy_73.jpg,f7eda4128ad6229f0855382cfea899ca,8e9b32344ca4ee8f,1080,1080,cache_256/dataT/healthy/healthy_73.png,1080x1080,A,238,1239,train,val,train,test,val,test,train,train,train,train,train,val,test,train,train
dataT/healthy/healthy_74.jpg,0,0,dataT/healthy/healthy_74.jpg,89ba5294eb7ad78684e59220e585ded6,c585da23b722ecc9,1080,1080,cache_256/dataT/healthy/healthy_74.png,1080x1080,A,238,1240,train,val,train,test,val,test,train,train,train,train,train,val,test,train,train
dataT/healthy/healthy_75.jpg,0,0,dataT/healthy/healthy_75.jpg,f8be2a54bf02aa74b36108731859c65e,848fbc707927614f,1080,1080,cache_256/dataT/healthy/healthy_75.png,1080x1080,A,238,1241,train,val,train,test,val,test,train,train,train,train,train,val,test,train,train
dataT/healthy/healthy_76.jpg,0,0,dataT/healthy/healthy_76.jpg,b3947ee2f9bfac12997e09e2ce8811d7,f1664cb27a5ba609,1080,1080,cache_256/dataT/healthy/healthy_76.png,1080x1080,A,238,1242,train,val,train,test,val,test,train,train,train,train,train,val,test,train,train
dataT/healthy/healthy_77.jpg,0,0,dataT/healthy/healthy_77.jpg,18acf0b1ea7e9d5ba038ec779cede606,e871382657257277,1080,1080,cache_256/dataT/healthy/healthy_77.png,1080x1080,A,238,1243,train,val,train,test,val,test,train,train,train,train,train,val,test,train,train
dataT/healthy/healthy_78.jpg,0,0,dataT/healthy/healthy_78.jpg,f13e319587e03337e6e2be0eec7e32a4,c92a1f774c70465d,1080,1080,cache_256/dataT/healthy/healthy_78.png,1080x1080,A,238,1244,train,val,train,test,val,test,train,train,train,train,train,val,test,train,train
dataT/healthy/healthy_79.jpg,0,0,dataT/healthy/healthy_79.jpg,b000b6f364d1b4867c8a8399532d3ae3,c9eca974b0b5ea12,1080,1080,cache_256/dataT/healthy/healthy_79.png,1080x1080,A,238,1245,train,val,train,test,val,test,train,train,train,train,train,val,test,train,train
dataT/healthy/healthy_8.jpg,0,0,dataT/healthy/healthy_8.jpg,e9a8ec39aea57970a5f928c56d9b5627,f3199a38984a1baf,1080,1080,cache_256/dataT/healthy/healthy_8.png,1080x1080,A,238,1246,train,val,train,test,val,test,train,train,train,train,train,val,test,train,train
dataT/healthy/healthy_80.jpg,0,0,dataT/healthy/healthy_80.jpg,dd022915d1f79482ee70be35a5545c40,cc9ed870e93a1ec2,1080,1080,cache_256/dataT/healthy/healthy_80.png,1080x1080,A,238,1247,train,val,train,test,val,test,train,train,train,train,train,val,test,train,train
dataT/healthy/healthy_81.jpg,0,0,dataT/healthy/healthy_81.jpg,c06248b2da9b2fa324e5ffc187a060db,d6a829f5e0e6ca4c,1080,1080,cache_256/dataT/healthy/healthy_81.png,1080x1080,A,238,1248,train,val,train,test,val,test,train,train,train,train,train,val,test,train,train
dataT/healthy/healthy_82.jpg,0,0,dataT/healthy/healthy_82.jpg,515cd2f66a0761eba6f5e1f95aec86c8,9aecdb48609c67cc,1080,1080,cache_256/dataT/healthy/healthy_82.png,1080x1080,A,1532,1249,train,test,train,train,train,train,train,test,train,train,train,train,test,train,train
dataT/healthy/healthy_83.jpg,0,0,dataT/healthy/healthy_83.jpg,a7ca4f095a3a6db981b588a69b904c69,dbcf1312a0d21e5d,1080,1080,cache_256/dataT/healthy/healthy_83.png,1080x1080,A,238,1250,train,val,train,test,val,test,train,train,train,train,train,val,test,train,train
dataT/healthy/healthy_84.jpg,0,0,dataT/healthy/healthy_84.jpg,759490b992c58c8382cf2f159592dbef,cbcc3666c787e640,1080,1080,cache_256/dataT/healthy/healthy_84.png,1080x1080,A,1251,1251,train,train,train,test,train,train,train,train,val,test,train,test,train,train,train
dataT/healthy/healthy_85.jpg,0,0,dataT/healthy/healthy_85.jpg,1ec7cc10c38982dae14ad6871d88b673,f335b63239a22d0d,1080,1080,cache_256/dataT/healthy/healthy_85.png,1080x1080,A,1532,1252,train,test,train,train,train,train,train,test,train,train,train,train,test,train,train
dataT/healthy/healthy_86.jpg,0,0,dataT/healthy/healthy_86.jpg,b1e64af092adcb83e041948e3a193323,e7498ca4b1a6b556,1080,1080,cache_256/dataT/healthy/healthy_86.png,1080x1080,A,1532,1253,train,test,train,train,train,train,train,test,train,train,train,train,test,train,train
dataT/healthy/healthy_87.jpg,0,0,dataT/healthy/healthy_87.jpg,2152738fc4cb59dd4978f391ff54252e,f80c7af192038efc,1080,1080,cache_256/dataT/healthy/healthy_87.png,1080x1080,A,1532,1254,train,test,train,train,train,train,train,test,train,train,train,train,test,train,train
dataT/healthy/healthy_88.jpg,0,0,dataT/healthy/healthy_88.jpg,43a8474f76c01e5a77ad112c7162774d,d20e5c75e2e3c3c4,1080,1080,cache_256/dataT/healthy/healthy_88.png,1080x1080,A,1532,1255,train,test,train,train,train,train,train,test,train,train,train,train,test,train,train
dataT/healthy/healthy_89.jpg,0,0,dataT/healthy/healthy_89.jpg,1f6554ad48b4fef41c9c82c6494ebd56,c7a86837b7139592,1080,1080,cache_256/dataT/healthy/healthy_89.png,1080x1080,A,1532,1256,train,test,train,train,train,train,train,test,train,train,train,train,test,train,train
dataT/healthy/healthy_9.jpg,0,0,dataT/healthy/healthy_9.jpg,fe3d92d37a98d0ad4d07721f44470a9d,cce2e97649c0f2c9,1080,1080,cache_256/dataT/healthy/healthy_9.png,1080x1080,A,238,1257,train,val,train,test,val,test,train,train,train,train,train,val,test,train,train
dataT/healthy/healthy_90.jpg,0,0,dataT/healthy/healthy_90.jpg,4769dc9696fbe8588d7160a4bafaaca3,a55c4a24e8a56f2f,1080,1080,cache_256/dataT/healthy/healthy_90.png,1080x1080,A,1532,1258,train,test,train,train,train,train,train,test,train,train,train,train,test,train,train
dataT/healthy/healthy_91.jpg,0,0,dataT/healthy/healthy_91.jpg,991114f44008f4cac6711bb35f70e88b,e3585824be5356ab,1080,1080,cache_256/dataT/healthy/healthy_91.png,1080x1080,A,1532,1259,train,test,train,train,train,train,train,test,train,train,train,train,test,train,train
dataT/healthy/healthy_92.jpg,0,0,dataT/healthy/healthy_92.jpg,d157cfadc2b55a6facc779198cae8ac4,b35d052c2672fb91,1080,1080,cache_256/dataT/healthy/healthy_92.png,1080x1080,A,1532,1260,train,test,train,train,train,train,train,test,train,train,train,train,test,train,train
dataT/healthy/healthy_93.jpg,0,0,dataT/healthy/healthy_93.jpg,079ba284a28c64755509f904ec347aa1,a4497e73a358f360,1080,1080,cache_256/dataT/healthy/healthy_93.png,1080x1080,A,1532,1261,train,test,train,train,train,train,train,test,train,train,train,train,test,train,train
dataT/healthy/healthy_94.jpg,0,0,dataT/healthy/healthy_94.jpg,ebc4bae32ed1d9eb5ecd2f6b1391c88e,c9dd8c2c3032b2fd,1080,1080,cache_256/dataT/healthy/healthy_94.png,1080x1080,A,1532,1262,train,test,train,train,train,train,train,test,train,train,train,train,test,train,train
dataT/healthy/healthy_95.jpg,0,0,dataT/healthy/healthy_95.jpg,f6a9f04c055d71b7e44dd23adadb989d,a49d4d41435f63e3,1080,1080,cache_256/dataT/healthy/healthy_95.png,1080x1080,A,1532,1263,train,test,train,train,train,train,train,test,train,train,train,train,test,train,train
dataT/healthy/healthy_96.jpg,0,0,dataT/healthy/healthy_96.jpg,318c1750b8c60defe5b98440d53b23b4,c68d782c4127b776,1080,1080,cache_256/dataT/healthy/healthy_96.png,1080x1080,A,1532,1264,train,test,train,train,train,train,train,test,train,train,train,train,test,train,train
dataT/healthy/healthy_97.jpg,0,0,dataT/healthy/healthy_97.jpg,7ab1a80c8ef202c91d28b3aa2b4edc86,b8984da7a3845a9f,1080,1080,cache_256/dataT/healthy/healthy_97.png,1080x1080,A,1532,1265,train,test,train,train,train,train,train,test,train,train,train,train,test,train,train
dataT/healthy/healthy_98.jpg,0,0,dataT/healthy/healthy_98.jpg,cb839044081b99c34ba5f0502ff8d924,8c1c99314377d69e,1080,1080,cache_256/dataT/healthy/healthy_98.png,1080x1080,A,1532,1266,train,test,train,train,train,train,train,test,train,train,train,train,test,train,train
dataT/healthy/healthy_99.jpg,0,0,dataT/healthy/healthy_99.jpg,00229daa17013ea1d8a2dcff2f9d321c,8cb9f92353a716c8,1080,1080,cache_256/dataT/healthy/healthy_99.png,1080x1080,A,1532,1267,train,test,train,train,train,train,train,test,train,train,train,train,test,train,train
dataT/pod_rot_black/black_pod_rot_1.jpg,1,1,dataT/pod_rot_black/black_pod_rot_1.jpg,3cf3901bd20e3910ce2bd2a34285e151,da95a424acb2f2d3,1080,1080,cache_256/dataT/pod_rot_black/black_pod_rot_1.png,1080x1080,A,1268,1268,train,test,train,train,val,train,val,train,test,train,train,train,test,train,train
dataT/pod_rot_black/black_pod_rot_10.jpg,1,1,dataT/pod_rot_black/black_pod_rot_10.jpg,2473be012438c8db2a0c1f454c226928,eef242f7a310b18a,1080,1080,cache_256/dataT/pod_rot_black/black_pod_rot_10.png,1080x1080,A,1269,1269,train,train,val,test,val,train,train,test,train,train,train,train,val,test,train
dataT/pod_rot_black/black_pod_rot_100.jpg,1,1,dataT/pod_rot_black/black_pod_rot_100.jpg,af88d5ff63102933d009e06602aa9aa8,d1f58ff12f01ba04,1080,1080,cache_256/dataT/pod_rot_black/black_pod_rot_100.png,1080x1080,A,1270,1270,train,train,train,train,test,train,train,test,train,train,train,train,test,train,train
dataT/pod_rot_black/black_pod_rot_101.jpg,1,1,dataT/pod_rot_black/black_pod_rot_101.jpg,d33754ff3dc4621047583561bc442850,a116ee225d6a496f,1080,1080,cache_256/dataT/pod_rot_black/black_pod_rot_101.png,1080x1080,A,1271,1271,train,train,test,train,train,train,train,test,val,train,train,train,train,test,train
dataT/pod_rot_black/black_pod_rot_102.jpg,1,1,dataT/pod_rot_black/black_pod_rot_102.jpg,d7b2a39d2eac0a869f5510581943bed2,eeec88a22f1db215,1080,1080,cache_256/dataT/pod_rot_black/black_pod_rot_102.png,1080x1080,A,1272,1272,train,train,train,test,train,train,train,train,val,test,val,train,train,train,test
dataT/pod_rot_black/black_pod_rot_103.jpg,1,1,dataT/pod_rot_black/black_pod_rot_103.jpg,05f5aaf3c69b1dd072b59cab43e3f7d4,e46cb5b6e19116b2,1080,1080,cache_256/dataT/pod_rot_black/black_pod_rot_103.png,1080x1080,A,1272,1273,train,train,train,test,train,train,train,train,val,test,val,train,train,train,test
dataT/pod_rot_black/black_pod_rot_104.jpg,1,1,dataT/pod_rot_black/black_pod_rot_104.jpg,bb466be701fbc085c160249f86a42f2c,e64a9a6f19823be8,1080,1080,cache_256/dataT/pod_rot_black/black_pod_rot_104.png,1080x1080,A,1272,1274,train,train,train,test,train,train,train,train,val,test,val,train,train,train,test
dataT/pod_rot_black/black_pod_rot_105.jpg,1,1,dataT/pod_rot_black/black_pod_rot_105.jpg,500e0af3e47e2cfe2805630a802a2939,a6d8c67dc966a826,1080,1080,cache_256/dataT/pod_rot_black/black_pod_rot_105.png,1080x1080,A,1532,1275,train,test,train,train,train,train,train,test,train,train,train,train,test,train,train
dataT/pod_rot_black/black_pod_rot_106.jpg,1,1,dataT/pod_rot_black/black_pod_rot_106.jpg,5ba2093e2b703447b1b39ffbc00e6226,a3d9c374a427b263,1080,1080,cache_256/dataT/pod_rot_black/black_pod_rot_106.png,1080x1080,A,1532,1276,train,test,train,train,train,train,train,test,train,train,train,train,test,train,train
dataT/pod_rot_black/black_pod_rot_107.jpg,1,1,dataT/pod_rot_black/black_pod_rot_107.jpg,d95b2e72fbae94de674a93576e8af1a1,bf7841b30a8d0f9c,1080,1080,cache_256/dataT/pod_rot_black/black_pod_rot_107.png,1080x1080,A,1532,1277,train,test,train,train,train,train,train,test,train,train,train,train,test,train,train
dataT/pod_rot_black/black_pod_rot_108.jpg,1,1,dataT/pod_rot_black/black_pod_rot_108.jpg,97f66c3dce26423c187a66b7a891227b,deb8593327a3e290,1080,1080,cache_256/dataT/pod_rot_black/black_pod_rot_108.png,1080x1080,A,1532,1278,train,test,train,train,train,train,train,test,train,train,train,train,test,train,train
dataT/pod_rot_black/black_pod_rot_109.jpg,1,1,dataT/pod_rot_black/black_pod_rot_109.jpg,4ebcb744989928d74f6385dc2e8d1567,cc913161f1cedfa0,1080,1080,cache_256/dataT/pod_rot_black/black_pod_rot_109.png,1080x1080,A,1279,1279,val,train,test,train,train,test,train,train,train,train,train,test,train,train,train
dataT/pod_rot_black/black_pod_rot_11.jpg,1,1,dataT/pod_rot_black/black_pod_rot_11.jpg,de66d7e8893094a2b4d336bd23b5618c,be375148334e8f8a,1080,1080,cache_256/dataT/pod_rot_black/black_pod_rot_11.png,1080x1080,A,1280,1280,train,test,val,train,train,val,test,train,train,train,train,train,val,test,train
dataT/pod_rot_black/black_pod_rot_110.jpg,1,1,dataT/pod_rot_black/black_pod_rot_110.jpg,ca63935f002e092ad28451208e543e5c,e5841e39b9b7a113,1080,1080,cache_256/dataT/pod_rot_black/black_pod_rot_110.png,1080x1080,A,1281,1281,test,val,train,train,train,val,train,test,train,val,train,train,test,train,train
dataT/pod_rot_black/black_pod_rot_111.jpg,1,1,dataT/pod_rot_black/black_pod_rot_111.jpg,2b9a8fff20a65c5917aab95ced7aca1a,b3024ce8707db367,1080,1080,cache_256/dataT/pod_rot_black/black_pod_rot_111.png,1080x1080,A,1282,1282,train,train,val,train,test,train,train,train,train,test,train,val,train,train,test
dataT/pod_rot_black/black_pod_rot_112.jpg,1,1,dataT/pod_rot_black/black_pod_rot_112.jpg,af7769dc54000386ea1e6c684b66dd2e,bce24b23edacd250,1080,1080,cache_256/dataT/pod_rot_black/black_pod_rot_112.png,1080x1080,A,1282,1283,train,train,val,train,test,train,train,train,train,test,train,val,train,train,test
dataT/pod_rot_black/black_pod_rot_113.jpg,1,1,dataT/pod_rot_black/black_pod_rot_113.jpg,cd6112eafceca9ba64baa01e1a61c383,e3b49d268762cec1,1080,1080,cache_256/dataT/pod_rot_black/black_pod_rot_113.png,1080x1080,A,1281,1284,test,val,train,train,train,val,train,test,train,val,train,train,test,train,train
dataT/pod_rot_black/black_pod_rot_114.jpg,1,1,dataT/pod_rot_black/black_pod_rot_114.jpg,839ef4ef01fee3be5959450b2b86afe9,b8f609235693b6d1,1080,1080,cache_256/dataT/pod_rot_black/black_pod_rot_114.png,1080x1080,A,1285,1285,train,train,train,val,test,test,train,train,train,train,train,train,train,train,test
dataT/pod_rot_black/black_pod_rot_115.jpg,1,1,dataT/pod_rot_black/black_pod_rot_115.jpg,4b89c53500dce882c7d607d4879f70b7,d25da466a5c21d9e,1080,1080,cache_256/dataT/pod_rot_black/black_pod_rot_115.png,1080x1080,A,1285,1286,train,train,train,val,test,test,train,train,train,train,train,train,train,train,test
dataT/pod_rot_black/black_pod_rot_116.jpg,1,1,dataT/pod_rot_black/black_pod_rot_116.jpg,abdd0eed2ee8667aa0bed20570953092,f7ddc9226062a64b,1080,1080,cache_256/dataT/pod_rot_black/black_pod_rot_116.png,1080x1080,A,1285,1287,train,train,train,val,test,test,train,train,train,train,train,train,train,train,test
dataT/pod_rot_black/black_pod_rot_117.jpg,1,1,dataT/pod_rot_black/black_pod_rot_117.jpg,d4d3ec44ec288d0546721e5734ea3155,fff8504321e3834b,1080,1080,cache_256/dataT/pod_rot_black/black_pod_rot_117.png,1080x1080,A,1288,1288,train,train,train,test,train,train,val,test,train,train,test,train,train,val,train
dataT/pod_rot_black/black_pod_rot_118.jpg,1,1,dataT/pod_rot_black/black_pod_rot_118.jpg,5a8ccf0447c4085be7ebc069607d45cd,c9c12537f432723b,1080,1080,cache_256/dataT/pod_rot_black/black_pod_rot_118.png,1080x1080,A,1289,1289,train,test,train,train,train,train,train,train,test,train,train,test,train,train,train
dataT/pod_rot_black/black_pod_rot_119.jpg,1,1,dataT/pod_rot_black/black_pod_rot_119.jpg,63f1974bf1f5798cbbd0cdcce1be153c,98dded27fc293050,1080,1080,cache_256/dataT/pod_rot_black/black_pod_rot_119.png,1080x1080,A,1281,1290,test,val,train,train,train,val,train,test,train,val,train,train,test,train,train
dataT/pod_rot_black/black_pod_rot_12.jpg,1,1,dataT/pod_rot_black/black_pod_rot_12.jpg,7fbbb5dfd913e04b26d62b170882edf1,e72b0a4b83d6aee0,1080,1080,cache_256/dataT/pod_rot_black/black_pod_rot_12.png,1080x1080,A,1291,1291,train,train,test,train,train,train,train,train,train,test,train,train,test,train,train
dataT/pod_rot_black/black_pod_rot_120.jpg,1,1,dataT/pod_rot_black/black_pod_rot_120.jpg,99c93f855465539e849a388ab273fbc8,dc6f7132a39c1c51,1080,1080,cache_256/dataT/pod_rot_black/black_pod_rot_120.png,1080x1080,A,1292,1292,val,train,train,test,val,test,train,train,train,train,train,test,train,train,train
dataT/pod_rot_black/black_pod_rot_121.jpg,1,1,dataT/pod_rot_black/black_pod_rot_121.jpg,35f017a608541191ca5e6682e73057c7,8dde5d33338c1e82,1080,1080,cache_256/dataT/pod_rot_black/black_pod_rot_121.png,1080x1080,A,1281,1293,test,val,train,train,train,val,train,test,train,val,train,train,test,train,train
dataT/pod_rot_black/black_pod_rot_122.jpg,1,1,dataT/pod_rot_black/black_pod_rot_122.jpg,53f3ddf9305eaef3f7894af5cb3a65d2,cc58933374b7e624,1080,1080,cache_256/dataT/pod_rot_black/black_pod_rot_122.png,1080x1080,A,1281,1294,test,val,train,train,train,val,train,test,train,val,train,train,test,train,train
dataT/pod_rot_black/black_pod_rot_123.jpg,1,1,dataT/pod_rot_black/black_pod_rot_123.jpg,dee1a3b1c6d5b089364c41626898aaf1,e16b3d7246c8c273,1080,1080,cache_256/dataT/pod_rot_black/black_pod_rot_123.png,1080x1080,A,1295,1295,train,train,train,test,train,train,test,val,train,train,train,train,train,train,test
dataT/pod_rot_black/black_pod_rot_124.jpg,1,1,dataT/pod_rot_black/black_pod_rot_124.jpg,fffa924dda77c20b3708df5e5732b391,f30c0d73b1a2969e,1080,1080,cache_256/dataT/pod_rot_black/black_pod_rot_124.png,1080x1080,A,1296,1296,train,train,train,train,test,train,train,test,train,train,val,train,train,test,train
dataT/pod_rot_black/black_pod_rot_125.jpg,1,1,dataT/pod_rot_black/black_pod_rot_125.jpg,fb4415eed627c2da0b8954d965788849,c259c966a4fc572c,1080,1080,cache_256/dataT/pod_rot_black/black_pod_rot_125.png,1080x1080,A,1297,1297,train,test,train,train,val,train,train,train,test,train,val,train,train,val,test
dataT/pod_rot_black/black_pod_rot_126.jpg,1,1,dataT/pod_rot_black/black_pod_rot_126.jpg,4b211c29cd5a379d6577f609dbbfc46b,d116cc2f1e287e78,1080,1080,cache_256/dataT/pod_rot_black/black_pod_rot_126.png,1080x1080,A,1297,1298,train,test,train,train,val,train,train,train,test,train,val,train,train,val,test
dataT/pod_rot_black/black_pod_rot_127.jpg,1,1,dataT/pod_rot_black/black_pod_rot_127.jpg,b976db9569c7625dd6cf401fdd9148ea,cf1c78a722da05ec,1080,1080,cache_256/dataT/pod_rot_black/black_pod_rot_127.png,1080x1080,A,1299,1299,train,test,train,train,train,train,train,train,test,train,test,train,val,train,train
dataT/pod_rot_black/black_pod_rot_128.jpg,1,1,dataT/pod_rot_black/black_pod_rot_128.jpg,de9335e1ae324d9706d959c6f6f458c8,b79889b4ca68d4b6,1080,1080,cache_256/dataT/pod_rot_black/black_pod_rot_128.png,1080x1080,A,1300,1300,test,train,train,train,train,train,test,train,train,train,train,train,val,test,train
dataT/pod_rot_black/black_pod_rot_129.jpg,1,1,dataT/pod_rot_black/black_pod_rot_129.jpg,cd79077f544a7b5c38c1d24fca8e6e41,c6aef2f21aa50d58,1080,1080,cache_256/dataT/pod_rot_black/black_pod_rot_129.png,1080x1080,A,1301,1301,train,train,train,test,train,train,train,train,test,train,train,train,train,train,test
dataT/pod_rot_black/black_pod_rot_13.jpg,1,1,dataT/pod_rot_black/black_pod_rot_13.jpg,29b9dfe448e1bb9454bc9e22b844ebbb,f849cc66f2630b0f,1080,1080,cache_256/dataT/pod_rot_black/black_pod_rot_13.png,1080x1080,A,1302,1302,train,train,test,train,train,train,val,train,test,val,train,train,test,train,train
dataT/pod_rot_black/black_pod_rot_130.jpg,1,1,dataT/pod_rot_black/black_pod_rot_130.jpg,6dd5ec7115936f4c2074dcaaa5972ad5,fe08bc0c2de0735b,1080,1080,cache_256/dataT/pod_rot_black/black_pod_rot_130.png,1080x1080,A,1297,1303,train,test,train,train,val,train,train,train,test,train,val,train,train,val,test
dataT/pod_rot_black/black_pod_rot_131.jpg,1,1,dataT/pod_rot_black/black_pod_rot_131.jpg,14951e01d1822523da299283003f10d8,e60ddcb12d748fa0,1080,1080,cache_256/dataT/pod_rot_black/black_pod_rot_131.png,1080x1080,A,1300,1304,test,train,train,train,train,train,test,train,train,train,train,train,val,test,train
dataT/pod_rot_black/black_pod_rot_132.jpg,1,1,dataT/pod_rot_black/black_pod_rot_132.jpg,fddcfdae9d8b52146aa748495675ff7e,a3a9af62f22286a7,1080,1080,cache_256/dataT/pod_rot_black/black_pod_rot_132.png,1080x1080,A,1305,1305,test,val,train,train,train,val,train,test,train,train,train,test,train,train,train
dataT/pod_rot_black/black_pod_rot_133.jpg,1,1,dataT/pod_rot_black/black_pod_rot_133.jpg,3acbd3297468731f9ca9b2ff5488d8ac,9395cdc647e43c1c,1080,1080,cache_256/dataT/pod_rot_black/black_pod_rot_133.png,1080x1080,A,1306,1306,train,train,val,train,test,train,train,train,val,test,train,train,train,train,test
dataT/pod_rot_black/black_pod_rot_134.jpg,1,1,dataT/pod_rot_black/black_pod_rot_134.jpg,2f318157d0f4e6d10fee8ef14183107f,d3eb4d64e6123233,1080,1080,cache_256/dataT/pod_rot_black/black_pod_rot_134.png,1080x1080,A,1307,1307,train,test,train,train,train,train,test,train,train,train,train,train,train,test,train
dataT/pod_rot_black/black_pod_rot_135.jpg,1,1,dataT/pod_rot_black/black_pod_rot_135.jpg,cc654312054c113f793e04298acd44e6,87236da5a5fc9095,1080,1080,cache_256/dataT/pod_rot_black/black_pod_rot_135.png,1080x1080,A,1308,1308,train,train,test,train,train,train,train,train,test,train,train,train,test,train,val
dataT/pod_rot_black/black_pod_rot_136.jpg,1,1,dataT/pod_rot_black/black_pod_rot_136.jpg,e8e5b84e2bb8aab7e7b54a17a067bc2a,86b4d834f03e274f,1080,1080,cache_256/dataT/pod_rot_black/black_pod_rot_136.png,1080x1080,A,1307,1309,train,test,train,train,train,train,test,train,train,train,train,train,train,test,train
dataT/pod_rot_black/black_pod_rot_137.jpg,1,1,dataT/pod_rot_black/black_pod_rot_137.jpg,526f413a97032a293c94c5f660d9b203,e6e6c8ad0895709f,1080,1080,cache_256/dataT/pod_rot_black/black_pod_rot_137.png,1080x1080,A,1308,1310,train,train,test,train,train,train,train,train,test,train,train,train,test,train,val
dataT/pod_rot_black/black_pod_rot_138.jpg,1,1,dataT/pod_rot_black/black_pod_rot_138.jpg,877c34254c777e51dcad829f73b38c35,bdac622e3e5858c9,1080,1080,cache_256/dataT/pod_rot_black/black_pod_rot_138.png,1080x1080,A,1977,1311,train,test,train,train,train,train,train,test,train,val,train,train,train,train,test
dataT/pod_rot_black/black_pod_rot_139.jpg,1,1,dataT/pod_rot_black/black_pod_rot_139.jpg,b239f6d1fc92c7bf5ca5252f592b8771,ce4e383423393b9d,1080,1080,cache_256/dataT/pod_rot_black/black_pod_rot_139.png,1080x1080,A,1977,1312,train,test,train,train,train,train,train,test,train,val,train,train,train,train,test
dataT/pod_rot_black/black_pod_rot_14.jpg,1,1,dataT/pod_rot_black/black_pod_rot_14.jpg,e275acd10292c408aca5a7eca33a9535,9ff0e13e72427113,1080,1080,cache_256/dataT/pod_rot_black/black_pod_rot_14.png,1080x1080,A,1313,1313,train,train,train,test,val,train,train,train,train,test,train,train,train,test,train
dataT/pod_rot_black/black_pod_rot_140.jpg,1,1,dataT/pod_rot_black/black_pod_rot_140.jpg,513a64c3cdc93bbb002f5a1174293ebc,d6291676ec57e8c0,1080,1080,cache_256/dataT/pod_rot_black/black_pod_rot_140.png,1080x1080,A,1308,1314,train,train,test,train,train,train,train,train,test,train,train,train,test,train,val
dataT/pod_rot_black/black_pod_rot_141.jpg,1,1,dataT/pod_rot_black/black_pod_rot_141.jpg,37ca6bc03f6b930e842ccbafe09f17af,903db5766652e4e1,1080,1080,cache_256/dataT/pod_rot_black/black_pod_rot_141.png,1080x1080,A,1308,1315,train,train,test,train,train,train,train,train,test,train,train,train,test,train,val
dataT/pod_rot_black/black_pod_rot_142.jpg,1,1,dataT/pod_rot_black/black_pod_rot_142.jpg,87d10e60bab1e080887621363b0ba095,d849dd647bd44a94,1080,1080,cache_256/dataT/pod_rot_black/black_pod_rot_142.png,1080x1080,A,1316,1316,train,train,train,train,test,test,train,train,train,train,train,train,test,train,train
dataT/pod_rot_black/black_pod_rot_143.jpg,1,1,dataT/pod_rot_black/black_pod_rot_143.jpg,0a8a91083edcc70a801aa5da8af655c6,b2b8dc38b4b621a7,1080,1080,cache_256/dataT/pod_rot_black/black_pod_rot_143.png,1080x1080,A,1316,1317,train,train,train,train,test,test,train,train,train,train,train,train,test,train,train
dataT/pod_rot_black/black_pod_rot_144.jpg,1,1,dataT/pod_rot_black/black_pod_rot_144.jpg,d105a4f29a5851d8bf34f32f4e1dcee2,df8e2c6435367036,1080,1080,cache_256/dataT/pod_rot_black/black_pod_rot_144.png,1080x1080,A,1316,1318,train,train,train,train,test,test,train,train,train,train,train,train,test,train,train
dataT/pod_rot_black/black_pod_rot_145.jpg,1,1,dataT/pod_rot_black/black_pod_rot_145.jpg,53700be5e0ed95d359925a410f7ffc40,b2198c612397e3de,1080,1080,cache_256/dataT/pod_rot_black/black_pod_rot_145.png,1080x1080,A,1319,1319,val,train,train,train,test,train,test,train,val,train,train,test,train,val,train
dataT/pod_rot_black/black_pod_rot_146.jpg,1,1,dataT/pod_rot_black/black_pod_rot_146.jpg,2b9850dfa3f7f6e6f9f9e512372a7e41,a75e1a261ddac097,1080,1080,cache_256/dataT/pod_rot_black/black_pod_rot_146.png,1080x1080,A,1316,1320,train,train,train,train,test,test,train,train,train,train,train,train,test,train,train
dataT/pod_rot_black/black_pod_rot_147.jpg,1,1,dataT/pod_rot_black/black_pod_rot_147.jpg,a981a4a42df01458ca28ee851a58cf32,e2e8e94e58d85339,1080,1080,cache_256/dataT/pod_rot_black/black_pod_rot_147.png,1080x1080,A,1321,1321,test,train,train,train,train,train,train,train,test,train,train,train,train,test,train
dataT/pod_rot_black/black_pod_rot_148.jpg,1,1,dataT/pod_rot_black/black_pod_rot_148.jpg,8279e5c0a1d6c680bf3c9c173f36351c,b1191d7670636735,1080,1080,cache_256/dataT/pod_rot_black/black_pod_rot_148.png,1080x1080,A,1316,1322,train,train,train,train,test,test,train,train,train,train,train,train,test,train,train
dataT/pod_rot_black/black_pod_rot_149.jpg,1,1,dataT/pod_rot_black/black_pod_rot_149.jpg,8cab03a2eca11a656f0108076107ac3d,bf9889678142d9cb,1080,1080,cache_256/dataT/pod_rot_black/black_pod_rot_149.png,1080x1080,A,1323,1323,val,val,val,test,train,val,train,test,train,train,test,val,train,train,train
dataT/pod_rot_black/black_pod_rot_15.jpg,1,1,dataT/pod_rot_black/black_pod_rot_15.jpg,9e7ba5252c65045aa0127dad125d04c6,b77ec026e4c929c9,1080,1080,cache_256/dataT/pod_rot_black/black_pod_rot_15.png,1080x1080,A,1324,1324,train,test,train,val,train,train,val,test,train,train,train,train,train,test,train
dataT/pod_rot_black/black_pod_rot_150.jpg,1,1,dataT/pod_rot_black/black_pod_rot_150.jpg,6517c520430cdd305304941d355c69cb,8e8d4a33a1332f2f,1080,1080,cache_256/dataT/pod_rot_black/black_pod_rot_150.png,1080x1080,A,1328,1325,val,test,train,train,val,train,train,val,test,train,train,train,val,train,test
dataT/pod_rot_black/black_pod_rot_151.jpg,1,1,dataT/pod_rot_black/black_pod_rot_151.jpg,eaa6f310eced3cddb822fe5c3535e2e6,d898cc6e4e679266,1080,1080,cache_256/dataT/pod_rot_black/black_pod_rot_151.png,1080x1080,A,1328,1326,val,test,train,train,val,train,train,val,test,train,train,train,val,train,test
dataT/pod_rot_black/black_pod_rot_152.jpg,1,1,dataT/pod_rot_black/black_pod_rot_152.jpg,93e00bcf064e3a15074b35716441dbf9,a64c84e7f4f30f0c,1080,1080,cache_256/dataT/pod_rot_black/black_pod_rot_152.png,1080x1080,A,1328,1327,val,test,train,train,val,train,train,val,test,train,train,train,val,train,test
dataT/pod_rot_black/black_pod_rot_153.jpg,1,1,dataT/pod_rot_black/black_pod_rot_153.jpg,aed74a60e68512604e7f18ea44e49385,dbaf0d347132a9a1,1080,1080,cache_256/dataT/pod_rot_black/black_pod_rot_153.png,1080x1080,A,1328,1328,val,test,train,train,val,train,train,val,test,train,train,train,val,train,test
dataT/pod_rot_black/black_pod_rot_154.jpg,1,1,dataT/pod_rot_black/black_pod_rot_154.jpg,90d5fbe73a7e1b4b75c2c12d610795bd,d68ddcf44803e5d1,1080,1080,cache_256/dataT/pod_rot_black/black_pod_rot_154.png,1080x1080,A,1328,1329,val,test,train,train,val,train,train,val,test,train,train,train,val,train,test
dataT/pod_rot_black/black_pod_rot_155.jpg,1,1,dataT/pod_rot_black/black_pod_rot_155.jpg,c4ed864533141c7bf26dd429dcfc966b,ccd919622870e6fd,1080,1080,cache_256/dataT/pod_rot_black/black_pod_rot_155.png,1080x1080,A,1328,1330,val,test,train,train,val,train,train,val,test,train,train,train,val,train,test
dataT/pod_rot_black/black_pod_rot_156.jpg,1,1,dataT/pod_rot_black/black_pod_rot_156.jpg,4c24fbe064ec842cbb6d27736f41f698,96b4a7b793236909,1080,1080,cache_256/dataT/pod_rot_black/black_pod_rot_156.png,1080x1080,A,1331,1331,train,train,test,train,train,train,test,train,train,train,train,train,val,train,test
dataT/pod_rot_black/black_pod_rot_157.jpg,1,1,dataT/pod_rot_black/black_pod_rot_157.jpg,a4e696a78e73b860d15398adc2f2f141,e49e9e65446678c6,1080,1080,cache_256/dataT/pod_rot_black/black_pod_rot_157.png,1080x1080,A,1328,1332,val,test,train,train,val,train,train,val,test,train,train,train,val,train,test
dataT/pod_rot_black/black_pod_rot_158.jpg,1,1,dataT/pod_rot_black/black_pod_rot_158.jpg,c0d1edb6e951a8df17704e26dfad1f03,f2c68d656d2d9461,1080,1080,cache_256/dataT/pod_rot_black/black_pod_rot_158.png,1080x1080,A,1328,1333,val,test,train,train,val,train,train,val,test,train,train,train,val,train,test
dataT/pod_rot_black/black_pod_rot_159.jpg,1,1,dataT/pod_rot_black/black_pod_rot_159.jpg,965a8360acaa45cb951fe54e9071fc6b,ded8e364142ed5a1,1080,1080,cache_256/dataT/pod_rot_black/black_pod_rot_159.png,1080x1080,A,1328,1334,val,test,train,train,val,train,train,val,test,train,train,train,val,train,test
dataT/pod_rot_black/black_pod_rot_16.jpg,1,1,dataT/pod_rot_black/black_pod_rot_16.jpg,0f792d82212993803f48d85c2ce853f4,cbcb5de3248260dd,1080,1080,cache_256/dataT/pod_rot_black/black_pod_rot_16.png,1080x1080,A,1324,1335,train,test,train,val,train,train,val,test,train,train,train,train,train,test,train
dataT/pod_rot_black/black_pod_rot_160.jpg,1,1,dataT/pod_rot_black/black_pod_rot_160.jpg,22a347b3f5c24a0d06d3d65716fa954b,939d0d1d7cf8f060,1080,1080,cache_256/dataT/pod_rot_black/black_pod_rot_160.png,1080x1080,A,1336,1336,train,val,train,test,train,train,train,train,train,test,train,test,train,val,train
dataT/pod_rot_black/black_pod_rot_161.jpg,1,1,dataT/pod_rot_black/black_pod_rot_161.jpg,0242560e44a6f02df44a9f0d03d4fffc,a493da7841eddd44,1080,1080,cache_256/dataT/pod_rot_black/black_pod_rot_161.png,1080x1080,A,1348,1337,train,train,train,test,train,train,test,val,train,train,train,train,val,train,test
dataT/pod_rot_black/black_pod_rot_162.jpg,1,1,dataT/pod_rot_black/black_pod_rot_162.jpg,9e585845048dcff0aeedecb22980467f,c3c69cd87ef81a12,1080,1080,cache_256/dataT/pod_rot_black/black_pod_rot_162.png,1080x1080,A,1328,1338,val,test,train,train,val,train,train,val,test,train,train,train,val,train,test
dataT/pod_rot_black/black_pod_rot_163.jpg,1,1,dataT/pod_rot_black/black_pod_rot_163.jpg,2e96ca3005b43b9692249e7ee0cc0960,dbcce1262527a5ca,1080,1080,cache_256/dataT/pod_rot_black/black_pod_rot_163.png,1080x1080,A,1328,1339,val,test,train,train,val,train,train,val,test,train,train,train,val,train,test
dataT/pod_rot_black/black_pod_rot_164.jpg,1,1,dataT/pod_rot_black/black_pod_rot_164.jpg,b9717a1cf673577597d01b626eeecee8,e713dd350626a593,1080,1080,cache_256/dataT/pod_rot_black/black_pod_rot_164.png,1080x1080,A,1348,1340,train,train,train,test,train,train,test,val,train,train,train,train,val,train,test
dataT/pod_rot_black/black_pod_rot_165.jpg,1,1,dataT/pod_rot_black/black_pod_rot_165.jpg,d4ec68ea534af4b6fedb877e0adec3ce,e73f84210ea1f1d9,1080,1080,cache_256/dataT/pod_rot_black/black_pod_rot_165.png,1080x1080,A,1348,1341,train,train,train,test,train,train,test,val,train,train,train,train,val,train,test
dataT/pod_rot_black/black_pod_rot_166.jpg,1,1,dataT/pod_rot_black/black_pod_rot_166.jpg,eaf0fdeeab72510a488f5515f87b73b9,f60d0f729053927e,1080,1080,cache_256/dataT/pod_rot_black/black_pod_rot_166.png,1080x1080,A,1342,1342,train,train,train,train,test,train,test,train,train,train,train,train,test,train,train
dataT/pod_rot_black/black_pod_rot_167.jpg,1,1,dataT/pod_rot_black/black_pod_rot_167.jpg,6b8114ab840766cf8d0f106eb18a90d4,9296b79dc5d27a40,1080,1080,cache_256/dataT/pod_rot_black/black_pod_rot_167.png,1080x1080,A,1343,1343,train,train,test,train,train,train,train,train,test,train,train,train,train,test,val
dataT/pod_rot_black/black_pod_rot_168.jpg,1,1,dataT/pod_rot_black/black_pod_rot_168.jpg,6973cb788d8fe7b7084d1663fe0d3860,c6fda3301e43c17c,1080,1080,cache_256/dataT/pod_rot_black/black_pod_rot_168.png,1080x1080,A,1344,1344,test,train,train,train,train,train,train,test,train,val,train,test,train,train,train
dataT/pod_rot_black/black_pod_rot_169.jpg,1,1,dataT/pod_rot_black/black_pod_rot_169.jpg,b9bd87d32193397f38a1361c67f147bb,e4ee94f3c14b3a81,1080,1080,cache_256/dataT/pod_rot_black/black_pod_rot_169.png,1080x1080,A,1345,1345,train,test,train,train,train,val,train,train,train,test,train,train,test,train,train
dataT/pod_rot_black/black_pod_rot_17.jpg,1,1,dataT/pod_rot_black/black_pod_rot_17.jpg,be68d1fdd048bfb28d34051a01b3be34,be3d406317561e2b,1080,1080,cache_256/dataT/pod_rot_black/black_pod_rot_17.png,1080x1080,A,1346,1346,train,test,val,train,val,train,train,test,val,train,train,train,train,train,test
dataT/pod_rot_black/black_pod_rot_170.jpg,1,1,dataT/pod_rot_black/black_pod_rot_170.jpg,0226d5447538724d2edc31a172ff8bff,964c25b742c33e3b,1080,1080,cache_256/dataT/pod_rot_black/black_pod_rot_170.png,1080x1080,A,1348,1347,train,train,train,test,train,train,test,val,train,train,train,train,val,train,test
dataT/pod_rot_black/black_pod_rot_171.jpg,1,1,dataT/pod_rot_black/black_pod_rot_171.jpg,5918950783c353dbfef245460b819778,8ba9543295eda5cc,1080,1080,cache_256/dataT/pod_rot_black/black_pod_rot_171.png,1080x1080,A,1348,1348,train,train,train,test,train,train,test,val,train,train,train,train,val,train,test
dataT/pod_rot_black/black_pod_rot_172.jpg,1,1,dataT/pod_rot_black/black_pod_rot_172.jpg,3fc1a9134f52d502ff61c3c8139253ee,e7ce383f05009edc,1080,1080,cache_256/dataT/pod_rot_black/black_pod_rot_172.png,1080x1080,A,1348,1349,train,train,train,test,train,train,test,val,train,train,train,train,val,train,test
dataT/pod_rot_black/black_pod_rot_173.jpg,1,1,dataT/pod_rot_black/black_pod_rot_173.jpg,78dca00690c5a264a0a9786a45d25d2a,f0c3c1736fe51454,1080,1080,cache_256/dataT/pod_rot_black/black_pod_rot_173.png,1080x1080,A,1348,1350,train,train,train,test,train,train,test,val,train,train,train,train,val,train,test
dataT/pod_rot_black/black_pod_rot_174.jpg,1,1,dataT/pod_rot_black/black_pod_rot_174.jpg,49d9e975a7f58640f28afb1c13344f00,b32b6c7e78b8c1c0,1080,1080,cache_256/dataT/pod_rot_black/black_pod_rot_174.png,1080x1080,A,1351,1351,train,val,train,train,test,test,val,train,train,train,test,train,train,train,train
dataT/pod_rot_black/black_pod_rot_175.jpg,1,1,dataT/pod_rot_black/black_pod_rot_175.jpg,a7d61f040a7234d9853844e50ea09b66,a00a277d7c2b3e66,1080,1080,cache_256/dataT/pod_rot_black/black_pod_rot_175.png,1080x1080,A,1352,1352,train,test,train,train,train,val,train,train,test,train,val,train,train,val,test
dataT/pod_rot_black/black_pod_rot_176.jpg,1,1,dataT/pod_rot_black/black_pod_rot_176.jpg,55932bfe8090820ec9ce1ec81a1e40a5,9b94d86de6ada411,1080,1080,cache_256/dataT/pod_rot_black/black_pod_rot_176.png,1080x1080,A,1352,1353,train,test,train,train,train,val,train,train,test,train,val,train,train,val,test
dataT/pod_rot_black/black_pod_rot_177.jpg,1,1,dataT/pod_rot_black/black_pod_rot_177.jpg,4c8d8d83bb090bd7e5e55b0ffb6b3963,9db02760d9e9b591,1080,1080,cache_256/dataT/pod_rot_black/black_pod_rot_177.png,1080x1080,A,1352,1354,train,test,train,train,train,val,train,train,test,train,val,train,train,val,test
dataT/pod_rot_black/black_pod_rot_178.jpg,1,1,dataT/pod_rot_black/black_pod_rot_178.jpg,75ae208c284d5d93c54974765ad707cd,90bedcf0d970d941,1080,1080,cache_256/dataT/pod_rot_black/black_pod_rot_178.png,1080x1080,A,1355,1355,train,train,train,test,train,train,train,train,train,test,train,test,train,train,train
dataT/pod_rot_black/black_pod_rot_179.jpg,1,1,dataT/pod_rot_black/black_pod_rot_179.jpg,ed211d021a38f532d1ba317264561ba3,c2431c3f5c9e982f,1080,1080,cache_256/dataT/pod_rot_black/black_pod_rot_179.png,1080x1080,A,1352,1356,train,test,train,train,train,val,train,train,test,train,val,train,train,val,test
dataT/pod_rot_black/black_pod_rot_18.jpg,1,1,dataT/pod_rot_black/black_pod_rot_18.jpg,3c5943e063b7f903a78c4bdfdd9a2cce,eece2d64b632862c,1080,1080,cache_256/dataT/pod_rot_black/black_pod_rot_18.png,1080x1080,A,1346,1357,train,test,val,train,val,train,train,test,val,train,train,train,train,train,test
dataT/pod_rot_black/black_pod_rot_180.jpg,1,1,dataT/pod_rot_black/black_pod_rot_180.jpg,8d248a06898abbe9974a9329a5049450,e83cf07e0bd71e02,1080,1080,cache_256/dataT/pod_rot_black/black_pod_rot_180.png,1080x1080,A,1352,1358,train,test,train,train,train,val,train,train,test,train,val,train,train,val,test
dataT/pod_rot_black/black_pod_rot_181.jpg,1,1,dataT/pod_rot_black/black_pod_rot_181.jpg,f06809e1c00bac3d06c06b939136072d,d86533269ed8f09c,1080,1080,cache_256/dataT/pod_rot_black/black_pod_rot_181.png,1080x1080,A,1352,1359,train,test,train,train,train,val,train,train,test,train,val,train,train,val,test
dataT/pod_rot_black/black_pod_rot_182.jpg,1,1,dataT/pod_rot_black/black_pod_rot_182.jpg,a1197abb180c9a14ebf915d3bb542243,d3cd4c244d76e4e2,1080,1080,cache_256/dataT/pod_rot_black/black_pod_rot_182.png,1080x1080,A,1362,1360,train,test,val,val,train,test,train,train,train,train,train,train,train,test,train
dataT/pod_rot_black/black_pod_rot_183.jpg,1,1,dataT/pod_rot_black/black_pod_rot_183.jpg,9501912c88bbcdf15ea102fb997eff3b,86d2d97732ae2525,1080,1080,cache_256/dataT/pod_rot_black/black_pod_rot_183.png,1080x1080,A,1362,1361,train,test,val,val,train,test,train,train,train,train,train,train,train,test,train
dataT/pod_rot_black/black_pod_rot_184.jpg,1,1,dataT/pod_rot_black/black_pod_rot_184.jpg,98f76306b8e87fb3510253367841aeb1,9e9d990686cd4fa1,1080,1080,cache_256/dataT/pod_rot_black/black_pod_rot_184.png,1080x1080,A,1362,1362,train,test,val,val,train,test,train,train,train,train,train,train,train,test,train
dataT/pod_rot_black/black_pod_rot_185.jpg,1,1,dataT/pod_rot_black/black_pod_rot_185.jpg,cc13b7f2781b6e4a9f50838dbf4c057c,d3c9cc08ae39a6f4,1080,1080,cache_256/dataT/pod_rot_black/black_pod_rot_185.png,1080x1080,A,1362,1363,train,test,val,val,train,test,train,train,train,train,train,train,train,test,train
dataT/pod_rot_black/black_pod_rot_186.jpg,1,1,dataT/pod_rot_black/black_pod_rot_186.jpg,92a6743e89e4762c950f62014223ac93,9e09de4d585f41c6,1080,1080,cache_256/dataT/pod_rot_black/black_pod_rot_186.png,1080x1080,A,1364,1364,train,train,train,test,train,train,val,test,val,train,train,train,test,train,train
dataT/pod_rot_black/black_pod_rot_187.jpg,1,1,dataT/pod_rot_black/black_pod_rot_187.jpg,9ab249b8770753af6bcbd8a100f9f90b,e780c87d92d1f2e1,1080,1080,cache_256/dataT/pod_rot_black/black_pod_rot_187.png,1080x1080,A,1362,1365,train,test,val,val,train,test,train,train,train,train,train,train,train,test,train
dataT/pod_rot_black/black_pod_rot_188.jpg,1,1,dataT/pod_rot_black/black_pod_rot_188.jpg,6b1d9f4fd00fd5d740db97005e37cb95,e1cecb619d21a6b2,1080,1080,cache_256/dataT/pod_rot_black/black_pod_rot_188.png,1080x1080,A,1362,1366,train,test,val,val,train,test,train,train,train,train,train,train,train,test,train
dataT/pod_rot_black/black_pod_rot_189.jpg,1,1,dataT/pod_rot_black/black_pod_rot_189.jpg,a75f04080103ea4a0c3a363ddcf26afe,9559c92e615e2ab6,1080,1080,cache_256/dataT/pod_rot_black/black_pod_rot_189.png,1080x1080,A,1367,1367,train,train,test,train,train,train,train,test,train,train,train,train,train,train,test
dataT/pod_rot_black/black_pod_rot_19.jpg,1,1,dataT/pod_rot_black/black_pod_rot_19.jpg,e326a7c236ec9241004745f8564196cd,fed0f024f18999d1,1080,1080,cache_256/dataT/pod_rot_black/black_pod_rot_19.png,1080x1080,A,1368,1368,train,val,train,train,test,train,test,val,train,train,train,train,train,test,train
dataT/pod_rot_black/black_pod_rot_190.jpg,1,1,dataT/pod_rot_black/black_pod_rot_190.jpg,48ad690f3eebca43bc9291ae2a354650,e7e8c9428397b4b1,1080,1080,cache_256/dataT/pod_rot_black/black_pod_rot_190.png,1080x1080,A,1362,1369,train,test,val,val,train,test,train,train,train,train,train,train,train,test,train
dataT/pod_rot_black/black_pod_rot_191.jpg,1,1,dataT/pod_rot_black/black_pod_rot_191.jpg,1258a953b00b8b0f32864dcbd03bff92,e789d827cbce9824,1080,1080,cache_256/dataT/pod_rot_black/black_pod_rot_191.png,1080x1080,A,1370,1370,train,train,train,train,test,val,train,test,train,train,train,train,train,train,test
dataT/pod_rot_black/black_pod_rot_192.jpg,1,1,dataT/pod_rot_black/black_pod_rot_192.jpg,657341dce3a9c4465a11380573b74f89,8dade12af0f91361,1080,1080,cache_256/dataT/pod_rot_black/black_pod_rot_192.png,1080x1080,A,238,1371,train,val,train,test,val,test,train,train,train,train,train,val,test,train,train
dataT/pod_rot_black/black_pod_rot_193.jpg,1,1,dataT/pod_rot_black/black_pod_rot_193.jpg,f87360312a79a5b4eccc6300cfa86e8d,99d472ab2596aa8d,1080,1080,cache_256/dataT/pod_rot_black/black_pod_rot_193.png,1080x1080,A,238,1372,train,val,train,test,val,test,train,train,train,train,train,val,test,train,train
dataT/pod_rot_black/black_pod_rot_194.jpg,1,1,dataT/pod_rot_black/black_pod_rot_194.jpg,b2085b811d33a47364ace36112e95431,c9f1f363629c0c0f,1080,1080,cache_256/dataT/pod_rot_black/black_pod_rot_194.png,1080x1080,A,238,1373,train,val,train,test,val,test,train,train,train,train,train,val,test,train,train
dataT/pod_rot_black/black_pod_rot_195.jpg,1,1,dataT/pod_rot_black/black_pod_rot_195.jpg,ed51bc512166462ac03830b1527deeea,b7c10d94406cbbee,1080,1080,cache_256/dataT/pod_rot_black/black_pod_rot_195.png,1080x1080,A,1374,1374,test,train,train,train,val,train,train,train,test,train,test,train,val,val,train
dataT/pod_rot_black/black_pod_rot_196.jpg,1,1,dataT/pod_rot_black/black_pod_rot_196.jpg,893662a0d80f2fdbdd22e34529fcf787,eb6b6d34345a5981,1080,1080,cache_256/dataT/pod_rot_black/black_pod_rot_196.png,1080x1080,A,1375,1375,val,train,train,val,test,test,train,train,train,train,train,val,test,train,train
dataT/pod_rot_black/black_pod_rot_197.jpg,1,1,dataT/pod_rot_black/black_pod_rot_197.jpg,52b3289efc0a8731750dffbaf4a62171,b3e2cc613a379515,1080,1080,cache_256/dataT/pod_rot_black/black_pod_rot_197.png,1080x1080,A,238,1376,train,val,train,test,val,test,train,train,train,train,train,val,test,train,train
dataT/pod_rot_black/black_pod_rot_198.jpg,1,1,dataT/pod_rot_black/black_pod_rot_198.jpg,c725414507b67751bed231dcaf3f620d,8c4fb11666d8e768,1080,1080,cache_256/dataT/pod_rot_black/black_pod_rot_198.png,1080x1080,A,1377,1377,train,test,train,train,train,train,train,train,test,train,train,test,train,train,train
dataT/pod_rot_black/black_pod_rot_199.jpg,1,1,dataT/pod_rot_black/black_pod_rot_199.jpg,de3b466252d16d4fea4cec957b1736e6,8ca23471cdcbc97c,1080,1080,cache_256/dataT/pod_rot_black/black_pod_rot_199.png,1080x1080,A,1378,1378,train,train,val,test,train,train,val,train,train,test,train,train,train,test,train
dataT/pod_rot_black/black_pod_rot_2.jpg,1,1,dataT/pod_rot_black/black_pod_rot_2.jpg,709d9df4414d2c8e256f6f718d7f3360,abefcc6b2c2861a8,1080,1080,cache_256/dataT/pod_rot_black/black_pod_rot_2.png,1080x1080,A,1379,1379,train,train,train,test,train,train,train,train,test,train,train,train,train,test,train
dataT/pod_rot_black/black_pod_rot_20.jpg,1,1,dataT/pod_rot_black/black_pod_rot_20.jpg,f48d1c3cf7ecb75fb3c94da0829a7c92,ba9ef868890cafb0,1080,1080,cache_256/dataT/pod_rot_black/black_pod_rot_20.png,1080x1080,A,1380,1380,train,test,train,train,train,train,train,train,train,test,train,test,train,train,train
dataT/pod_rot_black/black_pod_rot_200.jpg,1,1,dataT/pod_rot_black/black_pod_rot_200.jpg,3e044651401caf06f3742ec42b664834,ee0c983336476d5c,1080,1080,cache_256/dataT/pod_rot_black/black_pod_rot_200.png,1080x1080,A,1381,1381,train,val,test,train,train,val,val,test,train,train,train,train,test,train,val
dataT/pod_rot_black/black_pod_rot_201.jpg,1,1,dataT/pod_rot_black/black_pod_rot_201.jpg,2b8473db4356f109675dadf9e2721dd8,d71b0c1c307e2ea7,1080,1080,cache_256/dataT/pod_rot_black/black_pod_rot_201.png,1080x1080,A,1377,1382,train,test,train,train,train,train,train,train,test,train,train,test,train,train,train
dataT/pod_rot_black/black_pod_rot_202.jpg,1,1,dataT/pod_rot_black/black_pod_rot_202.jpg,617709ed0471cc691c0762288706b8af,f47bf30572823c43,1080,1080,cache_256/dataT/pod_rot_black/black_pod_rot_202.png,1080x1080,A,1377,1383,train,test,train,train,train,train,train,train,test,train,train,test,train,train,train
dataT/pod_rot_black/black_pod_rot_203.jpg,1,1,dataT/pod_rot_black/black_pod_rot_203.jpg,2c7661983e3cc4950f32ce9be359456e,a61ccce43518ea77,1080,1080,cache_256/dataT/pod_rot_black/black_pod_rot_203.png,1080x1080,A,1377,1384,train,test,train,train,train,train,train,train,test,train,train,test,train,train,train
dataT/pod_rot_black/black_pod_rot_204.jpg,1,1,dataT/pod_rot_black/black_pod_rot_204.jpg,ae695473af3e205079cf734c6609195b,d824f99933cf044f,1080,1080,cache_256/dataT/pod_rot_black/black_pod_rot_204.png,1080x1080,A,1377,1385,train,test,train,train,train,train,train,train,test,train,train,test,train,train,train
dataT/pod_rot_black/black_pod_rot_205.jpg,1,1,dataT/pod_rot_black/black_pod_rot_205.jpg,21f6a737354316a0de74c5f979224b23,e5fc12a2a25a633e,1080,1080,cache_256/dataT/pod_rot_black/black_pod_rot_205.png,1080x1080,A,1388,1386,train,train,train,test,train,train,test,train,val,train,val,train,train,train,test
dataT/pod_rot_black/black_pod_rot_206.jpg,1,1,dataT/pod_rot_black/black_pod_rot_206.jpg,ac5071cefa92b7a727663a1c772291a8,cd8c3cf716426339,1080,1080,cache_256/dataT/pod_rot_black/black_pod_rot_206.png,1080x1080,A,1388,1387,train,train,train,test,train,train,test,train,val,train,val,train,train,train,test
dataT/pod_rot_black/black_pod_rot_207.jpg,1,1,dataT/pod_rot_black/black_pod_rot_207.jpg,a742fb0faaa069888fabcddac07abd4b,d66e31416465e7a6,1080,1080,cache_256/dataT/pod_rot_black/black_pod_rot_207.png,1080x1080,A,1388,1388,train,train,train,test,train,train,test,train,val,train,val,train,train,train,test
dataT/pod_rot_black/black_pod_rot_208.jpg,1,1,dataT/pod_rot_black/black_pod_rot_208.jpg,bd28995dbc8b9c8bc4292b520e3f2390,9fc8cc70ac3a49b3,1080,1080,cache_256/dataT/pod_rot_black/black_pod_rot_208.png,1080x1080,A,1388,1389,train,train,train,test,train,train,test,train,val,train,val,train,train,train,test
dataT/pod_rot_black/black_pod_rot_209.jpg,1,1,dataT/pod_rot_black/black_pod_rot_209.jpg,73f30a7af64ef62891ab92d8a4e2e9aa,84aaab3f2a3692b6,1080,1080,cache_256/dataT/pod_rot_black/black_pod_rot_209.png,1080x1080,A,1388,1390,train,train,train,test,train,train,test,train,val,train,val,train,train,train,test
dataT/pod_rot_black/black_pod_rot_21.jpg,1,1,dataT/pod_rot_black/black_pod_rot_21.jpg,1fb0865cc1370dcff7ee459713f9440a,c644a9a766c6da9a,1080,1080,cache_256/dataT/pod_rot_black/black_pod_rot_21.png,1080x1080,A,1391,1391,train,train,train,test,train,test,train,train,train,val,val,train,train,train,test
dataT/pod_rot_black/black_pod_rot_210.jpg,1,1,dataT/pod_rot_black/black_pod_rot_210.jpg,88a2ec93de453496d5cbb5480fcae13b,c3ba4d276443537a,1080,1080,cache_256/dataT/pod_rot_black/black_pod_rot_210.png,1080x1080,A,1388,1392,train,train,train,test,train,train,test,train,val,train,val,train,train,train,test
dataT/pod_rot_black/black_pod_rot_211.jpg,1,1,dataT/pod_rot_black/black_pod_rot_211.jpg,2e8522c3b89ad82d9cba6dc307d85d09,b668c85a665eb81d,1080,1080,cache_256/dataT/pod_rot_black/black_pod_rot_211.png,1080x1080,A,1393,1393,train,train,train,train,test,train,test,train,train,train,train,train,train,test,train
dataT/pod_rot_black/black_pod_rot_212.jpg,1,1,dataT/pod_rot_black/black_pod_rot_212.jpg,95dbf073ab42ac9c1adbfe008c79910e,cf8dd3720b220f8e,1080,1080,cache_256/dataT/pod_rot_black/black_pod_rot_212.png,1080x1080,A,1388,1394,train,train,train,test,train,train,test,train,val,train,val,train,train,train,test
dataT/pod_rot_black/black_pod_rot_213.jpg,1,1,dataT/pod_rot_black/black_pod_rot_213.jpg,540aaf752178c06e2ce53618d9e74179,cb34b174c699e4e8,1080,1080,cache_256/dataT/pod_rot_black/black_pod_rot_213.png,1080x1080,A,1395,1395,train,train,train,train,test,train,test,train,train,train,train,test,train,train,train
dataT/pod_rot_black/black_pod_rot_214.jpg,1,1,dataT/pod_rot_black/black_pod_rot_214.jpg,c2a1e01b9a1db5154ff9f28b9cee19f9,dee4b123276924ea,1080,1080,cache_256/dataT/pod_rot_black/black_pod_rot_214.png,1080x1080,A,1388,1396,train,train,train,test,train,train,test,train,val,train,val,train,train,train,test
dataT/pod_rot_black/black_pod_rot_215.jpg,1,1,dataT/pod_rot_black/black_pod_rot_215.jpg,8d675432dba4ab23b620afcf4b376c7b,f1f70e2e2832331d,1080,1080,cache_256/dataT/pod_rot_black/black_pod_rot_215.png,1080x1080,A,1388,1397,train,train,train,test,train,train,test,train,val,train,val,train,train,train,test
dataT/pod_rot_black/black_pod_rot_216.jpg,1,1,dataT/pod_rot_black/black_pod_rot_216.jpg,2b6b7551c514833ea39205e637e545a0,f3504c2ff2233cc5,1080,1080,cache_256/dataT/pod_rot_black/black_pod_rot_216.png,1080x1080,A,1388,1398,train,train,train,test,train,train,test,train,val,train,val,train,train,train,test
dataT/pod_rot_black/black_pod_rot_217.jpg,1,1,dataT/pod_rot_black/black_pod_rot_217.jpg,6399219e0322d65669c4c88bb862669b,d29ce9ea06aaf01b,1080,1080,cache_256/dataT/pod_rot_black/black_pod_rot_217.png,1080x1080,A,1399,1399,train,train,train,test,val,train,train,test,train,train,test,train,val,train,train
dataT/pod_rot_black/black_pod_rot_218.jpg,1,1,dataT/pod_rot_black/black_pod_rot_218.jpg,983153383274fbe5712e0c66b212fe9e,9e88bc7b6a351694,1080,1080,cache_256/dataT/pod_rot_black/black_pod_rot_218.png,1080x1080,A,1400,1400,train,test,val,train,train,train,train,train,test,train,train,train,train,test,train
dataT/pod_rot_black/black_pod_rot_219.jpg,1,1,dataT/pod_rot_black/black_pod_rot_219.jpg,b2bd9c91b0cad6c3b95099bb65fdac9c,e349d9e326b8661c,1080,1080,cache_256/dataT/pod_rot_black/black_pod_rot_219.png,1080x1080,A,1401,1401,test,train,train,train,train,train,train,train,test,train,test,train,train,val,val
dataT/pod_rot_black/black_pod_rot_22.jpg,1,1,dataT/pod_rot_black/black_pod_rot_22.jpg,f26213dc78cf9992e9f596b113e19a4f,ce2ae836a41ccf5c,1080,1080,cache_256/dataT/pod_rot_black/black_pod_rot_22.png,1080x1080,A,1402,1402,val,test,train,train,train,train,train,train,train,test,val,train,test,train,train
dataT/pod_rot_black/black_pod_rot_220.jpg,1,1,dataT/pod_rot_black/black_pod_rot_220.jpg,ba71f861276361a94e9724a01052832d,aa065d79e6c6c21b,1080,1080,cache_256/dataT/pod_rot_black/black_pod_rot_220.png,1080x1080,A,1388,1403,train,train,train,test,train,train,test,train,val,train,val,train,train,train,test
dataT/pod_rot_black/black_pod_rot_221.jpg,1,1,dataT/pod_rot_black/black_pod_rot_221.jpg,87161ae91e457f4c200c4b73223c55c1,b169cc6a3cd8853e,1080,1080,cache_256/dataT/pod_rot_black/black_pod_rot_221.png,1080x1080,A,1404,1404,train,train,test,val,train,train,val,train,train,test,train,train,train,train,test
dataT/pod_rot_black/black_pod_rot_222.jpg,1,1,dataT/pod_rot_black/black_pod_rot_222.jpg,bed73997848b690440ddfcca4142f7ae,adcb5a9490bf82f0,1080,1080,cache_256/dataT/pod_rot_black/black_pod_rot_222.png,1080x1080,A,1405,1405,train,train,train,train,test,train,train,train,val,test,train,train,test,val,train
dataT/pod_rot_black/black_pod_rot_223.jpg,1,1,dataT/pod_rot_black/black_pod_rot_223.jpg,3919d63ff7b8f2b97b0e9e176c12dd5a,e8d9dc261c0e81f7,1080,1080,cache_256/dataT/pod_rot_black/black_pod_rot_223.png,1080x1080,A,1406,1406,train,train,test,train,val,train,test,train,train,train,train,train,test,train,train
dataT/pod_rot_black/black_pod_rot_224.jpg,1,1,dataT/pod_rot_black/black_pod_rot_224.jpg,0207c1a2cf33d172d9b4b0a7eaf2c923,e228a7732d950be5,1080,1080,cache_256/dataT/pod_rot_black/black_pod_rot_224.png,1080x1080,A,1407,1407,train,train,test,train,train,test,train,train,train,val,train,train,train,test,train
dataT/pod_rot_black/black_pod_rot_225.jpg,1,1,dataT/pod_rot_black/black_pod_rot_225.jpg,71aca9d5899fd585dff9fffe8d618da1,86a1f532761c2dbc,1080,1080,cache_256/dataT/pod_rot_black/black_pod_rot_225.png,1080x1080,A,1408,1408,train,test,train,val,train,val,train,test,train,train,train,test,train,train,val
dataT/pod_rot_black/black_pod_rot_226.jpg,1,1,dataT/pod_rot_black/black_pod_rot_226.jpg,faed20d253d125596e4b0dbf771b15ce,e34ecc73472f281c,1080,1080,cache_256/dataT/pod_rot_black/black_pod_rot_226.png,1080x1080,A,1409,1409,train,train,test,train,train,train,train,val,test,train,train,train,train,train,test
dataT/pod_rot_black/black_pod_rot_227.jpg,1,1,dataT/pod_rot_black/black_pod_rot_227.jpg,be114b45b223e3ab996459a1b54de509,dbc164ff938d0d10,1080,1080,cache_256/dataT/pod_rot_black/black_pod_rot_227.png,1080x1080,A,1410,1410,train,val,train,train,test,val,train,test,val,train,train,test,train,val,train
dataT/pod_rot_black/black_pod_rot_228.jpg,1,1,dataT/pod_rot_black/black_pod_rot_228.jpg,96a75d7cff7963cb0486a12814cec8ae,f1980e6634fd5629,1080,1080,cache_256/dataT/pod_rot_black/black_pod_rot_228.png,1080x1080,A,1411,1411,train,train,val,train,test,train,test,train,train,train,val,val,val,test,train
dataT/pod_rot_black/black_pod_rot_229.jpg,1,1,dataT/pod_rot_black/black_pod_rot_229.jpg,a17003427cd912bf0ad9821fb8e59603,e88d3564a5e665c9,1080,1080,cache_256/dataT/pod_rot_black/black_pod_rot_229.png,1080x1080,A,1410,1412,train,val,train,train,test,val,train,test,val,train,train,test,train,val,train
dataT/pod_rot_black/black_pod_rot_23.jpg,1,1,dataT/pod_rot_black/black_pod_rot_23.jpg,5ddb32c17ef5dbf980efef929ec43817,b779e7a62488cc45,1080,1080,cache_256/dataT/pod_rot_black/black_pod_rot_23.png,1080x1080,A,1435,1413,train,train,test,train,val,test,train,train,val,train,train,train,train,test,train
dataT/pod_rot_black/black_pod_rot_230.jpg,1,1,dataT/pod_rot_black/black_pod_rot_230.jpg,20e2154e70e937cdeee64918b1376327,89991f5370f0f1c3,1080,1080,cache_256/dataT/pod_rot_black/black_pod_rot_230.png,1080x1080,A,1532,1414,train,test,train,train,train,train,train,test,train,train,train,train,test,train,train
dataT/pod_rot_black/black_pod_rot_231.jpg,1,1,dataT/pod_rot_black/black_pod_rot_231.jpg,207438c7b7b186b964a2cca5cb4d0d18,c6292d7f68e0870f,1080,1080,cache_256/dataT/pod_rot_black/black_pod_rot_231.png,1080x1080,A,1532,1415,train,test,train,train,train,train,train,test,train,train,train,train,test,train,train
dataT/pod_rot_black/black_pod_rot_232.jpg,1,1,dataT/pod_rot_black/black_pod_rot_232.jpg,59c81ac42ac6dad2e4081d24d861c8ae,a65959a7b32632cc,1080,1080,cache_256/dataT/pod_rot_black/black_pod_rot_232.png,1080x1080,A,1532,1416,train,test,train,train,train,train,train,test,train,train,train,train,test,train,train
dataT/pod_rot_black/black_pod_rot_233.jpg,1,1,dataT/pod_rot_black/black_pod_rot_233.jpg,3a5c3f5368e020d0c81aadf1f1c3e18e,eb896c6253f40bd1,1080,1080,cache_256/dataT/pod_rot_black/black_pod_rot_233.png,1080x1080,A,1417,1417,train,train,train,test,train,train,train,train,test,train,train,test,train,train,train
dataT/pod_rot_black/black_pod_rot_234.jpg,1,1,dataT/pod_rot_black/black_pod_rot_234.jpg,8f6a5a90b3fba11e5e014f199cb94de5,deba303beee0c0c8,1080,1080,cache_256/dataT/pod_rot_black/black_pod_rot_234.png,1080x1080,A,1532,1418,train,test,train,train,train,train,train,test,train,train,train,train,test,train,train
dataT/pod_rot_black/black_pod_rot_235.jpg,1,1,dataT/pod_rot_black/black_pod_rot_235.jpg,763919963d174c1e90e568ce3f73e10f,cc9c223366b2badc,1080,1080,cache_256/dataT/pod_rot_black/black_pod_rot_235.png,1080x1080,A,1419,1419,train,test,train,train,train,train,train,train,train,test,train,train,test,train,train
dataT/pod_rot_black/black_pod_rot_236.jpg,1,1,dataT/pod_rot_black/black_pod_rot_236.jpg,fc0df8a1f6712d44fb959dd3be20d416,f0b998772bb39482,1080,1080,cache_256/dataT/pod_rot_black/black_pod_rot_236.png,1080x1080,A,1532,1420,train,test,train,train,train,train,train,test,train,train,train,train,test,train,train
dataT/pod_rot_black/black_pod_rot_237.jpg,1,1,dataT/pod_rot_black/black_pod_rot_237.jpg,b29cb0f055e5ce08883a3ede04fabd90,e3ca9921177416f6,1080,1080,cache_256/dataT/pod_rot_black/black_pod_rot_237.png,1080x1080,A,1532,1421,train,test,train,train,train,train,train,test,train,train,train,train,test,train,train
dataT/pod_rot_black/black_pod_rot_238.jpg,1,1,dataT/pod_rot_black/black_pod_rot_238.jpg,5bc86e4c583732d234bb87e6b0bce894,e0f89d3133c6a3ac,1080,1080,cache_256/dataT/pod_rot_black/black_pod_rot_238.png,1080x1080,A,1532,1422,train,test,train,train,train,train,train,test,train,train,train,train,test,train,train
dataT/pod_rot_black/black_pod_rot_239.jpg,1,1,dataT/pod_rot_black/black_pod_rot_239.jpg,f9b11c06530333e7d551a6dd6cca1f05,cfdc4c3aa670b28a,1080,1080,cache_256/dataT/pod_rot_black/black_pod_rot_239.png,1080x1080,A,1532,1423,train,test,train,train,train,train,train,test,train,train,train,train,test,train,train
dataT/pod_rot_black/black_pod_rot_24.jpg,1,1,dataT/pod_rot_black/black_pod_rot_24.jpg,25a5c0e5fdedc0b307a5b812aac34bfa,ca4b39347fa062e3,1080,1080,cache_256/dataT/pod_rot_black/black_pod_rot_24.png,1080x1080,A,1391,1424,train,train,train,test,train,test,train,train,train,val,val,train,train,train,test
dataT/pod_rot_black/black_pod_rot_240.jpg,1,1,dataT/pod_rot_black/black_pod_rot_240.jpg,9d4ac564d741bb5d2428ff8454d545fd,ee6c81363d1b3a1a,1080,1080,cache_256/dataT/pod_rot_black/black_pod_rot_240.png,1080x1080,A,1425,1425,train,train,train,train,test,train,test,train,train,train,train,train,val,train,test
dataT/pod_rot_black/black_pod_rot_241.jpg,1,1,dataT/pod_rot_black/black_pod_rot_241.jpg,f1d9e641d93d54c16b3a5673d1486482,ead63315860cae9b,1080,1080,cache_256/dataT/pod_rot_black/black_pod_rot_241.png,1080x1080,A,1532,1426,train,test,train,train,train,train,train,test,train,train,train,train,test,train,train
dataT/pod_rot_black/black_pod_rot_242.jpg,1,1,dataT/pod_rot_black/black_pod_rot_242.jpg,f2e6ec520d4dc2d776a28372dfb72193,92ab9d3c3c79f030,1080,1080,cache_256/dataT/pod_rot_black/black_pod_rot_242.png,1080x1080,A,1532,1427,train,test,train,train,train,train,train,test,train,train,train,train,test,train,train
dataT/pod_rot_black/black_pod_rot_243.jpg,1,1,dataT/pod_rot_black/black_pod_rot_243.jpg,b610d27792dd5812f093d9a127cac657,96fa993c787a34c0,1080,1080,cache_256/dataT/pod_rot_black/black_pod_rot_243.png,1080x1080,A,1532,1428,train,test,train,train,train,train,train,test,train,train,train,train,test,train,train
dataT/pod_rot_black/black_pod_rot_244.jpg,1,1,dataT/pod_rot_black/black_pod_rot_244.jpg,c14189bf7dc62c573bf560da444b3e1c,ccd4141be1e93f1c,1080,1080,cache_256/dataT/pod_rot_black/black_pod_rot_244.png,1080x1080,A,1429,1429,test,train,train,train,train,train,train,test,train,val,train,train,train,test,train
dataT/pod_rot_black/black_pod_rot_245.jpg,1,1,dataT/pod_rot_black/black_pod_rot_245.jpg,377ec73a86009353148a4f1e73d75a50,9f38b4d27664b432,1080,1080,cache_256/dataT/pod_rot_black/black_pod_rot_245.png,1080x1080,A,1430,1430,train,test,train,train,train,val,train,train,train,test,train,val,train,test,train
dataT/pod_rot_black/black_pod_rot_246.jpg,1,1,dataT/pod_rot_black/black_pod_rot_246.jpg,82174b9495c7417b6489c94157260ee3,9319bc776349468e,1080,1080,cache_256/dataT/pod_rot_black/black_pod_rot_246.png,1080x1080,A,1532,1431,train,test,train,train,train,train,train,test,train,train,train,train,test,train,train
dataT/pod_rot_black/black_pod_rot_247.jpg,1,1,dataT/pod_rot_black/black_pod_rot_247.jpg,ce24b4791cde3b2aaf2537101d4bae5d,b7784e273b3181d8,1080,1080,cache_256/dataT/pod_rot_black/black_pod_rot_247.png,1080x1080,A,1532,1432,train,test,train,train,train,train,train,test,train,train,train,train,test,train,train
dataT/pod_rot_black/black_pod_rot_248.jpg,1,1,dataT/pod_rot_black/black_pod_rot_248.jpg,0fc06a18177c69501ee0636f5eda8941,d660d9123db1bf90,1080,1080,cache_256/dataT/pod_rot_black/black_pod_rot_248.png,1080x1080,A,1532,1433,train,test,train,train,train,train,train,test,train,train,train,train,test,train,train
dataT/pod_rot_black/black_pod_rot_249.jpg,1,1,dataT/pod_rot_black/black_pod_rot_249.jpg,bc9bb2bc6ceb2ef365a18a8d22b04b52,a6bc99f1686d64c4,1080,1080,cache_256/dataT/pod_rot_black/black_pod_rot_249.png,1080x1080,A,1532,1434,train,test,train,train,train,train,train,test,train,train,train,train,test,train,train
dataT/pod_rot_black/black_pod_rot_25.jpg,1,1,dataT/pod_rot_black/black_pod_rot_25.jpg,58bb61bd0ce3319dbff3ceae05b79dcf,cb6cde72d007bb20,1080,1080,cache_256/dataT/pod_rot_black/black_pod_rot_25.png,1080x1080,A,1435,1435,train,train,test,train,val,test,train,train,val,train,train,train,train,test,train
dataT/pod_rot_black/black_pod_rot_250.jpg,1,1,dataT/pod_rot_black/black_pod_rot_250.jpg,edcdfbfac7b4a2454745b97b004eb4d5,b9c9c250033b7b37,1080,1080,cache_256/dataT/pod_rot_black/black_pod_rot_250.png,1080x1080,A,1532,1436,train,test,train,train,train,train,train,test,train,train,train,train,test,train,train
dataT/pod_rot_black/black_pod_rot_251.jpg,1,1,dataT/pod_rot_black/black_pod_rot_251.jpg,c37da5465c82cb293475773f414a53fe,f9816774e001dd1f,1080,1080,cache_256/dataT/pod_rot_black/black_pod_rot_251.png,1080x1080,A,1532,1437,train,test,train,train,train,train,train,test,train,train,train,train,test,train,train
dataT/pod_rot_black/black_pod_rot_252.jpg,1,1,dataT/pod_rot_black/black_pod_rot_252.jpg,4199a9beea61ecfd09e2c65359cd96f6,fe6ec0e13c23838e,1080,1080,cache_256/dataT/pod_rot_black/black_pod_rot_252.png,1080x1080,A,1425,1438,train,train,train,train,test,train,test,train,train,train,train,train,val,train,test
dataT/pod_rot_black/black_pod_rot_253.jpg,1,1,dataT/pod_rot_black/black_pod_rot_253.jpg,5a1180aa368ce3c6233bdbaff7bd397c,bc90d87fe1606366,1080,1080,cache_256/dataT/pod_rot_black/black_pod_rot_253.png,1080x1080,A,1532,1439,train,test,train,train,train,train,train,test,train,train,train,train,test,train,train
dataT/pod_rot_black/black_pod_rot_254.jpg,1,1,dataT/pod_rot_black/black_pod_rot_254.jpg,81cf81953b0d09daa954f7dab53c668f,f4d60a61e12f35e1,1080,1080,cache_256/dataT/pod_rot_black/black_pod_rot_254.png,1080x1080,A,1532,1440,train,test,train,train,train,train,train,test,train,train,train,train,test,train,train
dataT/pod_rot_black/black_pod_rot_255.jpg,1,1,dataT/pod_rot_black/black_pod_rot_255.jpg,16b6cc800d736808d3324902a7784e9c,9b0878a6665bca5b,1080,1080,cache_256/dataT/pod_rot_black/black_pod_rot_255.png,1080x1080,A,1441,1441,train,train,test,train,train,train,test,train,train,train,test,train,train,train,val
dataT/pod_rot_black/black_pod_rot_256.jpg,1,1,dataT/pod_rot_black/black_pod_rot_256.jpg,59cfa0baf96ddfedbe2b02ce6e3ced62,f07009b1b3155bdb,1080,1080,cache_256/dataT/pod_rot_black/black_pod_rot_256.png,1080x1080,A,1485,1442,train,train,train,test,train,val,train,train,train,test,train,train,val,test,train
dataT/pod_rot_black/black_pod_rot_257.jpg,1,1,dataT/pod_rot_black/black_pod_rot_257.jpg,2b43500214f6949105a65789c343b181,fb363cad30d39054,1080,1080,cache_256/dataT/pod_rot_black/black_pod_rot_257.png,1080x1080,A,1485,1443,train,train,train,test,train,val,train,train,train,test,train,train,val,test,train
dataT/pod_rot_black/black_pod_rot_258.jpg,1,1,dataT/pod_rot_black/black_pod_rot_258.jpg,e42f28e3a9f472ce2564eb9cf2a5bf04,ea7bad3a898c4836,1080,1080,cache_256/dataT/pod_rot_black/black_pod_rot_258.png,1080x1080,A,1485,1444,train,train,train,test,train,val,train,train,train,test,train,train,val,test,train
dataT/pod_rot_black/black_pod_rot_259.jpg,1,1,dataT/pod_rot_black/black_pod_rot_259.jpg,f2bf002c3d204fa1a6034289bfe0aa0d,f163cf1d17aa608c,1080,1080,cache_256/dataT/pod_rot_black/black_pod_rot_259.png,1080x1080,A,1485,1445,train,train,train,test,train,val,train,train,train,test,train,train,val,test,train
dataT/pod_rot_black/black_pod_rot_26.jpg,1,1,dataT/pod_rot_black/black_pod_rot_26.jpg,d81b98f91eeb3941369adac58b1ee633,a46de3610a8edc5e,1080,1080,cache_256/dataT/pod_rot_black/black_pod_rot_26.png,1080x1080,A,1435,1446,train,train,test,train,val,test,train,train,val,train,train,train,train,test,train
dataT/pod_rot_black/black_pod_rot_260.jpg,1,1,dataT/pod_rot_black/black_pod_rot_260.jpg,dc95be0b116426ce1755d0c5af2084a3,abf95c27a5511919,1080,1080,cache_256/dataT/pod_rot_black/black_pod_rot_260.png,1080x1080,A,1447,1447,train,val,train,train,test,val,val,test,train,train,train,test,train,train,train
dataT/pod_rot_black/black_pod_rot_261.jpg,1,1,dataT/pod_rot_black/black_pod_rot_261.jpg,003bafcc0e7d71b6081716618b4137b1,cbf991619b23f0c4,1080,1080,cache_256/dataT/pod_rot_black/black_pod_rot_261.png,1080x1080,A,1447,1448,train,val,train,train,test,val,val,test,train,train,train,test,train,train,train
dataT/pod_rot_black/black_pod_rot_262.jpg,1,1,dataT/pod_rot_black/black_pod_rot_262.jpg,ea4643eade95c3e3d45de9f33cac5205,c3f48d3a1092bbab,1080,1080,cache_256/dataT/pod_rot_black/black_pod_rot_262.png,1080x1080,A,1447,1449,train,val,train,train,test,val,val,test,train,train,train,test,train,train,train
dataT/pod_rot_black/black_pod_rot_263.jpg,1,1,dataT/pod_rot_black/black_pod_rot_263.jpg,7c4b376b39727b8f47e05fb17c977c66,af4a9cb325f2224d,1080,1080,cache_256/dataT/pod_rot_black/black_pod_rot_263.png,1080x1080,A,1450,1450,train,train,train,test,train,train,train,train,test,train,train,train,test,train,train
dataT/pod_rot_black/black_pod_rot_264.jpg,1,1,dataT/pod_rot_black/black_pod_rot_264.jpg,410bf2d7fe85ccd3cf9f154be13f54bb,8393ccb1f92151bb,1080,1080,cache_256/dataT/pod_rot_black/black_pod_rot_264.png,1080x1080,A,1450,1451,train,train,train,test,train,train,train,train,test,train,train,train,test,train,train
dataT/pod_rot_black/black_pod_rot_265.jpg,1,1,dataT/pod_rot_black/black_pod_rot_265.jpg,69a66156c8c093cb0e28f453efd6e857,a23c1ce6b0d653d6,1080,1080,cache_256/dataT/pod_rot_black/black_pod_rot_265.png,1080x1080,A,1450,1452,train,train,train,test,train,train,train,train,test,train,train,train,test,train,train
dataT/pod_rot_black/black_pod_rot_266.jpg,1,1,dataT/pod_rot_black/black_pod_rot_266.jpg,1f323eb98efd1c9c3f2a9436520344f9,b10cf3a61edb0e85,1080,1080,cache_256/dataT/pod_rot_black/black_pod_rot_266.png,1080x1080,A,1450,1453,train,train,train,test,train,train,train,train,test,train,train,train,test,train,train
dataT/pod_rot_black/black_pod_rot_267.jpg,1,1,dataT/pod_rot_black/black_pod_rot_267.jpg,2ac9cd35e9286314caae39c6758b8f70,cb44f6725e75a803,1080,1080,cache_256/dataT/pod_rot_black/black_pod_rot_267.png,1080x1080,A,1454,1454,val,train,train,train,test,train,train,train,train,test,train,val,train,test,train
dataT/pod_rot_black/black_pod_rot_268.jpg,1,1,dataT/pod_rot_black/black_pod_rot_268.jpg,0f4ad69de867ed04346835141c678ff4,c6cdc266e47f4198,1080,1080,cache_256/dataT/pod_rot_black/black_pod_rot_268.png,1080x1080,A,1461,1455,train,test,val,train,train,train,train,test,train,train,train,train,train,test,train
dataT/pod_rot_black/black_pod_rot_269.jpg,1,1,dataT/pod_rot_black/black_pod_rot_269.jpg,193ce626534205815da7dfe6286bffa5,a496e26706edc789,1080,1080,cache_256/dataT/pod_rot_black/black_pod_rot_269.png,1080x1080,A,1461,1456,train,test,val,train,train,train,train,test,train,train,train,train,train,test,train
dataT/pod_rot_black/black_pod_rot_27.jpg,1,1,dataT/pod_rot_black/black_pod_rot_27.jpg,90902ce31a9859244473869b981a9e62,e24582256927f577,1080,1080,cache_256/dataT/pod_rot_black/black_pod_rot_27.png,1080x1080,A,1457,1457,train,train,train,val,test,train,test,train,train,train,val,train,train,val,test
dataT/pod_rot_black/black_pod_rot_270.jpg,1,1,dataT/pod_rot_black/black_pod_rot_270.jpg,cd28e4b4b9cd42603784b835ed9687c2,b2951c72787b0f07,1080,1080,cache_256/dataT/pod_rot_black/black_pod_rot_270.png,1080x1080,A,1461,1458,train,test,val,train,train,train,train,test,train,train,train,train,train,test,train
dataT/pod_rot_black/black_pod_rot_271.jpg,1,1,dataT/pod_rot_black/black_pod_rot_271.jpg,2914e087f05be5a4a5cac559748efa09,a9ec76f042ca8d8d,1080,1080,cache_256/dataT/pod_rot_black/black_pod_rot_271.png,1080x1080,A,1461,1459,train,test,val,train,train,train,train,test,train,train,train,train,train,test,train
dataT/pod_rot_black/black_pod_rot_272.jpg,1,1,dataT/pod_rot_black/black_pod_rot_272.jpg,325804ad238ae4fe8975bb47c0e5b098,c9f23ea503c8b8e9,1080,1080,cache_256/dataT/pod_rot_black/black_pod_rot_272.png,1080x1080,A,1460,1460,train,val,test,train,train,train,train,val,test,train,train,test,train,train,val
dataT/pod_rot_black/black_pod_rot_273.jpg,1,1,dataT/pod_rot_black/black_pod_rot_273.jpg,9e6d1de2d8bd723c899100997d0bae1a,9b19f46227bee043,1080,1080,cache_256/dataT/pod_rot_black/black_pod_rot_273.png,1080x1080,A,1461,1461,train,test,val,train,train,train,train,test,train,train,train,train,train,test,train
dataT/pod_rot_black/black_pod_rot_274.jpg,1,1,dataT/pod_rot_black/black_pod_rot_274.jpg,c6ba1ccd0b02cad5e6339891ce0bd3a0,fdf9432297273442,1080,1080,cache_256/dataT/pod_rot_black/black_pod_rot_274.png,1080x1080,A,1461,1462,train,test,val,train,train,train,train,test,train,train,train,train,train,test,train
dataT/pod_rot_black/black_pod_rot_275.jpg,1,1,dataT/pod_rot_black/black_pod_rot_275.jpg,db2499f3c8ccbf179f783dedbecf4ca2,fb068f38f0f03383,1080,1080,cache_256/dataT/pod_rot_black/black_pod_rot_275.png,1080x1080,A,1461,1463,train,test,val,train,train,train,train,test,train,train,train,train,train,test,train
dataT/pod_rot_black/black_pod_rot_276.jpg,1,1,dataT/pod_rot_black/black_pod_rot_276.jpg,ddf7e6ce3e9908bae3232904719b262a,e69e9a60f10b03bb,1080,1080,cache_256/dataT/pod_rot_black/black_pod_rot_276.png,1080x1080,A,1461,1464,train,test,val,train,train,train,train,test,train,train,train,train,train,test,train
dataT/pod_rot_black/black_pod_rot_277.jpg,1,1,dataT/pod_rot_black/black_pod_rot_277.jpg,4310bcdae112be54bc3abc7a9e5defc7,cca54d262497e39b,1080,1080,cache_256/dataT/pod_rot_black/black_pod_rot_277.png,1080x1080,A,1461,1465,train,test,val,train,train,train,train,test,train,train,train,train,train,test,train
dataT/pod_rot_black/black_pod_rot_278.jpg,1,1,dataT/pod_rot_black/black_pod_rot_278.jpg,ed7a0ed1d4242bab698f05aeb87f1fca,9868ec35d373cb82,1080,1080,cache_256/dataT/pod_rot_black/black_pod_rot_278.png,1080x1080,A,1461,1466,train,test,val,train,train,train,train,test,train,train,train,train,train,test,train
dataT/pod_rot_black/black_pod_rot_279.jpg,1,1,dataT/pod_rot_black/black_pod_rot_279.jpg,26fff67202e27018eb1ec2f91e35e750,e6d6da74a4225a63,1080,1080,cache_256/dataT/pod_rot_black/black_pod_rot_279.png,1080x1080,A,1461,1467,train,test,val,train,train,train,train,test,train,train,train,train,train,test,train
dataT/pod_rot_black/black_pod_rot_28.jpg,1,1,dataT/pod_rot_black/black_pod_rot_28.jpg,578429767989e4114b412216f9b131f0,e4585a6c63ada6e4,1080,1080,cache_256/dataT/pod_rot_black/black_pod_rot_28.png,1080x1080,A,1457,1468,train,train,train,val,test,train,test,train,train,train,val,train,train,val,test
dataT/pod_rot_black/black_pod_rot_280.jpg,1,1,dataT/pod_rot_black/black_pod_rot_280.jpg,019a15921c85ecf24030866e40e520ea,9b2d863676fa82a8,1080,1080,cache_256/dataT/pod_rot_black/black_pod_rot_280.png,1080x1080,A,1469,1469,train,val,train,test,train,train,test,train,train,train,test,train,train,val,train
dataT/pod_rot_black/black_pod_rot_281.jpg,1,1,dataT/pod_rot_black/black_pod_rot_281.jpg,f8d9b8458f61dccf4163ae7f77f1792a,8bb88cd37c88b2d6,1080,1080,cache_256/dataT/pod_rot_black/black_pod_rot_281.png,1080x1080,A,1469,1470,train,val,train,test,train,train,test,train,train,train,test,train,train,val,train
dataT/pod_rot_black/black_pod_rot_282.jpg,1,1,dataT/pod_rot_black/black_pod_rot_282.jpg,e07ba95bb22044a4e88fd584bdb9304d,9e4aacf6975462a8,1080,1080,cache_256/dataT/pod_rot_black/black_pod_rot_282.png,1080x1080,A,1469,1471,train,val,train,test,train,train,test,train,train,train,test,train,train,val,train
dataT/pod_rot_black/black_pod_rot_283.jpg,1,1,dataT/pod_rot_black/black_pod_rot_283.jpg,e1e469baa49530339e5d49dece760cdd,839334e77a89c999,1080,1080,cache_256/dataT/pod_rot_black/black_pod_rot_283.png,1080x1080,A,1461,1472,train,test,val,train,train,train,train,test,train,train,train,train,train,test,train
dataT/pod_rot_black/black_pod_rot_284.jpg,1,1,dataT/pod_rot_black/black_pod_rot_284.jpg,d6e18bc80cf84c8d5b0d3674fa482ec4,9602afe6a2f3d612,1080,1080,cache_256/dataT/pod_rot_black/black_pod_rot_284.png,1080x1080,A,1469,1473,train,val,train,test,train,train,test,train,train,train,test,train,train,val,train
dataT/pod_rot_black/black_pod_rot_285.jpg,1,1,dataT/pod_rot_black/black_pod_rot_285.jpg,361ad04fe9c9066639e5ed43de998377,fb0de53654f2f800,1080,1080,cache_256/dataT/pod_rot_black/black_pod_rot_285.png,1080x1080,A,1469,1474,train,val,train,test,train,train,test,train,train,train,test,train,train,val,train
dataT/pod_rot_black/black_pod_rot_286.jpg,1,1,dataT/pod_rot_black/black_pod_rot_286.jpg,d90e16b311267741a80c99cba5368672,baf599645062a657,1080,1080,cache_256/dataT/pod_rot_black/black_pod_rot_286.png,1080x1080,A,1469,1475,train,val,train,test,train,train,test,train,train,train,test,train,train,val,train
dataT/pod_rot_black/black_pod_rot_287.jpg,1,1,dataT/pod_rot_black/black_pod_rot_287.jpg,5ae0edba63a8b323bbb9781383c16dc6,caa99c60e127b6a7,1080,1080,cache_256/dataT/pod_rot_black/black_pod_rot_287.png,1080x1080,A,1476,1476,test,train,train,train,train,train,train,train,val,test,train,train,test,train,train
dataT/pod_rot_black/black_pod_rot_288.jpg,1,1,dataT/pod_rot_black/black_pod_rot_288.jpg,e6ff467b9933bd11f96a4ab303c8092d,9999273e3636f403,1080,1080,cache_256/dataT/pod_rot_black/black_pod_rot_288.png,1080x1080,A,1477,1477,train,train,test,train,train,val,train,test,val,val,train,train,train,train,test
dataT/pod_rot_black/black_pod_rot_289.jpg,1,1,dataT/pod_rot_black/black_pod_rot_289.jpg,84a31a581594cca73ccf1132486a615f,e6899ba63a1a0f1e,1080,1080,cache_256/dataT/pod_rot_black/black_pod_rot_289.png,1080x1080,A,1476,1478,test,train,train,train,train,train,train,train,val,test,train,train,test,train,train
dataT/pod_rot_black/black_pod_rot_29.jpg,1,1,dataT/pod_rot_black/black_pod_rot_29.jpg,583753ef72c837ad5ccf495cd039d0cc,bb39127cf26085ec,1080,1080,cache_256/dataT/pod_rot_black/black_pod_rot_29.png,1080x1080,A,1457,1479,train,train,train,val,test,train,test,train,train,train,val,train,train,val,test
dataT/pod_rot_black/black_pod_rot_290.jpg,1,1,dataT/pod_rot_black/black_pod_rot_290.jpg,54900230ff271ef845f2012ee916bac4,ea4d9a6362e76c84,1080,1080,cache_256/dataT/pod_rot_black/black_pod_rot_290.png,1080x1080,A,1480,1480,train,train,train,train,test,test,train,train,train,train,train,train,test,train,train
dataT/pod_rot_black/black_pod_rot_291.jpg,1,1,dataT/pod_rot_black/black_pod_rot_291.jpg,f9e9c301d521d4d941391d3c9128202f,93eec9883758831f,1080,1080,cache_256/dataT/pod_rot_black/black_pod_rot_291.png,1080x1080,A,1476,1481,test,train,train,train,train,train,train,train,val,test,train,train,test,train,train
dataT/pod_rot_black/black_pod_rot_292.jpg,1,1,dataT/pod_rot_black/black_pod_rot_292.jpg,8cf934033585b72e16741c4b30bd5e8c,d97c8e3336c141ec,1080,1080,cache_256/dataT/pod_rot_black/black_pod_rot_292.png,1080x1080,A,1480,1482,train,train,train,train,test,test,train,train,train,train,train,train,test,train,train
dataT/pod_rot_black/black_pod_rot_293.jpg,1,1,dataT/pod_rot_black/black_pod_rot_293.jpg,a47d3e1f6a8a86b8d88ead6a4a79898d,e3f08becd404a4bd,1080,1080,cache_256/dataT/pod_rot_black/black_pod_rot_293.png,1080x1080,A,1480,1483,train,train,train,train,test,test,train,train,train,train,train,train,test,train,train
dataT/pod_rot_black/black_pod_rot_294.jpg,1,1,dataT/pod_rot_black/black_pod_rot_294.jpg,9e34c184a1b5f3bc19832bc97b223142,de6879b672aba180,1080,1080,cache_256/dataT/pod_rot_black/black_pod_rot_294.png,1080x1080,A,1476,1484,test,train,train,train,train,train,train,train,val,test,train,train,test,train,train
dataT/pod_rot_black/black_pod_rot_295.jpg,1,1,dataT/pod_rot_black/black_pod_rot_295.jpg,8f0373b19875776f95cf9c5c555fad93,d72ce93035d9185b,1080,1080,cache_256/dataT/pod_rot_black/black_pod_rot_295.png,1080x1080,A,1485,1485,train,train,train,test,train,val,train,train,train,test,train,train,val,test,train
dataT/pod_rot_black/black_pod_rot_296.jpg,1,1,dataT/pod_rot_black/black_pod_rot_296.jpg,7c2f1941dacf9e0b01088b3cb2a83582,e76ec7331c1e18e0,1080,1080,cache_256/dataT/pod_rot_black/black_pod_rot_296.png,1080x1080,A,1485,1486,train,train,train,test,train,val,train,train,train,test,train,train,val,test,train
dataT/pod_rot_black/black_pod_rot_297.jpg,1,1,dataT/pod_rot_black/black_pod_rot_297.jpg,be531e353fcbb7b7577ad921f2bfd4d9,e57aacb0b1d41695,1080,1080,cache_256/dataT/pod_rot_black/black_pod_rot_297.png,1080x1080,A,1485,1487,train,train,train,test,train,val,train,train,train,test,train,train,val,test,train
dataT/pod_rot_black/black_pod_rot_298.jpg,1,1,dataT/pod_rot_black/black_pod_rot_298.jpg,021b0e8e0aa37e3fe798c06afcbfb97b,bbdd8026735324ab,1080,1080,cache_256/dataT/pod_rot_black/black_pod_rot_298.png,1080x1080,A,1454,1488,val,train,train,train,test,train,train,train,train,test,train,val,train,test,train
dataT/pod_rot_black/black_pod_rot_299.jpg,1,1,dataT/pod_rot_black/black_pod_rot_299.jpg,777a6ed5db1c02018f7bcd628e0ffc74,99d9ee83714563a4,1080,1080,cache_256/dataT/pod_rot_black/black_pod_rot_299.png,1080x1080,A,1489,1489,test,train,train,train,train,train,test,train,train,train,train,test,train,train,train
dataT/pod_rot_black/black_pod_rot_3.jpg,1,1,dataT/pod_rot_black/black_pod_rot_3.jpg,023d03faee427a1a213cfc2a5a2f0194,81be2627a58eacf2,1080,1080,cache_256/dataT/pod_rot_black/black_pod_rot_3.png,1080x1080,A,1490,1490,test,train,train,train,train,train,test,train,train,train,train,train,test,train,train
dataT/pod_rot_black/black_pod_rot_30.jpg,1,1,dataT/pod_rot_black/black_pod_rot_30.jpg,6402730cdad5326bc23fe808ceb514f4,cd35332b71d94d30,1080,1080,cache_256/dataT/pod_rot_black/black_pod_rot_30.png,1080x1080,A,1491,1491,train,train,train,train,test,train,val,train,test,train,train,train,train,test,train
dataT/pod_rot_black/black_pod_rot_300.jpg,1,1,dataT/pod_rot_black/black_pod_rot_300.jpg,4a41bb7c3f35ca1ca1d3d2f7916b6205,fb8b317173331289,1080,1080,cache_256/dataT/pod_rot_black/black_pod_rot_300.png,1080x1080,A,1454,1492,val,train,train,train,test,train,train,train,train,test,train,val,train,test,train
dataT/pod_rot_black/black_pod_rot_301.jpg,1,1,dataT/pod_rot_black/black_pod_rot_301.jpg,d878a4c65b5fa85150c2aa5a03a35418,ca3b313531dcbc4c,1080,1080,cache_256/dataT/pod_rot_black/black_pod_rot_301.png,1080x1080,A,1454,1493,val,train,train,train,test,train,train,train,train,test,train,val,train,test,train
dataT/pod_rot_black/black_pod_rot_302.jpg,1,1,dataT/pod_rot_black/black_pod_rot_302.jpg,0415a767f8fe47023bcae5e8e362bf3b,cd199363133f3319,1080,1080,cache_256/dataT/pod_rot_black/black_pod_rot_302.png,1080x1080,A,1454,1494,val,train,train,train,test,train,train,train,train,test,train,val,train,test,train
dataT/pod_rot_black/black_pod_rot_303.jpg,1,1,dataT/pod_rot_black/black_pod_rot_303.jpg,9a5a514d008359f2ada39e8bb377aa3a,e76fad3452ea0381,1080,1080,cache_256/dataT/pod_rot_black/black_pod_rot_303.png,1080x1080,A,1454,1495,val,train,train,train,test,train,train,train,train,test,train,val,train,test,train
dataT/pod_rot_black/black_pod_rot_304.jpg,1,1,dataT/pod_rot_black/black_pod_rot_304.jpg,029c544845dda0e32a6a5173db03177a,e12b84567a9d69b1,1080,1080,cache_256/dataT/pod_rot_black/black_pod_rot_304.png,1080x1080,A,1454,1496,val,train,train,train,test,train,train,train,train,test,train,val,train,test,train
dataT/pod_rot_black/black_pod_rot_305.jpg,1,1,dataT/pod_rot_black/black_pod_rot_305.jpg,eab0400caf412dca1e5eb0a8cd18e440,ecd8d8260706c7dd,1080,1080,cache_256/dataT/pod_rot_black/black_pod_rot_305.png,1080x1080,A,1406,1497,train,train,test,train,val,train,test,train,train,train,train,train,test,train,train
dataT/pod_rot_black/black_pod_rot_306.jpg,1,1,dataT/pod_rot_black/black_pod_rot_306.jpg,32c18370a9bb81a46d5de924fe9834ad,99c9b273d0a74995,1080,1080,cache_256/dataT/pod_rot_black/black_pod_rot_306.png,1080x1080,A,1498,1498,train,test,train,train,train,train,train,test,train,train,train,test,train,train,train
dataT/pod_rot_black/black_pod_rot_307.jpg,1,1,dataT/pod_rot_black/black_pod_rot_307.jpg,7b0915ca20e17ae46ac08f2c9553ed7f,dcc343323b9aa6d1,1080,1080,cache_256/dataT/pod_rot_black/black_pod_rot_307.png,1080x1080,A,1406,1499,train,train,test,train,val,train,test,train,train,train,train,train,test,train,train
dataT/pod_rot_black/black_pod_rot_308.jpg,1,1,dataT/pod_rot_black/black_pod_rot_308.jpg,4a688639e02f4be13813f68d138263a6,e8ccda531ca4e13b,1080,1080,cache_256/dataT/pod_rot_black/black_pod_rot_308.png,1080x1080,A,1406,1500,train,train,test,train,val,train,test,train,train,train,train,train,test,train,train
dataT/pod_rot_black/black_pod_rot_309.jpg,1,1,dataT/pod_rot_black/black_pod_rot_309.jpg,d5bc6d4d14f63f9aa3814bc07f7f0045,9c4d516c87983cf9,2160,2160,cache_256/dataT/pod_rot_black/black_pod_rot_309.png,2160x2160,B,1501,1501,train,train,test,train,val,train,train,test,train,val,train,train,train,train,test
dataT/pod_rot_black/black_pod_rot_31.jpg,1,1,dataT/pod_rot_black/black_pod_rot_31.jpg,e1e16b7e5d604db2265ae21afcbe4dee,c7d6d0323d486d69,1080,1080,cache_256/dataT/pod_rot_black/black_pod_rot_31.png,1080x1080,A,1378,1502,train,train,val,test,train,train,val,train,train,test,train,train,train,test,train
dataT/pod_rot_black/black_pod_rot_310.jpg,1,1,dataT/pod_rot_black/black_pod_rot_310.jpg,7f08b57d977d784310610cf056de587c,9fb6c11eb83b6122,1080,1080,cache_256/dataT/pod_rot_black/black_pod_rot_310.png,1080x1080,A,1503,1503,train,train,val,test,train,test,train,train,train,train,train,test,train,train,train
dataT/pod_rot_black/black_pod_rot_311.jpg,1,1,dataT/pod_rot_black/black_pod_rot_311.jpg,d141b47b63359086b9038f0fae6a7e66,904c5af026577e3d,2160,2160,cache_256/dataT/pod_rot_black/black_pod_rot_311.png,2160x2160,B,1501,1504,train,train,test,train,val,train,train,test,train,val,train,train,train,train,test
dataT/pod_rot_black/black_pod_rot_312.jpg,1,1,dataT/pod_rot_black/black_pod_rot_312.jpg,102d1484747cf932cb6e0b06230bd373,ef4eb8a472aa2714,2160,2160,cache_256/dataT/pod_rot_black/black_pod_rot_312.png,2160x2160,B,1501,1505,train,train,test,train,val,train,train,test,train,val,train,train,train,train,test
dataT/pod_rot_black/black_pod_rot_313.jpg,1,1,dataT/pod_rot_black/black_pod_rot_313.jpg,999f97d7c5e3a7eac6797d82f5d72466,943459672e2f451f,2160,2160,cache_256/dataT/pod_rot_black/black_pod_rot_313.png,2160x2160,B,1501,1506,train,train,test,train,val,train,train,test,train,val,train,train,train,train,test
dataT/pod_rot_black/black_pod_rot_314.jpg,1,1,dataT/pod_rot_black/black_pod_rot_314.jpg,18da558040a93373b9e9cce4fbcbaae5,9b34d22e61cdaa99,2160,2160,cache_256/dataT/pod_rot_black/black_pod_rot_314.png,2160x2160,B,1511,1507,train,train,train,train,test,train,train,train,test,train,train,test,train,val,train
dataT/pod_rot_black/black_pod_rot_315.jpg,1,1,dataT/pod_rot_black/black_pod_rot_315.jpg,fc5b73f6d6d70eeab348272cff5b8305,8f383463e316fc38,2160,2160,cache_256/dataT/pod_rot_black/black_pod_rot_315.png,2160x2160,B,1508,1508,train,test,val,val,val,train,train,test,val,train,test,train,val,train,train
dataT/pod_rot_black/black_pod_rot_316.jpg,1,1,dataT/pod_rot_black/black_pod_rot_316.jpg,2ffff8732fa11bbca676ca6d40ab4306,999527325c7c3cb8,2160,2160,cache_256/dataT/pod_rot_black/black_pod_rot_316.png,2160x2160,B,1511,1509,train,train,train,train,test,train,train,train,test,train,train,test,train,val,train
dataT/pod_rot_black/black_pod_rot_317.jpg,1,1,dataT/pod_rot_black/black_pod_rot_317.jpg,e2267930f2bd3a20712324f7ead30e0a,d70899b2b473027f,1080,1080,cache_256/dataT/pod_rot_black/black_pod_rot_317.png,1080x1080,A,1511,1510,train,train,train,train,test,train,train,train,test,train,train,test,train,val,train
dataT/pod_rot_black/black_pod_rot_318.jpg,1,1,dataT/pod_rot_black/black_pod_rot_318.jpg,4b5f5bf3ca3db5657f6fc7682496c831,c7181c66e6e6bc07,2160,2160,cache_256/dataT/pod_rot_black/black_pod_rot_318.png,2160x2160,B,1511,1511,train,train,train,train,test,train,train,train,test,train,train,test,train,val,train
dataT/pod_rot_black/black_pod_rot_319.jpg,1,1,dataT/pod_rot_black/black_pod_rot_319.jpg,63a475d6c57fdee9aa7d11d1b97e5fa7,cf1c6623b3339c51,2160,2160,cache_256/dataT/pod_rot_black/black_pod_rot_319.png,2160x2160,B,1511,1512,train,train,train,train,test,train,train,train,test,train,train,test,train,val,train
dataT/pod_rot_black/black_pod_rot_32.jpg,1,1,dataT/pod_rot_black/black_pod_rot_32.jpg,acbe59817270567e9cd8f2e749766708,88c0307e777698cf,1080,1080,cache_256/dataT/pod_rot_black/black_pod_rot_32.png,1080x1080,A,1513,1513,test,train,train,train,val,train,train,test,train,train,train,train,test,train,train
dataT/pod_rot_black/black_pod_rot_320.jpg,1,1,dataT/pod_rot_black/black_pod_rot_320.jpg,cd3229102021b82175ed4c0340631cc7,ccb51973e9790ac8,2160,2160,cache_256/dataT/pod_rot_black/black_pod_rot_320.png,2160x2160,B,1511,1514,train,train,train,train,test,train,train,train,test,train,train,test,train,val,train
dataT/pod_rot_black/black_pod_rot_321.jpg,1,1,dataT/pod_rot_black/black_pod_rot_321.jpg,e5ce28f7cc76f36bfebd5293c32545e0,f30cad7352f38849,1080,1080,cache_256/dataT/pod_rot_black/black_pod_rot_321.png,1080x1080,A,1515,1515,val,val,test,train,train,val,test,val,train,train,test,val,train,train,train
dataT/pod_rot_black/black_pod_rot_322.jpg,1,1,dataT/pod_rot_black/black_pod_rot_322.jpg,3057e8d5b56f99c1f0375bb4e1dd7243,86e858a7639327b5,2160,2160,cache_256/dataT/pod_rot_black/black_pod_rot_322.png,2160x2160,B,1516,1516,train,train,train,test,val,train,test,train,train,train,val,train,train,train,test
dataT/pod_rot_black/black_pod_rot_323.jpg,1,1,dataT/pod_rot_black/black_pod_rot_323.jpg,3798cad850940e009a1e684aee046516,8ae9e0317334a767,2160,2160,cache_256/dataT/pod_rot_black/black_pod_rot_323.png,2160x2160,B,1516,1517,train,train,train,test,val,train,test,train,train,train,val,train,train,train,test
dataT/pod_rot_black/black_pod_rot_324.jpg,1,1,dataT/pod_rot_black/black_pod_rot_324.jpg,63db3d15abaf52d2c82f9cd6e7367415,84b11343e4fe6a6d,2160,2160,cache_256/dataT/pod_rot_black/black_pod_rot_324.png,2160x2160,B,1518,1518,val,test,val,train,train,train,train,train,train,test,train,train,train,test,val
dataT/pod_rot_black/black_pod_rot_325.jpg,1,1,dataT/pod_rot_black/black_pod_rot_325.jpg,275b647679d7a6154de8777826274031,c966104b37efc652,2160,2160,cache_256/dataT/pod_rot_black/black_pod_rot_325.png,2160x2160,B,1516,1519,train,train,train,test,val,train,test,train,train,train,val,train,train,train,test
dataT/pod_rot_black/black_pod_rot_326.jpg,1,1,dataT/pod_rot_black/black_pod_rot_326.jpg,ca636d5602fe0a97b3b4660b1e55295e,cabb70262acf1cc9,1080,1080,cache_256/dataT/pod_rot_black/black_pod_rot_326.png,1080x1080,A,1516,1520,train,train,train,test,val,train,test,train,train,train,val,train,train,train,test
dataT/pod_rot_black/black_pod_rot_327.jpg,1,1,dataT/pod_rot_black/black_pod_rot_327.jpg,185db4d45361d9d3ae653f712bf6ffce,b3390cb295f678c1,1080,1080,cache_256/dataT/pod_rot_black/black_pod_rot_327.png,1080x1080,A,1521,1521,train,test,train,train,train,test,train,train,val,train,train,train,val,train,test
dataT/pod_rot_black/black_pod_rot_328.jpg,1,1,dataT/pod_rot_black/black_pod_rot_328.jpg,a0d536872decbe5718ef3461d41aa639,8e3bf870032287f7,1080,1080,cache_256/dataT/pod_rot_black/black_pod_rot_328.png,1080x1080,A,1522,1522,train,train,test,train,train,test,train,train,train,train,train,train,train,train,test
dataT/pod_rot_black/black_pod_rot_329.jpg,1,1,dataT/pod_rot_black/black_pod_rot_329.jpg,9ec791f3f3d4950f49ecedc0a2f95601,b73d4863077269aa,1080,1080,cache_256/dataT/pod_rot_black/black_pod_rot_329.png,1080x1080,A,1523,1523,train,train,train,test,train,train,train,train,test,train,train,test,train,val,train
dataT/pod_rot_black/black_pod_rot_33.jpg,1,1,dataT/pod_rot_black/black_pod_rot_33.jpg,8c0723b413f966b019ad5cb80a9d1651,83bb3c7c2278f074,1080,1080,cache_256/dataT/pod_rot_black/black_pod_rot_33.png,1080x1080,A,1411,1524,train,train,val,train,test,train,test,train,train,train,val,val,val,test,train
dataT/pod_rot_black/black_pod_rot_330.jpg,1,1,dataT/pod_rot_black/black_pod_rot_330.jpg,9795822dd5c8d5a554aff2473b26521b,f8d9a03f9c18f311,1080,1080,cache_256/dataT/pod_rot_black/black_pod_rot_330.png,1080x1080,A,1368,1525,train,val,train,train,test,train,test,val,train,train,train,train,train,test,train
dataT/pod_rot_black/black_pod_rot_331.jpg,1,1,dataT/pod_rot_black/black_pod_rot_331.jpg,06cfaa816f27cd5d96a4be53c7cd905d,f96c93e27b286158,1080,1080,cache_256/dataT/pod_rot_black/black_pod_rot_331.png,1080x1080,A,1526,1526,train,train,val,train,test,test,val,train,train,train,train,train,train,train,test
dataT/pod_rot_black/black_pod_rot_332.jpg,1,1,dataT/pod_rot_black/black_pod_rot_332.jpg,c19981fb66117f22c194f7d2479b3986,fe3f48400dd470cf,1080,1080,cache_256/dataT/pod_rot_black/black_pod_rot_332.png,1080x1080,A,1523,1527,train,train,train,test,train,train,train,train,test,train,train,test,train,val,train
dataT/pod_rot_black/black_pod_rot_333.jpg,1,1,dataT/pod_rot_black/black_pod_rot_333.jpg,c3e73ec91437daf0cd535472a2d1bae2,95bc59cda496d823,1080,1080,cache_256/dataT/pod_rot_black/black_pod_rot_333.png,1080x1080,A,1528,1528,train,train,train,test,train,train,test,train,train,train,train,train,test,train,train
dataT/pod_rot_black/black_pod_rot_334.jpg,1,1,dataT/pod_rot_black/black_pod_rot_334.jpg,6addb16eb5ee8be3064c889e234b403d,b3890967ad4c54fc,1080,1080,cache_256/dataT/pod_rot_black/black_pod_rot_334.png,1080x1080,A,1528,1529,train,train,train,test,train,train,test,train,train,train,train,train,test,train,train
dataT/pod_rot_black/black_pod_rot_335.jpg,1,1,dataT/pod_rot_black/black_pod_rot_335.jpg,84e4e8ed59e63b76cb481de5417f1c7c,960c1c79b4b5a27b,1080,1080,cache_256/dataT/pod_rot_black/black_pod_rot_335.png,1080x1080,A,1530,1530,train,test,train,train,val,train,train,train,test,train,train,train,test,train,train
dataT/pod_rot_black/black_pod_rot_336.jpg,1,1,dataT/pod_rot_black/black_pod_rot_336.jpg,58593480644e79d834ad047cfd2f28a4,f1440c70fa171f8f,1080,1080,cache_256/dataT/pod_rot_black/black_pod_rot_336.png,1080x1080,A,1530,1531,train,test,train,train,val,train,train,train,test,train,train,train,test,train,train
dataT/pod_rot_black/black_pod_rot_337.jpg,1,1,dataT/pod_rot_black/black_pod_rot_337.jpg,8e63ecaef243f3bc400decd286a12860,e05d033032767bf5,1080,1080,cache_256/dataT/pod_rot_black/black_pod_rot_337.png,1080x1080,A,1532,1532,train,test,train,train,train,train,train,test,train,train,train,train,test,train,train
dataT/pod_rot_black/black_pod_rot_338.jpg,1,1,dataT/pod_rot_black/black_pod_rot_338.jpg,e0b187b7c9e07f159905884c702cde57,9b464c683331fd9c,1080,1080,cache_256/dataT/pod_rot_black/black_pod_rot_338.png,1080x1080,A,1533,1533,train,train,train,train,test,val,val,train,train,test,test,train,train,train,train
dataT/pod_rot_black/black_pod_rot_339.jpg,1,1,dataT/pod_rot_black/black_pod_rot_339.jpg,92f9966dc9e0c9d363eaece24924f280,f9cc6b6923f4b011,1080,1080,cache_256/dataT/pod_rot_black/black_pod_rot_339.png,1080x1080,A,1532,1534,train,test,train,train,train,train,train,test,train,train,train,train,test,train,train
dataT/pod_rot_black/black_pod_rot_34.jpg,1,1,dataT/pod_rot_black/black_pod_rot_34.jpg,06e4c109bf2c527d70e6c854c5f7b4c2,820f9e3e9cb39931,1080,1080,cache_256/dataT/pod_rot_black/black_pod_rot_34.png,1080x1080,A,1535,1535,test,train,train,train,train,train,train,test,train,train,train,train,train,test,train
dataT/pod_rot_black/black_pod_rot_340.jpg,1,1,dataT/pod_rot_black/black_pod_rot_340.jpg,1370e65247c4acb744a3e3d8c2af9db0,addd74756822ca43,1080,1080,cache_256/dataT/pod_rot_black/black_pod_rot_340.png,1080x1080,A,1532,1536,train,test,train,train,train,train,train,test,train,train,train,train,test,train,train
dataT/pod_rot_black/black_pod_rot_341.jpg,1,1,dataT/pod_rot_black/black_pod_rot_341.jpg,03b2672ae782b1572afe81a69de01376,b3664c3aa1b6931d,1080,1080,cache_256/dataT/pod_rot_black/black_pod_rot_341.png,1080x1080,A,1532,1537,train,test,train,train,train,train,train,test,train,train,train,train,test,train,train
dataT/pod_rot_black/black_pod_rot_342.jpg,1,1,dataT/pod_rot_black/black_pod_rot_342.jpg,4b00aac0e44af1e417d0f323405bc92a,ed6cc3585950e317,1080,1080,cache_256/dataT/pod_rot_black/black_pod_rot_342.png,1080x1080,A,1538,1538,train,train,test,train,val,train,train,train,test,train,train,train,train,test,train
dataT/pod_rot_black/black_pod_rot_343.jpg,1,1,dataT/pod_rot_black/black_pod_rot_343.jpg,eecd144aeaf7f86362eadbe39de0897f,99794c3ee2d4d0d8,1080,1080,cache_256/dataT/pod_rot_black/black_pod_rot_343.png,1080x1080,A,1328,1539,val,test,train,train,val,train,train,val,test,train,train,train,val,train,test
dataT/pod_rot_black/black_pod_rot_344.jpg,1,1,dataT/pod_rot_black/black_pod_rot_344.jpg,de822c83685c5ecb1bf05bf403d080a5,907d75e60ed85199,1080,1080,cache_256/dataT/pod_rot_black/black_pod_rot_344.png,1080x1080,A,1540,1540,train,test,train,val,train,train,train,train,train,test,train,train,train,train,test
dataT/pod_rot_black/black_pod_rot_345.jpg,1,1,dataT/pod_rot_black/black_pod_rot_345.jpg,cdffb593468701f60d2b346b9f392aaf,c6cf86fb303034ce,1080,1080,cache_256/dataT/pod_rot_black/black_pod_rot_345.png,1080x1080,A,1541,1541,train,val,train,test,train,train,train,test,val,val,train,train,val,train,test
dataT/pod_rot_black/black_pod_rot_346.jpg,1,1,dataT/pod_rot_black/black_pod_rot_346.jpg,597146451121863a51df2b3bd2316473,99c9bc6a3760ac9c,1080,1080,cache_256/dataT/pod_rot_black/black_pod_rot_346.png,1080x1080,A,1542,1542,train,train,train,train,test,train,test,val,train,train,train,test,train,train,train
dataT/pod_rot_black/black_pod_rot_347.jpg,1,1,dataT/pod_rot_black/black_pod_rot_347.jpg,d8d19315e161daf5240d12c7115379fa,920cfde10f37132b,1080,1080,cache_256/dataT/pod_rot_black/black_pod_rot_347.png,1080x1080,A,1543,1543,test,train,val,train,train,val,train,train,test,train,test,train,train,val,train
dataT/pod_rot_black/black_pod_rot_348.jpg,1,1,dataT/pod_rot_black/black_pod_rot_348.jpg,4d56aec5b7fcfac809624e47e665ad41,896a48f4fb02f26b,1080,1080,cache_256/dataT/pod_rot_black/black_pod_rot_348.png,1080x1080,A,1544,1544,train,train,train,test,train,test,train,train,train,val,val,train,test,train,train
dataT/pod_rot_black/black_pod_rot_349.jpg,1,1,dataT/pod_rot_black/black_pod_rot_349.jpg,3c8b965bba58b39430b28ec4d580c819,c2e5f993a9ab03d0,1080,1080,cache_256/dataT/pod_rot_black/black_pod_rot_349.png,1080x1080,A,1545,1545,train,train,test,train,train,train,train,train,train,test,train,train,test,train,val
dataT/pod_rot_black/black_pod_rot_35.jpg,1,1,dataT/pod_rot_black/black_pod_rot_35.jpg,aa49b591ba800c65436988622daa3b5d,a411d462cf6a4f6d,1080,1080,cache_256/dataT/pod_rot_black/black_pod_rot_35.png,1080x1080,A,1546,1546,val,test,train,train,train,val,test,train,train,train,train,train,test,train,train
dataT/pod_rot_black/black_pod_rot_350.jpg,1,1,dataT/pod_rot_black/black_pod_rot_350.jpg,993063dea7970caf3d0328649e8ea447,93663d3a5bc3581c,1080,1080,cache_256/dataT/pod_rot_black/black_pod_rot_350.png,1080x1080,A,1547,1547,train,train,test,train,train,train,train,train,test,train,train,val,train,train,test
dataT/pod_rot_black/black_pod_rot_351.jpg,1,1,dataT/pod_rot_black/black_pod_rot_351.jpg,9fbe48f86731a236b67249bb8cadf692,a90f7ca373c60f06,1080,1080,cache_256/dataT/pod_rot_black/black_pod_rot_351.png,1080x1080,A,1545,1548,train,train,test,train,train,train,train,train,train,test,train,train,test,train,val
dataT/pod_rot_black/black_pod_rot_352.jpg,1,1,dataT/pod_rot_black/black_pod_rot_352.jpg,f07d1a7145307b08c16aae9132a45a68,99d16a632346ebc5,1080,1080,cache_256/dataT/pod_rot_black/black_pod_rot_352.png,1080x1080,A,1545,1549,train,train,test,train,train,train,train,train,train,test,train,train,test,train,val
dataT/pod_rot_black/black_pod_rot_353.jpg,1,1,dataT/pod_rot_black/black_pod_rot_353.jpg,7c9b7eaced4b8021451de3cd27bbb84a,f3a96f3133909296,1080,1080,cache_256/dataT/pod_rot_black/black_pod_rot_353.png,1080x1080,A,1550,1550,train,val,train,train,test,train,test,train,train,train,train,val,train,train,test
dataT/pod_rot_black/black_pod_rot_354.jpg,1,1,dataT/pod_rot_black/black_pod_rot_354.jpg,e3f965906db5a07cb3e485ab6c892993,96890d6a28acfe3e,1080,1080,cache_256/dataT/pod_rot_black/black_pod_rot_354.png,1080x1080,A,1545,1551,train,train,test,train,train,train,train,train,train,test,train,train,test,train,val
dataT/pod_rot_black/black_pod_rot_355.jpg,1,1,dataT/pod_rot_black/black_pod_rot_355.jpg,d3365e56764b0441e1298c21dd484ffc,939c9c785af25153,1080,1080,cache_256/dataT/pod_rot_black/black_pod_rot_355.png,1080x1080,A,1545,1552,train,train,test,train,train,train,train,train,train,test,train,train,test,train,val
dataT/pod_rot_black/black_pod_rot_356.jpg,1,1,dataT/pod_rot_black/black_pod_rot_356.jpg,339c1c525f28abc3319b63f690b13ac4,cd588972e3bac358,1080,1080,cache_256/dataT/pod_rot_black/black_pod_rot_356.png,1080x1080,A,1545,1553,train,train,test,train,train,train,train,train,train,test,train,train,test,train,val
dataT/pod_rot_black/black_pod_rot_357.jpg,1,1,dataT/pod_rot_black/black_pod_rot_357.jpg,a0ac2c7fdcaacfc2da1a46e2d2525dca,d5cd653262d8d386,1080,1080,cache_256/dataT/pod_rot_black/black_pod_rot_357.png,1080x1080,A,1545,1554,train,train,test,train,train,train,train,train,train,test,train,train,test,train,val
dataT/pod_rot_black/black_pod_rot_358.jpg,1,1,dataT/pod_rot_black/black_pod_rot_358.jpg,40e21e3f1c5d3e52922cd0da7332c7d6,c64c292f37247a1f,1080,1080,cache_256/dataT/pod_rot_black/black_pod_rot_358.png,1080x1080,A,1545,1555,train,train,test,train,train,train,train,train,train,test,train,train,test,train,val
dataT/pod_rot_black/black_pod_rot_359.jpg,1,1,dataT/pod_rot_black/black_pod_rot_359.jpg,76a0892d4dee255be6e40eea498e2b41,eab649da71450b56,1080,1080,cache_256/dataT/pod_rot_black/black_pod_rot_359.png,1080x1080,A,1556,1556,train,val,test,train,train,train,val,test,train,train,train,train,train,test,train
dataT/pod_rot_black/black_pod_rot_36.jpg,1,1,dataT/pod_rot_black/black_pod_rot_36.jpg,bc12071cc8e03b4cf9fd44076483fe72,9c683562a79696d9,1080,1080,cache_256/dataT/pod_rot_black/black_pod_rot_36.png,1080x1080,A,1557,1557,train,train,train,test,val,train,val,train,train,test,test,train,train,train,train
dataT/pod_rot_black/black_pod_rot_360.jpg,1,1,dataT/pod_rot_black/black_pod_rot_360.jpg,0993a1ea42d751d40bc486f3f3c581c0,c451d1e7a79c24bc,1080,1080,cache_256/dataT/pod_rot_black/black_pod_rot_360.png,1080x1080,A,1558,1558,train,test,train,train,train,train,train,train,train,test,train,test,train,train,train
dataT/pod_rot_black/black_pod_rot_361.jpg,1,1,dataT/pod_rot_black/black_pod_rot_361.jpg,349bf2d279efaf41ba01d73b355d1a83,95da0b0971e56cbc,1080,1080,cache_256/dataT/pod_rot_black/black_pod_rot_361.png,1080x1080,A,1545,1559,train,train,test,train,train,train,train,train,train,test,train,train,test,train,val
dataT/pod_rot_black/black_pod_rot_362.jpg,1,1,dataT/pod_rot_black/black_pod_rot_362.jpg,2c343adf969e7c526056d5181e83d6e2,830c4c7f76a1b3b2,1080,1080,cache_256/dataT/pod_rot_black/black_pod_rot_362.png,1080x1080,A,1545,1560,train,train,test,train,train,train,train,train,train,test,train,train,test,train,val
dataT/pod_rot_black/black_pod_rot_363.jpg,1,1,dataT/pod_rot_black/black_pod_rot_363.jpg,ecb58af4c3d32c793ecfdc189940b648,fc4289b2a4d496db,1080,1080,cache_256/dataT/pod_rot_black/black_pod_rot_363.png,1080x1080,A,1561,1561,train,train,train,train,test,train,train,train,test,train,train,train,val,test,train
dataT/pod_rot_black/black_pod_rot_364.jpg,1,1,dataT/pod_rot_black/black_pod_rot_364.jpg,c5a1e2dfcd76229f9e387f10f56ccb0c,cee4e46c72c14fc8,1080,1080,cache_256/dataT/pod_rot_black/black_pod_rot_364.png,1080x1080,A,1562,1562,train,train,train,test,train,test,train,train,train,train,train,train,test,train,train
dataT/pod_rot_black/black_pod_rot_365.jpg,1,1,dataT/pod_rot_black/black_pod_rot_365.jpg,0070de5c7078aeae12880e904ee7d3c5,944c5867a3b3331f,1080,1080,cache_256/dataT/pod_rot_black/black_pod_rot_365.png,1080x1080,A,1545,1563,train,train,test,train,train,train,train,train,train,test,train,train,test,train,val
dataT/pod_rot_black/black_pod_rot_366.jpg,1,1,dataT/pod_rot_black/black_pod_rot_366.jpg,b0b72efb4b28247880e10f50deb9eae7,c7191c3cb922e373,1080,1080,cache_256/dataT/pod_rot_black/black_pod_rot_366.png,1080x1080,A,1545,1564,train,train,test,train,train,train,train,train,train,test,train,train,test,train,val
dataT/pod_rot_black/black_pod_rot_367.jpg,1,1,dataT/pod_rot_black/black_pod_rot_367.jpg,e91b1279bb02f8293fdecc28da112585,ee8c8d25c23b5c53,1080,1080,cache_256/dataT/pod_rot_black/black_pod_rot_367.png,1080x1080,A,1545,1565,train,train,test,train,train,train,train,train,train,test,train,train,test,train,val
dataT/pod_rot_black/black_pod_rot_368.jpg,1,1,dataT/pod_rot_black/black_pod_rot_368.jpg,86edbd08ab2c50881d97a97396c5bdf8,954eca93d3233353,1080,1080,cache_256/dataT/pod_rot_black/black_pod_rot_368.png,1080x1080,A,1545,1566,train,train,test,train,train,train,train,train,train,test,train,train,test,train,val
dataT/pod_rot_black/black_pod_rot_369.jpg,1,1,dataT/pod_rot_black/black_pod_rot_369.jpg,18b18c5c2d5136350c4fa0f0325b4305,a694dc738cf28939,1080,1080,cache_256/dataT/pod_rot_black/black_pod_rot_369.png,1080x1080,A,1545,1567,train,train,test,train,train,train,train,train,train,test,train,train,test,train,val
dataT/pod_rot_black/black_pod_rot_37.jpg,1,1,dataT/pod_rot_black/black_pod_rot_37.jpg,47bc3c7c601cc87f3b3cb79c255e7d05,db4169b2d7f90d40,1080,1080,cache_256/dataT/pod_rot_black/black_pod_rot_37.png,1080x1080,A,1568,1568,train,train,train,train,test,train,test,train,train,train,train,test,train,val,train
dataT/pod_rot_black/black_pod_rot_370.jpg,1,1,dataT/pod_rot_black/black_pod_rot_370.jpg,4c9470ea459f526f0f7bbed81e02d61a,9cdbb8e4d4841e3c,1080,1080,cache_256/dataT/pod_rot_black/black_pod_rot_370.png,1080x1080,A,1545,1569,train,train,test,train,train,train,train,train,train,test,train,train,test,train,val
dataT/pod_rot_black/black_pod_rot_371.jpg,1,1,dataT/pod_rot_black/black_pod_rot_371.jpg,08364ef9432de345806596e68b854fc0,b4184ce1075afaaf,1080,1080,cache_256/dataT/pod_rot_black/black_pod_rot_371.png,1080x1080,A,1570,1570,train,train,train,test,train,train,train,train,train,test,train,train,train,test,train
dataT/pod_rot_black/black_pod_rot_372.jpg,1,1,dataT/pod_rot_black/black_pod_rot_372.jpg,b1d5ceb6bfd9f91fadf9bc6ef0adf882,c19c9ca6284be3ed,1080,1080,cache_256/dataT/pod_rot_black/black_pod_rot_372.png,1080x1080,A,1545,1571,train,train,test,train,train,train,train,train,train,test,train,train,test,train,val
dataT/pod_rot_black/black_pod_rot_373.jpg,1,1,dataT/pod_rot_black/black_pod_rot_373.jpg,7757c4622e5a872c59ee3563b2d6b309,9e390926645ca9fb,1080,1080,cache_256/dataT/pod_rot_black/black_pod_rot_373.png,1080x1080,A,1545,1572,train,train,test,train,train,train,train,train,train,test,train,train,test,train,val
dataT/pod_rot_black/black_pod_rot_374.jpg,1,1,dataT/pod_rot_black/black_pod_rot_374.jpg,7331acf0e1c830a51a2e090ee59b7f6b,c2d7cd4258691a77,1080,1080,cache_256/dataT/pod_rot_black/black_pod_rot_374.png,1080x1080,A,1570,1573,train,train,train,test,train,train,train,train,train,test,train,train,train,test,train
dataT/pod_rot_black/black_pod_rot_375.jpg,1,1,dataT/pod_rot_black/black_pod_rot_375.jpg,40b7956741e4b3c75d44107749bc018c,e5c99b2cdd10746a,1080,1080,cache_256/dataT/pod_rot_black/black_pod_rot_375.png,1080x1080,A,1574,1574,train,train,val,test,train,train,train,test,train,train,val,train,train,train,test
dataT/pod_rot_black/black_pod_rot_376.jpg,1,1,dataT/pod_rot_black/black_pod_rot_376.jpg,e33c44a1422df83a01e308e8ea12e24f,b30d8d6fc46eaca0,1080,1080,cache_256/dataT/pod_rot_black/black_pod_rot_376.png,1080x1080,A,1570,1575,train,train,train,test,train,train,train,train,train,test,train,train,train,test,train
dataT/pod_rot_black/black_pod_rot_377.jpg,1,1,dataT/pod_rot_black/black_pod_rot_377.jpg,121f4e104e9858b7995abdf644b6cd36,facfb918149f4c90,1080,1080,cache_256/dataT/pod_rot_black/black_pod_rot_377.png,1080x1080,A,1576,1576,train,test,train,train,train,train,train,test,train,val,train,test,train,val,train
dataT/pod_rot_black/black_pod_rot_378.jpg,1,1,dataT/pod_rot_black/black_pod_rot_378.jpg,c4c56f06cb3eef5061aebee3d983d68e,93b9bca70e0e8783,1080,1080,cache_256/dataT/pod_rot_black/black_pod_rot_378.png,1080x1080,A,1577,1577,train,train,train,test,train,val,train,train,test,train,train,train,train,train,test
dataT/pod_rot_black/black_pod_rot_379.jpg,1,1,dataT/pod_rot_black/black_pod_rot_379.jpg,575119c6bbfe7b8fe3a340e28c88d1db,8e69f037450aab5d,1080,1080,cache_256/dataT/pod_rot_black/black_pod_rot_379.png,1080x1080,A,1578,1578,train,train,train,train,test,train,train,train,val,test,test,train,train,val,val
dataT/pod_rot_black/black_pod_rot_38.jpg,1,1,dataT/pod_rot_black/black_pod_rot_38.jpg,1de7904cabb2336b5592591b113c7ec1,e3ee283232eb9919,1080,1080,cache_256/dataT/pod_rot_black/black_pod_rot_38.png,1080x1080,A,1557,1579,train,train,train,test,val,train,val,train,train,test,test,train,train,train,train
dataT/pod_rot_black/black_pod_rot_380.jpg,1,1,dataT/pod_rot_black/black_pod_rot_380.jpg,5dd768170b27dd7682cac9af6971db38,bef0bb8d199c8a88,1080,1080,cache_256/dataT/pod_rot_black/black_pod_rot_380.png,1080x1080,A,1577,1580,train,train,train,test,train,val,train,train,test,train,train,train,train,train,test
dataT/pod_rot_black/black_pod_rot_381.jpg,1,1,dataT/pod_rot_black/black_pod_rot_381.jpg,9d62378c08cdcef40b65d6042ece4110,c160e3333d6ce4c7,1080,1080,cache_256/dataT/pod_rot_black/black_pod_rot_381.png,1080x1080,A,238,1581,train,val,train,test,val,test,train,train,train,train,train,val,test,train,train
dataT/pod_rot_black/black_pod_rot_382.jpg,1,1,dataT/pod_rot_black/black_pod_rot_382.jpg,caba9a5fda90a47f5fc178aab80ee4fb,ee94b13bda72e804,1080,1080,cache_256/dataT/pod_rot_black/black_pod_rot_382.png,1080x1080,A,238,1582,train,val,train,test,val,test,train,train,train,train,train,val,test,train,train
dataT/pod_rot_black/black_pod_rot_383.jpg,1,1,dataT/pod_rot_black/black_pod_rot_383.jpg,38c146e18d66f0d37893597899bf5bbb,e292133855d54fcd,1080,1080,cache_256/dataT/pod_rot_black/black_pod_rot_383.png,1080x1080,A,238,1583,train,val,train,test,val,test,train,train,train,train,train,val,test,train,train
dataT/pod_rot_black/black_pod_rot_384.jpg,1,1,dataT/pod_rot_black/black_pod_rot_384.jpg,c7bd7f9071cb1439cdf591c066538ab2,8b87d91f206175a7,1080,1080,cache_256/dataT/pod_rot_black/black_pod_rot_384.png,1080x1080,A,238,1584,train,val,train,test,val,test,train,train,train,train,train,val,test,train,train
dataT/pod_rot_black/black_pod_rot_385.jpg,1,1,dataT/pod_rot_black/black_pod_rot_385.jpg,75b0ec3f96dda9f177a5aeec2a9f2b21,e5ac996340969d9d,1080,1080,cache_256/dataT/pod_rot_black/black_pod_rot_385.png,1080x1080,A,238,1585,train,val,train,test,val,test,train,train,train,train,train,val,test,train,train
dataT/pod_rot_black/black_pod_rot_386.jpg,1,1,dataT/pod_rot_black/black_pod_rot_386.jpg,45bc52645d18deb5b5ca67087bf3e66f,e3e9cd9a19840cdb,1080,1080,cache_256/dataT/pod_rot_black/black_pod_rot_386.png,1080x1080,A,1574,1586,train,train,val,test,train,train,train,test,train,train,val,train,train,train,test
dataT/pod_rot_black/black_pod_rot_387.jpg,1,1,dataT/pod_rot_black/black_pod_rot_387.jpg,7b7b6ead7d2c621562181e1a7828cbec,8cc67325e762a09f,1080,1080,cache_256/dataT/pod_rot_black/black_pod_rot_387.png,1080x1080,A,238,1587,train,val,train,test,val,test,train,train,train,train,train,val,test,train,train
dataT/pod_rot_black/black_pod_rot_388.jpg,1,1,dataT/pod_rot_black/black_pod_rot_388.jpg,10ad40e4bb8bd76cda711f1b3337fe48,d8a9a52e39d2745a,1080,1080,cache_256/dataT/pod_rot_black/black_pod_rot_388.png,1080x1080,A,238,1588,train,val,train,test,val,test,train,train,train,train,train,val,test,train,train
dataT/pod_rot_black/black_pod_rot_389.jpg,1,1,dataT/pod_rot_black/black_pod_rot_389.jpg,8f4752d5fa7259b39f231a6715e62aa5,9bcdd8b02438fdc2,1080,1080,cache_256/dataT/pod_rot_black/black_pod_rot_389.png,1080x1080,A,1589,1589,train,train,test,train,train,test,val,train,train,train,train,train,test,train,train
dataT/pod_rot_black/black_pod_rot_39.jpg,1,1,dataT/pod_rot_black/black_pod_rot_39.jpg,007c3ec4e1d7a9d4c07a1482f0721f43,9949af7223b423b6,1080,1080,cache_256/dataT/pod_rot_black/black_pod_rot_39.png,1080x1080,A,1557,1590,train,train,train,test,val,train,val,train,train,test,test,train,train,train,train
dataT/pod_rot_black/black_pod_rot_390.jpg,1,1,dataT/pod_rot_black/black_pod_rot_390.jpg,4dcedb1391266fc64309c71ba114b9f9,d219e3126f86fc64,1080,1080,cache_256/dataT/pod_rot_black/black_pod_rot_390.png,1080x1080,A,238,1591,train,val,train,test,val,test,train,train,train,train,train,val,test,train,train
dataT/pod_rot_black/black_pod_rot_391.jpg,1,1,dataT/pod_rot_black/black_pod_rot_391.jpg,123dc1a8b564a854b90f97c95724153a,ea9ad83a24e0b667,1080,1080,cache_256/dataT/pod_rot_black/black_pod_rot_391.png,1080x1080,A,238,1592,train,val,train,test,val,test,train,train,train,train,train,val,test,train,train
dataT/pod_rot_black/black_pod_rot_392.jpg,1,1,dataT/pod_rot_black/black_pod_rot_392.jpg,dc1a91642bb7d1743b8b75d51f9c0876,a63c1be5c4894e5b,1080,1080,cache_256/dataT/pod_rot_black/black_pod_rot_392.png,1080x1080,A,238,1593,train,val,train,test,val,test,train,train,train,train,train,val,test,train,train
dataT/pod_rot_black/black_pod_rot_393.jpg,1,1,dataT/pod_rot_black/black_pod_rot_393.jpg,69e2a59cf2dcbda86673471c43a8b11a,f8e87836b7b4a828,1080,1080,cache_256/dataT/pod_rot_black/black_pod_rot_393.png,1080x1080,A,238,1594,train,val,train,test,val,test,train,train,train,train,train,val,test,train,train
dataT/pod_rot_black/black_pod_rot_394.jpg,1,1,dataT/pod_rot_black/black_pod_rot_394.jpg,3f6904282a93357e3bd960a683cfac7b,d1019d662e8cddd9,1080,1080,cache_256/dataT/pod_rot_black/black_pod_rot_394.png,1080x1080,A,238,1595,train,val,train,test,val,test,train,train,train,train,train,val,test,train,train
dataT/pod_rot_black/black_pod_rot_395.jpg,1,1,dataT/pod_rot_black/black_pod_rot_395.jpg,818710f839ae63d494dd58f9116a6c09,f17c184a4985bfa9,1080,1080,cache_256/dataT/pod_rot_black/black_pod_rot_395.png,1080x1080,A,238,1596,train,val,train,test,val,test,train,train,train,train,train,val,test,train,train
dataT/pod_rot_black/black_pod_rot_396.jpg,1,1,dataT/pod_rot_black/black_pod_rot_396.jpg,dd93128f8cf8f50b83f40b8d50a32a44,d2324c2be2f6e2a6,1080,1080,cache_256/dataT/pod_rot_black/black_pod_rot_396.png,1080x1080,A,1597,1597,test,train,train,train,val,train,train,train,test,train,train,train,train,test,train
dataT/pod_rot_black/black_pod_rot_397.jpg,1,1,dataT/pod_rot_black/black_pod_rot_397.jpg,8f573ef16f3bf824a8c4d918760eef8f,facc8dbc46186ac9,1080,1080,cache_256/dataT/pod_rot_black/black_pod_rot_397.png,1080x1080,A,1598,1598,train,test,train,train,train,train,train,train,test,train,val,test,train,train,train
dataT/pod_rot_black/black_pod_rot_398.jpg,1,1,dataT/pod_rot_black/black_pod_rot_398.jpg,8e4ed0ae137ab45fff978fa31e62286f,e1da65f0508e5ab5,1080,1080,cache_256/dataT/pod_rot_black/black_pod_rot_398.png,1080x1080,A,238,1599,train,val,train,test,val,test,train,train,train,train,train,val,test,train,train
dataT/pod_rot_black/black_pod_rot_399.jpg,1,1,dataT/pod_rot_black/black_pod_rot_399.jpg,b0bc3793d046f88d721031b2f3e76a98,db5a59e4a65a1989,1080,1080,cache_256/dataT/pod_rot_black/black_pod_rot_399.png,1080x1080,A,1597,1600,test,train,train,train,val,train,train,train,test,train,train,train,train,test,train
dataT/pod_rot_black/black_pod_rot_4.jpg,1,1,dataT/pod_rot_black/black_pod_rot_4.jpg,6e2b6dcb79e6250391041772c638e92a,e7b8ac3352eb01d1,1080,1080,cache_256/dataT/pod_rot_black/black_pod_rot_4.png,1080x1080,A,1601,1601,train,val,test,train,train,train,test,val,train,val,train,train,test,train,train
dataT/pod_rot_black/black_pod_rot_40.jpg,1,1,dataT/pod_rot_black/black_pod_rot_40.jpg,74b120af2fbb8e18c9ae3938ee78d668,d599fa2c882cee26,1080,1080,cache_256/dataT/pod_rot_black/black_pod_rot_40.png,1080x1080,A,1557,1602,train,train,train,test,val,train,val,train,train,test,test,train,train,train,train
dataT/pod_rot_black/black_pod_rot_400.jpg,1,1,dataT/pod_rot_black/black_pod_rot_400.jpg,64d1e727d50808adef46cd19938c2ceb,83ccae2e58ae692b,1080,1080,cache_256/dataT/pod_rot_black/black_pod_rot_400.png,1080x1080,A,1603,1603,train,train,train,test,train,train,train,test,train,train,train,train,train,test,train
dataT/pod_rot_black/black_pod_rot_401.jpg,1,1,dataT/pod_rot_black/black_pod_rot_401.jpg,7b09b7e55e972b7b24d211acf4eaab0d,a7ed8626f6e210a3,1080,1080,cache_256/dataT/pod_rot_black/black_pod_rot_401.png,1080x1080,A,1604,1604,train,train,train,train,test,train,train,train,test,train,train,train,train,train,test
dataT/pod_rot_black/black_pod_rot_402.jpg,1,1,dataT/pod_rot_black/black_pod_rot_402.jpg,58500c937c663f939e8e0f6d8ff2269f,9a6559e317cd809e,1080,1080,cache_256/dataT/pod_rot_black/black_pod_rot_402.png,1080x1080,A,1605,1605,train,val,val,train,test,val,val,test,val,train,test,val,val,train,train
dataT/pod_rot_black/black_pod_rot_403.jpg,1,1,dataT/pod_rot_black/black_pod_rot_403.jpg,f617a3739f5eb7581e9b2cdb55035603,896655c6cbd2c6c6,1080,1080,cache_256/dataT/pod_rot_black/black_pod_rot_403.png,1080x1080,A,1606,1606,train,test,train,train,train,train,train,train,test,train,train,test,train,train,train
dataT/pod_rot_black/black_pod_rot_404.jpg,1,1,dataT/pod_rot_black/black_pod_rot_404.jpg,a53bb6a88fdeefa4c037bdb4fffcb2e2,9876631c9979f2a2,1080,1080,cache_256/dataT/pod_rot_black/black_pod_rot_404.png,1080x1080,A,1606,1607,train,test,train,train,train,train,train,train,test,train,train,test,train,train,train
dataT/pod_rot_black/black_pod_rot_405.jpg,1,1,dataT/pod_rot_black/black_pod_rot_405.jpg,e3fe8a620e95087a173f31d5fba17658,9eb618794bb32472,1080,1080,cache_256/dataT/pod_rot_black/black_pod_rot_405.png,1080x1080,A,1606,1608,train,test,train,train,train,train,train,train,test,train,train,test,train,train,train
dataT/pod_rot_black/black_pod_rot_406.jpg,1,1,dataT/pod_rot_black/black_pod_rot_406.jpg,443aff72389650d66eef0042da90d4c4,ab8eca64e1f0a1b3,1080,1080,cache_256/dataT/pod_rot_black/black_pod_rot_406.png,1080x1080,A,1609,1609,test,train,train,train,train,train,train,train,test,train,train,train,test,val,train
dataT/pod_rot_black/black_pod_rot_407.jpg,1,1,dataT/pod_rot_black/black_pod_rot_407.jpg,8c062ac1b99dbe98a7a3414c9ab87a0d,d268e17456b9e5d0,1080,1080,cache_256/dataT/pod_rot_black/black_pod_rot_407.png,1080x1080,A,1610,1610,train,train,test,train,train,train,test,train,train,val,train,train,train,train,test
dataT/pod_rot_black/black_pod_rot_408.jpg,1,1,dataT/pod_rot_black/black_pod_rot_408.jpg,a28e41f35a58f202b906528b8d6c23dd,ede484b226aae716,1080,1080,cache_256/dataT/pod_rot_black/black_pod_rot_408.png,1080x1080,A,1611,1611,val,train,train,test,train,train,train,train,train,test,train,train,train,test,train
dataT/pod_rot_black/black_pod_rot_409.jpg,1,1,dataT/pod_rot_black/black_pod_rot_409.jpg,690cad0a90ddbafe456b1006b14bb5bb,9e9838a77b062f58,1080,1080,cache_256/dataT/pod_rot_black/black_pod_rot_409.png,1080x1080,A,1612,1612,val,train,train,test,val,train,train,train,test,train,train,test,train,train,train
dataT/pod_rot_black/black_pod_rot_41.jpg,1,1,dataT/pod_rot_black/black_pod_rot_41.jpg,215200ccb725649c4609f7d5c16b0c46,8cdb3177ee0ca05c,1080,1080,cache_256/dataT/pod_rot_black/black_pod_rot_41.png,1080x1080,A,1557,1613,train,train,train,test,val,train,val,train,train,test,test,train,train,train,train
dataT/pod_rot_black/black_pod_rot_410.jpg,1,1,dataT/pod_rot_black/black_pod_rot_410.jpg,dffb3e034b6558dd78d6a9d7ffee335a,e65a69a743aec584,1080,1080,cache_256/dataT/pod_rot_black/black_pod_rot_410.png,1080x1080,A,1611,1614,val,train,train,test,train,train,train,train,train,test,train,train,train,test,train
dataT/pod_rot_black/black_pod_rot_411.jpg,1,1,dataT/pod_rot_black/black_pod_rot_411.jpg,d6fdd805ce03af0f9b45bd10e2a84e3e,b8956c86d69f81aa,1080,1080,cache_256/dataT/pod_rot_black/black_pod_rot_411.png,1080x1080,A,1611,1615,val,train,train,test,train,train,train,train,train,test,train,train,train,test,train
dataT/pod_rot_black/black_pod_rot_412.jpg,1,1,dataT/pod_rot_black/black_pod_rot_412.jpg,d572a1bf7c579dbfcbb86ffa4ed6ffc2,eab331a632b931d2,1080,1080,cache_256/dataT/pod_rot_black/black_pod_rot_412.png,1080x1080,A,1616,1616,train,train,test,train,train,test,train,train,train,train,train,train,val,test,train
dataT/pod_rot_black/black_pod_rot_413.jpg,1,1,dataT/pod_rot_black/black_pod_rot_413.jpg,51fc87d0701590ea9427ac3434cc1387,b64a197d3ef28682,1080,1080,cache_256/dataT/pod_rot_black/black_pod_rot_413.png,1080x1080,A,1617,1617,train,test,val,train,train,test,val,train,train,train,val,train,test,train,train
dataT/pod_rot_black/black_pod_rot_414.jpg,1,1,dataT/pod_rot_black/black_pod_rot_414.jpg,ebf5050fe28b459f1e255ff994bb3a23,98b3687227ae37c8,1080,1080,cache_256/dataT/pod_rot_black/black_pod_rot_414.png,1080x1080,A,1618,1618,train,train,test,train,train,train,test,train,train,train,train,train,val,train,test
dataT/pod_rot_black/black_pod_rot_415.jpg,1,1,dataT/pod_rot_black/black_pod_rot_415.jpg,1f456ec4aa9b08df9db47686015fcb26,d71699c243ec88eb,1080,1080,cache_256/dataT/pod_rot_black/black_pod_rot_415.png,1080x1080,A,1616,1619,train,train,test,train,train,test,train,train,train,train,train,train,val,test,train
dataT/pod_rot_black/black_pod_rot_416.jpg,1,1,dataT/pod_rot_black/black_pod_rot_416.jpg,e891dbe82ff7889f9192abf387d96305,c2307c33b3a7ac5c,1080,1080,cache_256/dataT/pod_rot_black/black_pod_rot_416.png,1080x1080,A,1616,1620,train,train,test,train,train,test,train,train,train,train,train,train,val,test,train
dataT/pod_rot_black/black_pod_rot_417.jpg,1,1,dataT/pod_rot_black/black_pod_rot_417.jpg,ec68c89f2bc37943ec7ff3f88f3f36b7,aa5e14be62607d47,1080,1080,cache_256/dataT/pod_rot_black/black_pod_rot_417.png,1080x1080,A,1621,1621,train,val,train,train,test,test,train,train,val,train,test,train,train,train,train
dataT/pod_rot_black/black_pod_rot_418.jpg,1,1,dataT/pod_rot_black/black_pod_rot_418.jpg,73c58b5e8f5b6d2669c2017979e583e6,e8f04d67121dadcc,1080,1080,cache_256/dataT/pod_rot_black/black_pod_rot_418.png,1080x1080,A,1616,1622,train,train,test,train,train,test,train,train,train,train,train,train,val,test,train
dataT/pod_rot_black/black_pod_rot_419.jpg,1,1,dataT/pod_rot_black/black_pod_rot_419.jpg,ea56b12293d3f2e6c5aa54192612796b,d0823b6567f307d1,1080,1080,cache_256/dataT/pod_rot_black/black_pod_rot_419.png,1080x1080,A,1623,1623,train,test,train,train,train,val,train,test,train,train,train,test,train,train,train
dataT/pod_rot_black/black_pod_rot_42.jpg,1,1,dataT/pod_rot_black/black_pod_rot_42.jpg,efbfbbe1f2c05bd85b9273cd216c7595,9358cb47b89caad2,1080,1080,cache_256/dataT/pod_rot_black/black_pod_rot_42.png,1080x1080,A,1624,1624,train,train,train,val,test,train,train,test,train,train,train,train,test,train,train
dataT/pod_rot_black/black_pod_rot_420.jpg,1,1,dataT/pod_rot_black/black_pod_rot_420.jpg,2182eb1bc36183cb4c82e3a48bc28ded,dac822f2829c5e7d,1080,1080,cache_256/dataT/pod_rot_black/black_pod_rot_420.png,1080x1080,A,1625,1625,test,train,train,train,val,train,train,train,test,train,train,test,train,train,val
dataT/pod_rot_black/black_pod_rot_421.jpg,1,1,dataT/pod_rot_black/black_pod_rot_421.jpg,ecdac5ea70c662f5ef672f4d3a77f438,864cb1b951b7c695,1080,1080,cache_256/dataT/pod_rot_black/black_pod_rot_421.png,1080x1080,A,1626,1626,train,test,val,train,train,train,test,train,train,train,train,train,train,test,train
dataT/pod_rot_black/black_pod_rot_422.jpg,1,1,dataT/pod_rot_black/black_pod_rot_422.jpg,e9be7de3c1078568a84c4a27e700fbf3,cd10fce691e1fb40,1080,1080,cache_256/dataT/pod_rot_black/black_pod_rot_422.png,1080x1080,A,1627,1627,train,train,test,train,train,train,train,train,train,test,train,train,train,val,test
dataT/pod_rot_black/black_pod_rot_423.jpg,1,1,dataT/pod_rot_black/black_pod_rot_423.jpg,de39693f02c28a88c6470bd6be7a6a6b,8316a57c7da2a396,1080,1080,cache_256/dataT/pod_rot_black/black_pod_rot_423.png,1080x1080,A,1628,1628,train,train,train,test,train,train,train,test,train,train,train,train,test,val,train
dataT/pod_rot_black/black_pod_rot_424.jpg,1,1,dataT/pod_rot_black/black_pod_rot_424.jpg,549ecf21758d1fe062814750c1ae315e,8cb35033935bd89e,1080,1080,cache_256/dataT/pod_rot_black/black_pod_rot_424.png,1080x1080,A,1628,1629,train,train,train,test,train,train,train,test,train,train,train,train,test,val,train
dataT/pod_rot_black/black_pod_rot_425.jpg,1,1,dataT/pod_rot_black/black_pod_rot_425.jpg,842ecf3351809d91304474f2b79add18,c6f8c0c7ef9c8909,1080,1080,cache_256/dataT/pod_rot_black/black_pod_rot_425.png,1080x1080,A,1630,1630,train,test,train,train,val,train,test,train,train,train,train,train,train,test,train
dataT/pod_rot_black/black_pod_rot_426.jpg,1,1,dataT/pod_rot_black/black_pod_rot_426.jpg,cbd3b590fdd8c103f5ee61e283f9acd8,ca61193ffbf80815,1080,1080,cache_256/dataT/pod_rot_black/black_pod_rot_426.png,1080x1080,A,1628,1631,train,train,train,test,train,train,train,test,train,train,train,train,test,val,train
dataT/pod_rot_black/black_pod_rot_427.jpg,1,1,dataT/pod_rot_black/black_pod_rot_427.jpg,8dfe1e8324686d1ba7c2b0e5bb9847d8,8eccb22659cbc671,1080,1080,cache_256/dataT/pod_rot_black/black_pod_rot_427.png,1080x1080,A,1628,1632,train,train,train,test,train,train,train,test,train,train,train,train,test,val,train
dataT/pod_rot_black/black_pod_rot_428.jpg,1,1,dataT/pod_rot_black/black_pod_rot_428.jpg,0e9c7b8de6c675be2da09e30bc7b3e92,c8c61d2e5714e2f6,1080,1080,cache_256/dataT/pod_rot_black/black_pod_rot_428.png,1080x1080,A,1628,1633,train,train,train,test,train,train,train,test,train,train,train,train,test,val,train
dataT/pod_rot_black/black_pod_rot_429.jpg,1,1,dataT/pod_rot_black/black_pod_rot_429.jpg,192feafdf57166a5688ab223c61698a4,c993bee2c72c0a2d,1080,1080,cache_256/dataT/pod_rot_black/black_pod_rot_429.png,1080x1080,A,1628,1634,train,train,train,test,train,train,train,test,train,train,train,train,test,val,train
dataT/pod_rot_black/black_pod_rot_43.jpg,1,1,dataT/pod_rot_black/black_pod_rot_43.jpg,9650cb57d754aa94da6feda67bddaab5,f61fd8e8b5a2046a,1080,1080,cache_256/dataT/pod_rot_black/black_pod_rot_43.png,1080x1080,A,1635,1635,train,train,train,train,test,train,train,train,test,train,train,train,train,train,test
dataT/pod_rot_black/black_pod_rot_430.jpg,1,1,dataT/pod_rot_black/black_pod_rot_430.jpg,0da26d6065ca9a1f0284f766457cf451,97b09d7462cf2c1a,1080,1080,cache_256/dataT/pod_rot_black/black_pod_rot_430.png,1080x1080,A,1636,1636,val,train,test,train,train,test,train,train,train,train,train,train,train,train,test
dataT/pod_rot_black/black_pod_rot_431.jpg,1,1,dataT/pod_rot_black/black_pod_rot_431.jpg,b7e5383fa2e53cb79a492ba8c36af027,db7424f1be0490be,1080,1080,cache_256/dataT/pod_rot_black/black_pod_rot_431.png,1080x1080,A,1628,1637,train,train,train,test,train,train,train,test,train,train,train,train,test,val,train
dataT/pod_rot_black/black_pod_rot_432.jpg,1,1,dataT/pod_rot_black/black_pod_rot_432.jpg,4c6d5cf5420be44d0b3a09b9ae52b861,c398889fa0c6feb8,1080,1080,cache_256/dataT/pod_rot_black/black_pod_rot_432.png,1080x1080,A,1638,1638,train,train,train,test,train,val,val,train,test,val,test,train,train,train,train
dataT/pod_rot_black/black_pod_rot_433.jpg,1,1,dataT/pod_rot_black/black_pod_rot_433.jpg,df94068ba3af20231da3e8fd52c5c190,c6e163369e19633c,1080,1080,cache_256/dataT/pod_rot_black/black_pod_rot_433.png,1080x1080,A,1628,1639,train,train,train,test,train,train,train,test,train,train,train,train,test,val,train
dataT/pod_rot_black/black_pod_rot_434.jpg,1,1,dataT/pod_rot_black/black_pod_rot_434.jpg,de5d1008c15fe290d005da2948217449,bcc2eca067f5222e,1080,1080,cache_256/dataT/pod_rot_black/black_pod_rot_434.png,1080x1080,A,1628,1640,train,train,train,test,train,train,train,test,train,train,train,train,test,val,train
dataT/pod_rot_black/black_pod_rot_435.jpg,1,1,dataT/pod_rot_black/black_pod_rot_435.jpg,50457f0b6eda92bef1d0603a728e734d,ccab7a39888eaf82,1080,1080,cache_256/dataT/pod_rot_black/black_pod_rot_435.png,1080x1080,A,1641,1641,train,train,val,train,test,train,test,val,val,train,train,test,train,train,train
dataT/pod_rot_black/black_pod_rot_436.jpg,1,1,dataT/pod_rot_black/black_pod_rot_436.jpg,14bab47f13f95fc2330c4fa159315cc1,8bac3a333b437a4a,1080,1080,cache_256/dataT/pod_rot_black/black_pod_rot_436.png,1080x1080,A,1642,1642,train,train,train,val,test,train,train,train,train,test,train,train,test,train,train
dataT/pod_rot_black/black_pod_rot_437.jpg,1,1,dataT/pod_rot_black/black_pod_rot_437.jpg,5f4dcdbf18e005cc51c20fc86c91aaf9,ec70d3b30687f0d8,1080,1080,cache_256/dataT/pod_rot_black/black_pod_rot_437.png,1080x1080,A,1643,1643,train,test,train,train,val,train,test,train,train,train,val,train,train,train,test
dataT/pod_rot_black/black_pod_rot_438.jpg,1,1,dataT/pod_rot_black/black_pod_rot_438.jpg,ef4de37eb8111965e676829b22c6a7ae,d8fc7068de8888dd,1080,1080,cache_256/dataT/pod_rot_black/black_pod_rot_438.png,1080x1080,A,1643,1644,train,test,train,train,val,train,test,train,train,train,val,train,train,train,test
dataT/pod_rot_black/black_pod_rot_439.jpg,1,1,dataT/pod_rot_black/black_pod_rot_439.jpg,fb0b037fbe943e82ef7c68a8713fe154,d2f40c772718b69c,1080,1080,cache_256/dataT/pod_rot_black/black_pod_rot_439.png,1080x1080,A,1645,1645,train,train,val,test,train,train,train,test,train,train,train,val,train,train,test
dataT/pod_rot_black/black_pod_rot_44.jpg,1,1,dataT/pod_rot_black/black_pod_rot_44.jpg,d4db1a78e35fb23a98a7b0c5fcf6a4df,de0d953627e266e0,1080,1080,cache_256/dataT/pod_rot_black/black_pod_rot_44.png,1080x1080,A,1557,1646,train,train,train,test,val,train,val,train,train,test,test,train,train,train,train
dataT/pod_rot_black/black_pod_rot_440.jpg,1,1,dataT/pod_rot_black/black_pod_rot_440.jpg,3105022570868ee71a9c0af42c1ba740,caed5d6663e440c6,1080,1080,cache_256/dataT/pod_rot_black/black_pod_rot_440.png,1080x1080,A,1647,1647,test,train,train,train,train,val,train,train,train,test,train,train,val,test,train
dataT/pod_rot_black/black_pod_rot_441.jpg,1,1,dataT/pod_rot_black/black_pod_rot_441.jpg,e9b773289fe643017ef044b891933be7,d2c98925a5a6aeb5,1080,1080,cache_256/dataT/pod_rot_black/black_pod_rot_441.png,1080x1080,A,1643,1648,train,test,train,train,val,train,test,train,train,train,val,train,train,train,test
dataT/pod_rot_black/black_pod_rot_442.jpg,1,1,dataT/pod_rot_black/black_pod_rot_442.jpg,b376915ff32ed654ace7e7019d97baa4,b8fd39262741e686,1080,1080,cache_256/dataT/pod_rot_black/black_pod_rot_442.png,1080x1080,A,1643,1649,train,test,train,train,val,train,test,train,train,train,val,train,train,train,test
dataT/pod_rot_black/black_pod_rot_443.jpg,1,1,dataT/pod_rot_black/black_pod_rot_443.jpg,c7467ab83d046fc56b5fc5e499e8fa3c,ca2da223e3cd9ec4,1080,1080,cache_256/dataT/pod_rot_black/black_pod_rot_443.png,1080x1080,A,1643,1650,train,test,train,train,val,train,test,train,train,train,val,train,train,train,test
dataT/pod_rot_black/black_pod_rot_444.jpg,1,1,dataT/pod_rot_black/black_pod_rot_444.jpg,2ccf2d6009ae2e6d8d7b49b29a0e5965,9665bd56e21d0c8d,1080,1080,cache_256/dataT/pod_rot_black/black_pod_rot_444.png,1080x1080,A,1643,1651,train,test,train,train,val,train,test,train,train,train,val,train,train,train,test
dataT/pod_rot_black/black_pod_rot_445.jpg,1,1,dataT/pod_rot_black/black_pod_rot_445.jpg,346caff0107e6103bfbfb15581e11ceb,f9c64c38223617af,1080,1080,cache_256/dataT/pod_rot_black/black_pod_rot_445.png,1080x1080,A,1643,1652,train,test,train,train,val,train,test,train,train,train,val,train,train,train,test
dataT/pod_rot_black/black_pod_rot_446.jpg,1,1,dataT/pod_rot_black/black_pod_rot_446.jpg,6b2278d31a737ca7c14a5960a8d246a3,ebe344e0fc0d1b0d,1080,1080,cache_256/dataT/pod_rot_black/black_pod_rot_446.png,1080x1080,A,1653,1653,train,val,train,train,test,train,train,test,val,train,train,test,train,val,train
dataT/pod_rot_black/black_pod_rot_447.jpg,1,1,dataT/pod_rot_black/black_pod_rot_447.jpg,62414ac9bd2edfff4e981f34199ac6d7,e206f8e37886e19e,1080,1080,cache_256/dataT/pod_rot_black/black_pod_rot_447.png,1080x1080,A,1653,1654,train,val,train,train,test,train,train,test,val,train,train,test,train,val,train
dataT/pod_rot_black/black_pod_rot_448.jpg,1,1,dataT/pod_rot_black/black_pod_rot_448.jpg,18c9a393e6177e8a14a8e29bf6ade45e,ec3863d28c9dd127,1080,1080,cache_256/dataT/pod_rot_black/black_pod_rot_448.png,1080x1080,A,1655,1655,train,test,train,train,train,train,train,train,test,train,train,val,train,train,test
dataT/pod_rot_black/black_pod_rot_449.jpg,1,1,dataT/pod_rot_black/black_pod_rot_449.jpg,561c71467b5c3d4a0c8135b2ee4f50bd,a3691e2779781d85,1080,1080,cache_256/dataT/pod_rot_black/black_pod_rot_449.png,1080x1080,A,1547,1656,train,train,test,train,train,train,train,train,test,train,train,val,train,train,test
dataT/pod_rot_black/black_pod_rot_45.jpg,1,1,dataT/pod_rot_black/black_pod_rot_45.jpg,b7def369e9d06f0a591f6967b476b717,96271973e6c64e0d,1080,1080,cache_256/dataT/pod_rot_black/black_pod_rot_45.png,1080x1080,A,1557,1657,train,train,train,test,val,train,val,train,train,test,test,train,train,train,train
dataT/pod_rot_black/black_pod_rot_450.jpg,1,1,dataT/pod_rot_black/black_pod_rot_450.jpg,ecf7b8c3570e89bd754dd24871f24e6f,9e309af3cac82f89,1080,1080,cache_256/dataT/pod_rot_black/black_pod_rot_450.png,1080x1080,A,1561,1658,train,train,train,train,test,train,train,train,test,train,train,train,val,test,train
dataT/pod_rot_black/black_pod_rot_451.jpg,1,1,dataT/pod_rot_black/black_pod_rot_451.jpg,8f1feeedc0e2e840f78b42e1e3487421,8e18c42d56e75a4f,1080,1080,cache_256/dataT/pod_rot_black/black_pod_rot_451.png,1080x1080,A,1618,1659,train,train,test,train,train,train,test,train,train,train,train,train,val,train,test
dataT/pod_rot_black/black_pod_rot_452.jpg,1,1,dataT/pod_rot_black/black_pod_rot_452.jpg,abc975afa33e74e8cadab58892d6bc9f,e395dc904d88577c,1080,1080,cache_256/dataT/pod_rot_black/black_pod_rot_452.png,1080x1080,A,1660,1660,test,val,train,train,train,train,val,train,train,test,train,train,test,train,train
dataT/pod_rot_black/black_pod_rot_453.jpg,1,1,dataT/pod_rot_black/black_pod_rot_453.jpg,9f685a4e3306b3b078a7554ddef3deb9,a472d922a0a7ffc1,1080,1080,cache_256/dataT/pod_rot_black/black_pod_rot_453.png,1080x1080,A,1561,1661,train,train,train,train,test,train,train,train,test,train,train,train,val,test,train
dataT/pod_rot_black/black_pod_rot_454.jpg,1,1,dataT/pod_rot_black/black_pod_rot_454.jpg,b01954d353aaba2b5fd4b21838f2a4ef,cd5773633195c18c,1080,1080,cache_256/dataT/pod_rot_black/black_pod_rot_454.png,1080x1080,A,1662,1662,train,train,test,train,train,train,train,test,train,train,train,test,train,val,train
dataT/pod_rot_black/black_pod_rot_455.jpg,1,1,dataT/pod_rot_black/black_pod_rot_455.jpg,18bdc3fc2896b7e241dfcdd3289789c8,cf630cb4f2791133,1080,1080,cache_256/dataT/pod_rot_black/black_pod_rot_455.png,1080x1080,A,238,1663,train,val,train,test,val,test,train,train,train,train,train,val,test,train,train
dataT/pod_rot_black/black_pod_rot_456.jpg,1,1,dataT/pod_rot_black/black_pod_rot_456.jpg,65c82010596b55e6988de04202359738,cfad1d160890f8db,1080,1080,cache_256/dataT/pod_rot_black/black_pod_rot_456.png,1080x1080,A,238,1664,train,val,train,test,val,test,train,train,train,train,train,val,test,train,train
dataT/pod_rot_black/black_pod_rot_457.jpg,1,1,dataT/pod_rot_black/black_pod_rot_457.jpg,dc1747e95d1e921950abc1a11bfa5141,ea1c8a269687ddd8,1080,1080,cache_256/dataT/pod_rot_black/black_pod_rot_457.png,1080x1080,A,238,1665,train,val,train,test,val,test,train,train,train,train,train,val,test,train,train
dataT/pod_rot_black/black_pod_rot_458.jpg,1,1,dataT/pod_rot_black/black_pod_rot_458.jpg,410ce403d3013cd30e44e1d7852123cf,86f16c26a7d03a5b,1080,1080,cache_256/dataT/pod_rot_black/black_pod_rot_458.png,1080x1080,A,238,1666,train,val,train,test,val,test,train,train,train,train,train,val,test,train,train
dataT/pod_rot_black/black_pod_rot_459.jpg,1,1,dataT/pod_rot_black/black_pod_rot_459.jpg,f0e9737bb54ec593986196d14d29f299,84e3f434779b3312,1080,1080,cache_256/dataT/pod_rot_black/black_pod_rot_459.png,1080x1080,A,238,1667,train,val,train,test,val,test,train,train,train,train,train,val,test,train,train
dataT/pod_rot_black/black_pod_rot_46.jpg,1,1,dataT/pod_rot_black/black_pod_rot_46.jpg,a6b4d95bf063e81870eb5cb6da398f5d,938ecf6318919597,1080,1080,cache_256/dataT/pod_rot_black/black_pod_rot_46.png,1080x1080,A,1668,1668,train,val,train,test,train,train,train,test,train,train,test,train,train,train,train
dataT/pod_rot_black/black_pod_rot_460.jpg,1,1,dataT/pod_rot_black/black_pod_rot_460.jpg,eb90d6328f8fb1b4daf30b15355bb16e,dd8c09a15e6ba761,1080,1080,cache_256/dataT/pod_rot_black/black_pod_rot_460.png,1080x1080,A,1669,1669,train,train,train,train,test,train,test,train,train,train,train,train,train,test,train
dataT/pod_rot_black/black_pod_rot_461.jpg,1,1,dataT/pod_rot_black/black_pod_rot_461.jpg,d29c54fd8bb73302a33a012b6e02b497,c77a9970307cb45c,1080,1080,cache_256/dataT/pod_rot_black/black_pod_rot_461.png,1080x1080,A,1670,1670,train,train,test,train,train,train,train,train,train,test,test,train,train,train,train
dataT/pod_rot_black/black_pod_rot_462.jpg,1,1,dataT/pod_rot_black/black_pod_rot_462.jpg,c0793aa819c0b24c23b920ea82729851,96bca1237913535b,1080,1080,cache_256/dataT/pod_rot_black/black_pod_rot_462.png,1080x1080,A,238,1671,train,val,train,test,val,test,train,train,train,train,train,val,test,train,train
dataT/pod_rot_black/black_pod_rot_463.jpg,1,1,dataT/pod_rot_black/black_pod_rot_463.jpg,7a5b51409abc94c88ce35dca3132c350,bcb1197c7281e783,1080,1080,cache_256/dataT/pod_rot_black/black_pod_rot_463.png,1080x1080,A,238,1672,train,val,train,test,val,test,train,train,train,train,train,val,test,train,train
dataT/pod_rot_black/black_pod_rot_464.jpg,1,1,dataT/pod_rot_black/black_pod_rot_464.jpg,4e748ee3b8de753c674c9c0ca431ad84,f435477232ceb0d8,1080,1080,cache_256/dataT/pod_rot_black/black_pod_rot_464.png,1080x1080,A,1673,1673,val,val,train,val,test,test,train,train,val,train,train,train,train,test,train
dataT/pod_rot_black/black_pod_rot_465.jpg,1,1,dataT/pod_rot_black/black_pod_rot_465.jpg,10259624a11cc7e09636ca185c776b7a,9f7ca0a6e2cd8c1c,1080,1080,cache_256/dataT/pod_rot_black/black_pod_rot_465.png,1080x1080,A,1674,1674,val,train,train,test,val,train,train,train,test,train,test,train,val,train,train
dataT/pod_rot_black/black_pod_rot_466.jpg,1,1,dataT/pod_rot_black/black_pod_rot_466.jpg,f8860b41cbe8cd8e1b98d738babc56e9,f2908bc2dea2be0b,1080,1080,cache_256/dataT/pod_rot_black/black_pod_rot_466.png,1080x1080,A,1675,1675,train,train,train,test,train,train,test,val,train,train,train,train,train,train,test
dataT/pod_rot_black/black_pod_rot_467.jpg,1,1,dataT/pod_rot_black/black_pod_rot_467.jpg,9b975992a29c7bc0db93c8ef27660dd6,ecc42c6775a98a4d,1080,1080,cache_256/dataT/pod_rot_black/black_pod_rot_467.png,1080x1080,A,1674,1676,val,train,train,test,val,train,train,train,test,train,test,train,val,train,train
dataT/pod_rot_black/black_pod_rot_468.jpg,1,1,dataT/pod_rot_black/black_pod_rot_468.jpg,34032a5ab71b37ec3e53b842e3c5d179,e4675b33410707cf,1080,1080,cache_256/dataT/pod_rot_black/black_pod_rot_468.png,1080x1080,A,1677,1677,train,test,train,train,train,val,train,test,train,train,train,test,train,train,train
dataT/pod_rot_black/black_pod_rot_469.jpg,1,1,dataT/pod_rot_black/black_pod_rot_469.jpg,ddc7ff8ba4a395810952fc7fa6432e22,8c847414b7db1bab,1080,1080,cache_256/dataT/pod_rot_black/black_pod_rot_469.png,1080x1080,A,1678,1678,train,train,val,test,val,val,train,train,test,train,train,train,test,val,train
dataT/pod_rot_black/black_pod_rot_47.jpg,1,1,dataT/pod_rot_black/black_pod_rot_47.jpg,0d78d6111ad2dc9019e7f78bbf58241e,d2eae93714a22766,1080,1080,cache_256/dataT/pod_rot_black/black_pod_rot_47.png,1080x1080,A,1557,1679,train,train,train,test,val,train,val,train,train,test,test,train,train,train,train
dataT/pod_rot_black/black_pod_rot_470.jpg,1,1,dataT/pod_rot_black/black_pod_rot_470.jpg,f0dae48ca7a79e5855f4f2d5b1a7787d,c8a5377d43696c68,1080,1080,cache_256/dataT/pod_rot_black/black_pod_rot_470.png,1080x1080,A,1678,1680,train,train,val,test,val,val,train,train,test,train,train,train,test,val,train
dataT/pod_rot_black/black_pod_rot_471.jpg,1,1,dataT/pod_rot_black/black_pod_rot_471.jpg,3905ad3349f26520d3c5b7d6dd52c7fa,dede51108dc1fbc0,1080,1080,cache_256/dataT/pod_rot_black/black_pod_rot_471.png,1080x1080,A,238,1681,train,val,train,test,val,test,train,train,train,train,train,val,test,train,train
dataT/pod_rot_black/black_pod_rot_472.jpg,1,1,dataT/pod_rot_black/black_pod_rot_472.jpg,f588a5e2e43b904399450253cf9efeba,e2a21a39afed858c,1080,1080,cache_256/dataT/pod_rot_black/black_pod_rot_472.png,1080x1080,A,238,1682,train,val,train,test,val,test,train,train,train,train,train,val,test,train,train
dataT/pod_rot_black/black_pod_rot_473.jpg,1,1,dataT/pod_rot_black/black_pod_rot_473.jpg,fda81893f19e0e472b919286be535878,f4cd903770d6ea82,1080,1080,cache_256/dataT/pod_rot_black/black_pod_rot_473.png,1080x1080,A,1683,1683,test,train,train,train,train,train,train,train,val,test,train,train,train,train,test
dataT/pod_rot_black/black_pod_rot_474.jpg,1,1,dataT/pod_rot_black/black_pod_rot_474.jpg,9e26691c40d044771be8b0260c23a4f9,9edc6d606bb23611,1080,1080,cache_256/dataT/pod_rot_black/black_pod_rot_474.png,1080x1080,A,1684,1684,train,train,train,train,test,train,test,train,train,train,train,test,train,train,train
dataT/pod_rot_black/black_pod_rot_475.jpg,1,1,dataT/pod_rot_black/black_pod_rot_475.jpg,8f3c66501fee17fd9371f39096aebec7,b74c6a7263e31532,1080,1080,cache_256/dataT/pod_rot_black/black_pod_rot_475.png,1080x1080,A,1685,1685,train,test,train,train,train,train,train,test,train,train,train,train,train,train,test
dataT/pod_rot_black/black_pod_rot_476.jpg,1,1,dataT/pod_rot_black/black_pod_rot_476.jpg,6ca99807406494b667f453bf66bcce68,d2c7817770bad28c,1080,1080,cache_256/dataT/pod_rot_black/black_pod_rot_476.png,1080x1080,A,1683,1686,test,train,train,train,train,train,train,train,val,test,train,train,train,train,test
dataT/pod_rot_black/black_pod_rot_477.jpg,1,1,dataT/pod_rot_black/black_pod_rot_477.jpg,c9391d05979995100c2d89d606cb4e22,d8cfd0163acb0db8,1080,1080,cache_256/dataT/pod_rot_black/black_pod_rot_477.png,1080x1080,A,1683,1687,test,train,train,train,train,train,train,train,val,test,train,train,train,train,test
dataT/pod_rot_black/black_pod_rot_478.jpg,1,1,dataT/pod_rot_black/black_pod_rot_478.jpg,056a43f694a5e50db828e29fdf647c3b,87283d6177c3cc56,1080,1080,cache_256/dataT/pod_rot_black/black_pod_rot_478.png,1080x1080,A,1688,1688,train,val,train,train,test,train,train,train,test,train,train,val,test,train,val
dataT/pod_rot_black/black_pod_rot_479.jpg,1,1,dataT/pod_rot_black/black_pod_rot_479.jpg,1c800ac367d8a74a937b8e3dd0f46248,e6088e3dfcf8b0d0,1080,1080,cache_256/dataT/pod_rot_black/black_pod_rot_479.png,1080x1080,A,1691,1689,train,test,train,train,val,train,train,val,train,test,train,train,test,train,train
dataT/pod_rot_black/black_pod_rot_48.jpg,1,1,dataT/pod_rot_black/black_pod_rot_48.jpg,324de99a00f370dae9d7e684476c3f1a,f30a477298b55867,1080,1080,cache_256/dataT/pod_rot_black/black_pod_rot_48.png,1080x1080,A,1690,1690,train,test,train,train,val,test,val,train,train,train,train,train,train,test,train
dataT/pod_rot_black/black_pod_rot_480.jpg,1,1,dataT/pod_rot_black/black_pod_rot_480.jpg,c9c0ad9145505bfb23e7f56fc46e8b22,92c459363087f6bd,1080,1080,cache_256/dataT/pod_rot_black/black_pod_rot_480.png,1080x1080,A,1691,1691,train,test,train,train,val,train,train,val,train,test,train,train,test,train,train
dataT/pod_rot_black/black_pod_rot_481.jpg,1,1,dataT/pod_rot_black/black_pod_rot_481.jpg,e6d7a6d5dd35a214115523d9ed18ad62,db4ccd761426e8a6,1080,1080,cache_256/dataT/pod_rot_black/black_pod_rot_481.png,1080x1080,A,1691,1692,train,test,train,train,val,train,train,val,train,test,train,train,test,train,train
dataT/pod_rot_black/black_pod_rot_482.jpg,1,1,dataT/pod_rot_black/black_pod_rot_482.jpg,2409978ff1e135a8e9c26ed18cc38887,cccec8273f3670c1,1080,1080,cache_256/dataT/pod_rot_black/black_pod_rot_482.png,1080x1080,A,1691,1693,train,test,train,train,val,train,train,val,train,test,train,train,test,train,train
dataT/pod_rot_black/black_pod_rot_483.jpg,1,1,dataT/pod_rot_black/black_pod_rot_483.jpg,70b913c66f091098b618a9d65b20d9d9,d7d7505e495a688a,1080,1080,cache_256/dataT/pod_rot_black/black_pod_rot_483.png,1080x1080,A,1694,1694,train,test,train,train,train,train,test,train,train,train,train,train,train,train,test
dataT/pod_rot_black/black_pod_rot_484.jpg,1,1,dataT/pod_rot_black/black_pod_rot_484.jpg,9774607fc1f89dd793c150df8e8641ca,dcdc745e631a29a8,1080,1080,cache_256/dataT/pod_rot_black/black_pod_rot_484.png,1080x1080,A,1694,1695,train,test,train,train,train,train,test,train,train,train,train,train,train,train,test
dataT/pod_rot_black/black_pod_rot_485.jpg,1,1,dataT/pod_rot_black/black_pod_rot_485.jpg,a28633746ab9360a033367b7b6b98f43,f2e6b8b213899572,1080,1080,cache_256/dataT/pod_rot_black/black_pod_rot_485.png,1080x1080,A,1694,1696,train,test,train,train,train,train,test,train,train,train,train,train,train,train,test
dataT/pod_rot_black/black_pod_rot_486.jpg,1,1,dataT/pod_rot_black/black_pod_rot_486.jpg,bfe8093d7146844c3abe01cc13c99682,f341b866cfc3d188,1080,1080,cache_256/dataT/pod_rot_black/black_pod_rot_486.png,1080x1080,A,1697,1697,train,train,test,train,train,train,train,test,train,train,val,train,val,test,train
dataT/pod_rot_black/black_pod_rot_487.jpg,1,1,dataT/pod_rot_black/black_pod_rot_487.jpg,b8c4849f3f63460fe1bbfef53a25925f,859bb93173b48696,1080,1080,cache_256/dataT/pod_rot_black/black_pod_rot_487.png,1080x1080,A,1698,1698,train,train,train,test,train,val,train,test,train,val,train,test,train,train,train
dataT/pod_rot_black/black_pod_rot_488.jpg,1,1,dataT/pod_rot_black/black_pod_rot_488.jpg,558679ae179333f38cf3c2b12953b6db,ba6d6da60f5c9890,1080,1080,cache_256/dataT/pod_rot_black/black_pod_rot_488.png,1080x1080,A,1697,1699,train,train,test,train,train,train,train,test,train,train,val,train,val,test,train
dataT/pod_rot_black/black_pod_rot_489.jpg,1,1,dataT/pod_rot_black/black_pod_rot_489.jpg,9d5faf13530afeb18765d38cdab3a959,965ddb1a3a387521,1080,1080,cache_256/dataT/pod_rot_black/black_pod_rot_489.png,1080x1080,A,1700,1700,test,train,val,train,train,train,train,train,test,train,train,test,train,train,train
dataT/pod_rot_black/black_pod_rot_49.jpg,1,1,dataT/pod_rot_black/black_pod_rot_49.jpg,f16c4125b9e2b80ddc72622c49e54890,b4453b3ea589ecc8,1080,1080,cache_256/dataT/pod_rot_black/black_pod_rot_49.png,1080x1080,A,1701,1701,train,test,train,train,train,train,val,train,val,test,train,train,test,train,train
dataT/pod_rot_black/black_pod_rot_490.jpg,1,1,dataT/pod_rot_black/black_pod_rot_490.jpg,abb6bc8478493b0c2b090f63428a2e5e,b6a2b9f7b0029cd2,1080,1080,cache_256/dataT/pod_rot_black/black_pod_rot_490.png,1080x1080,A,1697,1702,train,train,test,train,train,train,train,test,train,train,val,train,val,test,train
dataT/pod_rot_black/black_pod_rot_491.jpg,1,1,dataT/pod_rot_black/black_pod_rot_491.jpg,49308b9f04e70e7583639e4a016f72e5,c9f1cd6632d09785,1080,1080,cache_256/dataT/pod_rot_black/black_pod_rot_491.png,1080x1080,A,1703,1703,train,train,test,train,train,train,train,train,train,test,train,train,train,test,train
dataT/pod_rot_black/black_pod_rot_492.jpg,1,1,dataT/pod_rot_black/black_pod_rot_492.jpg,9b6d7491bcdaef86e5ebc259d071387f,cf31b36c730083ee,1080,1080,cache_256/dataT/pod_rot_black/black_pod_rot_492.png,1080x1080,A,1703,1704,train,train,test,train,train,train,train,train,train,test,train,train,train,test,train
dataT/pod_rot_black/black_pod_rot_493.jpg,1,1,dataT/pod_rot_black/black_pod_rot_493.jpg,1477dd2dc63f820469584315a5b505c1,d2698ce21ed79a98,1080,1080,cache_256/dataT/pod_rot_black/black_pod_rot_493.png,1080x1080,A,1528,1705,train,train,train,test,train,train,test,train,train,train,train,train,test,train,train
dataT/pod_rot_black/black_pod_rot_494.jpg,1,1,dataT/pod_rot_black/black_pod_rot_494.jpg,c4e940ab9fd2252a3f777b8a359ac53d,99a4a85d16ebdd03,1080,1080,cache_256/dataT/pod_rot_black/black_pod_rot_494.png,1080x1080,A,1706,1706,val,train,train,test,train,train,train,test,train,train,test,train,train,val,train
dataT/pod_rot_black/black_pod_rot_495.jpg,1,1,dataT/pod_rot_black/black_pod_rot_495.jpg,61860e1fbb8e6e0034d52f228cc5c0c0,8ca3a87d6b497a13,1080,1080,cache_256/dataT/pod_rot_black/black_pod_rot_495.png,1080x1080,A,1528,1707,train,train,train,test,train,train,test,train,train,train,train,train,test,train,train
dataT/pod_rot_black/black_pod_rot_496.jpg,1,1,dataT/pod_rot_black/black_pod_rot_496.jpg,df983b5366e8ff08b328e863eba2bdea,cdd8487752e3e1a4,1080,1080,cache_256/dataT/pod_rot_black/black_pod_rot_496.png,1080x1080,A,1708,1708,train,train,val,test,train,train,train,train,train,test,train,test,train,train,train
dataT/pod_rot_black/black_pod_rot_497.jpg,1,1,dataT/pod_rot_black/black_pod_rot_497.jpg,b3053e7a25e6770ac0cf73b8c5c89d55,b6bad9f309e110c3,1080,1080,cache_256/dataT/pod_rot_black/black_pod_rot_497.png,1080x1080,A,1709,1709,test,train,train,train,train,train,test,train,train,train,train,train,test,train,train
dataT/pod_rot_black/black_pod_rot_498.jpg,1,1,dataT/pod_rot_black/black_pod_rot_498.jpg,fe2bd78dddeb6a4704d8e95f331d8ab1,bfb95546562ab290,1080,1080,cache_256/dataT/pod_rot_black/black_pod_rot_498.png,1080x1080,A,1528,1710,train,train,train,test,train,train,test,train,train,train,train,train,test,train,train
dataT/pod_rot_black/black_pod_rot_499.jpg,1,1,dataT/pod_rot_black/black_pod_rot_499.jpg,b1fac7a0f508aa5dc73fdcc62b2568c4,df4e8c236787e089,1080,1080,cache_256/dataT/pod_rot_black/black_pod_rot_499.png,1080x1080,A,1711,1711,train,train,train,val,test,val,val,train,test,train,train,test,train,train,val
dataT/pod_rot_black/black_pod_rot_5.jpg,1,1,dataT/pod_rot_black/black_pod_rot_5.jpg,2a1b8f10874ec0cba2991c4c066d4856,d8a034363a63f3f2,1080,1080,cache_256/dataT/pod_rot_black/black_pod_rot_5.png,1080x1080,A,1712,1712,train,train,train,test,train,test,train,train,train,train,train,train,test,train,train
dataT/pod_rot_black/black_pod_rot_50.jpg,1,1,dataT/pod_rot_black/black_pod_rot_50.jpg,000fbe8db7387a4105a4eec361400a7a,f3cfcc9a0d8138b4,1080,1080,cache_256/dataT/pod_rot_black/black_pod_rot_50.png,1080x1080,A,1713,1713,test,train,val,val,val,train,train,train,test,train,train,train,train,test,val
dataT/pod_rot_black/black_pod_rot_500.jpg,1,1,dataT/pod_rot_black/black_pod_rot_500.jpg,f989c55f4869e18f69e5908aca18982e,df5e38270e4c309b,1080,1080,cache_256/dataT/pod_rot_black/black_pod_rot_500.png,1080x1080,A,1711,1714,train,train,train,val,test,val,val,train,test,train,train,test,train,train,val
dataT/pod_rot_black/black_pod_rot_501.jpg,1,1,dataT/pod_rot_black/black_pod_rot_501.jpg,18c379351c1c676d4119ea4adda42e42,fc5c1835622f67c8,1080,1080,cache_256/dataT/pod_rot_black/black_pod_rot_501.png,1080x1080,A,1711,1715,train,train,train,val,test,val,val,train,test,train,train,test,train,train,val
dataT/pod_rot_black/black_pod_rot_502.jpg,1,1,dataT/pod_rot_black/black_pod_rot_502.jpg,7977d13b67716db66616f2c66cdb4187,dc5a383763cf8388,1080,1080,cache_256/dataT/pod_rot_black/black_pod_rot_502.png,1080x1080,A,1711,1716,train,train,train,val,test,val,val,train,test,train,train,test,train,train,val
dataT/pod_rot_black/black_pod_rot_503.jpg,1,1,dataT/pod_rot_black/black_pod_rot_503.jpg,f829e19ae6a8197f23d9e0af08d12d6e,dc522d27678d922d,1080,1080,cache_256/dataT/pod_rot_black/black_pod_rot_503.png,1080x1080,A,1711,1717,train,train,train,val,test,val,val,train,test,train,train,test,train,train,val
dataT/pod_rot_black/black_pod_rot_504.jpg,1,1,dataT/pod_rot_black/black_pod_rot_504.jpg,32296b8c006a3472e0d322e09c3516c1,d8483937232fc68f,1080,1080,cache_256/dataT/pod_rot_black/black_pod_rot_504.png,1080x1080,A,1711,1718,train,train,train,val,test,val,val,train,test,train,train,test,train,train,val
dataT/pod_rot_black/black_pod_rot_505.jpg,1,1,dataT/pod_rot_black/black_pod_rot_505.jpg,2479593609b6ac8366084f99d69327f1,dc449ca5674e760e,1080,1080,cache_256/dataT/pod_rot_black/black_pod_rot_505.png,1080x1080,A,1711,1719,train,train,train,val,test,val,val,train,test,train,train,test,train,train,val
dataT/pod_rot_black/black_pod_rot_506.jpg,1,1,dataT/pod_rot_black/black_pod_rot_506.jpg,8a5eab9df4ecf7104daa99e8e1a35b88,df4c3c3233887c8e,1080,1080,cache_256/dataT/pod_rot_black/black_pod_rot_506.png,1080x1080,A,1711,1720,train,train,train,val,test,val,val,train,test,train,train,test,train,train,val
dataT/pod_rot_black/black_pod_rot_507.jpg,1,1,dataT/pod_rot_black/black_pod_rot_507.jpg,da12c1f5f0c9364c80455832c89f0a17,ef1a062164757733,1080,1080,cache_256/dataT/pod_rot_black/black_pod_rot_507.png,1080x1080,A,1721,1721,test,train,val,train,train,train,test,train,val,train,train,train,train,train,test
dataT/pod_rot_black/black_pod_rot_508.jpg,1,1,dataT/pod_rot_black/black_pod_rot_508.jpg,6757d8e23d6b7fb13f2542b75dc99c9b,df583832660ff01b,1080,1080,cache_256/dataT/pod_rot_black/black_pod_rot_508.png,1080x1080,A,1711,1722,train,train,train,val,test,val,val,train,test,train,train,test,train,train,val
dataT/pod_rot_black/black_pod_rot_509.jpg,1,1,dataT/pod_rot_black/black_pod_rot_509.jpg,b870019a358f8a92830de68cdb0c1970,db5c30233f89618f,1080,1080,cache_256/dataT/pod_rot_black/black_pod_rot_509.png,1080x1080,A,1711,1723,train,train,train,val,test,val,val,train,test,train,train,test,train,train,val
dataT/pod_rot_black/black_pod_rot_51.jpg,1,1,dataT/pod_rot_black/black_pod_rot_51.jpg,459ced84e1a9a41639a45bce77bc962e,92d9d9e56151a653,1080,1080,cache_256/dataT/pod_rot_black/black_pod_rot_51.png,1080x1080,A,1557,1724,train,train,train,test,val,train,val,train,train,test,test,train,train,train,train
dataT/pod_rot_black/black_pod_rot_510.jpg,1,1,dataT/pod_rot_black/black_pod_rot_510.jpg,671e1ce8ad45a29431ec4a18c2a42db6,db5f7c276604c990,1080,1080,cache_256/dataT/pod_rot_black/black_pod_rot_510.png,1080x1080,A,1711,1725,train,train,train,val,test,val,val,train,test,train,train,test,train,train,val
dataT/pod_rot_black/black_pod_rot_511.jpg,1,1,dataT/pod_rot_black/black_pod_rot_511.jpg,55cd49f36f935568a9994bc0564d3158,db78a42224e69c7e,1080,1080,cache_256/dataT/pod_rot_black/black_pod_rot_511.png,1080x1080,A,1711,1726,train,train,train,val,test,val,val,train,test,train,train,test,train,train,val
dataT/pod_rot_black/black_pod_rot_512.jpg,1,1,dataT/pod_rot_black/black_pod_rot_512.jpg,511d5f302b90ef703dfb0aa1776c9e58,db5bb440768c7899,1080,1080,cache_256/dataT/pod_rot_black/black_pod_rot_512.png,1080x1080,A,1711,1727,train,train,train,val,test,val,val,train,test,train,train,test,train,train,val
dataT/pod_rot_black/black_pod_rot_513.jpg,1,1,dataT/pod_rot_black/black_pod_rot_513.jpg,aa9d1863d5bebda64d6ea52b4ada3ce3,db5a2427676c13b2,1080,1080,cache_256/dataT/pod_rot_black/black_pod_rot_513.png,1080x1080,A,1711,1728,train,train,train,val,test,val,val,train,test,train,train,test,train,train,val
dataT/pod_rot_black/black_pod_rot_514.jpg,1,1,dataT/pod_rot_black/black_pod_rot_514.jpg,a772bf956f0c7093e6f49a014ae4a921,c9ec782fc340de0b,1080,1080,cache_256/dataT/pod_rot_black/black_pod_rot_514.png,1080x1080,A,1729,1729,train,test,train,train,train,train,train,test,train,train,train,train,train,train,test
dataT/pod_rot_black/black_pod_rot_515.jpg,1,1,dataT/pod_rot_black/black_pod_rot_515.jpg,a27dfc77a86f12df68d83560eb18c621,fbd9cf56f002ba00,1080,1080,cache_256/dataT/pod_rot_black/black_pod_rot_515.png,1080x1080,A,1730,1730,train,val,test,train,train,train,train,test,train,train,train,train,train,test,train
dataT/pod_rot_black/black_pod_rot_516.jpg,1,1,dataT/pod_rot_black/black_pod_rot_516.jpg,c7ee5458fba2f16682cd77a96b46efa1,b0f1416377de6644,1080,1080,cache_256/dataT/pod_rot_black/black_pod_rot_516.png,1080x1080,A,1731,1731,train,train,train,train,test,train,train,train,test,train,train,train,test,val,train
dataT/pod_rot_black/black_pod_rot_517.jpg,1,1,dataT/pod_rot_black/black_pod_rot_517.jpg,c30503780cb4f28f7c6d08bd81fa38c9,99e3666681b1eb4a,1080,1080,cache_256/dataT/pod_rot_black/black_pod_rot_517.png,1080x1080,A,1733,1732,train,test,train,train,train,train,val,train,train,test,train,val,val,train,test
dataT/pod_rot_black/black_pod_rot_518.jpg,1,1,dataT/pod_rot_black/black_pod_rot_518.jpg,740487776f9af037978e93805d2a37d2,8e092377dc955972,1080,1080,cache_256/dataT/pod_rot_black/black_pod_rot_518.png,1080x1080,A,1733,1733,train,test,train,train,train,train,val,train,train,test,train,val,val,train,test
dataT/pod_rot_black/black_pod_rot_519.jpg,1,1,dataT/pod_rot_black/black_pod_rot_519.jpg,d052de2fe879498b5e628627d945dbec,9d25234beac4d2f4,1080,1080,cache_256/dataT/pod_rot_black/black_pod_rot_519.png,1080x1080,A,1733,1734,train,test,train,train,train,train,val,train,train,test,train,val,val,train,test
dataT/pod_rot_black/black_pod_rot_52.jpg,1,1,dataT/pod_rot_black/black_pod_rot_52.jpg,7e1c5d9205b770dc8d885b6117831ba1,e7248e5bc88c79ca,1080,1080,cache_256/dataT/pod_rot_black/black_pod_rot_52.png,1080x1080,A,1713,1735,test,train,val,val,val,train,train,train,test,train,train,train,train,test,val
dataT/pod_rot_black/black_pod_rot_520.jpg,1,1,dataT/pod_rot_black/black_pod_rot_520.jpg,ecdbb34fdddc9ac246b9f3ab982c1603,b43bf8e060c1cfc3,1080,1080,cache_256/dataT/pod_rot_black/black_pod_rot_520.png,1080x1080,A,1736,1736,train,train,test,train,val,train,test,train,train,train,train,test,train,val,train
dataT/pod_rot_black/black_pod_rot_521.jpg,1,1,dataT/pod_rot_black/black_pod_rot_521.jpg,c0632932c6fc6a0bb7dfe8052c6d8a48,c2603c7a239f5367,1080,1080,cache_256/dataT/pod_rot_black/black_pod_rot_521.png,1080x1080,A,1740,1737,train,train,train,train,test,train,train,train,test,train,test,train,val,train,train
dataT/pod_rot_black/black_pod_rot_522.jpg,1,1,dataT/pod_rot_black/black_pod_rot_522.jpg,17ce886fcebc8ac493cf8ccff469dbf0,cd2723785cc5d386,1080,1080,cache_256/dataT/pod_rot_black/black_pod_rot_522.png,1080x1080,A,1740,1738,train,train,train,train,test,train,train,train,test,train,test,train,val,train,train
dataT/pod_rot_black/black_pod_rot_523.jpg,1,1,dataT/pod_rot_black/black_pod_rot_523.jpg,af1e486cc9f4b4cc6ce7c9e74ed666e7,9b7b6cb488d2d82a,1080,1080,cache_256/dataT/pod_rot_black/black_pod_rot_523.png,1080x1080,A,1740,1739,train,train,train,train,test,train,train,train,test,train,test,train,val,train,train
dataT/pod_rot_black/black_pod_rot_524.jpg,1,1,dataT/pod_rot_black/black_pod_rot_524.jpg,7abf7ac24dfa68e3f2bd98664a599f22,e0a41339ded0aeb6,1080,1080,cache_256/dataT/pod_rot_black/black_pod_rot_524.png,1080x1080,A,1740,1740,train,train,train,train,test,train,train,train,test,train,test,train,val,train,train
dataT/pod_rot_black/black_pod_rot_525.jpg,1,1,dataT/pod_rot_black/black_pod_rot_525.jpg,129d981ca16eb93caa9d7a7343cdfd14,f230b866afe460bc,1080,1080,cache_256/dataT/pod_rot_black/black_pod_rot_525.png,1080x1080,A,1740,1741,train,train,train,train,test,train,train,train,test,train,test,train,val,train,train
dataT/pod_rot_black/black_pod_rot_526.jpg,1,1,dataT/pod_rot_black/black_pod_rot_526.jpg,b8ed3160d1024b861b468a4296f42632,a1387872f2030ffe,1080,1080,cache_256/dataT/pod_rot_black/black_pod_rot_526.png,1080x1080,A,1742,1742,test,train,train,train,train,val,train,train,test,train,train,train,test,train,train
dataT/pod_rot_black/black_pod_rot_527.jpg,1,1,dataT/pod_rot_black/black_pod_rot_527.jpg,26253f406721ae1625e6102a5fc56881,ce0c1d7752a1afa1,1080,1080,cache_256/dataT/pod_rot_black/black_pod_rot_527.png,1080x1080,A,1743,1743,train,train,train,train,test,test,train,train,train,train,train,train,test,train,train
dataT/pod_rot_black/black_pod_rot_528.jpg,1,1,dataT/pod_rot_black/black_pod_rot_528.jpg,b486c1a163ed837128e1aee3f71c8c74,e7e694f033d33209,1080,1080,cache_256/dataT/pod_rot_black/black_pod_rot_528.png,1080x1080,A,1744,1744,train,test,val,train,train,train,test,train,train,val,train,train,train,test,train
dataT/pod_rot_black/black_pod_rot_529.jpg,1,1,dataT/pod_rot_black/black_pod_rot_529.jpg,a7dfe5d7826934e1d905d1ce7452f507,f7e749a83414ee06,1080,1080,cache_256/dataT/pod_rot_black/black_pod_rot_529.png,1080x1080,A,1744,1745,train,test,val,train,train,train,test,train,train,val,train,train,train,test,train
dataT/pod_rot_black/black_pod_rot_53.jpg,1,1,dataT/pod_rot_black/black_pod_rot_53.jpg,7e9b0a313aafd4fb4471d607af5b00dc,ec9e8563e8e52586,1080,1080,cache_256/dataT/pod_rot_black/black_pod_rot_53.png,1080x1080,A,1746,1746,val,train,train,test,train,train,train,test,train,train,val,train,train,train,test
dataT/pod_rot_black/black_pod_rot_530.jpg,1,1,dataT/pod_rot_black/black_pod_rot_530.jpg,ebc1170e40f59b50c1fa52b87aa2cd25,b4caa887b9aa64bc,1080,1080,cache_256/dataT/pod_rot_black/black_pod_rot_530.png,1080x1080,A,1747,1747,test,train,train,train,train,train,train,train,val,test,train,train,train,test,train
dataT/pod_rot_black/black_pod_rot_531.jpg,1,1,dataT/pod_rot_black/black_pod_rot_531.jpg,eaa7f42bb7382dcc7f2331ded7bc8d70,82fdf1c1638fd888,1080,1080,cache_256/dataT/pod_rot_black/black_pod_rot_531.png,1080x1080,A,1752,1748,train,test,train,val,train,train,test,train,val,train,val,train,train,train,test
dataT/pod_rot_black/black_pod_rot_532.jpg,1,1,dataT/pod_rot_black/black_pod_rot_532.jpg,177d125ab77e310b404d55a380fc2ec3,cca4b13735c2535b,1080,1080,cache_256/dataT/pod_rot_black/black_pod_rot_532.png,1080x1080,A,1752,1749,train,test,train,val,train,train,test,train,val,train,val,train,train,train,test
dataT/pod_rot_black/black_pod_rot_533.jpg,1,1,dataT/pod_rot_black/black_pod_rot_533.jpg,24ee3fe67377fc53ec3c64118bbf746a,ccc9382e2bb925b5,1080,1080,cache_256/dataT/pod_rot_black/black_pod_rot_533.png,1080x1080,A,1752,1750,train,test,train,val,train,train,test,train,val,train,val,train,train,train,test
dataT/pod_rot_black/black_pod_rot_534.jpg,1,1,dataT/pod_rot_black/black_pod_rot_534.jpg,d3dbab5ad39fd49091e659ac3ef0773c,a193df34ddf8a808,1080,1080,cache_256/dataT/pod_rot_black/black_pod_rot_534.png,1080x1080,A,1752,1751,train,test,train,val,train,train,test,train,val,train,val,train,train,train,test
dataT/pod_rot_black/black_pod_rot_535.jpg,1,1,dataT/pod_rot_black/black_pod_rot_535.jpg,2208709d7f9c3bef91f84ed204407214,ece0c963f0c6be90,1080,1080,cache_256/dataT/pod_rot_black/black_pod_rot_535.png,1080x1080,A,1752,1752,train,test,train,val,train,train,test,train,val,train,val,train,train,train,test
dataT/pod_rot_black/black_pod_rot_536.jpg,1,1,dataT/pod_rot_black/black_pod_rot_536.jpg,d49d0438d097276723049a8b0d126226,c5cd9d2d31e03ae4,1080,1080,cache_256/dataT/pod_rot_black/black_pod_rot_536.png,1080x1080,A,1752,1753,train,test,train,val,train,train,test,train,val,train,val,train,train,train,test
dataT/pod_rot_black/black_pod_rot_537.jpg,1,1,dataT/pod_rot_black/black_pod_rot_537.jpg,57b073aa954defece13cd59fd3e57daa,e2ae9c163aca3572,1080,1080,cache_256/dataT/pod_rot_black/black_pod_rot_537.png,1080x1080,A,1752,1754,train,test,train,val,train,train,test,train,val,train,val,train,train,train,test
dataT/pod_rot_black/black_pod_rot_538.jpg,1,1,dataT/pod_rot_black/black_pod_rot_538.jpg,8e2a849d1f63b4a6d7b9208c30e07a34,8fce45b1c157168b,1080,1080,cache_256/dataT/pod_rot_black/black_pod_rot_538.png,1080x1080,A,1755,1755,train,val,test,train,train,train,train,test,train,train,train,train,train,test,train
dataT/pod_rot_black/black_pod_rot_539.jpg,1,1,dataT/pod_rot_black/black_pod_rot_539.jpg,de55cb0b795c700a405889b206fbce8e,c6bcdd3642666266,1080,1080,cache_256/dataT/pod_rot_black/black_pod_rot_539.png,1080x1080,A,1756,1756,train,train,val,test,train,train,train,train,test,train,train,test,train,train,val
dataT/pod_rot_black/black_pod_rot_54.jpg,1,1,dataT/pod_rot_black/black_pod_rot_54.jpg,5334a62471600eeb4aa740ee1e56e921,97b3da726305227a,1080,1080,cache_256/dataT/pod_rot_black/black_pod_rot_54.png,1080x1080,A,1557,1757,train,train,train,test,val,train,val,train,train,test,test,train,train,train,train
dataT/pod_rot_black/black_pod_rot_540.jpg,1,1,dataT/pod_rot_black/black_pod_rot_540.jpg,2268b3929bb57781fb475b4c4052c18d,b6a8e9316f49069e,1080,1080,cache_256/dataT/pod_rot_black/black_pod_rot_540.png,1080x1080,A,1758,1758,train,train,train,train,test,train,train,train,train,test,train,train,val,test,train
dataT/pod_rot_black/black_pod_rot_541.jpg,1,1,dataT/pod_rot_black/black_pod_rot_541.jpg,280e8f572b983ab76911f0fa882d1afb,833364e5476e689b,1080,1080,cache_256/dataT/pod_rot_black/black_pod_rot_541.png,1080x1080,A,1759,1759,train,train,train,test,train,val,train,test,train,train,train,train,val,train,test
dataT/pod_rot_black/black_pod_rot_542.jpg,1,1,dataT/pod_rot_black/black_pod_rot_542.jpg,865dc43642184245e3ef80976090755e,b9583e6631c371c3,1080,1080,cache_256/dataT/pod_rot_black/black_pod_rot_542.png,1080x1080,A,1760,1760,test,train,train,train,val,test,train,val,train,train,test,train,train,train,train
dataT/pod_rot_black/black_pod_rot_543.jpg,1,1,dataT/pod_rot_black/black_pod_rot_543.jpg,0da92b9e3807de2f4b9f50135d059f13,a2131dbef6c1e223,1080,1080,cache_256/dataT/pod_rot_black/black_pod_rot_543.png,1080x1080,A,1760,1761,test,train,train,train,val,test,train,val,train,train,test,train,train,train,train
dataT/pod_rot_black/black_pod_rot_544.jpg,1,1,dataT/pod_rot_black/black_pod_rot_544.jpg,9441f9498eb191870b5afbd83b3bee5f,99997576ec84845e,1080,1080,cache_256/dataT/pod_rot_black/black_pod_rot_544.png,1080x1080,A,1760,1762,test,train,train,train,val,test,train,val,train,train,test,train,train,train,train
dataT/pod_rot_black/black_pod_rot_545.jpg,1,1,dataT/pod_rot_black/black_pod_rot_545.jpg,f44c6fa9f8efe7d6d7c0402fdd6b452f,c4d4316785947b6b,1080,1080,cache_256/dataT/pod_rot_black/black_pod_rot_545.png,1080x1080,A,1760,1763,test,train,train,train,val,test,train,val,train,train,test,train,train,train,train
dataT/pod_rot_black/black_pod_rot_546.jpg,1,1,dataT/pod_rot_black/black_pod_rot_546.jpg,de811cd20ca058dbf9468f2e4251a316,8dc6ae45cf4a5534,1080,1080,cache_256/dataT/pod_rot_black/black_pod_rot_546.png,1080x1080,A,1764,1764,val,train,train,test,train,train,test,train,train,train,train,train,test,train,train
dataT/pod_rot_black/black_pod_rot_547.jpg,1,1,dataT/pod_rot_black/black_pod_rot_547.jpg,0f8b1c3380194d312b7ab770ed8f9af0,92ca4c3db4ca5c7a,1080,1080,cache_256/dataT/pod_rot_black/black_pod_rot_547.png,1080x1080,A,1765,1765,train,test,train,train,train,train,train,test,train,val,train,test,train,val,train
dataT/pod_rot_black/black_pod_rot_548.jpg,1,1,dataT/pod_rot_black/black_pod_rot_548.jpg,077ddb840a408211c7b042c52d8d2146,b3d07842236f5f2c,1080,1080,cache_256/dataT/pod_rot_black/black_pod_rot_548.png,1080x1080,A,1766,1766,train,train,test,train,train,train,train,train,test,train,val,train,test,train,train
dataT/pod_rot_black/black_pod_rot_549.jpg,1,1,dataT/pod_rot_black/black_pod_rot_549.jpg,f66b021a03671d92506e5c0fef52e743,bbd0ed656443854b,1080,1080,cache_256/dataT/pod_rot_black/black_pod_rot_549.png,1080x1080,A,1647,1767,test,train,train,train,train,val,train,train,train,test,train,train,val,test,train
dataT/pod_rot_black/black_pod_rot_55.jpg,1,1,dataT/pod_rot_black/black_pod_rot_55.jpg,1ef5ea0cea56f8f806578eb44eda253c,933979e036f38338,1080,1080,cache_256/dataT/pod_rot_black/black_pod_rot_55.png,1080x1080,A,1557,1768,train,train,train,test,val,train,val,train,train,test,test,train,train,train,train
dataT/pod_rot_black/black_pod_rot_550.jpg,1,1,dataT/pod_rot_black/black_pod_rot_550.jpg,8abddc5dd7eff948a84b297979d04ee0,9cbd634040e0fd6f,1080,1080,cache_256/dataT/pod_rot_black/black_pod_rot_550.png,1080x1080,A,1769,1769,train,val,train,val,test,test,val,train,val,train,val,train,train,test,train
dataT/pod_rot_black/black_pod_rot_551.jpg,1,1,dataT/pod_rot_black/black_pod_rot_551.jpg,4ee2a0ccc53418e3c546f25e1bb6c4a6,eeac69f6b4c70282,1080,1080,cache_256/dataT/pod_rot_black/black_pod_rot_551.png,1080x1080,A,1770,1770,train,train,test,train,train,train,train,train,test,train,train,train,test,train,train
dataT/pod_rot_black/black_pod_rot_552.jpg,1,1,dataT/pod_rot_black/black_pod_rot_552.jpg,b045525b565a256eb29e012e3a444ac5,a749ccf70e2235a5,1080,1080,cache_256/dataT/pod_rot_black/black_pod_rot_552.png,1080x1080,A,1771,1771,train,test,train,val,train,train,train,train,test,train,test,train,train,train,train
dataT/pod_rot_black/black_pod_rot_553.jpg,1,1,dataT/pod_rot_black/black_pod_rot_553.jpg,8651b04ab7400d4b7378c2ccdb418933,e6e6a99536cb1318,1080,1080,cache_256/dataT/pod_rot_black/black_pod_rot_553.png,1080x1080,A,1770,1772,train,train,test,train,train,train,train,train,test,train,train,train,test,train,train
dataT/pod_rot_black/black_pod_rot_554.jpg,1,1,dataT/pod_rot_black/black_pod_rot_554.jpg,2c167b76d4bb63a4a5644b72798b2e3f,a9789e6368e6609e,1080,1080,cache_256/dataT/pod_rot_black/black_pod_rot_554.png,1080x1080,A,1770,1773,train,train,test,train,train,train,train,train,test,train,train,train,test,train,train
dataT/pod_rot_black/black_pod_rot_555.jpg,1,1,dataT/pod_rot_black/black_pod_rot_555.jpg,cf3a629dd40f5f5f44795c3cb093cbd8,b3cf894322d6b94a,1080,1080,cache_256/dataT/pod_rot_black/black_pod_rot_555.png,1080x1080,A,1765,1774,train,test,train,train,train,train,train,test,train,val,train,test,train,val,train
dataT/pod_rot_black/black_pod_rot_556.jpg,1,1,dataT/pod_rot_black/black_pod_rot_556.jpg,47ce32920743a39cc1c3a5f09028abe1,f3a30966f0f0e8ac,1080,1080,cache_256/dataT/pod_rot_black/black_pod_rot_556.png,1080x1080,A,1770,1775,train,train,test,train,train,train,train,train,test,train,train,train,test,train,train
dataT/pod_rot_black/black_pod_rot_557.jpg,1,1,dataT/pod_rot_black/black_pod_rot_557.jpg,73024c7469dcb34c7bab1738aa4f09b3,a7e3422ebdf8c08a,1080,1080,cache_256/dataT/pod_rot_black/black_pod_rot_557.png,1080x1080,A,1770,1776,train,train,test,train,train,train,train,train,test,train,train,train,test,train,train
dataT/pod_rot_black/black_pod_rot_558.jpg,1,1,dataT/pod_rot_black/black_pod_rot_558.jpg,27cbd4142bae40e0f388a836cfd9370a,b5bed8a121f036d8,1080,1080,cache_256/dataT/pod_rot_black/black_pod_rot_558.png,1080x1080,A,1770,1777,train,train,test,train,train,train,train,train,test,train,train,train,test,train,train
dataT/pod_rot_black/black_pod_rot_559.jpg,1,1,dataT/pod_rot_black/black_pod_rot_559.jpg,f5a9d1d8e997df18f2ce647e7c4663d7,a5ec6c7290f1a9e2,1080,1080,cache_256/dataT/pod_rot_black/black_pod_rot_559.png,1080x1080,A,1770,1778,train,train,test,train,train,train,train,train,test,train,train,train,test,train,train
dataT/pod_rot_black/black_pod_rot_56.jpg,1,1,dataT/pod_rot_black/black_pod_rot_56.jpg,eda6796c3258fd2a99084735f028cac3,b21cfb23d903d9c8,1080,1080,cache_256/dataT/pod_rot_black/black_pod_rot_56.png,1080x1080,A,1779,1779,train,val,train,test,val,train,train,train,train,test,val,train,train,test,train
dataT/pod_rot_black/black_pod_rot_560.jpg,1,1,dataT/pod_rot_black/black_pod_rot_560.jpg,615feeb33d5c83cfaff62802db064097,ece9a936e35134b0,1080,1080,cache_256/dataT/pod_rot_black/black_pod_rot_560.png,1080x1080,A,1770,1780,train,train,test,train,train,train,train,train,test,train,train,train,test,train,train
dataT/pod_rot_black/black_pod_rot_561.jpg,1,1,dataT/pod_rot_black/black_pod_rot_561.jpg,7cb933e29597fb00ed675b996a3a5106,d9d9673584276e0a,1080,1080,cache_256/dataT/pod_rot_black/black_pod_rot_561.png,1080x1080,A,1781,1781,train,test,train,train,train,train,test,train,train,train,train,train,train,train,test
dataT/pod_rot_black/black_pod_rot_562.jpg,1,1,dataT/pod_rot_black/black_pod_rot_562.jpg,839a4cc3efb7011f3d4f25ea8b3db350,9a8c23ee2cf9898d,1080,1080,cache_256/dataT/pod_rot_black/black_pod_rot_562.png,1080x1080,A,1770,1782,train,train,test,train,train,train,train,train,test,train,train,train,test,train,train
dataT/pod_rot_black/black_pod_rot_563.jpg,1,1,dataT/pod_rot_black/black_pod_rot_563.jpg,42c2424a98eb074cd6e3e5ea0d11f607,dbac268e06c9e9f0,1080,1080,cache_256/dataT/pod_rot_black/black_pod_rot_563.png,1080x1080,A,1770,1783,train,train,test,train,train,train,train,train,test,train,train,train,test,train,train
dataT/pod_rot_black/black_pod_rot_564.jpg,1,1,dataT/pod_rot_black/black_pod_rot_564.jpg,baacff88fb1d324e7f166ed32d4ed5c5,d9ea366cc9cccc90,1080,1080,cache_256/dataT/pod_rot_black/black_pod_rot_564.png,1080x1080,A,1770,1784,train,train,test,train,train,train,train,train,test,train,train,train,test,train,train
dataT/pod_rot_black/black_pod_rot_565.jpg,1,1,dataT/pod_rot_black/black_pod_rot_565.jpg,2214f7e2973e12edd9676de158a9321e,fabcbb654a46940a,1080,1080,cache_256/dataT/pod_rot_black/black_pod_rot_565.png,1080x1080,A,1770,1785,train,train,test,train,train,train,train,train,test,train,train,train,test,train,train
dataT/pod_rot_black/black_pod_rot_566.jpg,1,1,dataT/pod_rot_black/black_pod_rot_566.jpg,d2798c4bd2c089c988ec048f9008bf75,b7f8d3e751582083,1080,1080,cache_256/dataT/pod_rot_black/black_pod_rot_566.png,1080x1080,A,1770,1786,train,train,test,train,train,train,train,train,test,train,train,train,test,train,train
dataT/pod_rot_black/black_pod_rot_567.jpg,1,1,dataT/pod_rot_black/black_pod_rot_567.jpg,0736a5d215f5557eb0c61023e0c1bf41,e8cc9e660126f9e6,1080,1080,cache_256/dataT/pod_rot_black/black_pod_rot_567.png,1080x1080,A,1770,1787,train,train,test,train,train,train,train,train,test,train,train,train,test,train,train
dataT/pod_rot_black/black_pod_rot_568.jpg,1,1,dataT/pod_rot_black/black_pod_rot_568.jpg,cc083c41b4184f60a8b17871a999750a,e2ecd4725df122e0,1080,1080,cache_256/dataT/pod_rot_black/black_pod_rot_568.png,1080x1080,A,1770,1788,train,train,test,train,train,train,train,train,test,train,train,train,test,train,train
dataT/pod_rot_black/black_pod_rot_569.jpg,1,1,dataT/pod_rot_black/black_pod_rot_569.jpg,900c9f86703dc66844b74351a34faab7,a4eb9433b31e1cd4,1080,1080,cache_256/dataT/pod_rot_black/black_pod_rot_569.png,1080x1080,A,1770,1789,train,train,test,train,train,train,train,train,test,train,train,train,test,train,train
dataT/pod_rot_black/black_pod_rot_57.jpg,1,1,dataT/pod_rot_black/black_pod_rot_57.jpg,844bf981e28dd6aee30c9a4a95956a23,b78fc03eb036bca0,1080,1080,cache_256/dataT/pod_rot_black/black_pod_rot_57.png,1080x1080,A,1790,1790,train,train,train,test,train,train,test,train,val,train,train,train,test,train,train
dataT/pod_rot_black/black_pod_rot_570.jpg,1,1,dataT/pod_rot_black/black_pod_rot_570.jpg,19256e190479f4db9e542ad220321a15,e6ce96708b319b13,1080,1080,cache_256/dataT/pod_rot_black/black_pod_rot_570.png,1080x1080,A,1770,1791,train,train,test,train,train,train,train,train,test,train,train,train,test,train,train
dataT/pod_rot_black/black_pod_rot_571.jpg,1,1,dataT/pod_rot_black/black_pod_rot_571.jpg,f369611e34ea297e9cb35a22944d51eb,b2b31f62f2c2c594,1080,1080,cache_256/dataT/pod_rot_black/black_pod_rot_571.png,1080x1080,A,1770,1792,train,train,test,train,train,train,train,train,test,train,train,train,test,train,train
dataT/pod_rot_black/black_pod_rot_572.jpg,1,1,dataT/pod_rot_black/black_pod_rot_572.jpg,c43202cf4bd26a195a195767e3842ffe,e7b9bc5a49581938,1080,1080,cache_256/dataT/pod_rot_black/black_pod_rot_572.png,1080x1080,A,1793,1793,train,test,train,train,train,train,test,train,train,train,train,test,train,val,train
dataT/pod_rot_black/black_pod_rot_573.jpg,1,1,dataT/pod_rot_black/black_pod_rot_573.jpg,24e61e8034851b7382a2e702cd2c5e87,b38df53451e229e1,1080,1080,cache_256/dataT/pod_rot_black/black_pod_rot_573.png,1080x1080,A,1794,1794,train,train,val,train,test,train,train,test,train,train,train,train,test,val,train
dataT/pod_rot_black/black_pod_rot_574.jpg,1,1,dataT/pod_rot_black/black_pod_rot_574.jpg,302ccf823e566475128f7a4c7e2ba3c4,e3ed9c932d85248d,1080,1080,cache_256/dataT/pod_rot_black/black_pod_rot_574.png,1080x1080,A,1795,1795,train,train,test,train,train,val,test,train,train,train,test,train,val,train,train
dataT/pod_rot_black/black_pod_rot_575.jpg,1,1,dataT/pod_rot_black/black_pod_rot_575.jpg,03fc55e2ef9295b5d786a79a0317993f,991d84723b7be191,1080,1080,cache_256/dataT/pod_rot_black/black_pod_rot_575.png,1080x1080,A,1328,1796,val,test,train,train,val,train,train,val,test,train,train,train,val,train,test
dataT/pod_rot_black/black_pod_rot_576.jpg,1,1,dataT/pod_rot_black/black_pod_rot_576.jpg,998b7fe0c3275a0c8f8d92ccea64d054,9fb350c3a68e6741,1080,1080,cache_256/dataT/pod_rot_black/black_pod_rot_576.png,1080x1080,A,1797,1797,val,train,train,train,test,val,train,test,train,train,train,train,train,test,train
dataT/pod_rot_black/black_pod_rot_577.jpg,1,1,dataT/pod_rot_black/black_pod_rot_577.jpg,898536b476ac7e1451675d6d9a415318,96b6d0c6cec46cc5,1080,1080,cache_256/dataT/pod_rot_black/black_pod_rot_577.png,1080x1080,A,1797,1798,val,train,train,train,test,val,train,test,train,train,train,train,train,test,train
dataT/pod_rot_black/black_pod_rot_578.jpg,1,1,dataT/pod_rot_black/black_pod_rot_578.jpg,ee9995caa5565bd4b719bb8fdc700533,c6ec8d36b4c211cf,1080,1080,cache_256/dataT/pod_rot_black/black_pod_rot_578.png,1080x1080,A,1797,1799,val,train,train,train,test,val,train,test,train,train,train,train,train,test,train
dataT/pod_rot_black/black_pod_rot_579.jpg,1,1,dataT/pod_rot_black/black_pod_rot_579.jpg,d111b5aaab44bf344ec39630abc59896,e9e34d6e28879b28,1080,1080,cache_256/dataT/pod_rot_black/black_pod_rot_579.png,1080x1080,A,1800,1800,train,test,train,val,train,train,train,train,test,val,train,test,train,train,train
dataT/pod_rot_black/black_pod_rot_58.jpg,1,1,dataT/pod_rot_black/black_pod_rot_58.jpg,8caafd4d260072154f16a8920765a21b,c739092f4ec2d64b,1080,1080,cache_256/dataT/pod_rot_black/black_pod_rot_58.png,1080x1080,A,1801,1801,train,train,test,train,val,train,train,train,train,test,train,train,train,train,test
dataT/pod_rot_black/black_pod_rot_580.jpg,1,1,dataT/pod_rot_black/black_pod_rot_580.jpg,8371bebda8d2f330e33eac92bff2f473,e1a90d7719c71c33,1080,1080,cache_256/dataT/pod_rot_black/black_pod_rot_580.png,1080x1080,A,1800,1802,train,test,train,val,train,train,train,train,test,val,train,test,train,train,train
dataT/pod_rot_black/black_pod_rot_581.jpg,1,1,dataT/pod_rot_black/black_pod_rot_581.jpg,09612846c81f7ebca8116f2383754005,b7ee5226a594a459,1080,1080,cache_256/dataT/pod_rot_black/black_pod_rot_581.png,1080x1080,A,1803,1803,train,train,test,train,train,train,train,train,test,train,train,train,train,train,test
dataT/pod_rot_black/black_pod_rot_582.jpg,1,1,dataT/pod_rot_black/black_pod_rot_582.jpg,997daeddafe7e28a5b47d27ce579ec11,f75ac8e61b808bd2,1080,1080,cache_256/dataT/pod_rot_black/black_pod_rot_582.png,1080x1080,A,1804,1804,train,val,train,train,test,train,test,train,train,train,train,train,train,train,test
dataT/pod_rot_black/black_pod_rot_583.jpg,1,1,dataT/pod_rot_black/black_pod_rot_583.jpg,f6668dc484dcc2f33e1027084ef27d92,e9c9a6b5b2999544,1080,1080,cache_256/dataT/pod_rot_black/black_pod_rot_583.png,1080x1080,A,1834,1805,train,test,train,train,train,train,test,train,train,train,train,train,train,val,test
dataT/pod_rot_black/black_pod_rot_584.jpg,1,1,dataT/pod_rot_black/black_pod_rot_584.jpg,2abe09acd15d2c12699725ac408cea7f,99c86e6534667aa6,1080,1080,cache_256/dataT/pod_rot_black/black_pod_rot_584.png,1080x1080,A,1834,1806,train,test,train,train,train,train,test,train,train,train,train,train,train,val,test
dataT/pod_rot_black/black_pod_rot_585.jpg,1,1,dataT/pod_rot_black/black_pod_rot_585.jpg,7d03ebf0be3f1b3290b739d73929ed69,cccc65733396a5c8,1080,1080,cache_256/dataT/pod_rot_black/black_pod_rot_585.png,1080x1080,A,1834,1807,train,test,train,train,train,train,test,train,train,train,train,train,train,val,test
dataT/pod_rot_black/black_pod_rot_586.jpg,1,1,dataT/pod_rot_black/black_pod_rot_586.jpg,2e900ebb5437f6c98b240855fe62da80,f3198c291cbe9af0,1080,1080,cache_256/dataT/pod_rot_black/black_pod_rot_586.png,1080x1080,A,1808,1808,train,train,test,train,train,train,train,test,train,train,train,test,train,train,train
dataT/pod_rot_black/black_pod_rot_587.jpg,1,1,dataT/pod_rot_black/black_pod_rot_587.jpg,d59f9fdde59aff597a554717ebce5e3b,d3a0a5e7e099e1e1,1080,1080,cache_256/dataT/pod_rot_black/black_pod_rot_587.png,1080x1080,A,1834,1809,train,test,train,train,train,train,test,train,train,train,train,train,train,val,test
dataT/pod_rot_black/black_pod_rot_588.jpg,1,1,dataT/pod_rot_black/black_pod_rot_588.jpg,5ff398a8ac089221e207396c06e537d3,a9b9454b66075adc,1080,1080,cache_256/dataT/pod_rot_black/black_pod_rot_588.png,1080x1080,A,1834,1810,train,test,train,train,train,train,test,train,train,train,train,train,train,val,test
dataT/pod_rot_black/black_pod_rot_589.jpg,1,1,dataT/pod_rot_black/black_pod_rot_589.jpg,f799c8fa0c576da71eb78c1e858bd5fb,b9f45daca49c90b1,1080,1080,cache_256/dataT/pod_rot_black/black_pod_rot_589.png,1080x1080,A,1834,1811,train,test,train,train,train,train,test,train,train,train,train,train,train,val,test
dataT/pod_rot_black/black_pod_rot_59.jpg,1,1,dataT/pod_rot_black/black_pod_rot_59.jpg,d220adc9c150c4f888f7e479f9ee85b7,92bb9878b4f003af,1080,1080,cache_256/dataT/pod_rot_black/black_pod_rot_59.png,1080x1080,A,1812,1812,train,train,train,test,train,train,train,test,train,train,train,train,test,train,train
dataT/pod_rot_black/black_pod_rot_590.jpg,1,1,dataT/pod_rot_black/black_pod_rot_590.jpg,8d533f5b588c5d5bba15aa12462bec82,9546e574c23ab91d,1080,1080,cache_256/dataT/pod_rot_black/black_pod_rot_590.png,1080x1080,A,1834,1813,train,test,train,train,train,train,test,train,train,train,train,train,train,val,test
dataT/pod_rot_black/black_pod_rot_591.jpg,1,1,dataT/pod_rot_black/black_pod_rot_591.jpg,c4edd47e3d20d4906cdec0e11a1d4034,e576b53af819b005,1080,1080,cache_256/dataT/pod_rot_black/black_pod_rot_591.png,1080x1080,A,1834,1814,train,test,train,train,train,train,test,train,train,train,train,train,train,val,test
dataT/pod_rot_black/black_pod_rot_592.jpg,1,1,dataT/pod_rot_black/black_pod_rot_592.jpg,6076cd063bd07e0fb343cfa0ff1a8ab1,ccdc3933f2822397,1080,1080,cache_256/dataT/pod_rot_black/black_pod_rot_592.png,1080x1080,A,1834,1815,train,test,train,train,train,train,test,train,train,train,train,train,train,val,test
dataT/pod_rot_black/black_pod_rot_593.jpg,1,1,dataT/pod_rot_black/black_pod_rot_593.jpg,7e5cb14537f69d5ca4d9db0ae35af531,b1b899317371ea4a,1080,1080,cache_256/dataT/pod_rot_black/black_pod_rot_593.png,1080x1080,A,1816,1816,test,train,train,train,val,test,val,train,train,train,train,train,train,test,train
dataT/pod_rot_black/black_pod_rot_594.jpg,1,1,dataT/pod_rot_black/black_pod_rot_594.jpg,95fe3f31727a52b7ecc5927b986b7bd5,9286ea938f8c9ccb,1080,1080,cache_256/dataT/pod_rot_black/black_pod_rot_594.png,1080x1080,A,1834,1817,train,test,train,train,train,train,test,train,train,train,train,train,train,val,test
dataT/pod_rot_black/black_pod_rot_595.jpg,1,1,dataT/pod_rot_black/black_pod_rot_595.jpg,f731df5ea47fcede35c68d16c01711aa,d8a7276686f8c923,1080,1080,cache_256/dataT/pod_rot_black/black_pod_rot_595.png,1080x1080,A,1834,1818,train,test,train,train,train,train,test,train,train,train,train,train,train,val,test
dataT/pod_rot_black/black_pod_rot_596.jpg,1,1,dataT/pod_rot_black/black_pod_rot_596.jpg,76734b75cda9803cc39e33aba32b8f70,a6a7d963c56c6c81,1080,1080,cache_256/dataT/pod_rot_black/black_pod_rot_596.png,1080x1080,A,1834,1819,train,test,train,train,train,train,test,train,train,train,train,train,train,val,test
dataT/pod_rot_black/black_pod_rot_597.jpg,1,1,dataT/pod_rot_black/black_pod_rot_597.jpg,451d61b1764eb6914881695947e57011,e72a9873171d398c,1080,1080,cache_256/dataT/pod_rot_black/black_pod_rot_597.png,1080x1080,A,1834,1820,train,test,train,train,train,train,test,train,train,train,train,train,train,val,test
dataT/pod_rot_black/black_pod_rot_598.jpg,1,1,dataT/pod_rot_black/black_pod_rot_598.jpg,6fb05cd925267c04ddf4b83fd8a7e11b,b6e4455e139e1aca,1080,1080,cache_256/dataT/pod_rot_black/black_pod_rot_598.png,1080x1080,A,1821,1821,train,train,train,test,train,train,train,train,test,train,train,test,train,val,train
dataT/pod_rot_black/black_pod_rot_599.jpg,1,1,dataT/pod_rot_black/black_pod_rot_599.jpg,1f8e69e667c1d2e6e72c2fe76f489216,bc43d162c3cf618d,1080,1080,cache_256/dataT/pod_rot_black/black_pod_rot_599.png,1080x1080,A,1834,1822,train,test,train,train,train,train,test,train,train,train,train,train,train,val,test
dataT/pod_rot_black/black_pod_rot_6.jpg,1,1,dataT/pod_rot_black/black_pod_rot_6.jpg,75d03bf73799988bc70d20bbe7f0e2de,f2388d231bcbecc8,1080,1080,cache_256/dataT/pod_rot_black/black_pod_rot_6.png,1080x1080,A,1823,1823,train,train,train,train,test,train,train,val,train,test,train,train,val,test,train
dataT/pod_rot_black/black_pod_rot_60.jpg,1,1,dataT/pod_rot_black/black_pod_rot_60.jpg,2688773e3d9e7d818f899e22acbeff33,f32ce87112939f83,1080,1080,cache_256/dataT/pod_rot_black/black_pod_rot_60.png,1080x1080,A,1824,1824,train,train,test,train,train,test,train,train,val,train,test,train,train,train,val
dataT/pod_rot_black/black_pod_rot_600.jpg,1,1,dataT/pod_rot_black/black_pod_rot_600.jpg,d068b2c79c806c79eba0258524026672,94b0e87bee1ec306,1080,1080,cache_256/dataT/pod_rot_black/black_pod_rot_600.png,1080x1080,A,1834,1825,train,test,train,train,train,train,test,train,train,train,train,train,train,val,test
dataT/pod_rot_black/black_pod_rot_601.jpg,1,1,dataT/pod_rot_black/black_pod_rot_601.jpg,4438895f500b32b04689a8c87bab7388,e5211ef55a14f0b9,1080,1080,cache_256/dataT/pod_rot_black/black_pod_rot_601.png,1080x1080,A,1834,1826,train,test,train,train,train,train,test,train,train,train,train,train,train,val,test
dataT/pod_rot_black/black_pod_rot_602.jpg,1,1,dataT/pod_rot_black/black_pod_rot_602.jpg,7eb80739a5ad5a7e15c2b5264851b24f,e2f1d1673d60ac52,1080,1080,cache_256/dataT/pod_rot_black/black_pod_rot_602.png,1080x1080,A,1834,1827,train,test,train,train,train,train,test,train,train,train,train,train,train,val,test
dataT/pod_rot_black/black_pod_rot_603.jpg,1,1,dataT/pod_rot_black/black_pod_rot_603.jpg,2cea89e341cbec104e9e420a35afab35,be8f434742e45696,1080,1080,cache_256/dataT/pod_rot_black/black_pod_rot_603.png,1080x1080,A,1834,1828,train,test,train,train,train,train,test,train,train,train,train,train,train,val,test
dataT/pod_rot_black/black_pod_rot_604.jpg,1,1,dataT/pod_rot_black/black_pod_rot_604.jpg,212d3a213469c7e121860625eaf737fe,a4c8cd656f4c32cb,1080,1080,cache_256/dataT/pod_rot_black/black_pod_rot_604.png,1080x1080,A,1379,1829,train,train,train,test,train,train,train,train,test,train,train,train,train,test,train
dataT/pod_rot_black/black_pod_rot_605.jpg,1,1,dataT/pod_rot_black/black_pod_rot_605.jpg,b9b3b0ab13c28dbf1a05f692fdafccd5,b2fe9c610567ac54,1080,1080,cache_256/dataT/pod_rot_black/black_pod_rot_605.png,1080x1080,A,1834,1830,train,test,train,train,train,train,test,train,train,train,train,train,train,val,test
dataT/pod_rot_black/black_pod_rot_606.jpg,1,1,dataT/pod_rot_black/black_pod_rot_606.jpg,18c056fb186dc89198cd1f3c38797d4b,bd10de42d667a8a6,1080,1080,cache_256/dataT/pod_rot_black/black_pod_rot_606.png,1080x1080,A,1834,1831,train,test,train,train,train,train,test,train,train,train,train,train,train,val,test
dataT/pod_rot_black/black_pod_rot_607.jpg,1,1,dataT/pod_rot_black/black_pod_rot_607.jpg,45346b1f1d7993dd77f6b3ede1a1cb14,c41bb71ae899239e,1080,1080,cache_256/dataT/pod_rot_black/black_pod_rot_607.png,1080x1080,A,1832,1832,train,val,val,test,train,train,train,train,test,train,train,val,test,train,train
dataT/pod_rot_black/black_pod_rot_608.jpg,1,1,dataT/pod_rot_black/black_pod_rot_608.jpg,35a9bc0b10fca6c3655964c57e586674,e4ad94620b36f716,1080,1080,cache_256/dataT/pod_rot_black/black_pod_rot_608.png,1080x1080,A,1834,1833,train,test,train,train,train,train,test,train,train,train,train,train,train,val,test
dataT/pod_rot_black/black_pod_rot_609.jpg,1,1,dataT/pod_rot_black/black_pod_rot_609.jpg,dc1d1e3f670c012f42a17a892abfd13e,fbc902128f9b8a8f,1080,1080,cache_256/dataT/pod_rot_black/black_pod_rot_609.png,1080x1080,A,1834,1834,train,test,train,train,train,train,test,train,train,train,train,train,train,val,test
dataT/pod_rot_black/black_pod_rot_61.jpg,1,1,dataT/pod_rot_black/black_pod_rot_61.jpg,1693274ce59fd88bc5ac034810ea4c00,d33b1d2665e6e601,1080,1080,cache_256/dataT/pod_rot_black/black_pod_rot_61.png,1080x1080,A,1824,1835,train,train,test,train,train,test,train,train,val,train,test,train,train,train,val
dataT/pod_rot_black/black_pod_rot_610.jpg,1,1,dataT/pod_rot_black/black_pod_rot_610.jpg,d6441991521425e58b34aa0ac7ec5032,b68c89f0de4f6330,1080,1080,cache_256/dataT/pod_rot_black/black_pod_rot_610.png,1080x1080,A,1836,1836,train,train,train,train,test,train,val,test,train,train,val,train,test,train,train
dataT/pod_rot_black/black_pod_rot_611.jpg,1,1,dataT/pod_rot_black/black_pod_rot_611.jpg,04a582b876aaff81345869c92f8618e7,f193dd3928693e0a,1080,1080,cache_256/dataT/pod_rot_black/black_pod_rot_611.png,1080x1080,A,1834,1837,train,test,train,train,train,train,test,train,train,train,train,train,train,val,test
dataT/pod_rot_black/black_pod_rot_612.jpg,1,1,dataT/pod_rot_black/black_pod_rot_612.jpg,f8af1393c703e13a25987db148ecc2f3,f3f0ca2e8db5211c,1080,1080,cache_256/dataT/pod_rot_black/black_pod_rot_612.png,1080x1080,A,1834,1838,train,test,train,train,train,train,test,train,train,train,train,train,train,val,test
dataT/pod_rot_black/black_pod_rot_613.jpg,1,1,dataT/pod_rot_black/black_pod_rot_613.jpg,16773632bb8f0545532d45e0a6d20dcb,e348583f6d2a9c99,1080,1080,cache_256/dataT/pod_rot_black/black_pod_rot_613.png,1080x1080,A,1839,1839,train,val,test,train,train,test,train,train,train,train,train,train,train,train,test
dataT/pod_rot_black/black_pod_rot_614.jpg,1,1,dataT/pod_rot_black/black_pod_rot_614.jpg,81560c02b47117d0d2036d5d7267f910,fe974e21a38c950e,1080,1080,cache_256/dataT/pod_rot_black/black_pod_rot_614.png,1080x1080,A,1840,1840,train,train,train,test,train,val,train,train,train,test,train,test,train,train,train
dataT/pod_rot_black/black_pod_rot_615.jpg,1,1,dataT/pod_rot_black/black_pod_rot_615.jpg,90f9d581b29ee0e656d0049acb352d4f,e7ae94520aa131bf,1080,1080,cache_256/dataT/pod_rot_black/black_pod_rot_615.png,1080x1080,A,1841,1841,train,test,train,train,train,train,test,train,val,train,train,train,test,train,train
dataT/pod_rot_black/black_pod_rot_616.jpg,1,1,dataT/pod_rot_black/black_pod_rot_616.jpg,a07b047f639cffcb6674a0322b6ac08c,e6e9ad355a3219c2,1080,1080,cache_256/dataT/pod_rot_black/black_pod_rot_616.png,1080x1080,A,1834,1842,train,test,train,train,train,train,test,train,train,train,train,train,train,val,test
dataT/pod_rot_black/black_pod_rot_617.jpg,1,1,dataT/pod_rot_black/black_pod_rot_617.jpg,6337ed5d1ec44b1d04856e219d1ff966,e2a9d5723253d84b,1080,1080,cache_256/dataT/pod_rot_black/black_pod_rot_617.png,1080x1080,A,1834,1820,train,test,train,train,train,train,test,train,train,train,train,train,train,val,test
dataT/pod_rot_black/black_pod_rot_618.jpg,1,1,dataT/pod_rot_black/black_pod_rot_618.jpg,48f215ce04c92b3d9391aa5ab1163657,ce2c9627937bb908,1080,1080,cache_256/dataT/pod_rot_black/black_pod_rot_618.png,1080x1080,A,1832,1844,train,val,val,test,train,train,train,train,test,train,train,val,test,train,train
dataT/pod_rot_black/black_pod_rot_619.jpg,1,1,dataT/pod_rot_black/black_pod_rot_619.jpg,29267e67322ab6e53497e822a9c8bfe7,ca9a8bfd0686d12d,1080,1080,cache_256/dataT/pod_rot_black/black_pod_rot_619.png,1080x1080,A,1845,1845,test,train,train,train,train,train,train,test,train,train,test,train,train,val,train
dataT/pod_rot_black/black_pod_rot_62.jpg,1,1,dataT/pod_rot_black/black_pod_rot_62.jpg,7f1d538e3b8050592ae3575b685484a7,bba3840686ed4bd9,1080,1080,cache_256/dataT/pod_rot_black/black_pod_rot_62.png,1080x1080,A,1824,1846,train,train,test,train,train,test,train,train,val,train,test,train,train,train,val
dataT/pod_rot_black/black_pod_rot_620.jpg,1,1,dataT/pod_rot_black/black_pod_rot_620.jpg,b18293f4cf0eeb1a4d36f8d432f55f92,a6ad63ae6532a5c2,1080,1080,cache_256/dataT/pod_rot_black/black_pod_rot_620.png,1080x1080,A,1847,1847,train,test,val,train,train,train,train,train,test,train,train,train,train,test,train
dataT/pod_rot_black/black_pod_rot_621.jpg,1,1,dataT/pod_rot_black/black_pod_rot_621.jpg,68384143aa76dbc00e2eeeb666f1a9ab,b2c9cab2b272b51a,1080,1080,cache_256/dataT/pod_rot_black/black_pod_rot_621.png,1080x1080,A,1848,1848,test,train,train,train,train,val,train,train,train,test,train,val,train,test,train
dataT/pod_rot_black/black_pod_rot_622.jpg,1,1,dataT/pod_rot_black/black_pod_rot_622.jpg,34bae68ff95caac25c4b9f0cf7406366,b8bee94b93176019,1080,1080,cache_256/dataT/pod_rot_black/black_pod_rot_622.png,1080x1080,A,1849,1849,train,train,test,val,train,train,train,test,train,train,train,train,test,train,train
dataT/pod_rot_black/black_pod_rot_623.jpg,1,1,dataT/pod_rot_black/black_pod_rot_623.jpg,55b965c0ac2c1802e6b214d85af98458,bfbf894cc01e8c94,1080,1080,cache_256/dataT/pod_rot_black/black_pod_rot_623.png,1080x1080,A,1849,1850,train,train,test,val,train,train,train,test,train,train,train,train,test,train,train
dataT/pod_rot_black/black_pod_rot_624.jpg,1,1,dataT/pod_rot_black/black_pod_rot_624.jpg,a8446cc34cef38a3da2a3f5ecf1d38b6,f3878ab5760166a9,1080,1080,cache_256/dataT/pod_rot_black/black_pod_rot_624.png,1080x1080,A,1851,1851,train,test,train,val,val,test,train,val,train,train,train,train,train,train,test
dataT/pod_rot_black/black_pod_rot_625.jpg,1,1,dataT/pod_rot_black/black_pod_rot_625.jpg,c4fab69a601076f6d41055e3d84aafba,aec5e963b4d5098c,1080,1080,cache_256/dataT/pod_rot_black/black_pod_rot_625.png,1080x1080,A,1852,1852,train,train,train,test,train,test,val,train,train,train,test,train,train,train,train
dataT/pod_rot_black/black_pod_rot_626.jpg,1,1,dataT/pod_rot_black/black_pod_rot_626.jpg,2b0e5b44a41184d973ed495eb60ca6e3,e3e6ac94305aeae1,1080,1080,cache_256/dataT/pod_rot_black/black_pod_rot_626.png,1080x1080,A,1853,1853,val,train,train,train,test,train,train,test,val,train,train,train,test,train,train
dataT/pod_rot_black/black_pod_rot_627.jpg,1,1,dataT/pod_rot_black/black_pod_rot_627.jpg,1db124a45512abd692c2414446609b50,a19157bf3ce061a6,1080,1080,cache_256/dataT/pod_rot_black/black_pod_rot_627.png,1080x1080,A,1854,1854,val,test,train,train,train,train,test,train,val,train,train,train,train,test,train
dataT/pod_rot_black/black_pod_rot_628.jpg,1,1,dataT/pod_rot_black/black_pod_rot_628.jpg,10127ee0cdd8198337b6250eefe0a845,f668a9a635b8f212,1080,1080,cache_256/dataT/pod_rot_black/black_pod_rot_628.png,1080x1080,A,1855,1855,train,val,train,test,train,train,train,test,val,val,train,train,train,train,test
dataT/pod_rot_black/black_pod_rot_629.jpg,1,1,dataT/pod_rot_black/black_pod_rot_629.jpg,3afd64ec750f3f09cdea2361a3516b5b,9eba711923d15ac3,1080,1080,cache_256/dataT/pod_rot_black/black_pod_rot_629.png,1080x1080,A,1856,1856,train,train,train,test,val,train,train,train,test,train,train,train,train,train,test
dataT/pod_rot_black/black_pod_rot_63.jpg,1,1,dataT/pod_rot_black/black_pod_rot_63.jpg,a5ee595ab08fdbeabdc0d70def982bef,c2e9dce3a61d130b,1080,1080,cache_256/dataT/pod_rot_black/black_pod_rot_63.png,1080x1080,A,1857,1857,train,train,test,train,train,train,val,test,train,train,val,test,val,train,train
dataT/pod_rot_black/black_pod_rot_630.jpg,1,1,dataT/pod_rot_black/black_pod_rot_630.jpg,a26136df467d5c94c736cf3dd55ab464,d198f86a6ba97612,1080,1080,cache_256/dataT/pod_rot_black/black_pod_rot_630.png,1080x1080,A,1854,1858,val,test,train,train,train,train,test,train,val,train,train,train,train,test,train
dataT/pod_rot_black/black_pod_rot_631.jpg,1,1,dataT/pod_rot_black/black_pod_rot_631.jpg,57fe4549e244ef3c714f08b95caf0446,8599d4d4394c67b6,1080,1080,cache_256/dataT/pod_rot_black/black_pod_rot_631.png,1080x1080,A,1854,1859,val,test,train,train,train,train,test,train,val,train,train,train,train,test,train
dataT/pod_rot_black/black_pod_rot_632.jpg,1,1,dataT/pod_rot_black/black_pod_rot_632.jpg,cb14308d3de9b62f3175e289cbcd7acd,f8870e3cc1f0f01f,1080,1080,cache_256/dataT/pod_rot_black/black_pod_rot_632.png,1080x1080,A,1860,1860,train,train,train,train,test,val,train,train,train,test,train,train,train,test,train
dataT/pod_rot_black/black_pod_rot_633.jpg,1,1,dataT/pod_rot_black/black_pod_rot_633.jpg,7029f7f0be5ac9d2ab3a3daa46fcd4cf,b0d09b0bc975591f,1080,1080,cache_256/dataT/pod_rot_black/black_pod_rot_633.png,1080x1080,A,1861,1861,train,train,val,train,test,test,train,train,train,train,test,train,train,train,train
dataT/pod_rot_black/black_pod_rot_634.jpg,1,1,dataT/pod_rot_black/black_pod_rot_634.jpg,472c490291b745150ca2d2eff087a7a8,fc1e8c61096379ea,1080,1080,cache_256/dataT/pod_rot_black/black_pod_rot_634.png,1080x1080,A,1862,1862,train,train,train,train,test,train,train,train,test,train,train,test,train,train,train
dataT/pod_rot_black/black_pod_rot_635.jpg,1,1,dataT/pod_rot_black/black_pod_rot_635.jpg,e2fb746b316345b82769dac6fca86da6,bc0e0f344b6196f9,1080,1080,cache_256/dataT/pod_rot_black/black_pod_rot_635.png,1080x1080,A,1862,1863,train,train,train,train,test,train,train,train,test,train,train,test,train,train,train
dataT/pod_rot_black/black_pod_rot_636.jpg,1,1,dataT/pod_rot_black/black_pod_rot_636.jpg,7012d5f5c6812d1ac1c5068253e0dc1e,e2ea8c31938a6fe4,1080,1080,cache_256/dataT/pod_rot_black/black_pod_rot_636.png,1080x1080,A,1864,1864,test,train,train,train,train,train,train,train,train,test,train,train,test,train,train
dataT/pod_rot_black/black_pod_rot_637.jpg,1,1,dataT/pod_rot_black/black_pod_rot_637.jpg,821296a1f285e201ae340a65198d7695,be03e183407efb4a,1080,1080,cache_256/dataT/pod_rot_black/black_pod_rot_637.png,1080x1080,A,1862,1865,train,train,train,train,test,train,train,train,test,train,train,test,train,train,train
dataT/pod_rot_black/black_pod_rot_638.jpg,1,1,dataT/pod_rot_black/black_pod_rot_638.jpg,b8abbf9c4e5842e6784f6929ec943498,f4d1d071dd230ce6,1080,1080,cache_256/dataT/pod_rot_black/black_pod_rot_638.png,1080x1080,A,1866,1866,train,train,train,test,train,val,test,train,train,train,train,val,train,test,val
dataT/pod_rot_black/black_pod_rot_639.jpg,1,1,dataT/pod_rot_black/black_pod_rot_639.jpg,8ed14a10100cdfe367f5b3fadad11f05,9b5ccc76f83b3410,1080,1080,cache_256/dataT/pod_rot_black/black_pod_rot_639.png,1080x1080,A,1867,1867,train,test,train,train,train,train,val,test,train,train,train,train,test,train,train
dataT/pod_rot_black/black_pod_rot_64.jpg,1,1,dataT/pod_rot_black/black_pod_rot_64.jpg,6e2110484c43738a134ded80891abb7b,e7265870b29ca6e3,1080,1080,cache_256/dataT/pod_rot_black/black_pod_rot_64.png,1080x1080,A,1824,1868,train,train,test,train,train,test,train,train,val,train,test,train,train,train,val
dataT/pod_rot_black/black_pod_rot_640.jpg,1,1,dataT/pod_rot_black/black_pod_rot_640.jpg,bd5f76d4ab3194138470f87765379ce1,bd2133ad621f42f1,1080,1080,cache_256/dataT/pod_rot_black/black_pod_rot_640.png,1080x1080,A,1869,1869,train,train,test,train,train,train,train,train,train,test,train,val,val,val,test
dataT/pod_rot_black/black_pod_rot_641.jpg,1,1,dataT/pod_rot_black/black_pod_rot_641.jpg,85c9379920fc6eb715135d5ca1d047ad,f9082ce2f62c939e,1080,1080,cache_256/dataT/pod_rot_black/black_pod_rot_641.png,1080x1080,A,1869,1870,train,train,test,train,train,train,train,train,train,test,train,val,val,val,test
dataT/pod_rot_black/black_pod_rot_642.jpg,1,1,dataT/pod_rot_black/black_pod_rot_642.jpg,635b0614bad3973f251f075cc8c70aa9,8b9dc46e2c3e3692,1080,1080,cache_256/dataT/pod_rot_black/black_pod_rot_642.png,1080x1080,A,1869,1871,train,train,test,train,train,train,train,train,train,test,train,val,val,val,test
dataT/pod_rot_black/black_pod_rot_643.jpg,1,1,dataT/pod_rot_black/black_pod_rot_643.jpg,b0509fd55422bc3566b5c53ab3bf9afc,d9d8246e1e0f1a8f,1080,1080,cache_256/dataT/pod_rot_black/black_pod_rot_643.png,1080x1080,A,1869,1872,train,train,test,train,train,train,train,train,train,test,train,val,val,val,test
dataT/pod_rot_black/black_pod_rot_644.jpg,1,1,dataT/pod_rot_black/black_pod_rot_644.jpg,5ba6f7ff7a6269a5e53f413f0a1eabc7,dfc89a2b257d6424,1080,1080,cache_256/dataT/pod_rot_black/black_pod_rot_644.png,1080x1080,A,1877,1873,train,train,train,test,val,train,train,train,test,train,train,train,train,test,train
dataT/pod_rot_black/black_pod_rot_645.jpg,1,1,dataT/pod_rot_black/black_pod_rot_645.jpg,8a414458820c784744dbb42420e105a2,b33d0e4340477d2f,1080,1080,cache_256/dataT/pod_rot_black/black_pod_rot_645.png,1080x1080,A,1874,1874,train,train,test,train,val,train,train,train,test,train,train,test,train,train,train
dataT/pod_rot_black/black_pod_rot_646.jpg,1,1,dataT/pod_rot_black/black_pod_rot_646.jpg,14da68b5e0f70ee0cdc55e1248a683da,9334696691eb213f,1080,1080,cache_256/dataT/pod_rot_black/black_pod_rot_646.png,1080x1080,A,1877,1875,train,train,train,test,val,train,train,train,test,train,train,train,train,test,train
dataT/pod_rot_black/black_pod_rot_647.jpg,1,1,dataT/pod_rot_black/black_pod_rot_647.jpg,122fcb352bc31c74889b2aea2fbf0e41,dc916176339cb199,1080,1080,cache_256/dataT/pod_rot_black/black_pod_rot_647.png,1080x1080,A,1876,1876,train,test,train,train,train,train,val,train,train,test,train,train,train,train,test
dataT/pod_rot_black/black_pod_rot_648.jpg,1,1,dataT/pod_rot_black/black_pod_rot_648.jpg,69627074e6515cda6cc6aaac285c9d97,b03db6a64370ceb2,1080,1080,cache_256/dataT/pod_rot_black/black_pod_rot_648.png,1080x1080,A,1877,1877,train,train,train,test,val,train,train,train,test,train,train,train,train,test,train
dataT/pod_rot_black/black_pod_rot_649.jpg,1,1,dataT/pod_rot_black/black_pod_rot_649.jpg,377b45a0d76cde4f3646264a7f015ded,c49dc96b2aa0371f,1080,1080,cache_256/dataT/pod_rot_black/black_pod_rot_649.png,1080x1080,A,1877,1878,train,train,train,test,val,train,train,train,test,train,train,train,train,test,train
dataT/pod_rot_black/black_pod_rot_65.jpg,1,1,dataT/pod_rot_black/black_pod_rot_65.jpg,b5d9ce5bd3576e3871dc7d369c1857f8,9dcb6d240627276d,1080,1080,cache_256/dataT/pod_rot_black/black_pod_rot_65.png,1080x1080,A,1879,1879,train,test,train,train,train,test,train,train,train,val,train,train,train,train,test
dataT/pod_rot_black/black_pod_rot_650.jpg,1,1,dataT/pod_rot_black/black_pod_rot_650.jpg,33ba597e7bd2a2f76f600eb5e7f17013,e7939173a1e4f04a,1080,1080,cache_256/dataT/pod_rot_black/black_pod_rot_650.png,1080x1080,A,1877,1880,train,train,train,test,val,train,train,train,test,train,train,train,train,test,train
dataT/pod_rot_black/black_pod_rot_651.jpg,1,1,dataT/pod_rot_black/black_pod_rot_651.jpg,73640a0505a51c88bcab41238bf205b6,a49b4e1b9d973894,1080,1080,cache_256/dataT/pod_rot_black/black_pod_rot_651.png,1080x1080,A,1881,1881,train,train,val,train,test,train,test,train,val,train,train,train,test,val,train
dataT/pod_rot_black/black_pod_rot_652.jpg,1,1,dataT/pod_rot_black/black_pod_rot_652.jpg,9045959513f3a74b6ce28244216328ff,e6b42960a3f714cb,1080,1080,cache_256/dataT/pod_rot_black/black_pod_rot_652.png,1080x1080,A,1877,1882,train,train,train,test,val,train,train,train,test,train,train,train,train,test,train
dataT/pod_rot_black/black_pod_rot_653.jpg,1,1,dataT/pod_rot_black/black_pod_rot_653.jpg,17801c816364287e6e470bc8ea0353b7,d9de2c64141e197d,1080,1080,cache_256/dataT/pod_rot_black/black_pod_rot_653.png,1080x1080,A,1869,1883,train,train,test,train,train,train,train,train,train,test,train,val,val,val,test
dataT/pod_rot_black/black_pod_rot_654.jpg,1,1,dataT/pod_rot_black/black_pod_rot_654.jpg,8f935712a99e7a391ea9fd00e9e8e99c,9e8886e09bb529fc,1080,1080,cache_256/dataT/pod_rot_black/black_pod_rot_654.png,1080x1080,A,1884,1884,test,val,train,val,train,train,train,test,train,train,train,train,train,train,test
dataT/pod_rot_black/black_pod_rot_655.jpg,1,1,dataT/pod_rot_black/black_pod_rot_655.jpg,bfb36e304481d8edb945dc17c0210158,e676c99a17e90b0a,1080,1080,cache_256/dataT/pod_rot_black/black_pod_rot_655.png,1080x1080,A,1885,1885,train,train,test,train,val,val,train,train,test,train,train,train,test,train,train
dataT/pod_rot_black/black_pod_rot_656.jpg,1,1,dataT/pod_rot_black/black_pod_rot_656.jpg,80d4e9cf5aab829fbb111917b79d31cd,b3b39d9c7c1c9049,1080,1080,cache_256/dataT/pod_rot_black/black_pod_rot_656.png,1080x1080,A,1886,1886,train,val,train,test,train,val,val,train,train,test,test,train,val,train,train
dataT/pod_rot_black/black_pod_rot_657.jpg,1,1,dataT/pod_rot_black/black_pod_rot_657.jpg,c5c4fee30d586b781c63ac9bfe70ba73,c7f09a4acb747087,1080,1080,cache_256/dataT/pod_rot_black/black_pod_rot_657.png,1080x1080,A,1887,1887,val,train,test,train,train,train,test,train,train,train,train,test,train,train,train
dataT/pod_rot_black/black_pod_rot_658.jpg,1,1,dataT/pod_rot_black/black_pod_rot_658.jpg,78a15760a6cbff464ebfc18c876a1b09,b9c14426b748cb7b,1080,1080,cache_256/dataT/pod_rot_black/black_pod_rot_658.png,1080x1080,A,1888,1888,train,test,train,train,train,train,train,test,train,train,val,train,train,test,train
dataT/pod_rot_black/black_pod_rot_659.jpg,1,1,dataT/pod_rot_black/black_pod_rot_659.jpg,f9b93b4f27b12816fa599426ab75f4c9,9e0c126a6de766e1,1080,1080,cache_256/dataT/pod_rot_black/black_pod_rot_659.png,1080x1080,A,1889,1889,train,train,train,test,train,test,train,train,train,train,test,train,train,train,train
dataT/pod_rot_black/black_pod_rot_66.jpg,1,1,dataT/pod_rot_black/black_pod_rot_66.jpg,1fd71b69c30ba25b00e7a01b841ad68d,e7e4dc7b33a00686,1080,1080,cache_256/dataT/pod_rot_black/black_pod_rot_66.png,1080x1080,A,1890,1890,train,train,train,train,test,train,train,val,test,train,train,train,train,train,test
dataT/pod_rot_black/black_pod_rot_660.jpg,1,1,dataT/pod_rot_black/black_pod_rot_660.jpg,e6522f0b1d0872b549cee0cb2a076c7a,a6e4ec8f630ed912,1080,1080,cache_256/dataT/pod_rot_black/black_pod_rot_660.png,1080x1080,A,1891,1891,test,train,train,train,train,train,train,train,train,test,train,test,train,train,train
dataT/pod_rot_black/black_pod_rot_661.jpg,1,1,dataT/pod_rot_black/black_pod_rot_661.jpg,2f1720a40eed89b5d5cbe3dd78e00389,e98e8877a1d48eb1,1080,1080,cache_256/dataT/pod_rot_black/black_pod_rot_661.png,1080x1080,A,1892,1892,test,train,train,train,train,train,test,train,val,train,train,train,test,train,val
dataT/pod_rot_black/black_pod_rot_662.jpg,1,1,dataT/pod_rot_black/black_pod_rot_662.jpg,bf0493e0e6396e93ddfe96475d6aa321,be969a9830f97226,1080,1080,cache_256/dataT/pod_rot_black/black_pod_rot_662.png,1080x1080,A,1891,1893,test,train,train,train,train,train,train,train,train,test,train,test,train,train,train
dataT/pod_rot_black/black_pod_rot_663.jpg,1,1,dataT/pod_rot_black/black_pod_rot_663.jpg,8b6520e27d02423501daedbc0f5276ba,a7e8d6e6cb724c40,1080,1080,cache_256/dataT/pod_rot_black/black_pod_rot_663.png,1080x1080,A,1894,1894,train,train,train,val,test,train,train,train,test,train,test,train,train,val,train
dataT/pod_rot_black/black_pod_rot_664.jpg,1,1,dataT/pod_rot_black/black_pod_rot_664.jpg,007477f6522fcc1c568b8612ed131f02,93d24a7b654fb484,1080,1080,cache_256/dataT/pod_rot_black/black_pod_rot_664.png,1080x1080,A,1895,1895,train,train,train,train,test,train,train,test,train,train,train,val,train,test,train
dataT/pod_rot_black/black_pod_rot_665.jpg,1,1,dataT/pod_rot_black/black_pod_rot_665.jpg,870ec630e880cdc77a9ed62e080823bd,9f5dd894a3d46342,1080,1080,cache_256/dataT/pod_rot_black/black_pod_rot_665.png,1080x1080,A,1896,1896,test,train,train,train,val,train,train,train,train,test,train,train,train,train,test
dataT/pod_rot_black/black_pod_rot_666.jpg,1,1,dataT/pod_rot_black/black_pod_rot_666.jpg,db8dca0ec3fd8fef123da52daf72047e,999e9f0785e514e1,1080,1080,cache_256/dataT/pod_rot_black/black_pod_rot_666.png,1080x1080,A,1895,1897,train,train,train,train,test,train,train,test,train,train,train,val,train,test,train
dataT/pod_rot_black/black_pod_rot_667.jpg,1,1,dataT/pod_rot_black/black_pod_rot_667.jpg,ed7198aa5458e339b174050745613b2f,92246d6693dba399,1080,1080,cache_256/dataT/pod_rot_black/black_pod_rot_667.png,1080x1080,A,1895,1898,train,train,train,train,test,train,train,test,train,train,train,val,train,test,train
dataT/pod_rot_black/black_pod_rot_668.jpg,1,1,dataT/pod_rot_black/black_pod_rot_668.jpg,123c0b9c675de8c7ef3af6451f7135de,bc89702337ee909e,1080,1080,cache_256/dataT/pod_rot_black/black_pod_rot_668.png,1080x1080,A,1834,1899,train,test,train,train,train,train,test,train,train,train,train,train,train,val,test
dataT/pod_rot_black/black_pod_rot_669.jpg,1,1,dataT/pod_rot_black/black_pod_rot_669.jpg,633c13d028209a01cf6ba6a52feb54b4,d87b26969cd9a107,1080,1080,cache_256/dataT/pod_rot_black/black_pod_rot_669.png,1080x1080,A,1900,1900,train,test,val,train,train,test,val,train,train,train,train,test,train,train,train
dataT/pod_rot_black/black_pod_rot_67.jpg,1,1,dataT/pod_rot_black/black_pod_rot_67.jpg,1b23e0485cc83e1ae45630a40c6d7138,b039d9272f3e14c9,1080,1080,cache_256/dataT/pod_rot_black/black_pod_rot_67.png,1080x1080,A,1824,1901,train,train,test,train,train,test,train,train,val,train,test,train,train,train,val
dataT/pod_rot_black/black_pod_rot_670.jpg,1,1,dataT/pod_rot_black/black_pod_rot_670.jpg,b2bac5f2d0fc50a00c3e0b905e0b5c06,df6c2406c21ff331,1080,1080,cache_256/dataT/pod_rot_black/black_pod_rot_670.png,1080x1080,A,1902,1902,train,train,test,train,train,train,test,train,train,train,train,train,test,train,train
dataT/pod_rot_black/black_pod_rot_671.jpg,1,1,dataT/pod_rot_black/black_pod_rot_671.jpg,7372d92e290ce52dc862472c33380e85,e2dccae914ac7c0e,1080,1080,cache_256/dataT/pod_rot_black/black_pod_rot_671.png,1080x1080,A,1903,1903,train,train,train,test,train,train,train,test,train,train,test,train,train,train,train
dataT/pod_rot_black/black_pod_rot_672.jpg,1,1,dataT/pod_rot_black/black_pod_rot_672.jpg,24bbe58e885a17afede77d82d13922df,eceeb9a86501a566,1080,1080,cache_256/dataT/pod_rot_black/black_pod_rot_672.png,1080x1080,A,1904,1904,train,val,val,train,test,train,train,train,train,test,train,train,train,test,train
dataT/pod_rot_black/black_pod_rot_673.jpg,1,1,dataT/pod_rot_black/black_pod_rot_673.jpg,1e796b4971019b1a2f54950f6e2e75dc,eddc942c34c9328f,1080,1080,cache_256/dataT/pod_rot_black/black_pod_rot_673.png,1080x1080,A,1905,1905,val,test,train,train,train,train,train,train,test,train,train,train,val,train,test
dataT/pod_rot_black/black_pod_rot_674.jpg,1,1,dataT/pod_rot_black/black_pod_rot_674.jpg,8a7bf384ddb5e92a7eea1191b9b02681,ede59d3320d93348,1080,1080,cache_256/dataT/pod_rot_black/black_pod_rot_674.png,1080x1080,A,1905,1906,val,test,train,train,train,train,train,train,test,train,train,train,val,train,test
dataT/pod_rot_black/black_pod_rot_675.jpg,1,1,dataT/pod_rot_black/black_pod_rot_675.jpg,6232d7c37b1813354ee0c5840efb892b,e2979f0ec90a0b1f,1080,1080,cache_256/dataT/pod_rot_black/black_pod_rot_675.png,1080x1080,A,1905,1907,val,test,train,train,train,train,train,train,test,train,train,train,val,train,test
dataT/pod_rot_black/black_pod_rot_676.jpg,1,1,dataT/pod_rot_black/black_pod_rot_676.jpg,df1ec2879fefe80435bff4c10ddd5b4e,8fcc0d05263576b7,1080,1080,cache_256/dataT/pod_rot_black/black_pod_rot_676.png,1080x1080,A,1909,1908,test,train,train,train,train,val,train,train,train,test,train,train,test,train,train
dataT/pod_rot_black/black_pod_rot_677.jpg,1,1,dataT/pod_rot_black/black_pod_rot_677.jpg,dbb1133a903ef48afac99bedced840d0,d6d8c96b2b7c7202,1080,1080,cache_256/dataT/pod_rot_black/black_pod_rot_677.png,1080x1080,A,1909,1909,test,train,train,train,train,val,train,train,train,test,train,train,test,train,train
dataT/pod_rot_black/black_pod_rot_678.jpg,1,1,dataT/pod_rot_black/black_pod_rot_678.jpg,114c9e88f43e0607a4f434c129b7f258,d64d49eb241da6c6,1080,1080,cache_256/dataT/pod_rot_black/black_pod_rot_678.png,1080x1080,A,1909,1910,test,train,train,train,train,val,train,train,train,test,train,train,test,train,train
dataT/pod_rot_black/black_pod_rot_679.jpg,1,1,dataT/pod_rot_black/black_pod_rot_679.jpg,923c0c0306e983b0dbb9b530fa7fc4cf,92b97436611eb3a9,1080,1080,cache_256/dataT/pod_rot_black/black_pod_rot_679.png,1080x1080,A,1911,1911,train,train,test,train,train,train,train,train,test,train,train,train,test,val,train
dataT/pod_rot_black/black_pod_rot_68.jpg,1,1,dataT/pod_rot_black/black_pod_rot_68.jpg,1728f0fa1989f3b4d1fb9d694e3af0af,e25872369485d9eb,1080,1080,cache_256/dataT/pod_rot_black/black_pod_rot_68.png,1080x1080,A,1912,1912,train,train,train,test,val,train,train,train,train,test,test,train,train,val,train
dataT/pod_rot_black/black_pod_rot_680.jpg,1,1,dataT/pod_rot_black/black_pod_rot_680.jpg,f7d48518d3ce72b3fa36e945918da2bd,fc37c4d0b6ca988c,1080,1080,cache_256/dataT/pod_rot_black/black_pod_rot_680.png,1080x1080,A,1913,1913,test,train,val,train,train,train,test,train,train,train,train,train,test,train,train
dataT/pod_rot_black/black_pod_rot_681.jpg,1,1,dataT/pod_rot_black/black_pod_rot_681.jpg,f49e5a866368074edf7a98df9a686e6c,b6870f6c34cc8877,1080,1080,cache_256/dataT/pod_rot_black/black_pod_rot_681.png,1080x1080,A,1914,1914,train,test,train,train,train,train,test,val,val,val,train,test,train,train,train
dataT/pod_rot_black/black_pod_rot_682.jpg,1,1,dataT/pod_rot_black/black_pod_rot_682.jpg,18afb25c1c2200b19be10503b26ad103,f06aa93526bc9b89,1080,1080,cache_256/dataT/pod_rot_black/black_pod_rot_682.png,1080x1080,A,1915,1915,train,val,test,train,train,train,train,test,val,train,train,train,train,test,train
dataT/pod_rot_black/black_pod_rot_683.jpg,1,1,dataT/pod_rot_black/black_pod_rot_683.jpg,186f46e2459859d91d8f79cec60ca580,93339564e6e56a38,1080,1080,cache_256/dataT/pod_rot_black/black_pod_rot_683.png,1080x1080,A,1918,1916,test,train,train,train,val,train,train,train,test,train,test,train,val,train,train
dataT/pod_rot_black/black_pod_rot_684.jpg,1,1,dataT/pod_rot_black/black_pod_rot_684.jpg,7f38d4ed073a89cd915a839c2828cf79,b2bb2d2da08693d3,1080,1080,cache_256/dataT/pod_rot_black/black_pod_rot_684.png,1080x1080,A,1917,1917,train,train,train,val,test,val,test,train,train,train,train,train,train,train,test
dataT/pod_rot_black/black_pod_rot_685.jpg,1,1,dataT/pod_rot_black/black_pod_rot_685.jpg,e281938dd6542ffebe588329f356480d,ccd899b625073675,1080,1080,cache_256/dataT/pod_rot_black/black_pod_rot_685.png,1080x1080,A,1918,1918,test,train,train,train,val,train,train,train,test,train,test,train,val,train,train
dataT/pod_rot_black/black_pod_rot_686.jpg,1,1,dataT/pod_rot_black/black_pod_rot_686.jpg,8fb73e6b6a367850e1fddad3f09d1ef7,e7cdcca224e323b8,1080,1080,cache_256/dataT/pod_rot_black/black_pod_rot_686.png,1080x1080,A,1918,1919,test,train,train,train,val,train,train,train,test,train,test,train,val,train,train
dataT/pod_rot_black/black_pod_rot_687.jpg,1,1,dataT/pod_rot_black/black_pod_rot_687.jpg,1c09fb145a2ea45759973b12a41023f2,e6ecadb534903293,1080,1080,cache_256/dataT/pod_rot_black/black_pod_rot_687.png,1080x1080,A,1920,1920,train,train,train,test,train,train,train,test,train,train,val,train,test,train,train
dataT/pod_rot_black/black_pod_rot_688.jpg,1,1,dataT/pod_rot_black/black_pod_rot_688.jpg,684a78cea939da6e948af818571fbab0,cfb11bb3b11ef008,1080,1080,cache_256/dataT/pod_rot_black/black_pod_rot_688.png,1080x1080,A,1921,1921,train,train,test,train,train,train,train,train,train,test,train,train,test,train,val
dataT/pod_rot_black/black_pod_rot_689.jpg,1,1,dataT/pod_rot_black/black_pod_rot_689.jpg,e24abc78d1f7f4342eed57d69847db04,bfb1c12766c4b251,1080,1080,cache_256/dataT/pod_rot_black/black_pod_rot_689.png,1080x1080,A,1922,1922,train,val,train,test,train,test,train,train,train,train,train,train,train,test,train
dataT/pod_rot_black/black_pod_rot_69.jpg,1,1,dataT/pod_rot_black/black_pod_rot_69.jpg,70de244995b6ed04c7d704eca5c8f66f,9c999936e1b6465a,1080,1080,cache_256/dataT/pod_rot_black/black_pod_rot_69.png,1080x1080,A,1824,1923,train,train,test,train,train,test,train,train,val,train,test,train,train,train,val
dataT/pod_rot_black/black_pod_rot_690.jpg,1,1,dataT/pod_rot_black/black_pod_rot_690.jpg,2fdd05a2820f653e2e359527f2b5c1bd,ed07f1507a38b81d,1080,1080,cache_256/dataT/pod_rot_black/black_pod_rot_690.png,1080x1080,A,1924,1924,train,test,val,train,val,train,test,val,train,train,train,train,train,test,train
dataT/pod_rot_black/black_pod_rot_691.jpg,1,1,dataT/pod_rot_black/black_pod_rot_691.jpg,61f333b4bd2f2fcdc95ce61a0852e583,c6a59813e74ec1e5,1080,1080,cache_256/dataT/pod_rot_black/black_pod_rot_691.png,1080x1080,A,1925,1925,train,train,test,train,train,train,test,train,train,train,train,test,train,train,train
dataT/pod_rot_black/black_pod_rot_692.jpg,1,1,dataT/pod_rot_black/black_pod_rot_692.jpg,0e0f616485ba69281d2ac56c10612022,bfecbe6c20f23402,1080,1080,cache_256/dataT/pod_rot_black/black_pod_rot_692.png,1080x1080,A,1922,1926,train,val,train,test,train,test,train,train,train,train,train,train,train,test,train
dataT/pod_rot_black/black_pod_rot_693.jpg,1,1,dataT/pod_rot_black/black_pod_rot_693.jpg,4a3a36675db56811d0fef13ef4059238,f8ee4c90d04d27d6,1080,1080,cache_256/dataT/pod_rot_black/black_pod_rot_693.png,1080x1080,A,1927,1927,train,test,train,train,train,test,train,train,train,val,test,train,val,val,train
dataT/pod_rot_black/black_pod_rot_694.jpg,1,1,dataT/pod_rot_black/black_pod_rot_694.jpg,8fd7d1900128ee6f00fbdf8c9cd864d3,ba35634445f85f0b,1080,1080,cache_256/dataT/pod_rot_black/black_pod_rot_694.png,1080x1080,A,1928,1928,train,train,val,test,train,val,val,test,train,train,train,test,train,train,train
dataT/pod_rot_black/black_pod_rot_695.jpg,1,1,dataT/pod_rot_black/black_pod_rot_695.jpg,e0d831efbe3634abaaa1133779982c19,f3a6acf3125af900,1080,1080,cache_256/dataT/pod_rot_black/black_pod_rot_695.png,1080x1080,A,1929,1929,train,test,train,train,train,train,train,train,test,train,train,train,test,train,train
dataT/pod_rot_black/black_pod_rot_696.jpg,1,1,dataT/pod_rot_black/black_pod_rot_696.jpg,f3882dde5bd3bd184a6e10c0f0ef74c7,c381c8cb938e9fb2,1080,1080,cache_256/dataT/pod_rot_black/black_pod_rot_696.png,1080x1080,A,1927,1930,train,test,train,train,train,test,train,train,train,val,test,train,val,val,train
dataT/pod_rot_black/black_pod_rot_697.jpg,1,1,dataT/pod_rot_black/black_pod_rot_697.jpg,059b84fed2c8d52313658f1d10c9b378,e2b4081f7e5a0aaf,1080,1080,cache_256/dataT/pod_rot_black/black_pod_rot_697.png,1080x1080,A,1927,1931,train,test,train,train,train,test,train,train,train,val,test,train,val,val,train
dataT/pod_rot_black/black_pod_rot_698.jpg,1,1,dataT/pod_rot_black/black_pod_rot_698.jpg,96a3784590cb10023fea95a0bdbd8ce1,e698786174776287,1080,1080,cache_256/dataT/pod_rot_black/black_pod_rot_698.png,1080x1080,A,1932,1932,train,train,val,train,test,train,train,train,train,test,train,train,train,test,train
dataT/pod_rot_black/black_pod_rot_699.jpg,1,1,dataT/pod_rot_black/black_pod_rot_699.jpg,a11c3ee1511ddc62147e9bbdaa9fe772,ebe71c322217731a,1080,1080,cache_256/dataT/pod_rot_black/black_pod_rot_699.png,1080x1080,A,1932,1933,train,train,val,train,test,train,train,train,train,test,train,train,train,test,train
dataT/pod_rot_black/black_pod_rot_7.jpg,1,1,dataT/pod_rot_black/black_pod_rot_7.jpg,5121185786d10ca7b026fb2e0d832b9b,c54e99b474732917,1080,1080,cache_256/dataT/pod_rot_black/black_pod_rot_7.png,1080x1080,A,1712,1934,train,train,train,test,train,test,train,train,train,train,train,train,test,train,train
dataT/pod_rot_black/black_pod_rot_70.jpg,1,1,dataT/pod_rot_black/black_pod_rot_70.jpg,0b40bfed281cb48bbf404c81c9e9aa45,df1cb1238fb3844a,1080,1080,cache_256/dataT/pod_rot_black/black_pod_rot_70.png,1080x1080,A,1824,1935,train,train,test,train,train,test,train,train,val,train,test,train,train,train,val
dataT/pod_rot_black/black_pod_rot_700.jpg,1,1,dataT/pod_rot_black/black_pod_rot_700.jpg,e4d4aea67ac5c3d0ad11aff1e0c52559,8f8f28b0b0b4b57a,1080,1080,cache_256/dataT/pod_rot_black/black_pod_rot_700.png,1080x1080,A,1932,1936,train,train,val,train,test,train,train,train,train,test,train,train,train,test,train
dataT/pod_rot_black/black_pod_rot_701.jpg,1,1,dataT/pod_rot_black/black_pod_rot_701.jpg,ce1c3f421bed51f6d99f654711189a84,e41dc730dccf84d1,1080,1080,cache_256/dataT/pod_rot_black/black_pod_rot_701.png,1080x1080,A,1937,1937,train,train,train,test,train,train,train,test,train,train,train,train,train,train,test
dataT/pod_rot_black/black_pod_rot_702.jpg,1,1,dataT/pod_rot_black/black_pod_rot_702.jpg,f7e21c6d352193d9a19e6d2198aba856,f3dd88626d1c7258,1080,1080,cache_256/dataT/pod_rot_black/black_pod_rot_702.png,1080x1080,A,1932,1938,train,train,val,train,test,train,train,train,train,test,train,train,train,test,train
dataT/pod_rot_black/black_pod_rot_703.jpg,1,1,dataT/pod_rot_black/black_pod_rot_703.jpg,deb6fb7cfe790d70e836e965b6ca6132,8da470e5018fcf9e,1080,1080,cache_256/dataT/pod_rot_black/black_pod_rot_703.png,1080x1080,A,1939,1939,train,test,train,train,train,train,val,test,train,train,train,test,train,train,val
dataT/pod_rot_black/black_pod_rot_704.jpg,1,1,dataT/pod_rot_black/black_pod_rot_704.jpg,b0146502c032b84b18c5af46009be5d7,c1c6e766e2a361b1,1080,1080,cache_256/dataT/pod_rot_black/black_pod_rot_704.png,1080x1080,A,1940,1940,train,val,test,train,train,val,test,train,train,train,train,train,test,train,train
dataT/pod_rot_black/black_pod_rot_705.jpg,1,1,dataT/pod_rot_black/black_pod_rot_705.jpg,8cc21962315e8d8b486c9010d06982ab,9bd9356a3072b991,1080,1080,cache_256/dataT/pod_rot_black/black_pod_rot_705.png,1080x1080,A,1940,1941,train,val,test,train,train,val,test,train,train,train,train,train,test,train,train
dataT/pod_rot_black/black_pod_rot_706.jpg,1,1,dataT/pod_rot_black/black_pod_rot_706.jpg,9fdba3eec580e3088165a5b265416467,ceccc673f044333c,1080,1080,cache_256/dataT/pod_rot_black/black_pod_rot_706.png,1080x1080,A,1932,1942,train,train,val,train,test,train,train,train,train,test,train,train,train,test,train
dataT/pod_rot_black/black_pod_rot_707.jpg,1,1,dataT/pod_rot_black/black_pod_rot_707.jpg,041ded0f6b036578809d54423a84537c,f9b1a558b0368fb0,1080,1080,cache_256/dataT/pod_rot_black/black_pod_rot_707.png,1080x1080,A,1940,1943,train,val,test,train,train,val,test,train,train,train,train,train,test,train,train
dataT/pod_rot_black/black_pod_rot_708.jpg,1,1,dataT/pod_rot_black/black_pod_rot_708.jpg,fe8000c6ff40672d089e73a565498766,b4b905ffa8073a64,1080,1080,cache_256/dataT/pod_rot_black/black_pod_rot_708.png,1080x1080,A,1932,1944,train,train,val,train,test,train,train,train,train,test,train,train,train,test,train
dataT/pod_rot_black/black_pod_rot_709.jpg,1,1,dataT/pod_rot_black/black_pod_rot_709.jpg,a732bf6671b963316b7d116eb4e480b0,94ad99525bdae582,1080,1080,cache_256/dataT/pod_rot_black/black_pod_rot_709.png,1080x1080,A,1945,1945,test,train,train,train,train,train,train,train,test,train,train,train,val,test,train
dataT/pod_rot_black/black_pod_rot_71.jpg,1,1,dataT/pod_rot_black/black_pod_rot_71.jpg,3fe559ed6082dd409ee24e6f94e28f41,c9d93e3653828c9e,1080,1080,cache_256/dataT/pod_rot_black/black_pod_rot_71.png,1080x1080,A,1824,1946,train,train,test,train,train,test,train,train,val,train,test,train,train,train,val
dataT/pod_rot_black/black_pod_rot_710.jpg,1,1,dataT/pod_rot_black/black_pod_rot_710.jpg,6836916ef5cf574679842bab17101e0e,e3ef07261e302c5b,1080,1080,cache_256/dataT/pod_rot_black/black_pod_rot_710.png,1080x1080,A,1947,1947,train,train,test,train,train,train,train,train,val,test,train,train,train,test,train
dataT/pod_rot_black/black_pod_rot_711.jpg,1,1,dataT/pod_rot_black/black_pod_rot_711.jpg,af3509fc2ca9ead2ec639254dd25cc54,da25db0739b43718,1080,1080,cache_256/dataT/pod_rot_black/black_pod_rot_711.png,1080x1080,A,1932,1948,train,train,val,train,test,train,train,train,train,test,train,train,train,test,train
dataT/pod_rot_black/black_pod_rot_712.jpg,1,1,dataT/pod_rot_black/black_pod_rot_712.jpg,07f2e00b68c7a419238232f141ae4d25,a419f437f8e0a8ea,1080,1080,cache_256/dataT/pod_rot_black/black_pod_rot_712.png,1080x1080,A,1932,1949,train,train,val,train,test,train,train,train,train,test,train,train,train,test,train
dataT/pod_rot_black/black_pod_rot_713.jpg,1,1,dataT/pod_rot_black/black_pod_rot_713.jpg,840780d2833f69dbb35143b92f29fb42,b4cb4d6b855a0f34,1080,1080,cache_256/dataT/pod_rot_black/black_pod_rot_713.png,1080x1080,A,1914,1950,train,test,train,train,train,train,test,val,val,val,train,test,train,train,train
dataT/pod_rot_black/black_pod_rot_714.jpg,1,1,dataT/pod_rot_black/black_pod_rot_714.jpg,2f3437c276c7c4019f33453bc3bee655,9dc7a526de4d4a88,1080,1080,cache_256/dataT/pod_rot_black/black_pod_rot_714.png,1080x1080,A,1932,1951,train,train,val,train,test,train,train,train,train,test,train,train,train,test,train
dataT/pod_rot_black/black_pod_rot_715.jpg,1,1,dataT/pod_rot_black/black_pod_rot_715.jpg,f60cce4e51c2f56c330b153dc8bdebba,9c45316de89d4dd8,1080,1080,cache_256/dataT/pod_rot_black/black_pod_rot_715.png,1080x1080,A,1952,1952,train,train,train,test,train,train,train,train,test,train,test,train,train,val,train
dataT/pod_rot_black/black_pod_rot_716.jpg,1,1,dataT/pod_rot_black/black_pod_rot_716.jpg,9d9378a315ecc2a19341910c477f51f5,b6e7e56458490d95,1080,1080,cache_256/dataT/pod_rot_black/black_pod_rot_716.png,1080x1080,A,1952,1953,train,train,train,test,train,train,train,train,test,train,test,train,train,val,train
dataT/pod_rot_black/black_pod_rot_717.jpg,1,1,dataT/pod_rot_black/black_pod_rot_717.jpg,dec76b06cc6049468373e3e521dac36c,d2c96d3e721602f9,1080,1080,cache_256/dataT/pod_rot_black/black_pod_rot_717.png,1080x1080,A,1954,1954,val,train,train,train,test,test,train,train,train,train,train,train,train,train,test
dataT/pod_rot_black/black_pod_rot_718.jpg,1,1,dataT/pod_rot_black/black_pod_rot_718.jpg,290bcb41a80a9e24057d93aeb5136ad9,9b256c636685f30e,1080,1080,cache_256/dataT/pod_rot_black/black_pod_rot_718.png,1080x1080,A,1955,1955,train,test,train,val,train,val,test,val,train,train,val,val,val,test,train
dataT/pod_rot_black/black_pod_rot_719.jpg,1,1,dataT/pod_rot_black/black_pod_rot_719.jpg,0f059f7d28f75a512200452a1bc6f4bb,bab51c69352325da,1080,1080,cache_256/dataT/pod_rot_black/black_pod_rot_719.png,1080x1080,A,1952,1956,train,train,train,test,train,train,train,train,test,train,test,train,train,val,train
dataT/pod_rot_black/black_pod_rot_72.jpg,1,1,dataT/pod_rot_black/black_pod_rot_72.jpg,ab80eb9af4380e0c8af4cbb082bd3650,9378dc63101f760f,1080,1080,cache_256/dataT/pod_rot_black/black_pod_rot_72.png,1080x1080,A,1824,1957,train,train,test,train,train,test,train,train,val,train,test,train,train,train,val
dataT/pod_rot_black/black_pod_rot_720.jpg,1,1,dataT/pod_rot_black/black_pod_rot_720.jpg,2c92c9af7f9a725cb6abb5baf8dcb37a,be9f11aff00e6058,1080,1080,cache_256/dataT/pod_rot_black/black_pod_rot_720.png,1080x1080,A,1952,1958,train,train,train,test,train,train,train,train,test,train,test,train,train,val,train
dataT/pod_rot_black/black_pod_rot_721.jpg,1,1,dataT/pod_rot_black/black_pod_rot_721.jpg,ac55f111b8a0c7b5d5062f5b6e71dd89,eecce89e4aaf0407,1080,1080,cache_256/dataT/pod_rot_black/black_pod_rot_721.png,1080x1080,A,1959,1959,train,train,val,test,train,train,train,train,test,val,train,train,train,train,test
dataT/pod_rot_black/black_pod_rot_722.jpg,1,1,dataT/pod_rot_black/black_pod_rot_722.jpg,a8659bfc58e629041490ffef33f0172a,cb259ce6d206f670,1080,1080,cache_256/dataT/pod_rot_black/black_pod_rot_722.png,1080x1080,A,1960,1960,train,train,train,train,test,train,test,train,train,train,train,test,train,train,train
dataT/pod_rot_black/black_pod_rot_723.jpg,1,1,dataT/pod_rot_black/black_pod_rot_723.jpg,d832869de3f7d0e563eb6f9c16f7fa02,f6704d3b627838b4,1080,1080,cache_256/dataT/pod_rot_black/black_pod_rot_723.png,1080x1080,A,1961,1961,train,train,test,train,train,train,train,test,train,train,val,train,test,train,train
dataT/pod_rot_black/black_pod_rot_724.jpg,1,1,dataT/pod_rot_black/black_pod_rot_724.jpg,4d78dfef4846db52477df121da36164a,e3e5f63793039118,1080,1080,cache_256/dataT/pod_rot_black/black_pod_rot_724.png,1080x1080,A,1962,1962,train,train,train,train,test,train,train,train,test,train,train,train,train,test,train
dataT/pod_rot_black/black_pod_rot_725.jpg,1,1,dataT/pod_rot_black/black_pod_rot_725.jpg,f89ba65e983eb6c2deb91ab6388b9a51,a6339efc518f5c10,1080,1080,cache_256/dataT/pod_rot_black/black_pod_rot_725.png,1080x1080,A,1963,1963,train,train,train,train,test,train,train,test,val,train,train,train,val,train,test
dataT/pod_rot_black/black_pod_rot_726.jpg,1,1,dataT/pod_rot_black/black_pod_rot_726.jpg,fc0b8e3013f3559d0351a9d9682cf407,c3ef1c93725dc032,1080,1080,cache_256/dataT/pod_rot_black/black_pod_rot_726.png,1080x1080,A,1964,1964,test,val,train,train,val,train,train,train,train,test,train,train,train,train,test
dataT/pod_rot_black/black_pod_rot_727.jpg,1,1,dataT/pod_rot_black/black_pod_rot_727.jpg,dad734d546fe202e1ecaa11698c34b22,f74ac9a314d6324d,1080,1080,cache_256/dataT/pod_rot_black/black_pod_rot_727.png,1080x1080,A,1964,1965,test,val,train,train,val,train,train,train,train,test,train,train,train,train,test
dataT/pod_rot_black/black_pod_rot_728.jpg,1,1,dataT/pod_rot_black/black_pod_rot_728.jpg,858f4b51f4d093756dbae39b512b6012,f32009279db7b13c,1080,1080,cache_256/dataT/pod_rot_black/black_pod_rot_728.png,1080x1080,A,1740,1966,train,train,train,train,test,train,train,train,test,train,test,train,val,train,train
dataT/pod_rot_black/black_pod_rot_729.jpg,1,1,dataT/pod_rot_black/black_pod_rot_729.jpg,dc174b75bc8a81db5f8fb5ac14922246,dc3c3363c2acb60e,1080,1080,cache_256/dataT/pod_rot_black/black_pod_rot_729.png,1080x1080,A,1740,1967,train,train,train,train,test,train,train,train,test,train,test,train,val,train,train
dataT/pod_rot_black/black_pod_rot_73.jpg,1,1,dataT/pod_rot_black/black_pod_rot_73.jpg,e37327627fce31c871b469cf2792d682,b69ecc32833389ab,1080,1080,cache_256/dataT/pod_rot_black/black_pod_rot_73.png,1080x1080,A,1824,1968,train,train,test,train,train,test,train,train,val,train,test,train,train,train,val
dataT/pod_rot_black/black_pod_rot_730.jpg,1,1,dataT/pod_rot_black/black_pod_rot_730.jpg,677ec2dffede050a881bd946fa069fd5,8da5303b65b7a1c5,1080,1080,cache_256/dataT/pod_rot_black/black_pod_rot_730.png,1080x1080,A,1969,1969,train,val,train,train,test,val,test,train,train,train,train,train,val,val,test
dataT/pod_rot_black/black_pod_rot_731.jpg,1,1,dataT/pod_rot_black/black_pod_rot_731.jpg,815a3954552dfc418e8e5db39b41c82b,84a6a9a675b7714a,1080,1080,cache_256/dataT/pod_rot_black/black_pod_rot_731.png,1080x1080,A,1977,1970,train,test,train,train,train,train,train,test,train,val,train,train,train,train,test
dataT/pod_rot_black/black_pod_rot_732.jpg,1,1,dataT/pod_rot_black/black_pod_rot_732.jpg,c0929dede7d99c69b01da05741ee6616,c872e2de3bdc0b14,1080,1080,cache_256/dataT/pod_rot_black/black_pod_rot_732.png,1080x1080,A,1977,1971,train,test,train,train,train,train,train,test,train,val,train,train,train,train,test
dataT/pod_rot_black/black_pod_rot_733.jpg,1,1,dataT/pod_rot_black/black_pod_rot_733.jpg,0414ab6eb1b45bbbfbf4d0215340c6f4,cc39bc39034e4f66,1080,1080,cache_256/dataT/pod_rot_black/black_pod_rot_733.png,1080x1080,A,1977,1972,train,test,train,train,train,train,train,test,train,val,train,train,train,train,test
dataT/pod_rot_black/black_pod_rot_734.jpg,1,1,dataT/pod_rot_black/black_pod_rot_734.jpg,d976120a5ee8018604b669a5becdffd0,98d141c3321cfbee,1080,1080,cache_256/dataT/pod_rot_black/black_pod_rot_734.png,1080x1080,A,1977,1973,train,test,train,train,train,train,train,test,train,val,train,train,train,train,test
dataT/pod_rot_black/black_pod_rot_735.jpg,1,1,dataT/pod_rot_black/black_pod_rot_735.jpg,6dd785a3c6ef616d579b757439ae1566,b4096a7348dadcdc,1080,1080,cache_256/dataT/pod_rot_black/black_pod_rot_735.png,1080x1080,A,1974,1974,train,val,test,val,train,train,train,test,val,train,train,train,test,train,train
dataT/pod_rot_black/black_pod_rot_736.jpg,1,1,dataT/pod_rot_black/black_pod_rot_736.jpg,5dec78f931537a69b0124a5d78962901,eba8382623f17671,1080,1080,cache_256/dataT/pod_rot_black/black_pod_rot_736.png,1080x1080,A,1975,1975,train,train,train,train,test,train,val,train,test,train,train,test,train,train,train
dataT/pod_rot_black/black_pod_rot_737.jpg,1,1,dataT/pod_rot_black/black_pod_rot_737.jpg,20fd9de6bf264992771b7b2083543b38,cb0d957707e60617,1080,1080,cache_256/dataT/pod_rot_black/black_pod_rot_737.png,1080x1080,A,1977,1976,train,test,train,train,train,train,train,test,train,val,train,train,train,train,test
dataT/pod_rot_black/black_pod_rot_738.jpg,1,1,dataT/pod_rot_black/black_pod_rot_738.jpg,d951647ba77cdefd76439defeae53051,c36c8f3239351ecc,1080,1080,cache_256/dataT/pod_rot_black/black_pod_rot_738.png,1080x1080,A,1977,1977,train,test,train,train,train,train,train,test,train,val,train,train,train,train,test
dataT/pod_rot_black/black_pod_rot_739.jpg,1,1,dataT/pod_rot_black/black_pod_rot_739.jpg,7ace93daf96070ea6822db9af5a28c82,cecc996d6c6524a6,1080,1080,cache_256/dataT/pod_rot_black/black_pod_rot_739.png,1080x1080,A,1977,1978,train,test,train,train,train,train,train,test,train,val,train,train,train,train,test
dataT/pod_rot_black/black_pod_rot_74.jpg,1,1,dataT/pod_rot_black/black_pod_rot_74.jpg,25a9c9ab13169699d30ddd0239638731,c64ccd6eb65d3290,1080,1080,cache_256/dataT/pod_rot_black/black_pod_rot_74.png,1080x1080,A,1824,1979,train,train,test,train,train,test,train,train,val,train,test,train,train,train,val
dataT/pod_rot_black/black_pod_rot_740.jpg,1,1,dataT/pod_rot_black/black_pod_rot_740.jpg,db58c53b2921a8becdfd9515111dfa5f,cd1c9a7323e20fd8,1080,1080,cache_256/dataT/pod_rot_black/black_pod_rot_740.png,1080x1080,A,1977,1980,train,test,train,train,train,train,train,test,train,val,train,train,train,train,test
dataT/pod_rot_black/black_pod_rot_741.jpg,1,1,dataT/pod_rot_black/black_pod_rot_741.jpg,5087588dc4c0096852cd63e270bf1caa,fc9a0f236066ceac,1080,1080,cache_256/dataT/pod_rot_black/black_pod_rot_741.png,1080x1080,A,1977,1981,train,test,train,train,train,train,train,test,train,val,train,train,train,train,test
dataT/pod_rot_black/black_pod_rot_742.jpg,1,1,dataT/pod_rot_black/black_pod_rot_742.jpg,2dcca75080e17b0b52db68dcf8aa79cc,ee9c917672266654,1080,1080,cache_256/dataT/pod_rot_black/black_pod_rot_742.png,1080x1080,A,1982,1982,train,train,test,train,train,train,test,train,train,train,train,train,train,test,train
dataT/pod_rot_black/black_pod_rot_743.jpg,1,1,dataT/pod_rot_black/black_pod_rot_743.jpg,3fba7dbf973d276331cac20794005c25,cfc22482f2f939b8,1080,1080,cache_256/dataT/pod_rot_black/black_pod_rot_743.png,1080x1080,A,1983,1983,train,train,train,test,train,train,train,train,train,test,train,train,train,test,train
dataT/pod_rot_black/black_pod_rot_744.jpg,1,1,dataT/pod_rot_black/black_pod_rot_744.jpg,74bfe646545a98abba528ee60b043c17,ed791264dd23a18e,1080,1080,cache_256/dataT/pod_rot_black/black_pod_rot_744.png,1080x1080,A,238,1984,train,val,train,test,val,test,train,train,train,train,train,val,test,train,train
dataT/pod_rot_black/black_pod_rot_745.jpg,1,1,dataT/pod_rot_black/black_pod_rot_745.jpg,a550f16bc1cb3ddc58b9c2a62447bab2,fc684aa6f8360ea9,1080,1080,cache_256/dataT/pod_rot_black/black_pod_rot_745.png,1080x1080,A,238,1985,train,val,train,test,val,test,train,train,train,train,train,val,test,train,train
dataT/pod_rot_black/black_pod_rot_746.jpg,1,1,dataT/pod_rot_black/black_pod_rot_746.jpg,cffaf967356e9d385d7c3c317391f9a3,d7ca6805e43e07a7,1080,1080,cache_256/dataT/pod_rot_black/black_pod_rot_746.png,1080x1080,A,1986,1986,train,train,val,test,train,test,val,train,train,train,test,train,train,val,train
dataT/pod_rot_black/black_pod_rot_747.jpg,1,1,dataT/pod_rot_black/black_pod_rot_747.jpg,3856b736090a300897768087262f11a0,8face61210cda5ed,1080,1080,cache_256/dataT/pod_rot_black/black_pod_rot_747.png,1080x1080,A,238,1987,train,val,train,test,val,test,train,train,train,train,train,val,test,train,train
dataT/pod_rot_black/black_pod_rot_748.jpg,1,1,dataT/pod_rot_black/black_pod_rot_748.jpg,6e3a634e052abf21105aa7fd5d9ce22f,b20f0decee7b4610,1080,1080,cache_256/dataT/pod_rot_black/black_pod_rot_748.png,1080x1080,A,238,1988,train,val,train,test,val,test,train,train,train,train,train,val,test,train,train
dataT/pod_rot_black/black_pod_rot_749.jpg,1,1,dataT/pod_rot_black/black_pod_rot_749.jpg,b3d040260b693c506716814d73cc70c0,99492c36603377f5,1080,1080,cache_256/dataT/pod_rot_black/black_pod_rot_749.png,1080x1080,A,1328,1989,val,test,train,train,val,train,train,val,test,train,train,train,val,train,test
dataT/pod_rot_black/black_pod_rot_75.jpg,1,1,dataT/pod_rot_black/black_pod_rot_75.jpg,2b12c55c2f2d8abbae06cd6046bd2d09,81994d6979b3e9c2,1080,1080,cache_256/dataT/pod_rot_black/black_pod_rot_75.png,1080x1080,A,1824,1990,train,train,test,train,train,test,train,train,val,train,test,train,train,train,val
dataT/pod_rot_black/black_pod_rot_750.jpg,1,1,dataT/pod_rot_black/black_pod_rot_750.jpg,a7a3d238eae438301c33a50800a1b0ba,b23c9db379c96508,1080,1080,cache_256/dataT/pod_rot_black/black_pod_rot_750.png,1080x1080,A,238,1991,train,val,train,test,val,test,train,train,train,train,train,val,test,train,train
dataT/pod_rot_black/black_pod_rot_751.jpg,1,1,dataT/pod_rot_black/black_pod_rot_751.jpg,3cd01487768c7625b6aec5a2b2510253,a239e4a54b7c1dca,1080,1080,cache_256/dataT/pod_rot_black/black_pod_rot_751.png,1080x1080,A,238,1992,train,val,train,test,val,test,train,train,train,train,train,val,test,train,train
dataT/pod_rot_black/black_pod_rot_752.jpg,1,1,dataT/pod_rot_black/black_pod_rot_752.jpg,af4aa3fbd6fdb4f241bc76babbba3674,c3e0783396ae0e9d,1080,1080,cache_256/dataT/pod_rot_black/black_pod_rot_752.png,1080x1080,A,1993,1993,train,train,train,test,train,train,test,train,train,train,train,train,test,train,train
dataT/pod_rot_black/black_pod_rot_753.jpg,1,1,dataT/pod_rot_black/black_pod_rot_753.jpg,2b0418a423de715a5c3a617c7f9affcb,86f4d1e6e66c44e8,1080,1080,cache_256/dataT/pod_rot_black/black_pod_rot_753.png,1080x1080,A,1994,1994,train,test,train,train,train,train,train,val,test,train,train,test,train,train,val
dataT/pod_rot_black/black_pod_rot_754.jpg,1,1,dataT/pod_rot_black/black_pod_rot_754.jpg,123978dae4ecb0ca34c35612877be7ec,9779e94f641230b9,1080,1080,cache_256/dataT/pod_rot_black/black_pod_rot_754.png,1080x1080,A,1994,1995,train,test,train,train,train,train,train,val,test,train,train,test,train,train,val
dataT/pod_rot_black/black_pod_rot_755.jpg,1,1,dataT/pod_rot_black/black_pod_rot_755.jpg,175d5b2e022a6429591416c34c846280,8734fc6227fd6105,1080,1080,cache_256/dataT/pod_rot_black/black_pod_rot_755.png,1080x1080,A,1996,1996,val,train,test,train,train,train,train,test,train,train,train,train,test,train,train
dataT/pod_rot_black/black_pod_rot_756.jpg,1,1,dataT/pod_rot_black/black_pod_rot_756.jpg,e195b3c3b9edc4919406d100fdc33aa1,8ac8f92e26d0f2d9,1080,1080,cache_256/dataT/pod_rot_black/black_pod_rot_756.png,1080x1080,A,1996,1997,val,train,test,train,train,train,train,test,train,train,train,train,test,train,train
dataT/pod_rot_black/black_pod_rot_757.jpg,1,1,dataT/pod_rot_black/black_pod_rot_757.jpg,75b71c886627426f040c81cdb45fb529,9956b661939b64a6,1080,1080,cache_256/dataT/pod_rot_black/black_pod_rot_757.png,1080x1080,A,1998,1998,test,train,train,val,train,train,train,train,test,train,train,train,train,val,test
dataT/pod_rot_black/black_pod_rot_758.jpg,1,1,dataT/pod_rot_black/black_pod_rot_758.jpg,6a656e26ff0ca102b3c811acae4d174b,ae9ed90c4d2c26b6,1080,1080,cache_256/dataT/pod_rot_black/black_pod_rot_758.png,1080x1080,A,2008,1999,train,train,train,train,test,train,val,train,train,test,val,val,val,test,train
dataT/pod_rot_black/black_pod_rot_759.jpg,1,1,dataT/pod_rot_black/black_pod_rot_759.jpg,75dc8e24edae760ed1667d55503b1235,f9b25c0362e07e2d,1080,1080,cache_256/dataT/pod_rot_black/black_pod_rot_759.png,1080x1080,A,2008,2000,train,train,train,train,test,train,val,train,train,test,val,val,val,test,train
dataT/pod_rot_black/black_pod_rot_76.jpg,1,1,dataT/pod_rot_black/black_pod_rot_76.jpg,2ebc98634e8550b29c9eadf0eb4ce7a7,b91dcdb30746282f,1080,1080,cache_256/dataT/pod_rot_black/black_pod_rot_76.png,1080x1080,A,1824,2001,train,train,test,train,train,test,train,train,val,train,test,train,train,train,val
dataT/pod_rot_black/black_pod_rot_760.jpg,1,1,dataT/pod_rot_black/black_pod_rot_760.jpg,27e69a1cf601b75ad03d7764c095a737,b631f86043ff18e8,1080,1080,cache_256/dataT/pod_rot_black/black_pod_rot_760.png,1080x1080,A,2008,2002,train,train,train,train,test,train,val,train,train,test,val,val,val,test,train
dataT/pod_rot_black/black_pod_rot_761.jpg,1,1,dataT/pod_rot_black/black_pod_rot_761.jpg,ec5a3ffce53db02adf68d0600f6b6f18,8b3fb8611ce22ee4,1080,1080,cache_256/dataT/pod_rot_black/black_pod_rot_761.png,1080x1080,A,2008,2003,train,train,train,train,test,train,val,train,train,test,val,val,val,test,train
dataT/pod_rot_black/black_pod_rot_762.jpg,1,1,dataT/pod_rot_black/black_pod_rot_762.jpg,8494252b774a06b73386b303dd191c7a,93fbe0874e857d40,1080,1080,cache_256/dataT/pod_rot_black/black_pod_rot_762.png,1080x1080,A,2008,2004,train,train,train,train,test,train,val,train,train,test,val,val,val,test,train
dataT/pod_rot_black/black_pod_rot_763.jpg,1,1,dataT/pod_rot_black/black_pod_rot_763.jpg,8684c885d314103ad5a7dc42ca001b81,b3ad6e6640aff840,1080,1080,cache_256/dataT/pod_rot_black/black_pod_rot_763.png,1080x1080,A,2005,2005,train,val,train,test,val,train,train,val,train,test,train,train,test,train,train
dataT/pod_rot_black/black_pod_rot_764.jpg,1,1,dataT/pod_rot_black/black_pod_rot_764.jpg,f22b31313fd2a75e4270e7913f800cfa,a5cccc65aa2f0537,1080,1080,cache_256/dataT/pod_rot_black/black_pod_rot_764.png,1080x1080,A,2008,2006,train,train,train,train,test,train,val,train,train,test,val,val,val,test,train
dataT/pod_rot_black/black_pod_rot_765.jpg,1,1,dataT/pod_rot_black/black_pod_rot_765.jpg,c8ee1887f093d7aa8959ecf9fd416d1c,f5e07e1697a5c068,1080,1080,cache_256/dataT/pod_rot_black/black_pod_rot_765.png,1080x1080,A,2007,2007,train,train,train,val,test,train,train,train,test,val,train,test,train,train,train
dataT/pod_rot_black/black_pod_rot_766.jpg,1,1,dataT/pod_rot_black/black_pod_rot_766.jpg,da97666c3cf3537063775a7a3cea5842,c7f9ccb108179996,1080,1080,cache_256/dataT/pod_rot_black/black_pod_rot_766.png,1080x1080,A,2008,2008,train,train,train,train,test,train,val,train,train,test,val,val,val,test,train
dataT/pod_rot_black/black_pod_rot_767.jpg,1,1,dataT/pod_rot_black/black_pod_rot_767.jpg,49004411f5ce80d573edbeabecb1a9d6,ced8b12fa7246964,1080,1080,cache_256/dataT/pod_rot_black/black_pod_rot_767.png,1080x1080,A,2008,2009,train,train,train,train,test,train,val,train,train,test,val,val,val,test,train
dataT/pod_rot_black/black_pod_rot_768.jpg,1,1,dataT/pod_rot_black/black_pod_rot_768.jpg,4958ef44a0899a538efa075128003af8,e9cb3971b7a81a84,1080,1080,cache_256/dataT/pod_rot_black/black_pod_rot_768.png,1080x1080,A,2010,2010,train,val,train,train,test,train,test,train,val,train,train,train,train,train,test
dataT/pod_rot_black/black_pod_rot_769.jpg,1,1,dataT/pod_rot_black/black_pod_rot_769.jpg,733eb1487f90bf58dbd475b43fa0a2c4,fee16a2ac8dae013,1080,1080,cache_256/dataT/pod_rot_black/black_pod_rot_769.png,1080x1080,A,2011,2011,train,train,test,train,train,train,test,train,train,train,train,train,test,train,train
dataT/pod_rot_black/black_pod_rot_77.jpg,1,1,dataT/pod_rot_black/black_pod_rot_77.jpg,dd2b560114fd8d1121ddcc665654f33b,89de0e3727532785,1080,1080,cache_256/dataT/pod_rot_black/black_pod_rot_77.png,1080x1080,A,1824,2012,train,train,test,train,train,test,train,train,val,train,test,train,train,train,val
dataT/pod_rot_black/black_pod_rot_770.jpg,1,1,dataT/pod_rot_black/black_pod_rot_770.jpg,001a87e2c461a2c1f00bd405fd318350,cfed783233a75402,1080,1080,cache_256/dataT/pod_rot_black/black_pod_rot_770.png,1080x1080,A,238,2013,train,val,train,test,val,test,train,train,train,train,train,val,test,train,train
dataT/pod_rot_black/black_pod_rot_771.jpg,1,1,dataT/pod_rot_black/black_pod_rot_771.jpg,062f65ed5610f4516077ec4272ee6143,b399484d5e5e5c2c,1080,1080,cache_256/dataT/pod_rot_black/black_pod_rot_771.png,1080x1080,A,238,2014,train,val,train,test,val,test,train,train,train,train,train,val,test,train,train
dataT/pod_rot_black/black_pod_rot_772.jpg,1,1,dataT/pod_rot_black/black_pod_rot_772.jpg,2f908fede013eb1629a233ada1c5a229,a649dd34195a72f1,1080,1080,cache_256/dataT/pod_rot_black/black_pod_rot_772.png,1080x1080,A,238,2015,train,val,train,test,val,test,train,train,train,train,train,val,test,train,train
dataT/pod_rot_black/black_pod_rot_773.jpg,1,1,dataT/pod_rot_black/black_pod_rot_773.jpg,dc4c112dc5dead61c819af4a0cf5af38,b7e85f7258230387,1080,1080,cache_256/dataT/pod_rot_black/black_pod_rot_773.png,1080x1080,A,238,2016,train,val,train,test,val,test,train,train,train,train,train,val,test,train,train
dataT/pod_rot_black/black_pod_rot_774.jpg,1,1,dataT/pod_rot_black/black_pod_rot_774.jpg,d962997c2a88a206d4c4b75a81bd7c36,f249d9e4bd292a68,1080,1080,cache_256/dataT/pod_rot_black/black_pod_rot_774.png,1080x1080,A,238,2017,train,val,train,test,val,test,train,train,train,train,train,val,test,train,train
dataT/pod_rot_black/black_pod_rot_775.jpg,1,1,dataT/pod_rot_black/black_pod_rot_775.jpg,f9bf3e13ef1f75ec7dc6d4de9455221e,c1e68cb8f6c12fa8,1080,1080,cache_256/dataT/pod_rot_black/black_pod_rot_775.png,1080x1080,A,2018,2018,test,train,train,train,train,test,val,train,train,train,test,train,train,train,train
dataT/pod_rot_black/black_pod_rot_776.jpg,1,1,dataT/pod_rot_black/black_pod_rot_776.jpg,319392d549e5cc5590f41556898612dd,cee81931f173d226,1080,1080,cache_256/dataT/pod_rot_black/black_pod_rot_776.png,1080x1080,A,238,2019,train,val,train,test,val,test,train,train,train,train,train,val,test,train,train
dataT/pod_rot_black/black_pod_rot_777.jpg,1,1,dataT/pod_rot_black/black_pod_rot_777.jpg,9529a2a7ce20f117a8417386b4280df8,cced21727af881a9,1080,1080,cache_256/dataT/pod_rot_black/black_pod_rot_777.png,1080x1080,A,238,2020,train,val,train,test,val,test,train,train,train,train,train,val,test,train,train
dataT/pod_rot_black/black_pod_rot_778.jpg,1,1,dataT/pod_rot_black/black_pod_rot_778.jpg,eafa2b84ba9dd810ca5e604c1fb716e5,b67cc9e5dc5aa003,1080,1080,cache_256/dataT/pod_rot_black/black_pod_rot_778.png,1080x1080,A,238,2021,train,val,train,test,val,test,train,train,train,train,train,val,test,train,train
dataT/pod_rot_black/black_pod_rot_779.jpg,1,1,dataT/pod_rot_black/black_pod_rot_779.jpg,ecb8b921c513cbd4470e9c7ebc75f9f2,e668adb490e1e1f1,1080,1080,cache_256/dataT/pod_rot_black/black_pod_rot_779.png,1080x1080,A,2022,2022,train,test,train,train,train,val,train,test,train,train,train,test,train,val,train
dataT/pod_rot_black/black_pod_rot_78.jpg,1,1,dataT/pod_rot_black/black_pod_rot_78.jpg,c98ecc6221d85d11815b9f84445ff375,bfc6e463677a0301,1080,1080,cache_256/dataT/pod_rot_black/black_pod_rot_78.png,1080x1080,A,2023,2023,train,train,test,train,train,train,test,train,train,train,train,train,test,train,train
dataT/pod_rot_black/black_pod_rot_780.jpg,1,1,dataT/pod_rot_black/black_pod_rot_780.jpg,884b23ce29ff2198366f275666b9d77a,e64c193715272e6b,1080,1080,cache_256/dataT/pod_rot_black/black_pod_rot_780.png,1080x1080,A,2024,2024,train,test,train,train,train,test,train,train,train,train,train,train,val,test,train
dataT/pod_rot_black/black_pod_rot_781.jpg,1,1,dataT/pod_rot_black/black_pod_rot_781.jpg,e339d9a1117deb8a6cb0dd36bd0a613c,eb24b43373d8d838,1080,1080,cache_256/dataT/pod_rot_black/black_pod_rot_781.png,1080x1080,A,2025,2025,train,train,train,train,test,train,train,test,train,train,train,train,train,test,train
dataT/pod_rot_black/black_pod_rot_782.jpg,1,1,dataT/pod_rot_black/black_pod_rot_782.jpg,41d1d967c8e21d5067b3f78054a3e689,b9b858d67407262f,1080,1080,cache_256/dataT/pod_rot_black/black_pod_rot_782.png,1080x1080,A,2026,2026,train,train,train,train,test,train,train,test,train,train,train,test,train,train,train
dataT/pod_rot_black/black_pod_rot_783.jpg,1,1,dataT/pod_rot_black/black_pod_rot_783.jpg,a439b0ad77881340319c79469166b663,cea9b3f0c32646a6,1080,1080,cache_256/dataT/pod_rot_black/black_pod_rot_783.png,1080x1080,A,2027,2027,train,train,train,test,train,train,test,train,val,train,train,train,train,train,test
dataT/pod_rot_black/black_pod_rot_784.jpg,1,1,dataT/pod_rot_black/black_pod_rot_784.jpg,5ea725653cb01b420dbd4ae746f3d59f,c8ad7377d82c6624,1080,1080,cache_256/dataT/pod_rot_black/black_pod_rot_784.png,1080x1080,A,2025,2028,train,train,train,train,test,train,train,test,train,train,train,train,train,test,train
dataT/pod_rot_black/black_pod_rot_785.jpg,1,1,dataT/pod_rot_black/black_pod_rot_785.jpg,f49ebd1d441e359be58d0715f1b60174,d8d82d226fa6e4cc,1080,1080,cache_256/dataT/pod_rot_black/black_pod_rot_785.png,1080x1080,A,1711,2029,train,train,train,val,test,val,val,train,test,train,train,test,train,train,val
dataT/pod_rot_black/black_pod_rot_786.jpg,1,1,dataT/pod_rot_black/black_pod_rot_786.jpg,b18532d14ad7e0eff95a33db6c6fe958,f0d81f2567e6068e,1080,1080,cache_256/dataT/pod_rot_black/black_pod_rot_786.png,1080x1080,A,1711,2030,train,train,train,val,test,val,val,train,test,train,train,test,train,train,val
dataT/pod_rot_black/black_pod_rot_787.jpg,1,1,dataT/pod_rot_black/black_pod_rot_787.jpg,5acaef27794f7f73cb3972593a0c9034,dc692f01e386c8dd,1080,1080,cache_256/dataT/pod_rot_black/black_pod_rot_787.png,1080x1080,A,1711,2031,train,train,train,val,test,val,val,train,test,train,train,test,train,train,val
dataT/pod_rot_black/black_pod_rot_788.jpg,1,1,dataT/pod_rot_black/black_pod_rot_788.jpg,d44c30fb9f5d124567744a2a740563d2,df483463a6de3889,1080,1080,cache_256/dataT/pod_rot_black/black_pod_rot_788.png,1080x1080,A,1711,2032,train,train,train,val,test,val,val,train,test,train,train,test,train,train,val
dataT/pod_rot_black/black_pod_rot_789.jpg,1,1,dataT/pod_rot_black/black_pod_rot_789.jpg,eed25633428aad0458cbdba0290f5505,9abba327063afc12,1080,1080,cache_256/dataT/pod_rot_black/black_pod_rot_789.png,1080x1080,A,2033,2033,train,train,test,train,train,train,val,train,test,train,train,test,train,train,train
dataT/pod_rot_black/black_pod_rot_79.jpg,1,1,dataT/pod_rot_black/black_pod_rot_79.jpg,5012e70dbd8b1f6651f411dcfaf3de8d,fc7c8360e9f99103,1080,1080,cache_256/dataT/pod_rot_black/black_pod_rot_79.png,1080x1080,A,2034,2034,train,test,val,train,train,train,train,train,train,test,train,train,test,train,train
dataT/pod_rot_black/black_pod_rot_790.jpg,1,1,dataT/pod_rot_black/black_pod_rot_790.jpg,7e5d4c6e9b2740fb4759784c1db42445,db59bc03e681cc3c,1080,1080,cache_256/dataT/pod_rot_black/black_pod_rot_790.png,1080x1080,A,1711,2035,train,train,train,val,test,val,val,train,test,train,train,test,train,train,val
dataT/pod_rot_black/black_pod_rot_791.jpg,1,1,dataT/pod_rot_black/black_pod_rot_791.jpg,89e66d0f9fe8dd6e4316c72e4a339fcd,938d8d9443e3f323,1080,1080,cache_256/dataT/pod_rot_black/black_pod_rot_791.png,1080x1080,A,2036,2036,train,train,train,test,val,train,train,train,train,test,test,train,train,val,train
dataT/pod_rot_black/black_pod_rot_792.jpg,1,1,dataT/pod_rot_black/black_pod_rot_792.jpg,4e7cd5858bd70a9c25654f2153f5b32a,d1d92f266fcc02e4,1080,1080,cache_256/dataT/pod_rot_black/black_pod_rot_792.png,1080x1080,A,1711,2037,train,train,train,val,test,val,val,train,test,train,train,test,train,train,val
dataT/pod_rot_black/black_pod_rot_793.jpg,1,1,dataT/pod_rot_black/black_pod_rot_793.jpg,3f079a2f3647a99ab67d5438ed213fc6,d25e0d2576c5dd88,1080,1080,cache_256/dataT/pod_rot_black/black_pod_rot_793.png,1080x1080,A,1711,2038,train,train,train,val,test,val,val,train,test,train,train,test,train,train,val
dataT/pod_rot_black/black_pod_rot_794.jpg,1,1,dataT/pod_rot_black/black_pod_rot_794.jpg,fb6a1a27e91364bd9147e786cb1d3479,d72c14727bcb8585,1080,1080,cache_256/dataT/pod_rot_black/black_pod_rot_794.png,1080x1080,A,2039,2039,train,val,train,train,test,test,val,train,train,train,train,train,train,train,test
dataT/pod_rot_black/black_pod_rot_795.jpg,1,1,dataT/pod_rot_black/black_pod_rot_795.jpg,579d5eeb6e19a02fb6e716c6dfaa2a84,df5bbc3367860284,1080,1080,cache_256/dataT/pod_rot_black/black_pod_rot_795.png,1080x1080,A,1711,2040,train,train,train,val,test,val,val,train,test,train,train,test,train,train,val
dataT/pod_rot_black/black_pod_rot_796.jpg,1,1,dataT/pod_rot_black/black_pod_rot_796.jpg,2b0c8dca9e36b86ff713f5be37b0bc3f,f36a0dad14d47272,1080,1080,cache_256/dataT/pod_rot_black/black_pod_rot_796.png,1080x1080,A,2039,2041,train,val,train,train,test,test,val,train,train,train,train,train,train,train,test
dataT/pod_rot_black/black_pod_rot_797.jpg,1,1,dataT/pod_rot_black/black_pod_rot_797.jpg,8a2ebf398517c57282a73f80bace68a4,fed8092357887556,1080,1080,cache_256/dataT/pod_rot_black/black_pod_rot_797.png,1080x1080,A,2042,2042,train,train,train,test,train,train,train,train,val,test,train,test,train,train,train
dataT/pod_rot_black/black_pod_rot_798.jpg,1,1,dataT/pod_rot_black/black_pod_rot_798.jpg,97cc5f6a2a633837d2fe748c17bc8c73,a6e6454ed491d6b4,1080,1080,cache_256/dataT/pod_rot_black/black_pod_rot_798.png,1080x1080,A,2043,2043,train,test,val,train,val,train,test,train,train,train,train,train,train,test,train
dataT/pod_rot_black/black_pod_rot_799.jpg,1,1,dataT/pod_rot_black/black_pod_rot_799.jpg,79975106deec179c838fb96317fcf6a6,a539d860034f7f9c,1080,1080,cache_256/dataT/pod_rot_black/black_pod_rot_799.png,1080x1080,A,2039,2044,train,val,train,train,test,test,val,train,train,train,train,train,train,train,test
dataT/pod_rot_black/black_pod_rot_8.jpg,1,1,dataT/pod_rot_black/black_pod_rot_8.jpg,d6795e9aab0ec96bf9fe0f7d05644e2d,89197c20767371af,1080,1080,cache_256/dataT/pod_rot_black/black_pod_rot_8.png,1080x1080,A,1712,2045,train,train,train,test,train,test,train,train,train,train,train,train,test,train,train
dataT/pod_rot_black/black_pod_rot_80.jpg,1,1,dataT/pod_rot_black/black_pod_rot_80.jpg,f82cc48fd4b36941632d39f5d0d8e08d,93b8c433313337a7,1080,1080,cache_256/dataT/pod_rot_black/black_pod_rot_80.png,1080x1080,A,2046,2046,test,train,train,train,train,val,train,test,train,train,train,val,train,train,test
dataT/pod_rot_black/black_pod_rot_800.jpg,1,1,dataT/pod_rot_black/black_pod_rot_800.jpg,9c766e3e86f81e7d897e1827637c553a,b73ddc77398a2280,1080,1080,cache_256/dataT/pod_rot_black/black_pod_rot_800.png,1080x1080,A,2047,2047,val,train,test,train,train,train,train,val,test,train,train,train,train,test,train
dataT/pod_rot_black/black_pod_rot_801.jpg,1,1,dataT/pod_rot_black/black_pod_rot_801.jpg,b9e2a6abb0d510b1a366c156a8173655,f26ae8a514aaf30b,1080,1080,cache_256/dataT/pod_rot_black/black_pod_rot_801.png,1080x1080,A,2048,2048,train,train,train,test,train,val,train,train,train,test,train,test,train,train,train
dataT/pod_rot_black/black_pod_rot_802.jpg,1,1,dataT/pod_rot_black/black_pod_rot_802.jpg,13a7882826d7007fffcf6492ebc8e0ab,9bff4883b7762202,1080,1080,cache_256/dataT/pod_rot_black/black_pod_rot_802.png,1080x1080,A,2049,2049,train,val,train,val,test,train,val,train,train,test,train,train,test,train,val
dataT/pod_rot_black/black_pod_rot_803.jpg,1,1,dataT/pod_rot_black/black_pod_rot_803.jpg,27c61397545bd14400fec1756f7f3e50,b5ebc8c28a0e5cdc,1080,1080,cache_256/dataT/pod_rot_black/black_pod_rot_803.png,1080x1080,A,2050,2050,val,test,train,train,train,train,test,train,train,train,train,train,train,val,test
dataT/pod_rot_black/black_pod_rot_804.jpg,1,1,dataT/pod_rot_black/black_pod_rot_804.jpg,d01841e3c06abec68b717aa42975453c,c49ff020ccf35dc1,1080,1080,cache_256/dataT/pod_rot_black/black_pod_rot_804.png,1080x1080,A,2051,2051,train,train,train,train,test,test,train,val,val,train,train,train,train,test,train
dataT/pod_rot_black/black_pod_rot_805.jpg,1,1,dataT/pod_rot_black/black_pod_rot_805.jpg,968f4660267394e6b02d54bee8b158d5,bbc98736182379c3,1080,1080,cache_256/dataT/pod_rot_black/black_pod_rot_805.png,1080x1080,A,2052,2052,test,train,train,train,train,train,test,train,train,val,test,val,train,train,train
dataT/pod_rot_black/black_pod_rot_806.jpg,1,1,dataT/pod_rot_black/black_pod_rot_806.jpg,7e2626a0740fc4f04aba3ccb8f3bcf3c,c3dfdde1bc862018,1080,1080,cache_256/dataT/pod_rot_black/black_pod_rot_806.png,1080x1080,A,2052,2053,test,train,train,train,train,train,test,train,train,val,test,val,train,train,train
dataT/pod_rot_black/black_pod_rot_807.jpg,1,1,dataT/pod_rot_black/black_pod_rot_807.jpg,6d25329b3fef6200588151b32aa7d794,ebc9ccc926766a06,1080,1080,cache_256/dataT/pod_rot_black/black_pod_rot_807.png,1080x1080,A,2054,2054,train,val,test,val,val,train,train,train,test,train,train,train,val,train,test
dataT/pod_rot_black/black_pod_rot_808.jpg,1,1,dataT/pod_rot_black/black_pod_rot_808.jpg,1637704b42e808a9febbe5ec4bccaf52,ac810f20d9ddfb19,1080,1080,cache_256/dataT/pod_rot_black/black_pod_rot_808.png,1080x1080,A,2052,2055,test,train,train,train,train,train,test,train,train,val,test,val,train,train,train
dataT/pod_rot_black/black_pod_rot_809.jpg,1,1,dataT/pod_rot_black/black_pod_rot_809.jpg,e3a82d6aaf49afc814f97af7b13fc84d,cea5adb3769b1801,1080,1080,cache_256/dataT/pod_rot_black/black_pod_rot_809.png,1080x1080,A,2052,2056,test,train,train,train,train,train,test,train,train,val,test,val,train,train,train
dataT/pod_rot_black/black_pod_rot_81.jpg,1,1,dataT/pod_rot_black/black_pod_rot_81.jpg,f883e8047aecd44d8211a8cdea18eeff,9949cc27b666aca9,1080,1080,cache_256/dataT/pod_rot_black/black_pod_rot_81.png,1080x1080,A,2057,2057,train,train,train,test,train,train,train,test,train,train,val,test,train,train,train
dataT/pod_rot_black/black_pod_rot_810.jpg,1,1,dataT/pod_rot_black/black_pod_rot_810.jpg,f22ad12bcc078ed30e9bd92678531f4f,b9b8096623872e9f,1080,1080,cache_256/dataT/pod_rot_black/black_pod_rot_810.png,1080x1080,A,2052,2058,test,train,train,train,train,train,test,train,train,val,test,val,train,train,train
dataT/pod_rot_black/black_pod_rot_811.jpg,1,1,dataT/pod_rot_black/black_pod_rot_811.jpg,48354681f7388e6e17c4e5d3837bc135,b11df071bf625852,1080,1080,cache_256/dataT/pod_rot_black/black_pod_rot_811.png,1080x1080,A,2059,2059,train,train,train,test,train,train,train,train,test,train,train,train,test,train,train
dataT/pod_rot_black/black_pod_rot_812.jpg,1,1,dataT/pod_rot_black/black_pod_rot_812.jpg,4b13d20c14b149c10852c5ae57099cab,8e96f8b8336293b1,1080,1080,cache_256/dataT/pod_rot_black/black_pod_rot_812.png,1080x1080,A,2060,2060,train,train,val,train,test,train,train,train,train,test,train,train,test,train,train
dataT/pod_rot_black/black_pod_rot_813.jpg,1,1,dataT/pod_rot_black/black_pod_rot_813.jpg,d65c2c6eb44bc55d68a56d8c65bc08da,c6d998b09e9eae24,1080,1080,cache_256/dataT/pod_rot_black/black_pod_rot_813.png,1080x1080,A,2062,2061,train,test,train,train,train,val,test,train,val,train,train,train,train,test,train
dataT/pod_rot_black/black_pod_rot_814.jpg,1,1,dataT/pod_rot_black/black_pod_rot_814.jpg,36e01f2fc56cfe6df743d3cdd6daa121,cee0dc54d596b294,1080,1080,cache_256/dataT/pod_rot_black/black_pod_rot_814.png,1080x1080,A,2062,2062,train,test,train,train,train,val,test,train,val,train,train,train,train,test,train
dataT/pod_rot_black/black_pod_rot_815.jpg,1,1,dataT/pod_rot_black/black_pod_rot_815.jpg,323d990b16555d7091318ab5dd16106a,8697997a71706363,1080,1080,cache_256/dataT/pod_rot_black/black_pod_rot_815.png,1080x1080,A,2063,2063,train,train,train,test,train,train,val,test,train,train,train,train,val,test,train
dataT/pod_rot_black/black_pod_rot_816.jpg,1,1,dataT/pod_rot_black/black_pod_rot_816.jpg,6c19cf66bc01e323304760a31d3b386b,c7958c9517cb4b0b,1080,1080,cache_256/dataT/pod_rot_black/black_pod_rot_816.png,1080x1080,A,2062,2064,train,test,train,train,train,val,test,train,val,train,train,train,train,test,train
dataT/pod_rot_black/black_pod_rot_817.jpg,1,1,dataT/pod_rot_black/black_pod_rot_817.jpg,d4f07c418ac70d73a9333d68e82b6359,f9f60c02705c5b8f,1080,1080,cache_256/dataT/pod_rot_black/black_pod_rot_817.png,1080x1080,A,2062,2065,train,test,train,train,train,val,test,train,val,train,train,train,train,test,train
dataT/pod_rot_black/black_pod_rot_818.jpg,1,1,dataT/pod_rot_black/black_pod_rot_818.jpg,043cbf12c367e9da665ce28fdcb60569,f745a162d2e0687e,1080,1080,cache_256/dataT/pod_rot_black/black_pod_rot_818.png,1080x1080,A,2066,2066,train,train,test,train,train,test,train,train,val,train,train,train,train,test,train
dataT/pod_rot_black/black_pod_rot_819.jpg,1,1,dataT/pod_rot_black/black_pod_rot_819.jpg,3e9aa2460827553fbd9def8257face62,f3a794703131e13d,1080,1080,cache_256/dataT/pod_rot_black/black_pod_rot_819.png,1080x1080,A,2067,2067,train,val,train,test,train,train,test,train,train,train,train,train,train,train,test
dataT/pod_rot_black/black_pod_rot_82.jpg,1,1,dataT/pod_rot_black/black_pod_rot_82.jpg,f4d115e855e7aefd5a1ceac594733ada,cce3a77cb311b814,1080,1080,cache_256/dataT/pod_rot_black/black_pod_rot_82.png,1080x1080,A,2057,2068,train,train,train,test,train,train,train,test,train,train,val,test,train,train,train
dataT/pod_rot_black/black_pod_rot_820.jpg,1,1,dataT/pod_rot_black/black_pod_rot_820.jpg,34eb0626932c904c2f054623510ede20,a68c6c72cbcb495a,1080,1080,cache_256/dataT/pod_rot_black/black_pod_rot_820.png,1080x1080,A,2069,2069,train,train,train,train,test,train,train,test,train,train,train,test,train,train,train
dataT/pod_rot_black/black_pod_rot_821.jpg,1,1,dataT/pod_rot_black/black_pod_rot_821.jpg,7a3e7b51aceab9f59844706c00e9d814,e2e4963659f349a8,1080,1080,cache_256/dataT/pod_rot_black/black_pod_rot_821.png,1080x1080,A,2067,2070,train,val,train,test,train,train,test,train,train,train,train,train,train,train,test
dataT/pod_rot_black/black_pod_rot_822.jpg,1,1,dataT/pod_rot_black/black_pod_rot_822.jpg,26a5573aacf82498e321bf13fddb7c8b,e4fd8026ca3ae3aa,1080,1080,cache_256/dataT/pod_rot_black/black_pod_rot_822.png,1080x1080,A,2067,2071,train,val,train,test,train,train,test,train,train,train,train,train,train,train,test
dataT/pod_rot_black/black_pod_rot_823.jpg,1,1,dataT/pod_rot_black/black_pod_rot_823.jpg,6fbc16d387f88c455c06d38656a6401f,f3b31935b21267d0,1080,1080,cache_256/dataT/pod_rot_black/black_pod_rot_823.png,1080x1080,A,2067,2072,train,val,train,test,train,train,test,train,train,train,train,train,train,train,test
dataT/pod_rot_black/black_pod_rot_824.jpg,1,1,dataT/pod_rot_black/black_pod_rot_824.jpg,a867a0e32dd8fa8e78274d63cd2826cd,b77810430ff7a4b8,1080,1080,cache_256/dataT/pod_rot_black/black_pod_rot_824.png,1080x1080,A,2073,2073,train,train,train,test,train,val,train,train,test,train,train,test,train,val,train
dataT/pod_rot_black/black_pod_rot_825.jpg,1,1,dataT/pod_rot_black/black_pod_rot_825.jpg,3021c8aa29c4ca68db9385da4e067729,cecc6b7b92b27210,1080,1080,cache_256/dataT/pod_rot_black/black_pod_rot_825.png,1080x1080,A,2069,2074,train,train,train,train,test,train,train,test,train,train,train,test,train,train,train
dataT/pod_rot_black/black_pod_rot_826.jpg,1,1,dataT/pod_rot_black/black_pod_rot_826.jpg,f1ebc0b31efe25633578f5c67c32330e,f4484977e3a68b8a,1080,1080,cache_256/dataT/pod_rot_black/black_pod_rot_826.png,1080x1080,A,2075,2075,test,train,val,train,train,train,train,val,train,test,train,train,val,test,train
dataT/pod_rot_black/black_pod_rot_827.jpg,1,1,dataT/pod_rot_black/black_pod_rot_827.jpg,1bfcf9996d9ff2d54e5119dbce8f8dbb,e2e0d4f3b10de5c4,1080,1080,cache_256/dataT/pod_rot_black/black_pod_rot_827.png,1080x1080,A,2076,2076,train,test,train,train,val,train,train,train,test,train,test,train,train,train,train
dataT/pod_rot_black/black_pod_rot_828.jpg,1,1,dataT/pod_rot_black/black_pod_rot_828.jpg,070f1508617aa2dec469a32c07d6c147,83b6fc21e7817652,1080,1080,cache_256/dataT/pod_rot_black/black_pod_rot_828.png,1080x1080,A,2077,2077,train,train,train,val,test,train,test,train,train,train,train,train,test,train,train
dataT/pod_rot_black/black_pod_rot_829.jpg,1,1,dataT/pod_rot_black/black_pod_rot_829.jpg,0e946639d8e0311c6433d2b471482f52,b09dfb59c90899b4,1080,1080,cache_256/dataT/pod_rot_black/black_pod_rot_829.png,1080x1080,A,2078,2078,val,test,train,train,train,train,val,test,train,train,train,train,test,train,train
dataT/pod_rot_black/black_pod_rot_83.jpg,1,1,dataT/pod_rot_black/black_pod_rot_83.jpg,c5de661b841a139d7ffcfe8176e5e817,8bc9d337f1aaa0d0,1080,1080,cache_256/dataT/pod_rot_black/black_pod_rot_83.png,1080x1080,A,2079,2079,test,train,train,train,train,train,train,train,train,test,train,train,train,train,test
dataT/pod_rot_black/black_pod_rot_830.jpg,1,1,dataT/pod_rot_black/black_pod_rot_830.jpg,15691f2fd8498e2bf4d78e9ac129fc7f,a68e9a69d182aff0,1080,1080,cache_256/dataT/pod_rot_black/black_pod_rot_830.png,1080x1080,A,2078,2080,val,test,train,train,train,train,val,test,train,train,train,train,test,train,train
dataT/pod_rot_black/black_pod_rot_831.jpg,1,1,dataT/pod_rot_black/black_pod_rot_831.jpg,c608e60cea44e0eafa1575aab3d07910,e5a99d362e1c3839,1080,1080,cache_256/dataT/pod_rot_black/black_pod_rot_831.png,1080x1080,A,2081,2081,train,train,train,test,train,test,train,train,train,val,val,train,train,train,test
dataT/pod_rot_black/black_pod_rot_832.jpg,1,1,dataT/pod_rot_black/black_pod_rot_832.jpg,8f7c39844c0f55bd44c0995d47f7aa70,e6cce5ba0fc59043,1080,1080,cache_256/dataT/pod_rot_black/black_pod_rot_832.png,1080x1080,A,2082,2082,train,train,test,train,train,train,train,test,train,train,test,train,train,train,val
dataT/pod_rot_black/black_pod_rot_833.jpg,1,1,dataT/pod_rot_black/black_pod_rot_833.jpg,aa260a0744155b2c9f726c217882f544,c5c88bb60a66b4f3,1080,1080,cache_256/dataT/pod_rot_black/black_pod_rot_833.png,1080x1080,A,2083,2083,train,test,train,train,train,val,test,train,train,train,train,test,train,val,train
dataT/pod_rot_black/black_pod_rot_834.jpg,1,1,dataT/pod_rot_black/black_pod_rot_834.jpg,c534679fcd82b9b1ce04b9694173cfd5,9ad121059bdfee06,1080,1080,cache_256/dataT/pod_rot_black/black_pod_rot_834.png,1080x1080,A,2084,2084,val,train,train,test,val,train,test,train,train,train,train,train,test,train,train
dataT/pod_rot_black/black_pod_rot_835.jpg,1,1,dataT/pod_rot_black/black_pod_rot_835.jpg,28cc6ce05055626d54d4710c33525231,e6ad9d12225bf22c,1080,1080,cache_256/dataT/pod_rot_black/black_pod_rot_835.png,1080x1080,A,2085,2085,train,val,train,train,test,train,train,train,val,test,val,train,train,test,train
dataT/pod_rot_black/black_pod_rot_836.jpg,1,1,dataT/pod_rot_black/black_pod_rot_836.jpg,0181f95fe547013d9fd3faaba62efab7,d7b25c90123e38b7,1080,1080,cache_256/dataT/pod_rot_black/black_pod_rot_836.png,1080x1080,A,2084,2086,val,train,train,test,val,train,test,train,train,train,train,train,test,train,train
dataT/pod_rot_black/black_pod_rot_837.jpg,1,1,dataT/pod_rot_black/black_pod_rot_837.jpg,8bd2d19ed28bd5725f7325b33a458094,d5c4bc326615f2d8,1080,1080,cache_256/dataT/pod_rot_black/black_pod_rot_837.png,1080x1080,A,2087,2087,train,test,train,train,train,train,train,train,test,train,train,train,train,test,train
dataT/pod_rot_black/black_pod_rot_838.jpg,1,1,dataT/pod_rot_black/black_pod_rot_838.jpg,4d175c7e0409552ecbef57f5743bbb93,e668183a3b231f37,1080,1080,cache_256/dataT/pod_rot_black/black_pod_rot_838.png,1080x1080,A,2088,2088,train,train,train,test,train,test,train,train,train,val,train,val,val,train,test
dataT/pod_rot_black/black_pod_rot_839.jpg,1,1,dataT/pod_rot_black/black_pod_rot_839.jpg,a2d8b6ff76a62cc21eaf72af68cb7ab1,ca7c16758c9ddb10,1080,1080,cache_256/dataT/pod_rot_black/black_pod_rot_839.png,1080x1080,A,2087,2089,train,test,train,train,train,train,train,train,test,train,train,train,train,test,train
dataT/pod_rot_black/black_pod_rot_84.jpg,1,1,dataT/pod_rot_black/black_pod_rot_84.jpg,4b7ec99f71aba4abba2e7190d97239bc,c71c9e316063636f,1080,1080,cache_256/dataT/pod_rot_black/black_pod_rot_84.png,1080x1080,A,2112,2090,train,train,test,train,train,train,test,train,val,train,train,train,test,train,train
dataT/pod_rot_black/black_pod_rot_840.jpg,1,1,dataT/pod_rot_black/black_pod_rot_840.jpg,ba5e290aee730ca59c669abbfe042edc,83303ca432cf3bde,1080,1080,cache_256/dataT/pod_rot_black/black_pod_rot_840.png,1080x1080,A,2091,2091,train,train,test,train,val,test,train,train,train,train,train,test,train,train,train
dataT/pod_rot_black/black_pod_rot_841.jpg,1,1,dataT/pod_rot_black/black_pod_rot_841.jpg,3265b6aa07c303962ecbbd92feed769f,8dacc56e60cad8cb,1080,1080,cache_256/dataT/pod_rot_black/black_pod_rot_841.png,1080x1080,A,2088,2092,train,train,train,test,train,test,train,train,train,val,train,val,val,train,test
dataT/pod_rot_black/black_pod_rot_842.jpg,1,1,dataT/pod_rot_black/black_pod_rot_842.jpg,48f2b6ddf8cc6795ff01258b1985921e,bebe09ecb7598082,1080,1080,cache_256/dataT/pod_rot_black/black_pod_rot_842.png,1080x1080,A,2097,2093,train,test,val,train,train,train,train,train,test,train,train,train,train,train,test
dataT/pod_rot_black/black_pod_rot_843.jpg,1,1,dataT/pod_rot_black/black_pod_rot_843.jpg,ebf33339c4cc2e0770219cc930e0ca86,afe8c92bced066a0,1080,1080,cache_256/dataT/pod_rot_black/black_pod_rot_843.png,1080x1080,A,2082,2094,train,train,test,train,train,train,train,test,train,train,test,train,train,train,val
dataT/pod_rot_black/black_pod_rot_844.jpg,1,1,dataT/pod_rot_black/black_pod_rot_844.jpg,6aeb6c7d44baf6dee6bdda32c21be8cb,b0d35ba1a3e061b7,1080,1080,cache_256/dataT/pod_rot_black/black_pod_rot_844.png,1080x1080,A,2097,2095,train,test,val,train,train,train,train,train,test,train,train,train,train,train,test
dataT/pod_rot_black/black_pod_rot_845.jpg,1,1,dataT/pod_rot_black/black_pod_rot_845.jpg,541352354b1b30a68012071941dd7fb8,aab35a2c94d027ee,1080,1080,cache_256/dataT/pod_rot_black/black_pod_rot_845.png,1080x1080,A,2097,2096,train,test,val,train,train,train,train,train,test,train,train,train,train,train,test
dataT/pod_rot_black/black_pod_rot_846.jpg,1,1,dataT/pod_rot_black/black_pod_rot_846.jpg,d105699d6ddeb210939b150ec9bb8225,82cf2997e3a9c5a4,1080,1080,cache_256/dataT/pod_rot_black/black_pod_rot_846.png,1080x1080,A,2097,2097,train,test,val,train,train,train,train,train,test,train,train,train,train,train,test
dataT/pod_rot_black/black_pod_rot_847.jpg,1,1,dataT/pod_rot_black/black_pod_rot_847.jpg,832aa7f6b6fa6edcfc5a3d68a079a459,a6b9f96622acc0e9,1080,1080,cache_256/dataT/pod_rot_black/black_pod_rot_847.png,1080x1080,A,2097,2098,train,test,val,train,train,train,train,train,test,train,train,train,train,train,test
dataT/pod_rot_black/black_pod_rot_848.jpg,1,1,dataT/pod_rot_black/black_pod_rot_848.jpg,871c5d9563e2ed8a32bd7f80c4d1d029,8ae19923bbd642cd,1080,1080,cache_256/dataT/pod_rot_black/black_pod_rot_848.png,1080x1080,A,2125,2099,train,train,train,train,test,train,train,train,test,train,val,test,train,train,train
dataT/pod_rot_black/black_pod_rot_849.jpg,1,1,dataT/pod_rot_black/black_pod_rot_849.jpg,6e710f4c7e9962cf9832780845dc3e5d,d6310d66657a391b,1080,1080,cache_256/dataT/pod_rot_black/black_pod_rot_849.png,1080x1080,A,2100,2100,test,train,train,val,train,train,train,test,train,train,test,train,train,train,train
dataT/pod_rot_black/black_pod_rot_85.jpg,1,1,dataT/pod_rot_black/black_pod_rot_85.jpg,a6ea9afb29e5c3061ebe1c7db6d8330a,f494ce364a313337,1080,1080,cache_256/dataT/pod_rot_black/black_pod_rot_85.png,1080x1080,A,2112,2101,train,train,test,train,train,train,test,train,val,train,train,train,test,train,train
dataT/pod_rot_black/black_pod_rot_850.jpg,1,1,dataT/pod_rot_black/black_pod_rot_850.jpg,cb8826c1d75c0e3a58823b54f941d980,87346d6667d8dc81,1080,1080,cache_256/dataT/pod_rot_black/black_pod_rot_850.png,1080x1080,A,1996,2102,val,train,test,train,train,train,train,test,train,train,train,train,test,train,train
dataT/pod_rot_black/black_pod_rot_851.jpg,1,1,dataT/pod_rot_black/black_pod_rot_851.jpg,0cbdfdb69e6b1b553e213e7b02a75311,860b98687753d774,1080,1080,cache_256/dataT/pod_rot_black/black_pod_rot_851.png,1080x1080,A,2103,2103,train,train,train,train,test,train,train,train,test,train,train,train,test,train,train
dataT/pod_rot_black/black_pod_rot_852.jpg,1,1,dataT/pod_rot_black/black_pod_rot_852.jpg,03dfed3fdf8f1efc8a447305673b98d8,be476d20b197d099,1080,1080,cache_256/dataT/pod_rot_black/black_pod_rot_852.png,1080x1080,A,2104,2104,train,test,train,train,train,train,val,test,train,train,train,train,val,test,train
dataT/pod_rot_black/black_pod_rot_853.jpg,1,1,dataT/pod_rot_black/black_pod_rot_853.jpg,48cd040b53090e1c78a35cd1774bcaa7,e5490ea50867f0f7,1080,1080,cache_256/dataT/pod_rot_black/black_pod_rot_853.png,1080x1080,A,2104,2105,train,test,train,train,train,train,val,test,train,train,train,train,val,test,train
dataT/pod_rot_black/black_pod_rot_854.jpg,1,1,dataT/pod_rot_black/black_pod_rot_854.jpg,15f912e468b08674eaec9c35865c8df7,b7e4c1737069598c,1080,1080,cache_256/dataT/pod_rot_black/black_pod_rot_854.png,1080x1080,A,2082,2106,train,train,test,train,train,train,train,test,train,train,test,train,train,train,val
dataT/pod_rot_black/black_pod_rot_855.jpg,1,1,dataT/pod_rot_black/black_pod_rot_855.jpg,7c46d775e4278323c38fb2f71366ed7e,e33c186f840fae3a,1080,1080,cache_256/dataT/pod_rot_black/black_pod_rot_855.png,1080x1080,A,2104,2107,train,test,train,train,train,train,val,test,train,train,train,train,val,test,train
dataT/pod_rot_black/black_pod_rot_856.jpg,1,1,dataT/pod_rot_black/black_pod_rot_856.jpg,613898ae3cf57473964683e99cfb609e,aa33e936b65c422d,1080,1080,cache_256/dataT/pod_rot_black/black_pod_rot_856.png,1080x1080,A,2104,2108,train,test,train,train,train,train,val,test,train,train,train,train,val,test,train
dataT/pod_rot_black/black_pod_rot_857.jpg,1,1,dataT/pod_rot_black/black_pod_rot_857.jpg,3458d3dbc2409f3654160ebfa54f1d87,d80839e9662f7e61,1080,1080,cache_256/dataT/pod_rot_black/black_pod_rot_857.png,1080x1080,A,2104,2109,train,test,train,train,train,train,val,test,train,train,train,train,val,test,train
dataT/pod_rot_black/black_pod_rot_858.jpg,1,1,dataT/pod_rot_black/black_pod_rot_858.jpg,528f7fb6ec825736abc4f8382d494562,9d14fb26e17a48a9,1080,1080,cache_256/dataT/pod_rot_black/black_pod_rot_858.png,1080x1080,A,2104,2110,train,test,train,train,train,train,val,test,train,train,train,train,val,test,train
dataT/pod_rot_black/black_pod_rot_859.jpg,1,1,dataT/pod_rot_black/black_pod_rot_859.jpg,cccb95943e7cac6b5272295fe56e1f10,b3439eb44c2f0da5,1080,1080,cache_256/dataT/pod_rot_black/black_pod_rot_859.png,1080x1080,A,2104,2111,train,test,train,train,train,train,val,test,train,train,train,train,val,test,train
dataT/pod_rot_black/black_pod_rot_86.jpg,1,1,dataT/pod_rot_black/black_pod_rot_86.jpg,0a59833a76a3664a33590224338579d3,e408da7d19753a72,1080,1080,cache_256/dataT/pod_rot_black/black_pod_rot_86.png,1080x1080,A,2112,2112,train,train,test,train,train,train,test,train,val,train,train,train,test,train,train
dataT/pod_rot_black/black_pod_rot_860.jpg,1,1,dataT/pod_rot_black/black_pod_rot_860.jpg,501fde0fe9297e354aeda6f34df0c364,e300dcf80d751cf3,1080,1080,cache_256/dataT/pod_rot_black/black_pod_rot_860.png,1080x1080,A,2104,2113,train,test,train,train,train,train,val,test,train,train,train,train,val,test,train
dataT/pod_rot_black/black_pod_rot_861.jpg,1,1,dataT/pod_rot_black/black_pod_rot_861.jpg,c10d555ff799f3ab50e9fd21ed6f2a2d,af59b4b3141227da,1080,1080,cache_256/dataT/pod_rot_black/black_pod_rot_861.png,1080x1080,A,2104,2114,train,test,train,train,train,train,val,test,train,train,train,train,val,test,train
dataT/pod_rot_black/black_pod_rot_862.jpg,1,1,dataT/pod_rot_black/black_pod_rot_862.jpg,9d293186279524e013e1638d29bb7285,9e15a56722a6ca9d,1080,1080,cache_256/dataT/pod_rot_black/black_pod_rot_862.png,1080x1080,A,2115,2115,val,train,test,train,train,train,test,train,train,train,train,test,train,val,train
dataT/pod_rot_black/black_pod_rot_863.jpg,1,1,dataT/pod_rot_black/black_pod_rot_863.jpg,422f9fcc75688fed37deeedd7ea68676,edd9f4a310912b5a,1080,1080,cache_256/dataT/pod_rot_black/black_pod_rot_863.png,1080x1080,A,2104,2116,train,test,train,train,train,train,val,test,train,train,train,train,val,test,train
dataT/pod_rot_black/black_pod_rot_864.jpg,1,1,dataT/pod_rot_black/black_pod_rot_864.jpg,ecede4efbbe77fabef5f1310647ae72d,efd0fda330312613,1080,1080,cache_256/dataT/pod_rot_black/black_pod_rot_864.png,1080x1080,A,2104,2117,train,test,train,train,train,train,val,test,train,train,train,train,val,test,train
dataT/pod_rot_black/black_pod_rot_865.jpg,1,1,dataT/pod_rot_black/black_pod_rot_865.jpg,33028d45bbd38de28c9efb83cfb07770,a6cf69721a72e2d0,1080,1080,cache_256/dataT/pod_rot_black/black_pod_rot_865.png,1080x1080,A,2118,2118,train,train,val,test,train,train,train,test,train,train,train,train,train,test,train
dataT/pod_rot_black/black_pod_rot_866.jpg,1,1,dataT/pod_rot_black/black_pod_rot_866.jpg,ea0e69f5980568d92917afeb82765c78,f6708443d3a749ea,1080,1080,cache_256/dataT/pod_rot_black/black_pod_rot_866.png,1080x1080,A,2119,2119,test,val,train,train,train,val,train,train,test,train,train,train,train,train,test
dataT/pod_rot_black/black_pod_rot_867.jpg,1,1,dataT/pod_rot_black/black_pod_rot_867.jpg,4f6821849d5e7ff709e7734b309cd816,f7568ea150ca6729,1080,1080,cache_256/dataT/pod_rot_black/black_pod_rot_867.png,1080x1080,A,2104,2120,train,test,train,train,train,train,val,test,train,train,train,train,val,test,train
dataT/pod_rot_black/black_pod_rot_868.jpg,1,1,dataT/pod_rot_black/black_pod_rot_868.jpg,a4b5a97352f21d63ea66f3b59c642366,d64398b6616a6a6d,1080,1080,cache_256/dataT/pod_rot_black/black_pod_rot_868.png,1080x1080,A,2104,2121,train,test,train,train,train,train,val,test,train,train,train,train,val,test,train
dataT/pod_rot_black/black_pod_rot_869.jpg,1,1,dataT/pod_rot_black/black_pod_rot_869.jpg,a766aef47df40b2c241085c954cc5c66,d3bec82fc3715203,1080,1080,cache_256/dataT/pod_rot_black/black_pod_rot_869.png,1080x1080,A,2125,2122,train,train,train,train,test,train,train,train,test,train,val,test,train,train,train
dataT/pod_rot_black/black_pod_rot_87.jpg,1,1,dataT/pod_rot_black/black_pod_rot_87.jpg,2378c6285840efb13dc703b4ff321ba0,a674182be9f1e583,1080,1080,cache_256/dataT/pod_rot_black/black_pod_rot_87.png,1080x1080,A,2112,2123,train,train,test,train,train,train,test,train,val,train,train,train,test,train,train
dataT/pod_rot_black/black_pod_rot_870.jpg,1,1,dataT/pod_rot_black/black_pod_rot_870.jpg,62acdc63c31278acb4334c4112d96113,a9e4dc2b3153d652,1080,1080,cache_256/dataT/pod_rot_black/black_pod_rot_870.png,1080x1080,A,2125,2124,train,train,train,train,test,train,train,train,test,train,val,test,train,train,train
dataT/pod_rot_black/black_pod_rot_871.jpg,1,1,dataT/pod_rot_black/black_pod_rot_871.jpg,1b051f8232b950407278605d016229c5,e7bc1b613c76a0c2,1080,1080,cache_256/dataT/pod_rot_black/black_pod_rot_871.png,1080x1080,A,2125,2125,train,train,train,train,test,train,train,train,test,train,val,test,train,train,train
dataT/pod_rot_black/black_pod_rot_872.jpg,1,1,dataT/pod_rot_black/black_pod_rot_872.jpg,834e3f49ebff5125e77cda67218cfcc6,deb870727260e9d4,1080,1080,cache_256/dataT/pod_rot_black/black_pod_rot_872.png,1080x1080,A,2125,2126,train,train,train,train,test,train,train,train,test,train,val,test,train,train,train
dataT/pod_rot_black/black_pod_rot_873.jpg,1,1,dataT/pod_rot_black/black_pod_rot_873.jpg,c966f360c7c908bc1f7aeef502c73863,9d522e69530f76c4,1080,1080,cache_256/dataT/pod_rot_black/black_pod_rot_873.png,1080x1080,A,2127,2127,test,train,train,train,val,train,train,train,train,test,train,train,test,train,train
dataT/pod_rot_black/black_pod_rot_874.jpg,1,1,dataT/pod_rot_black/black_pod_rot_874.jpg,7964b0defb691792b9880094e7df3cc9,d28d193f7f3260c2,1080,1080,cache_256/dataT/pod_rot_black/black_pod_rot_874.png,1080x1080,A,2125,2128,train,train,train,train,test,train,train,train,test,train,val,test,train,train,train
dataT/pod_rot_black/black_pod_rot_875.jpg,1,1,dataT/pod_rot_black/black_pod_rot_875.jpg,6e2f203b6594f44eb9ef20b93fd76070,cc911b1877e6ce62,1080,1080,cache_256/dataT/pod_rot_black/black_pod_rot_875.png,1080x1080,A,2129,2129,train,train,train,train,test,test,train,train,train,val,train,train,test,train,train
dataT/pod_rot_black/black_pod_rot_876.jpg,1,1,dataT/pod_rot_black/black_pod_rot_876.jpg,21c953a0572e2c07f8b9d85de5494f82,a6e08a3e6d644e7c,1080,1080,cache_256/dataT/pod_rot_black/black_pod_rot_876.png,1080x1080,A,2130,2130,train,train,train,test,train,train,train,train,train,test,train,train,val,train,test
dataT/pod_rot_black/black_pod_rot_877.jpg,1,1,dataT/pod_rot_black/black_pod_rot_877.jpg,7c0871a8bc9e2f464c5c819aa0b86d5f,b0895c7f43c6d896,1080,1080,cache_256/dataT/pod_rot_black/black_pod_rot_877.png,1080x1080,A,2125,2131,train,train,train,train,test,train,train,train,test,train,val,test,train,train,train
dataT/pod_rot_black/black_pod_rot_878.jpg,1,1,dataT/pod_rot_black/black_pod_rot_878.jpg,d9bd3e199d5d51edb6a50f5a43a869d0,fa8c8a677d60e158,1080,1080,cache_256/dataT/pod_rot_black/black_pod_rot_878.png,1080x1080,A,2125,2132,train,train,train,train,test,train,train,train,test,train,val,test,train,train,train
dataT/pod_rot_black/black_pod_rot_879.jpg,1,1,dataT/pod_rot_black/black_pod_rot_879.jpg,c021d8643dcc730212bd6b1b7730d6a1,c53a9da4c3c92d9c,1080,1080,cache_256/dataT/pod_rot_black/black_pod_rot_879.png,1080x1080,A,2133,2133,train,test,train,train,val,test,val,val,train,train,train,val,train,train,test
dataT/pod_rot_black/black_pod_rot_88.jpg,1,1,dataT/pod_rot_black/black_pod_rot_88.jpg,8853be115e241c128cfe0f7df8d71bc2,cfcc9962f1472817,1080,1080,cache_256/dataT/pod_rot_black/black_pod_rot_88.png,1080x1080,A,2112,2134,train,train,test,train,train,train,test,train,val,train,train,train,test,train,train
dataT/pod_rot_black/black_pod_rot_880.jpg,1,1,dataT/pod_rot_black/black_pod_rot_880.jpg,c74b6033eecaa30b5b4c49e1c8066009,d30f18e5a5274b47,1080,1080,cache_256/dataT/pod_rot_black/black_pod_rot_880.png,1080x1080,A,2135,2135,train,train,test,train,train,train,test,train,train,train,train,train,train,train,test
dataT/pod_rot_black/black_pod_rot_881.jpg,1,1,dataT/pod_rot_black/black_pod_rot_881.jpg,a589379040fd15e70f2eb08e8e10dc57,b87953aa6a55b485,1080,1080,cache_256/dataT/pod_rot_black/black_pod_rot_881.png,1080x1080,A,2136,2136,train,train,train,test,val,test,train,train,train,train,train,test,train,train,train
dataT/pod_rot_black/black_pod_rot_882.jpg,1,1,dataT/pod_rot_black/black_pod_rot_882.jpg,49ba8d2730b0163a923862ce1f33a11b,e33c187af007955b,1080,1080,cache_256/dataT/pod_rot_black/black_pod_rot_882.png,1080x1080,A,2137,2137,train,train,test,train,train,val,train,test,train,train,test,train,train,train,val
dataT/pod_rot_black/black_pod_rot_883.jpg,1,1,dataT/pod_rot_black/black_pod_rot_883.jpg,bd666789c196314ef6dbda3e6b44bf00,b7c7480e6e338c36,1080,1080,cache_256/dataT/pod_rot_black/black_pod_rot_883.png,1080x1080,A,2138,2138,train,val,train,train,test,train,val,train,test,train,train,train,train,test,val
dataT/pod_rot_black/black_pod_rot_884.jpg,1,1,dataT/pod_rot_black/black_pod_rot_884.jpg,099da4bdb2718243a3394c8014ca033b,ceda6ca11ee8d185,1080,1080,cache_256/dataT/pod_rot_black/black_pod_rot_884.png,1080x1080,A,2139,2139,test,train,val,train,train,train,train,train,val,test,train,test,train,val,train
dataT/pod_rot_black/black_pod_rot_885.jpg,1,1,dataT/pod_rot_black/black_pod_rot_885.jpg,97af98796026f503a1294816ecfb5660,e4f71e23c1812b3e,1080,1080,cache_256/dataT/pod_rot_black/black_pod_rot_885.png,1080x1080,A,2139,2140,test,train,val,train,train,train,train,train,val,test,train,test,train,val,train
dataT/pod_rot_black/black_pod_rot_886.jpg,1,1,dataT/pod_rot_black/black_pod_rot_886.jpg,6b80fd2e7d2c09265ce17bf00f4839a8,96a12c37b959c897,1080,1080,cache_256/dataT/pod_rot_black/black_pod_rot_886.png,1080x1080,A,2139,2141,test,train,val,train,train,train,train,train,val,test,train,test,train,val,train
dataT/pod_rot_black/black_pod_rot_887.jpg,1,1,dataT/pod_rot_black/black_pod_rot_887.jpg,6e5bd5e7e03b78df7a158ffce0e48400,eb2c56a351d053b3,1080,1080,cache_256/dataT/pod_rot_black/black_pod_rot_887.png,1080x1080,A,2130,2142,train,train,train,test,train,train,train,train,train,test,train,train,val,train,test
dataT/pod_rot_black/black_pod_rot_888.jpg,1,1,dataT/pod_rot_black/black_pod_rot_888.jpg,7827f84062e4f3d77ef3a87d048188ba,c69499b24d7b0c4f,1080,1080,cache_256/dataT/pod_rot_black/black_pod_rot_888.png,1080x1080,A,2143,2143,train,test,train,train,train,train,train,train,train,test,train,test,train,val,train
dataT/pod_rot_black/black_pod_rot_889.jpg,1,1,dataT/pod_rot_black/black_pod_rot_889.jpg,5af040fd22c5f51daf85034987ced948,c6d69c9106b133af,1080,1080,cache_256/dataT/pod_rot_black/black_pod_rot_889.png,1080x1080,A,2144,2144,train,train,test,train,train,train,train,train,test,train,train,train,test,train,train
dataT/pod_rot_black/black_pod_rot_89.jpg,1,1,dataT/pod_rot_black/black_pod_rot_89.jpg,87a38baf4f4183eec6daa37027e4d8b7,9211891ffcf8e718,1080,1080,cache_256/dataT/pod_rot_black/black_pod_rot_89.png,1080x1080,A,2112,2145,train,train,test,train,train,train,test,train,val,train,train,train,test,train,train
dataT/pod_rot_black/black_pod_rot_890.jpg,1,1,dataT/pod_rot_black/black_pod_rot_890.jpg,6a926f34aeaaf2dcd56a50ac51391811,a2e4debb0d8320fa,1080,1080,cache_256/dataT/pod_rot_black/black_pod_rot_890.png,1080x1080,A,2143,2146,train,test,train,train,train,train,train,train,train,test,train,test,train,val,train
dataT/pod_rot_black/black_pod_rot_891.jpg,1,1,dataT/pod_rot_black/black_pod_rot_891.jpg,077d1fd18df808aace65f6f3c6054741,cccc31706703fc2f,1080,1080,cache_256/dataT/pod_rot_black/black_pod_rot_891.png,1080x1080,A,2147,2147,train,train,train,test,train,train,train,val,test,train,train,train,train,test,train
dataT/pod_rot_black/black_pod_rot_892.jpg,1,1,dataT/pod_rot_black/black_pod_rot_892.jpg,b8afc4df1ca56a9487ca6803450b0a41,ccfc272634c3ae19,1080,1080,cache_256/dataT/pod_rot_black/black_pod_rot_892.png,1080x1080,A,2147,2148,train,train,train,test,train,train,train,val,test,train,train,train,train,test,train
dataT/pod_rot_black/black_pod_rot_893.jpg,1,1,dataT/pod_rot_black/black_pod_rot_893.jpg,c4e1f36bbef273a670d067e0f610e812,c7f43363c80ec61b,1080,1080,cache_256/dataT/pod_rot_black/black_pod_rot_893.png,1080x1080,A,2147,2149,train,train,train,test,train,train,train,val,test,train,train,train,train,test,train
dataT/pod_rot_black/black_pod_rot_894.jpg,1,1,dataT/pod_rot_black/black_pod_rot_894.jpg,766192b6b35c9086ae50437396e16899,df92381c637d4463,1080,1080,cache_256/dataT/pod_rot_black/black_pod_rot_894.png,1080x1080,A,2150,2150,train,test,train,val,val,val,train,train,train,test,train,train,val,train,test
dataT/pod_rot_black/black_pod_rot_895.jpg,1,1,dataT/pod_rot_black/black_pod_rot_895.jpg,da62d56139fcb3aadfbc30d34edf6e42,8fb2306f6368e362,1080,1080,cache_256/dataT/pod_rot_black/black_pod_rot_895.png,1080x1080,A,2150,2151,train,test,train,val,val,val,train,train,train,test,train,train,val,train,test
dataT/pod_rot_black/black_pod_rot_896.jpg,1,1,dataT/pod_rot_black/black_pod_rot_896.jpg,dd14f8c001a8b76a279fe742d3d188da,9349242d3e372e79,1080,1080,cache_256/dataT/pod_rot_black/black_pod_rot_896.png,1080x1080,A,2152,2152,test,train,val,train,train,test,train,train,train,train,val,test,train,train,train
dataT/pod_rot_black/black_pod_rot_897.jpg,1,1,dataT/pod_rot_black/black_pod_rot_897.jpg,543e799340e2c1491cdf06631ff8f684,b0316f2e3d4bb382,1080,1080,cache_256/dataT/pod_rot_black/black_pod_rot_897.png,1080x1080,A,2130,2153,train,train,train,test,train,train,train,train,train,test,train,train,val,train,test
dataT/pod_rot_black/black_pod_rot_898.jpg,1,1,dataT/pod_rot_black/black_pod_rot_898.jpg,353921a6f87d20acebf67e9eaa088bae,b1bebb8112f37310,1080,1080,cache_256/dataT/pod_rot_black/black_pod_rot_898.png,1080x1080,A,2154,2154,train,test,train,train,train,train,test,train,train,val,test,train,train,train,train
dataT/pod_rot_black/black_pod_rot_899.jpg,1,1,dataT/pod_rot_black/black_pod_rot_899.jpg,696a7651ec7b0d4d14baa04b938f32b3,cbdcba9d9287a206,1080,1080,cache_256/dataT/pod_rot_black/black_pod_rot_899.png,1080x1080,A,2154,2155,train,test,train,train,train,train,test,train,train,val,test,train,train,train,train
dataT/pod_rot_black/black_pod_rot_9.jpg,1,1,dataT/pod_rot_black/black_pod_rot_9.jpg,d72e9aa35b0a4ed0a9f39779d5878253,b1119e7b7cf0e0a2,1080,1080,cache_256/dataT/pod_rot_black/black_pod_rot_9.png,1080x1080,A,2156,2156,train,val,train,train,test,train,train,test,train,train,test,train,train,val,val
dataT/pod_rot_black/black_pod_rot_90.jpg,1,1,dataT/pod_rot_black/black_pod_rot_90.jpg,102fb2a73065b734b6d715ee9dcb0ec7,f3d2f0bb0300f83e,1080,1080,cache_256/dataT/pod_rot_black/black_pod_rot_90.png,1080x1080,A,2157,2157,train,test,train,train,val,train,train,train,test,train,test,train,train,train,train
dataT/pod_rot_black/black_pod_rot_900.jpg,1,1,dataT/pod_rot_black/black_pod_rot_900.jpg,e3dc358b5916335ecddb576125eeb843,9cb8b93749466d86,1080,1080,cache_256/dataT/pod_rot_black/black_pod_rot_900.png,1080x1080,A,2158,2158,val,train,test,train,train,train,test,train,train,train,train,val,test,train,train
dataT/pod_rot_black/black_pod_rot_901.jpg,1,1,dataT/pod_rot_black/black_pod_rot_901.jpg,1fa7e4f847a5a20bfb88cf1d90b20e8c,f078b9424ace471f,1080,1080,cache_256/dataT/pod_rot_black/black_pod_rot_901.png,1080x1080,A,2159,2159,train,train,train,test,train,train,val,train,train,test,train,test,train,train,train
dataT/pod_rot_black/black_pod_rot_902.jpg,1,1,dataT/pod_rot_black/black_pod_rot_902.jpg,6141053ff8954d177ce1c5f196063c4b,92a70d3a664e0e3f,1080,1080,cache_256/dataT/pod_rot_black/black_pod_rot_902.png,1080x1080,A,2160,2160,test,train,train,train,train,test,train,train,train,train,train,train,train,test,train
dataT/pod_rot_black/black_pod_rot_903.jpg,1,1,dataT/pod_rot_black/black_pod_rot_903.jpg,603edc7089e141ab6cc277d7a8888df0,9a9ce5a5b4755207,1080,1080,cache_256/dataT/pod_rot_black/black_pod_rot_903.png,1080x1080,A,2161,2161,train,val,train,train,test,train,test,train,train,train,train,train,train,test,train
dataT/pod_rot_black/black_pod_rot_904.jpg,1,1,dataT/pod_rot_black/black_pod_rot_904.jpg,5b6381a83a0eff00ccf553b81023cdcd,d6ca147233b337c1,1080,1080,cache_256/dataT/pod_rot_black/black_pod_rot_904.png,1080x1080,A,2162,2162,train,test,val,val,train,train,test,train,val,train,train,train,test,train,train
dataT/pod_rot_black/black_pod_rot_905.jpg,1,1,dataT/pod_rot_black/black_pod_rot_905.jpg,7a7046aeb18bd6db53b538cc7be74e16,c8bc1c6313e6fc8c,1080,1080,cache_256/dataT/pod_rot_black/black_pod_rot_905.png,1080x1080,A,2162,2163,train,test,val,val,train,train,test,train,val,train,train,train,test,train,train
dataT/pod_rot_black/black_pod_rot_906.jpg,1,1,dataT/pod_rot_black/black_pod_rot_906.jpg,6d99d68f07a145cbc0c927fa8ace565f,a51709fa19ce4bc6,1080,1080,cache_256/dataT/pod_rot_black/black_pod_rot_906.png,1080x1080,A,2164,2164,train,train,train,train,test,val,train,test,train,train,train,train,train,train,test
dataT/pod_rot_black/black_pod_rot_907.jpg,1,1,dataT/pod_rot_black/black_pod_rot_907.jpg,1a67655d8fab00fb8bfb63ee28056f22,ecb90931377672a2,1080,1080,cache_256/dataT/pod_rot_black/black_pod_rot_907.png,1080x1080,A,2162,2165,train,test,val,val,train,train,test,train,val,train,train,train,test,train,train
dataT/pod_rot_black/black_pod_rot_908.jpg,1,1,dataT/pod_rot_black/black_pod_rot_908.jpg,2b964c057c41ab771f2c960fa6b7ce6b,d6cc9a738e4984da,1080,1080,cache_256/dataT/pod_rot_black/black_pod_rot_908.png,1080x1080,A,2166,2166,train,train,test,train,train,val,test,train,train,train,train,test,train,val,val
dataT/pod_rot_black/black_pod_rot_909.jpg,1,1,dataT/pod_rot_black/black_pod_rot_909.jpg,5aeb2e8fc75eb7946a450d15665fc57e,9b9bac564b6443a5,1080,1080,cache_256/dataT/pod_rot_black/black_pod_rot_909.png,1080x1080,A,2162,2167,train,test,val,val,train,train,test,train,val,train,train,train,test,train,train
dataT/pod_rot_black/black_pod_rot_91.jpg,1,1,dataT/pod_rot_black/black_pod_rot_91.jpg,51c1c1c93c4f84cd226e34c63f08e436,f60cde6a0aa28fa5,1080,1080,cache_256/dataT/pod_rot_black/black_pod_rot_91.png,1080x1080,A,2112,2168,train,train,test,train,train,train,test,train,val,train,train,train,test,train,train
dataT/pod_rot_black/black_pod_rot_910.jpg,1,1,dataT/pod_rot_black/black_pod_rot_910.jpg,e4d7e6c0a2cb95a04ef89d70445f8f7c,87569996b8c9b495,1080,1080,cache_256/dataT/pod_rot_black/black_pod_rot_910.png,1080x1080,A,2169,2169,train,train,train,test,train,train,train,test,val,val,train,train,val,test,train
dataT/pod_rot_black/black_pod_rot_911.jpg,1,1,dataT/pod_rot_black/black_pod_rot_911.jpg,e1f880c6c32ccd63ef4d4416d6845859,9b64b1b9f079b284,1080,1080,cache_256/dataT/pod_rot_black/black_pod_rot_911.png,1080x1080,A,2170,2170,train,test,train,train,train,train,test,val,train,train,train,train,test,train,train
dataT/pod_rot_black/black_pod_rot_912.jpg,1,1,dataT/pod_rot_black/black_pod_rot_912.jpg,d9950ffeaea47afbad5ceb79f7db8eea,f26ee10235137f64,1080,1080,cache_256/dataT/pod_rot_black/black_pod_rot_912.png,1080x1080,A,2170,2171,train,test,train,train,train,train,test,val,train,train,train,train,test,train,train
dataT/pod_rot_black/black_pod_rot_913.jpg,1,1,dataT/pod_rot_black/black_pod_rot_913.jpg,78a1f2d4f3647dd4b7654cb9358a8e20,e6295952db0ead94,1080,1080,cache_256/dataT/pod_rot_black/black_pod_rot_913.png,1080x1080,A,2170,2172,train,test,train,train,train,train,test,val,train,train,train,train,test,train,train
dataT/pod_rot_black/black_pod_rot_914.jpg,1,1,dataT/pod_rot_black/black_pod_rot_914.jpg,f490327772a8ee33fe78c15f81e4749e,cc73f874328d0e87,1080,1080,cache_256/dataT/pod_rot_black/black_pod_rot_914.png,1080x1080,A,2170,2173,train,test,train,train,train,train,test,val,train,train,train,train,test,train,train
dataT/pod_rot_black/black_pod_rot_915.jpg,1,1,dataT/pod_rot_black/black_pod_rot_915.jpg,d9e71a4faf6f8510f0bc5ae29c9d6abe,c938cd3837d2c8ce,1080,1080,cache_256/dataT/pod_rot_black/black_pod_rot_915.png,1080x1080,A,2170,2174,train,test,train,train,train,train,test,val,train,train,train,train,test,train,train
dataT/pod_rot_black/black_pod_rot_916.jpg,1,1,dataT/pod_rot_black/black_pod_rot_916.jpg,9c99f551d85ee703a29bd35c50a55a90,ec759b3f89461921,1080,1080,cache_256/dataT/pod_rot_black/black_pod_rot_916.png,1080x1080,A,2170,2175,train,test,train,train,train,train,test,val,train,train,train,train,test,train,train
dataT/pod_rot_black/black_pod_rot_917.jpg,1,1,dataT/pod_rot_black/black_pod_rot_917.jpg,a2bdb53dad446e1e774a8debc6377ec1,c6b1d9b02c7d4a56,1080,1080,cache_256/dataT/pod_rot_black/black_pod_rot_917.png,1080x1080,A,2176,2176,train,val,test,train,train,train,val,train,test,train,train,train,test,train,train
dataT/pod_rot_black/black_pod_rot_918.jpg,1,1,dataT/pod_rot_black/black_pod_rot_918.jpg,c0e1f45b5914440fbb614052feb4cff5,fee6192961ea243c,1080,1080,cache_256/dataT/pod_rot_black/black_pod_rot_918.png,1080x1080,A,2177,2177,test,train,train,train,train,train,train,test,train,train,train,train,train,train,test
dataT/pod_rot_black/black_pod_rot_919.jpg,1,1,dataT/pod_rot_black/black_pod_rot_919.jpg,5590a305dba62bb635ef233689dfc4ad,ea8b863364373f09,1080,1080,cache_256/dataT/pod_rot_black/black_pod_rot_919.png,1080x1080,A,2178,2178,train,train,train,test,train,train,train,train,test,train,test,train,train,train,train
dataT/pod_rot_black/black_pod_rot_92.jpg,1,1,dataT/pod_rot_black/black_pod_rot_92.jpg,5f064495fa20c6a6e1cca2af1b20157b,8d9f726111f118fa,1080,1080,cache_256/dataT/pod_rot_black/black_pod_rot_92.png,1080x1080,A,2112,2179,train,train,test,train,train,train,test,train,val,train,train,train,test,train,train
dataT/pod_rot_black/black_pod_rot_920.jpg,1,1,dataT/pod_rot_black/black_pod_rot_920.jpg,90e782aaee493ed5bd8d2a8afdc38758,c74b9804f0faf49a,1080,1080,cache_256/dataT/pod_rot_black/black_pod_rot_920.png,1080x1080,A,2177,2180,test,train,train,train,train,train,train,test,train,train,train,train,train,train,test
dataT/pod_rot_black/black_pod_rot_921.jpg,1,1,dataT/pod_rot_black/black_pod_rot_921.jpg,51ff33adfd29ef7238304a978ee9ae91,d3edc80a4eb27507,1080,1080,cache_256/dataT/pod_rot_black/black_pod_rot_921.png,1080x1080,A,2177,2181,test,train,train,train,train,train,train,test,train,train,train,train,train,train,test
dataT/pod_rot_black/black_pod_rot_922.jpg,1,1,dataT/pod_rot_black/black_pod_rot_922.jpg,399acaade27df47bc72ab11cb8eda939,e4e88b575299555a,1080,1080,cache_256/dataT/pod_rot_black/black_pod_rot_922.png,1080x1080,A,2177,2182,test,train,train,train,train,train,train,test,train,train,train,train,train,train,test
dataT/pod_rot_black/black_pod_rot_923.jpg,1,1,dataT/pod_rot_black/black_pod_rot_923.jpg,3797cfb74c72341300eb0887b098a69e,82c9cf3cb412c5bd,1080,1080,cache_256/dataT/pod_rot_black/black_pod_rot_923.png,1080x1080,A,2177,2183,test,train,train,train,train,train,train,test,train,train,train,train,train,train,test
dataT/pod_rot_black/black_pod_rot_924.jpg,1,1,dataT/pod_rot_black/black_pod_rot_924.jpg,622f0a415d657cf11f764a7855e9c482,925a1ab47767a466,1080,1080,cache_256/dataT/pod_rot_black/black_pod_rot_924.png,1080x1080,A,2184,2184,train,train,train,train,test,train,train,train,train,test,train,train,train,test,train
dataT/pod_rot_black/black_pod_rot_925.jpg,1,1,dataT/pod_rot_black/black_pod_rot_925.jpg,4ac5da5096d885f770f2dc0ae4fd2775,874bed2756e6a016,1080,1080,cache_256/dataT/pod_rot_black/black_pod_rot_925.png,1080x1080,A,2177,2185,test,train,train,train,train,train,train,test,train,train,train,train,train,train,test
dataT/pod_rot_black/black_pod_rot_926.jpg,1,1,dataT/pod_rot_black/black_pod_rot_926.jpg,68a0ca3eaf556257f088d42cde547ed8,f31c1a30a2f2e756,1080,1080,cache_256/dataT/pod_rot_black/black_pod_rot_926.png,1080x1080,A,2177,2186,test,train,train,train,train,train,train,test,train,train,train,train,train,train,test
dataT/pod_rot_black/black_pod_rot_927.jpg,1,1,dataT/pod_rot_black/black_pod_rot_927.jpg,c8411e0213aba4af965dd1155f5ed3a8,d269b8363a3e1e8c,1080,1080,cache_256/dataT/pod_rot_black/black_pod_rot_927.png,1080x1080,A,2177,2187,test,train,train,train,train,train,train,test,train,train,train,train,train,train,test
dataT/pod_rot_black/black_pod_rot_928.jpg,1,1,dataT/pod_rot_black/black_pod_rot_928.jpg,743d20a5126851beb3f16ff84fb8c9dc,e6f188b4582a63b7,1080,1080,cache_256/dataT/pod_rot_black/black_pod_rot_928.png,1080x1080,A,2188,2188,train,test,train,train,train,val,train,train,train,test,train,train,val,train,test
dataT/pod_rot_black/black_pod_rot_929.jpg,1,1,dataT/pod_rot_black/black_pod_rot_929.jpg,9633528e9d10bf6b0f2ec32c14441ee4,e6941e73f08bad09,1080,1080,cache_256/dataT/pod_rot_black/black_pod_rot_929.png,1080x1080,A,2189,2189,train,test,train,train,val,train,test,train,val,train,train,test,train,train,train
dataT/pod_rot_black/black_pod_rot_93.jpg,1,1,dataT/pod_rot_black/black_pod_rot_93.jpg,5571c195608bce7b24ba072c46026838,e2a564f3088c1df7,1080,1080,cache_256/dataT/pod_rot_black/black_pod_rot_93.png,1080x1080,A,2190,2190,train,train,train,val,test,train,train,test,train,train,train,train,train,test,train
dataT/pod_rot_black/black_pod_rot_930.jpg,1,1,dataT/pod_rot_black/black_pod_rot_930.jpg,dad7383c8463f8ece5896b472b69cbb2,e93d8e6bc099388d,1080,1080,cache_256/dataT/pod_rot_black/black_pod_rot_930.png,1080x1080,A,2178,2191,train,train,train,test,train,train,train,train,test,train,test,train,train,train,train
dataT/pod_rot_black/black_pod_rot_931.jpg,1,1,dataT/pod_rot_black/black_pod_rot_931.jpg,b72e3834791229ad1e0bc5a49353e54b,cacc3a66661a0fd9,1080,1080,cache_256/dataT/pod_rot_black/black_pod_rot_931.png,1080x1080,A,2189,2192,train,test,train,train,val,train,test,train,val,train,train,test,train,train,train
dataT/pod_rot_black/black_pod_rot_932.jpg,1,1,dataT/pod_rot_black/black_pod_rot_932.jpg,eb53fc9890abe1f90f04e81471770cee,f881790fa929adc5,1080,1080,cache_256/dataT/pod_rot_black/black_pod_rot_932.png,1080x1080,A,2189,2193,train,test,train,train,val,train,test,train,val,train,train,test,train,train,train
dataT/pod_rot_black/black_pod_rot_933.jpg,1,1,dataT/pod_rot_black/black_pod_rot_933.jpg,80c0a124e26eea2d4e2baf7f064826da,b4ee9db450bab013,1080,1080,cache_256/dataT/pod_rot_black/black_pod_rot_933.png,1080x1080,A,2194,2194,train,test,train,train,train,test,train,train,train,train,train,train,test,train,train
dataT/pod_rot_black/black_pod_rot_934.jpg,1,1,dataT/pod_rot_black/black_pod_rot_934.jpg,6748dc342cc772e417aa9d3f6ba8200b,9eb85166264e6e4d,1080,1080,cache_256/dataT/pod_rot_black/black_pod_rot_934.png,1080x1080,A,2195,2195,train,train,test,val,train,val,train,train,test,val,train,train,train,test,train
dataT/pod_rot_black/black_pod_rot_935.jpg,1,1,dataT/pod_rot_black/black_pod_rot_935.jpg,340d1257796309ffaf911331b1c096a7,f94bf33c1c70449c,1080,1080,cache_256/dataT/pod_rot_black/black_pod_rot_935.png,1080x1080,A,2195,2196,train,train,test,val,train,val,train,train,test,val,train,train,train,test,train
dataT/pod_rot_black/black_pod_rot_936.jpg,1,1,dataT/pod_rot_black/black_pod_rot_936.jpg,069d09e435f0078afafd62c2b659af6b,cc498c7550677ce5,1080,1080,cache_256/dataT/pod_rot_black/black_pod_rot_936.png,1080x1080,A,2195,2197,train,train,test,val,train,val,train,train,test,val,train,train,train,test,train
dataT/pod_rot_black/black_pod_rot_937.jpg,1,1,dataT/pod_rot_black/black_pod_rot_937.jpg,41e8bb10f569fa693289f38f9ec5c615,9fb389b2d989814d,1080,1080,cache_256/dataT/pod_rot_black/black_pod_rot_937.png,1080x1080,A,2198,2198,val,train,val,test,val,train,test,train,train,train,val,train,test,train,train
dataT/pod_rot_black/black_pod_rot_938.jpg,1,1,dataT/pod_rot_black/black_pod_rot_938.jpg,e972f50b6a2ddb3b4be966dc95f179ae,8e6972b5ac5a178c,1080,1080,cache_256/dataT/pod_rot_black/black_pod_rot_938.png,1080x1080,A,238,2199,train,val,train,test,val,test,train,train,train,train,train,val,test,train,train
dataT/pod_rot_black/black_pod_rot_939.jpg,1,1,dataT/pod_rot_black/black_pod_rot_939.jpg,922ca71040b0ab03d33748660e6e9ced,b33bd8b0235ed614,1080,1080,cache_256/dataT/pod_rot_black/black_pod_rot_939.png,1080x1080,A,2198,2200,val,train,val,test,val,train,test,train,train,train,val,train,test,train,train
dataT/pod_rot_black/black_pod_rot_94.jpg,1,1,dataT/pod_rot_black/black_pod_rot_94.jpg,ad5034a2e385c29cc28c0e4182be3c9c,8dd67231a4b49e9a,1080,1080,cache_256/dataT/pod_rot_black/black_pod_rot_94.png,1080x1080,A,2112,2201,train,train,test,train,train,train,test,train,val,train,train,train,test,train,train
dataT/pod_rot_black/black_pod_rot_940.jpg,1,1,dataT/pod_rot_black/black_pod_rot_940.jpg,5a3b52ad4052488b967aacd7414295db,cc8c3e38b8c3ed8c,1080,1080,cache_256/dataT/pod_rot_black/black_pod_rot_940.png,1080x1080,A,2203,2202,train,test,train,train,train,train,train,val,train,test,train,test,train,train,train
dataT/pod_rot_black/black_pod_rot_941.jpg,1,1,dataT/pod_rot_black/black_pod_rot_941.jpg,2747b50d160951ed78eb635da1fa8be1,caa5195329f547ca,1080,1080,cache_256/dataT/pod_rot_black/black_pod_rot_941.png,1080x1080,A,2203,2203,train,test,train,train,train,train,train,val,train,test,train,test,train,train,train
dataT/pod_rot_black/black_pod_rot_942.jpg,1,1,dataT/pod_rot_black/black_pod_rot_942.jpg,078b85107f94a1aa581c3dd2af29b535,e34c9e259a7381b6,1080,1080,cache_256/dataT/pod_rot_black/black_pod_rot_942.png,1080x1080,A,2203,2204,train,test,train,train,train,train,train,val,train,test,train,test,train,train,train
dataT/pod_rot_black/black_pod_rot_943.jpg,1,1,dataT/pod_rot_black/black_pod_rot_943.jpg,9963687339dd8ceca7d382e6ca84ae94,9b98c113dcc695b5,1080,1080,cache_256/dataT/pod_rot_black/black_pod_rot_943.png,1080x1080,A,2203,2205,train,test,train,train,train,train,train,val,train,test,train,test,train,train,train
dataT/pod_rot_black/black_pod_rot_95.jpg,1,1,dataT/pod_rot_black/black_pod_rot_95.jpg,d70cbcaa5583b9b6328955d8cf096442,c18e737064e5d653,1080,1080,cache_256/dataT/pod_rot_black/black_pod_rot_95.png,1080x1080,A,2112,2206,train,train,test,train,train,train,test,train,val,train,train,train,test,train,train
dataT/pod_rot_black/black_pod_rot_96.jpg,1,1,dataT/pod_rot_black/black_pod_rot_96.jpg,355594ff5e2bc7f83093f27243ee730f,f6a2e9239317d30a,1080,1080,cache_256/dataT/pod_rot_black/black_pod_rot_96.png,1080x1080,A,2112,2207,train,train,test,train,train,train,test,train,val,train,train,train,test,train,train
dataT/pod_rot_black/black_pod_rot_97.jpg,1,1,dataT/pod_rot_black/black_pod_rot_97.jpg,baf397b815048d7b866b3332bd96bae4,eaced871f4630613,1080,1080,cache_256/dataT/pod_rot_black/black_pod_rot_97.png,1080x1080,A,2112,2208,train,train,test,train,train,train,test,train,val,train,train,train,test,train,train
dataT/pod_rot_black/black_pod_rot_98.jpg,1,1,dataT/pod_rot_black/black_pod_rot_98.jpg,455152e8c9db914c72e0292c8bd741b0,de943333b281567c,1080,1080,cache_256/dataT/pod_rot_black/black_pod_rot_98.png,1080x1080,A,2209,2209,train,train,train,test,train,train,train,test,val,train,train,train,train,test,val
dataT/pod_rot_black/black_pod_rot_99.jpg,1,1,dataT/pod_rot_black/black_pod_rot_99.jpg,bcdc948b0b4c4e92993dc99e0750a46c,99b8667643c79c1c,1080,1080,cache_256/dataT/pod_rot_black/black_pod_rot_99.png,1080x1080,A,2209,2210,train,train,train,test,train,train,train,test,val,train,train,train,train,test,val
